source,date,rating,text,url,match_reason
Google Play Store,2026-09-19 06:10:36,1,"I can't take a selfie or a photo of anyone else, don't know what when wrong with the phone.",https://play.google.com/store/apps/details?id=com.google.android.apps.photos&reviewId=17661142-8af2-487f-a10c-12724886ea12,forgot_details
Google Play Store,2026-09-19 03:09:08,5,good 👍 edit : I can't find the photo to video thing and I really liked it so If you can add it back I will definitely put more stars but for now only 2. edit: ok this is sooo much better,https://play.google.com/store/apps/details?id=com.google.android.apps.photos&reviewId=8f47ea6d-59d2-4c1d-b2e3-90c8bb14978d,cannot_find
Google Play Store,2026-09-18 22:48:39,1,where is my photos!!!,https://play.google.com/store/apps/details?id=com.google.android.apps.photos&reviewId=1090baf2-016a-4b33-8590-bcd0fe46d92e,where_did_they_go
Google Play Store,2026-09-18 05:46:04,1,"sharing photos to Gemini or Signal or other app doesn't work - literally nothing happens. Search is useless - it doesn't come up with anything on first attempt, sometimes never",https://play.google.com/store/apps/details?id=com.google.android.apps.photos&reviewId=55124187-bbcd-4c32-b8ed-2be7922282e1,search_broken
Google Play Store,2026-09-18 04:22:51,2,Where are my missing album pictures that I uploaded from my Galaxy phone !Still missing!!! Also all the pictures I purchased from you in your photo book Gone! Titled albums do me no good when my pictures I had in them are missing!! Hope they find my photos or I will never use this again! It's been months now !,https://play.google.com/store/apps/details?id=com.google.android.apps.photos&reviewId=08146e97-2c71-4eb5-859f-e95bc0eba14a,where_did_they_go; photos_missing
Google Play Store,2026-09-18 01:22:34,1,I am just wanting to get my photos back that you stole from me. I just want to take pictures from my celll and put them on my computer not have to chase them down and pay a reasom to get them back. Also how do i go to cloud to manage my pictures to begin with where is the how to to do that. I paid the .99 for several months thinking i was paying and keeping it where i could use it but didn't know it was going in yur pocket.,https://play.google.com/store/apps/details?id=com.google.android.apps.photos&reviewId=7e409cae-a8e1-4a08-a81b-5caa6a6c50b4,where_did_they_go
Google Play Store,2026-09-17 19:46:19,2,I can't seem to find all my photos,https://play.google.com/store/apps/details?id=com.google.android.apps.photos&reviewId=5e99cf4d-a297-47ea-883c-33821b0c148a,cannot_find
Google Play Store,2026-09-16 05:05:39,1,See all the reasons above and below my review. Pictures are hidden in folders and hard to locate. Limited storage sucks and you get 1 star for that. Don't expect much. the ai now catalogs all your pictures so there's that.,https://play.google.com/store/apps/details?id=com.google.android.apps.photos&reviewId=b0b41afd-959c-4ce5-b97b-ec20bf987318,cannot_find
Google Play Store,2026-09-15 07:48:57,1,Search is absolutely worthless.,https://play.google.com/store/apps/details?id=com.google.android.apps.photos&reviewId=0b000e1a-be3b-4acf-a364-5575d70901ab,search_broken
Google Play Store,2026-09-13 12:15:45,3,"Another Google app that's becoming more and more infuriatingly unusable by the day. I love the Gemini app itself and I pay an additional fee for it, but when integrated into other Google Apps such as photos it just plain sucks. 😢 in particular search functions now terrible I can't find any photos of looking for and most of the time the deletion and creation of new photos are impossible to sync up between my iPad and my Google pixel phone. integrating Gemini into so many apps so fast seems to",https://play.google.com/store/apps/details?id=com.google.android.apps.photos&reviewId=a063c498-e373-40ef-8576-598daab29f0d,cannot_find
Google Play Store,2026-09-12 10:26:14,1,Search function doesn't work without back up. I want to use the functions of my phone not some cloud service.,https://play.google.com/store/apps/details?id=com.google.android.apps.photos&reviewId=ae8c1c4f-0c85-46c0-bfc2-270d1102cd58,search_broken
Google Play Store,2026-09-11 20:47:43,1,"Hate the update, no longer able to search without using Gemini, which I also hate. Have disabled Gemini, because I couldn't search anything, without it popping up several times, even though I had already said no, and closed it. *Editing to add, since there's no way to reply to your reply. Ask photos also requires Gemini, so that doesn't help at all. Thanks for nothing 👍🏻",https://play.google.com/store/apps/details?id=com.google.android.apps.photos&reviewId=56b98d58-f989-4991-bfeb-3e25738a4b89,cannot_find
Google Play Store,2026-09-11 19:30:02,1,The only reason I was using Photos is because of the image search. Now if I don't continue with Gemini I don't get to have a decade old feature? The search results are worse than how it was on my OG Pixel!,https://play.google.com/store/apps/details?id=com.google.android.apps.photos&reviewId=af95884a-ef09-48f4-9ef7-9de4efbf7568,search_broken
Google Play Store,2026-09-11 17:40:06,1,"Something annoying happened in the recent version! I usually edit pictures and send them to friends. Now, after I edit them, although I see them in the gallery, when I try to choose from FB or Whatsapp - I can't find the edited ones at all! I tried to search in different folders - nothing... Update after the developer's replay: I waited enough time, the photos didn't appear in my gallery till now (after a week!) And even more - I see them in the gallery on my old Pixel 3",https://play.google.com/store/apps/details?id=com.google.android.apps.photos&reviewId=3c905b64-706d-4481-b3cc-306f0416cff1,cannot_find
Google Play Store,2026-09-11 06:56:21,1,Incredibly stupid how it can't find photos from my gallery,https://play.google.com/store/apps/details?id=com.google.android.apps.photos&reviewId=59acf2e3-6a05-4956-a30a-5f29d22a9222,cannot_find
Google Play Store,2026-09-11 00:24:58,1,where did my pictures go ❓⚠️❓ I need them now back on my phone I didn't take them off ⚠️,https://play.google.com/store/apps/details?id=com.google.android.apps.photos&reviewId=ea8e9b33-4d5d-4ca7-a3ee-86e353b31999,where_did_they_go
Google Play Store,2026-09-10 21:34:04,3,Difficult to find images,https://play.google.com/store/apps/details?id=com.google.android.apps.photos&reviewId=a0dea5a1-8ef6-4c3f-a0f7-8db7a8285c5c,cannot_find
Google Play Store,2026-09-10 21:00:18,1,"terrible, totally user unfriendly and useless. l can't find what l need, it keeps pictures l don't want anymore, can't even disable it's permissions.",https://play.google.com/store/apps/details?id=com.google.android.apps.photos&reviewId=54c9ce9a-14d3-4bb2-81d0-cbf572a7d0af,cannot_find
Google Play Store,2026-09-09 23:27:19,1,"Search used to be effortless, but the latest updates ruined it. It can't locate anything anymore even obvious photos that I know are right there in my library. Frustrating to see a core feature stop working properly. peak enshittification",https://play.google.com/store/apps/details?id=com.google.android.apps.photos&reviewId=31ab9f12-ffb4-4711-ad73-cc3f4af13a3b,cannot_find
Google Play Store,2026-09-09 22:51:29,1,"edit: I fixed the problem, used an apk to download version 7.90! the last update to the UI has made this app unusable. I cant find any of the photos im looking for, things are no longer grouped by date, some photos dont show up at all in the main grid and now i have to dig in collections to find them, theres so many more issues too. the app worked amazingly before this update, I will look into downloading an older version and recommend others do the same or avoid updating if you havent yet",https://play.google.com/store/apps/details?id=com.google.android.apps.photos&reviewId=17ff7e6d-5871-4b4a-961b-a8643651fead,cannot_find
Google Play Store,2026-09-09 19:09:56,1,"the new update is the worst thing that has ever happened. why can't I see my old pictures? What's the point of being able to see only what's already on the device? where did my albums go??? on the web version, everything is as it should be. but not on the app. I use Google photo to see my old pictures that are backed up in the cloud. if I want to see only my device's files, I go to my gallery. what the hell Google? is AI rotting your brain too?",https://play.google.com/store/apps/details?id=com.google.android.apps.photos&reviewId=d104f130-0c2f-4be7-b51e-c86fcf4d8f09,where_did_they_go; about_old_content
Google Play Store,2026-09-09 08:33:12,1,It's a pain in the neck to find the photos that I need. They are not organized by category as you claim this version would do. I now I have to pay every month? What's up with that? I have so many pictures & now I have to move them somewhere else. followed the steps and still can't find what I need.,https://play.google.com/store/apps/details?id=com.google.android.apps.photos&reviewId=0f9ad393-91cc-45eb-bcc2-4882bfbae5f3,cannot_find
Google Play Store,2026-09-08 08:49:22,2,"I don't like how the app constantly rearrange photos, making them very difficult to find. I also don't appreciate the app creating slide shows on its own. For example, the app took pictures of my mom not along after she passed. She was very ill and the pictures were her at her worst. I was shocked the app used the pictures and, without my permission, put together a slide show. It was painful to see. Perhaps there is a way to shut off this feature, but I can't find it. Not a fan of this app",https://play.google.com/store/apps/details?id=com.google.android.apps.photos&reviewId=4fceb7fc-7f57-4831-bc53-b1faed472b58,cannot_find
Google Play Store,2026-09-07 11:58:29,4,"It's terrible, it backs the pics up before I get a chance to edit them, then I can't find then again to save my storage space. Worst app ever, shame on you google. Thanks for the advice on how to use the product correctly . I still have trouble, I just don't whinge about it so openly, anymore.",https://play.google.com/store/apps/details?id=com.google.android.apps.photos&reviewId=90ad0544-cb78-439e-88ca-d02a3b795fb3,cannot_find
Google Play Store,2026-09-06 23:40:07,1,I can't find the photos that I need.,https://play.google.com/store/apps/details?id=com.google.android.apps.photos&reviewId=f7610784-f71f-41e5-80ea-c0988dfe1ac1,cannot_find
Google Play Store,2026-09-06 02:51:18,1,where is my photos so,https://play.google.com/store/apps/details?id=com.google.android.apps.photos&reviewId=cb2e8603-d4e0-4fb8-ac17-b3cd6f964f56,where_did_they_go
Google Play Store,2026-09-06 02:18:35,1,where are my photos,https://play.google.com/store/apps/details?id=com.google.android.apps.photos&reviewId=c1e6230f-5fd8-44fe-96b2-f6b4b03ffe75,where_did_they_go
Google Play Store,2026-09-04 21:40:43,4,great app but latest update an issue. where is the select all photos feature on google photos? i had to select each individual photo to delete/move,https://play.google.com/store/apps/details?id=com.google.android.apps.photos&reviewId=2c504f98-39e0-4fee-b776-73f8f9283067,where_did_they_go
Google Play Store,2026-09-04 17:44:21,1,"For some reason, I can't seem to find the search function on my google photos, i dont want to use the Gemini ai thing, so please remove it",https://play.google.com/store/apps/details?id=com.google.android.apps.photos&reviewId=43a1cba8-2cfe-4610-8c02-cc7cfe4c576c,cannot_find
Google Play Store,2026-09-03 21:15:26,1,I'm so sick of this stupid app. it doesn't want to save anything you've done and if you uninstall and reinstall the app it takes forever to find all your pictures again I'm so sick of Google and there's stupid updates.,https://play.google.com/store/apps/details?id=com.google.android.apps.photos&reviewId=d21f53fa-34d2-4974-9a7e-06d1dced6b7e,cannot_find
Google Play Store,2026-09-03 20:15:59,1,"i updated the app and when i tried to open it on my phone, it says i need to turn on Backup, which was on a few minutes ago, but not now? and i need to setup my Locked folder! WHERE DID MY LOCKED FOLDER GO?!!!",https://play.google.com/store/apps/details?id=com.google.android.apps.photos&reviewId=983cbce6-10db-4c8e-af53-8e2d00a8cc06,where_did_they_go
Google Play Store,2026-09-02 02:59:31,2,Difficult to find and sort and arrange photos.,https://play.google.com/store/apps/details?id=com.google.android.apps.photos&reviewId=70755e06-a849-4be3-bd74-3c486b522c03,cannot_find
Google Play Store,2026-09-01 20:57:39,3,"Why does it continue to back up photo files I have selected to NOT back up? UPDATE 09-01-26 It is STILL DOING THIS...despite the fact that you say it doesn't or hasnt- and yet after BUYING EXTRA STORAGE 2 YEARS AGO , I am being prompted that I am AGAIN SO THAT EVERYTHING I AM RUNNNG HAS SPACE TO BE BACKED UP ??? PLEASE ANSWER THIS QUESTION BECAUSE I CANT FIND AN ANSWER ON GOOGLE AND WE ALL KNOW THAT MOST *** ""REQUIRED APPS"" FOR ANDROID USE ARE ***ABSOLUTELY REQUIRED AND CANNOT BE DELETED*** ???",https://play.google.com/store/apps/details?id=com.google.android.apps.photos&reviewId=d1352de4-a3c2-4c5b-931b-8cf3c1a60b3c,cannot_find; about_old_content
Google Play Store,2026-09-01 15:45:30,1,"Hate it. I cant stand how it automatically stores my photos in Numerous different folders without asking me where I want them, it makes it SO much more difficult to easily find what I'm looking for when they're scattered in 12 different places that don't even make sense together.",https://play.google.com/store/apps/details?id=com.google.android.apps.photos&reviewId=6cf35a27-cd8e-4f3b-a07e-c409316e6f71,cannot_find
Google Play Store,2026-09-01 03:28:20,1,"I wish this app was more like Amazon Photos where I can select click on groups of photos and add them to Folders. Now you can only click on them individually which is extremely TEDIOUS. Also, I hate that any photos I delete from this app also deletes them from my phone and there is no way to retrieve them!!! I accidentally deleted loads of precious family and travel photos from my phone before I realized this. NOT happy.",https://play.google.com/store/apps/details?id=com.google.android.apps.photos&reviewId=98281644-3faa-4e75-ae10-915db9c4755b,cannot_find
Google Play Store,2026-08-31 17:26:53,5,I can't find my oldest photo,https://play.google.com/store/apps/details?id=com.google.android.apps.photos&reviewId=44ab1934-e991-43ac-8350-221347c48e26,cannot_find
Google Play Store,2026-08-31 04:58:36,5,I can't retrieve a lost photo that I'm trying to find in the trash,https://play.google.com/store/apps/details?id=com.google.android.apps.photos&reviewId=981c1891-6214-4d21-aa17-52990e37508a,cannot_find; photos_missing
Google Play Store,2026-08-29 00:59:14,1,The new Ai search is TERRIBLE,https://play.google.com/store/apps/details?id=com.google.android.apps.photos&reviewId=603039c2-9021-49c7-b49b-c96bc8c7c24b,search_broken
Google Play Store,2026-08-27 17:24:51,1,I don't know what's going on lately with Google photos I can't find anything everything is not where it used to be you keep adding folders you remove folders there's too many folders can we do something about showing people how to simplify it I don't need 30 folders,https://play.google.com/store/apps/details?id=com.google.android.apps.photos&reviewId=f971c0e4-7bbd-4857-97c4-a2c5e2cd18a5,cannot_find
Google Play Store,2026-08-27 14:00:44,3,I cant find some of my photos it disappears on its own,https://play.google.com/store/apps/details?id=com.google.android.apps.photos&reviewId=90d3b390-abe5-4eb9-8d0c-3c85da8fd0c3,cannot_find
Google Play Store,2026-08-27 03:43:09,1,can't find anything remotely useful,https://play.google.com/store/apps/details?id=com.google.android.apps.photos&reviewId=b18e6dbc-aee7-4d29-a7f3-341ffe57e1ac,cannot_find
Google Play Store,2026-08-25 13:32:38,2,"why can't I find more than half of my photos? wth is going on? I have been using the app for years via many devices, without losing those photos. now they gone and you are blaming me for not backing up My backed up photos? TOTALLY UNRELIABLE!!!",https://play.google.com/store/apps/details?id=com.google.android.apps.photos&reviewId=df573875-41e2-4090-ae78-253b5e8d0826,cannot_find; photos_missing
Google Play Store,2026-08-25 05:51:50,1,ai ruined the app. can't look at a photo without some ai putting an outline around the people in the photos. can't find a way to disable it. I'm definitely not giving it permission to use facial recognition.,https://play.google.com/store/apps/details?id=com.google.android.apps.photos&reviewId=bf2118d4-c537-42fe-b9b8-342bbe38b292,cannot_find
Google Play Store,2026-08-25 00:15:18,4,"my phone had got wet and would come on, I couldn't retrieve anything!!! Soi can not get my 1700pics,m* mother passed and I have no way of replacing those pics.. my mom's gone and 90% of those pics was of her., I could never get the pic# because I couldn't remember my password to the account.. can I get help please...",https://play.google.com/store/apps/details?id=com.google.android.apps.photos&reviewId=fea94e37-3991-46b5-a3c8-86fc25c83423,cannot_find
Google Play Store,2026-08-24 22:57:36,5,"✅one is important, as I want to search for particular image but I cannot search. 👍Thank you",https://play.google.com/store/apps/details?id=com.google.android.apps.photos&reviewId=3e582f87-caee-41fb-8f62-d38cdedd94dd,cannot_find
Google Play Store,2026-08-24 16:48:14,2,sometimes very difficult to find the photos that are saved. The app does not always tell you where it decides to save them so they become hidden photos.,https://play.google.com/store/apps/details?id=com.google.android.apps.photos&reviewId=dc2e8e94-dc16-4dc4-bc57-b815b33f0c8d,cannot_find
Google Play Store,2026-08-24 03:05:44,1,Google photos app is the world biggest trash bin 🚮 it's impossible to finding those things in my phone stroge,https://play.google.com/store/apps/details?id=com.google.android.apps.photos&reviewId=4d5cc708-214c-4cef-a040-ff36cf0e28af,cannot_find
Google Play Store,2026-08-24 00:12:41,1,"Imbecil Archive menu positioned, and where are the archived files/media????",https://play.google.com/store/apps/details?id=com.google.android.apps.photos&reviewId=df0b8e7b-1564-465c-aa5d-b0425c641e14,where_did_they_go
Google Play Store,2026-08-23 03:38:17,2,where are my gallery photos and camera and all my pics are gone I can't find them,https://play.google.com/store/apps/details?id=com.google.android.apps.photos&reviewId=73e724f1-1edf-4d43-b8fb-724972a4eafc,cannot_find; where_did_they_go
Google Play Store,2026-08-22 01:47:13,3,"Fix Google Photos, PLZZZZ! It used to be my favorite, GO TO for photos until a few weeks ago. I'm an artist, photographer, and major ADHD - I have come to rely on GP so much it's almost 2nd skin, and saved me so much time & hassle.Now, I can't even find all of my photos, albums, etc. Most 🤬 is not being able to just pull up a photo and attach or insert anywhere. Just spent over 1 hr trying to find a photo I had taken of an order that the seller asked for me to upload a pic. (Still can't)",https://play.google.com/store/apps/details?id=com.google.android.apps.photos&reviewId=6dbbe3c7-21d6-4e60-9cab-a0321bcecade,cannot_find
Google Play Store,2026-08-21 23:36:38,1,"Hard to use, crowded with AI... moments, faces pets. can't find the right folder, it's not user friendly.",https://play.google.com/store/apps/details?id=com.google.android.apps.photos&reviewId=1f5d3caa-3c00-4ab6-b98f-d584ee0253e3,cannot_find
Google Play Store,2026-08-21 19:47:50,2,new update sucks. where did the albums go?,https://play.google.com/store/apps/details?id=com.google.android.apps.photos&reviewId=52f70269-b7a9-44c0-a43d-8b6f4c3cf937,where_did_they_go
Google Play Store,2026-08-21 00:06:47,1,"Locked Folder is missing from my Google Photos app. I checked Collections, but there is no Locked Folder option at all. I also checked the settings, but I cannot find the Locked Folder or its backup option. This happened after the recent Google Photos update. Please help me restore access to my Locked Folder. I have important photos stored there and I do not want them to be deleted. 😭",https://play.google.com/store/apps/details?id=com.google.android.apps.photos&reviewId=c3d63140-a872-4b55-8a04-7747712af335,cannot_find; photos_missing
Google Play Store,2026-08-20 08:03:41,1,"08/19/26: The photos cloud service is not loading on my Sony TV within the Ambient Mode screensaver. Clearly, they changed something with no communication. 🙄😒 10/26/26: This is NOT a photo gallery. It just a portal to Google Photo Cloud, There is NO WAY to locate photo or screenshot just took. Real galleries have folders and such. This is a joke.",https://play.google.com/store/apps/details?id=com.google.android.apps.photos&reviewId=4e1cbea7-1389-43f0-810a-f2d8124ada49,cannot_find
Google Play Store,2026-08-18 00:41:16,1,"Just bring back the old format; I can't even find or browse my old media unless I search year by year because the main page only shows the camera roll. Who decided that? I used to scroll down, and I'd find everything; now I feel like my own memories are being hidden from me.",https://play.google.com/store/apps/details?id=com.google.android.apps.photos&reviewId=53afa4d3-4827-4771-9216-9589ccc92ca8,cannot_find
Google Play Store,2026-08-16 18:01:07,4,"✨ Can't search the album, when I'm in a albums, I want to add some photos from this album to the searched album. But I can't search the album to add these photos to the searched album ✨ Missing feature on Web/PC: Can’t view or edit Album Description on PC like on Android.",https://play.google.com/store/apps/details?id=com.google.android.apps.photos&reviewId=466488fc-01ac-4fe0-995e-1c88f138f3c3,cannot_find; photos_missing
Google Play Store,2026-08-16 06:01:19,1,Google Photos sucks now! I cannot find my photos by name anymore!,https://play.google.com/store/apps/details?id=com.google.android.apps.photos&reviewId=e3519b6a-bc38-4102-819c-fa0bcfb8e38a,cannot_find
Google Play Store,2026-08-16 02:59:47,1,Can't find my trash no more So now when I delete a picture can't retrieve it again for life This's bad!,https://play.google.com/store/apps/details?id=com.google.android.apps.photos&reviewId=b3ec5512-69d4-4cb5-8fb7-4460ed2cad4e,cannot_find
Google Play Store,2026-08-14 17:03:43,1,"should of left it the way it was. keep the 1 star useless and stupid , no works can't find pics just so stupidity",https://play.google.com/store/apps/details?id=com.google.android.apps.photos&reviewId=9729cf99-0a22-47a0-aad8-034d12f841cb,cannot_find
Google Play Store,2026-08-13 14:32:00,3,"the app has been so poor recently with the search keywords. even when your photo is being backedup, you still have to look for it manually. I wonder whats the usefulness of the search if you cant find your pictures without seeing ""no results""",https://play.google.com/store/apps/details?id=com.google.android.apps.photos&reviewId=9bae19b0-2f3a-41a7-a22e-d54a09dfbbb7,cannot_find
Google Play Store,2026-08-12 06:54:54,1,No more backup/upload progress notifications????? WHY??????? Why is it so difficult to find the photos I've sent other people? The navigation on this app is awful. Memory snaps are done terribly. Embarrassing that snapchat does that better than you. The UI for those is absolutely horrible. Also not being able to look through the albums you made on your device is possibly the dumbest decision google has ever made and that is truly saying something.,https://play.google.com/store/apps/details?id=com.google.android.apps.photos&reviewId=a02a280f-bf91-42fa-9f70-d274586abf8e,cannot_find
Google Play Store,2026-08-12 00:04:11,1,even though I paid for the cloud I get messages that my cloud is not backing up. I cannot find any support for the problem at all. they appear to have changed the way my photos in the cloud display and I don't like it. I can't find photos that I'm looking for. they claim it simpler but it was simply enough already. I used to like Google and recommend them but not anymore. dumb it down for those of us who don't want to go to college to learn how to look at pictures,https://play.google.com/store/apps/details?id=com.google.android.apps.photos&reviewId=d7a8348a-1b46-497e-951e-74bce00fcea8,cannot_find
Google Play Store,2026-08-11 23:38:36,5,my chat historys photo and video can't find.,https://play.google.com/store/apps/details?id=com.google.android.apps.photos&reviewId=69a8c2bc-6802-45e2-abe8-f95492081853,cannot_find
Google Play Store,2026-08-10 14:26:27,3,"The new date grouping sucks, matter of fact it's not even grouping and you have to click the pic to find the photo's date and why can't we search albums when select more media?",https://play.google.com/store/apps/details?id=com.google.android.apps.photos&reviewId=ef789513-f6be-4023-b2f5-e047ea9547cd,cannot_find
Google Play Store,2026-08-10 10:48:11,1,"Since changing my text app to Google messages back at the beginning of July, I am unable to attach photos/videos to texts from the photos app. I have to go to the Google messages app and add photos or videos from there. Also I am still seeing the Samsung messages app as the top default app for sharing photos, even though I have forced stopped the samsung messages app and deleted the data, and deleted all the updates for that app. I can't find a way to put the new app as top default to share.",https://play.google.com/store/apps/details?id=com.google.android.apps.photos&reviewId=e763f9fa-4d96-4803-9e7d-28af7a288591,cannot_find
Google Play Store,2026-08-10 02:59:24,1,"The search function is garbage now. Keywords that I used to search for pictures that would bring back hundreds of pics, including the ones I was looking for, now bring ""No Results."" Why did you break it like this?",https://play.google.com/store/apps/details?id=com.google.android.apps.photos&reviewId=2530ee6e-ba36-4da9-a8b4-5a7b57de60aa,search_broken
Google Play Store,2026-08-09 05:18:51,1,"Search doesn't work like it used to, so it kind of makes this app worthless to me! With nearly 60k photos I can no longer search for SOME family and friends names in label descriptions I've make over many years, very frustrating. I've contaced google and they cannot find a resolution! Oh, and also something new, the app actually erases what I type on the description! I have to remember to copy text so I can cut and paste, or I have to retype everything!",https://play.google.com/store/apps/details?id=com.google.android.apps.photos&reviewId=2865fbd1-e82d-4490-a7d9-5f4df1482d6d,cannot_find; search_broken
Google Play Store,2026-08-09 01:45:45,2,love that It backs up automatically and the search was fantastic. something with the new search in the past week or two has rendered it useless. can't find anything.:/,https://play.google.com/store/apps/details?id=com.google.android.apps.photos&reviewId=7251e9f0-ec31-4c20-8471-8a9650470200,cannot_find
Google Play Store,2026-08-07 10:06:13,1,"The update of collections is disgusting. You can't find anything, everything has moved and changed layout in an incredibly inconvenient way. All of the useless things are up front and all of the useful things are hidden away. I hate it. And there's so much stupid AI bs everywhere in this app, with no way to turn it off.",https://play.google.com/store/apps/details?id=com.google.android.apps.photos&reviewId=89039046-555e-4b19-8b2b-df989ecba656,cannot_find
Google Play Store,2026-08-05 10:45:04,1,"Your search became useless a few months ago. I was using Google Photos from the beginning, having switched from Picasa to Google Photos! I upgraded to Google One solely because of your search capabilities. Now, when I search for something like; tyre, home, or cat, it does not properly display anything from my collection. I believe your ineffective AI functions disrupted your search capabilities. Also can't edit with other apps from Google Photos. You simply removed the 'edit with' shortcut.",https://play.google.com/store/apps/details?id=com.google.android.apps.photos&reviewId=fab83449-0c0b-41d3-8f08-530ea54462bd,search_broken; about_old_content
Google Play Store,2026-08-04 22:55:39,1,I dislike the rescent display of my memories displayed for August 2026. You have slaughtered my memories. I don't know what you people are thinking about when you decide to do this? It's a disgusting display! Don't slaughter the photos! We want memories! Not disfigured photos! What kind of people do you hire? Is it AI? Please change it back to normal! It's a disgrace! Very Disappointed!,https://play.google.com/store/apps/details?id=com.google.android.apps.photos&reviewId=6a6448c6-c6bb-4e42-9be8-c43e29811f6c,forgot_details
Google Play Store,2026-08-04 19:56:09,3,"every time this updates it gets more difficult to find photos. Response isn't helpful. I sort my photos into albums, but the album titles vanish and I'm left with sorting through thousands of files to find one because they aren't named except by download numbers. Difficult to find number xxxxxxxxxxxxcccdd among thousands of similar numbers.",https://play.google.com/store/apps/details?id=com.google.android.apps.photos&reviewId=c9e7d180-0f7f-48b1-a4e9-4735fbdc8ccf,cannot_find; photos_missing
Google Play Store,2026-08-04 07:20:43,1,Fullscreen popups telling you about ai slop when it's nearly impossible to find shared albums or search for anything,https://play.google.com/store/apps/details?id=com.google.android.apps.photos&reviewId=bc035c56-3cd7-481b-98bf-09fe07e6c769,cannot_find
Google Play Store,2026-08-04 01:05:51,1,"I can't drag to select multiple items anymore. They still haven't added back quick scroll to the albums page that they removed ages ago, so if you have a lot of albums like me you have to scroll repetitively to browse them. It also just randomly makes some thumbnails bigger which is annoying.",https://play.google.com/store/apps/details?id=com.google.android.apps.photos&reviewId=e41cb418-ef38-469d-aca6-cf2f3c883073,endless_scrolling
Google Play Store,2026-08-03 13:29:14,2,All this AI and yet the word search feature doesn't work properly?? It might be because I'm using it more but I'm noticing that text word search works worse since these new AI updates and such,https://play.google.com/store/apps/details?id=com.google.android.apps.photos&reviewId=79fb5253-1822-4e41-8b63-9840e4215efe,search_broken
Google Play Store,2026-08-03 07:12:03,1,"As of last week I seem to be unable to favorite photos, without them immediately being removed from favorites. I have combed reddit, tech sites, google help pages, and cant find any solutions. I tried updating the app, restarting my phone, clearing my cache. Nothing works and based on what I am reading online, other people have been having the same problem for years with no resolution. Getting through to customer service seems so time consuming and impossible that Id rather just write here.",https://play.google.com/store/apps/details?id=com.google.android.apps.photos&reviewId=f89b10aa-9f78-40e0-a1d7-edb1572d1c12,cannot_find
Google Play Store,2026-08-01 22:33:21,1,"i really dislike the new update, it doesnt allow me to have all the photos displayed at the same size, and instead randomly enlarges photos. i cant find a way to change this setting back and i think this is completely uneccesary.",https://play.google.com/store/apps/details?id=com.google.android.apps.photos&reviewId=3f32ff10-c558-46ca-b933-64af2a7e2c8d,cannot_find
Google Play Store,2026-08-01 19:18:44,2,"Specifically purchased the type of phone I have for this photos app. For years I have been thrilled. However, with AI (just like Gmail app now) I'm exhausted, frustrated, and disappointed. SO much time I wasted finding a simple photo (or not). I despise AI integrations in the apps. It used to be that I could bypass it. I appreciated that. CANNOT any longer. What good is the app (and especially AI) if I can't find photos I know exist (and used to be able to find) using basic search terms.",https://play.google.com/store/apps/details?id=com.google.android.apps.photos&reviewId=4c948ab7-3878-480e-b54f-660896aa0345,cannot_find
Google Play Store,2026-07-31 04:30:42,1,where are my photos,https://play.google.com/store/apps/details?id=com.google.android.apps.photos&reviewId=a8d54455-4bef-4c89-859a-e63126769122,where_did_they_go
Google Play Store,2026-07-30 12:14:45,1,with the new update I can no longer download more than one photo at a time from Google photos. this has me looking for alternatives as I cannot find a fix.,https://play.google.com/store/apps/details?id=com.google.android.apps.photos&reviewId=5fb86a35-3f4f-44e6-9c0b-99bdb9361513,cannot_find
Google Play Store,2026-07-29 23:01:03,1,"the new update removed all the face groups I had, now I can't even find the people I want in the pictures, horrible the face groups are already on, they don't identify anyone not even me whn I try to select my own face it says try again later",https://play.google.com/store/apps/details?id=com.google.android.apps.photos&reviewId=26604a83-3bcf-43f1-a740-d411407e9331,cannot_find
Google Play Store,2026-07-29 12:51:16,1,"​It's impossible to search for a file, by the name of image, on new phone. EXTREMELY STUPID !!!!! When I search, it shows all kinds of garbage/nonsense, instead of the requested images by name. Do not install this app",https://play.google.com/store/apps/details?id=com.google.android.apps.photos&reviewId=8ab7d0df-e6b1-4b57-8146-685ab7ff706d,cannot_find
Google Play Store,2026-07-28 06:22:09,4,can't find my photos or videos,https://play.google.com/store/apps/details?id=com.google.android.apps.photos&reviewId=46cb1d27-4411-449d-b2fe-20ad9ffe2cf6,cannot_find
Google Play Store,2026-07-28 02:12:49,3,"update after Dev response: it's not working guys. there is a bug and I can prove it even though I have some backed up photos, clean the uploaded ones option doesn't clean or delete any photos. can't find anything to delete ! edit : I mean all my photos are backed up. I see the cloud icon even. still it doesn't work. It doesn't clean already backed up photos. some photos could be uploaded from my tablet. some other photos could be uploaded from my other devices etc.",https://play.google.com/store/apps/details?id=com.google.android.apps.photos&reviewId=27f71481-d858-4e26-a57c-b51830501609,cannot_find
Google Play Store,2026-07-27 21:50:26,1,if you did not delete all my new pictures u would still have access. by deleting my pictures should not be allowed i had some good pictures the summer of 25 u deleted and they were also the 1s I wanted to keep and I cannot find any. u shouldn't be allowed to delete any of anybody pics unless it has delete pic by the owner. this never happened before until 2025 summer.. I had albums that had certain pics together for years now all is gone that is why u do not have access to my pictures if u shoul,https://play.google.com/store/apps/details?id=com.google.android.apps.photos&reviewId=9c7f59f2-3515-4723-9b16-99b10f12fc07,cannot_find
Google Play Store,2026-07-27 21:26:20,2,"This latest update to remove the months is awful. I can't find the pictures I want because they are all combined together and the 'months' floating on top does not help because I can't tell where one month ends and the other begins which is how I would find my pictures easily before. I pay for all the space I have, so should not have be subjected to this update. Worst update ever. And why do I have some photos made larger than all the others? What the heck? Updating without asking?",https://play.google.com/store/apps/details?id=com.google.android.apps.photos&reviewId=4dbb0510-81f3-4f9d-88e1-ed52c7708190,cannot_find
Google Play Store,2026-07-27 10:39:22,1,what have they done like literally it's so difficult to find pictures now as they are only showing the photos and videos which are available in gallery in their main menu,https://play.google.com/store/apps/details?id=com.google.android.apps.photos&reviewId=884f7d01-d0b2-42c0-a437-0c6c70614583,cannot_find
Google Play Store,2026-07-26 23:43:20,1,Google updated the app so that all of your pictures are smashed together instead of being cleanly separated by date. This makes things really cluttered and hard to see/ find photos. 0 star change. Horrible idea. Please either change it back or give the option to opt out via settings.,https://play.google.com/store/apps/details?id=com.google.android.apps.photos&reviewId=e7d9c87e-257d-4e84-9d1f-edead3e7f658,cannot_find
Google Play Store,2026-07-26 22:31:49,1,"I cannot backup my photos at all! I have a 2tb subscription and have to keep deleting apps because I have 64gb of memories that won't upload. I have used Gemini (another Google service) to help me go through and problem solve, I have tried two accounts, I have tried removing, reinstalling, changing power and internet settings, clearing cache, and even forgetting the accounts. I am at a loss and I've been unable to find a way to contact support. I'm currently considering other provider's.",https://play.google.com/store/apps/details?id=com.google.android.apps.photos&reviewId=4e43587c-e08d-454b-9aea-5b0822525f54,cannot_find
Google Play Store,2026-07-26 15:38:52,1,"STOP DELETING MY PHOTOS! THEY ARE MY PHOTOS! MY MEMORIES OF MY FAMILY YOU ARE DELETING! YOU ALL DO NOT HAVE THAT RIGHT TO ERASE MEMORIES FROM MY PHONE, I WILL NEVER BE ABLE TO GET BACK! YOU ALL DELETE ANY MORE OF MY PICTURES YOU DELETE MY PARENTS. THE ONLY PICTURES I HAVE OF THEM LEFT! I DON'T USE CLOUD. EVER! DON'T KNOW WHERE THIS CLOUD IS, NOR HOW TO GET MY PICTURES BACK! SO JUST STOP! DELETE ANY MORE OF MY FAMILY THAT IS NO LONGER WITH US, I WILL TAKE ACTION AGAINST YOU! DONT THINK I WON'T",https://play.google.com/store/apps/details?id=com.google.android.apps.photos&reviewId=4b032e08-8088-4ffb-bd1e-1fb70857ecc4,forgot_details
Google Play Store,2026-07-25 23:27:16,2,Worse with every update. Can't find anything. Constantly tries to make me turn on the auto backup despite repeatedly saying no. Bonus for constantly trying to show Gemini where no one wants it.,https://play.google.com/store/apps/details?id=com.google.android.apps.photos&reviewId=123326b6-a28e-432d-bfc8-4128921c5807,cannot_find
Google Play Store,2026-07-24 15:21:06,1,"this is very disappointing.. while trying to find some old pics which already uploaded a long time ago, I can't find them now. very sure I don't delete those because they are very pretty good memories, and look at them in some time intervals. while using the app with a subscription and finding out images are removed on its own is really frustrating. this is not just 1 time I found several time some sections of images been disappeared by its own. now I can't trust Google any more.",https://play.google.com/store/apps/details?id=com.google.android.apps.photos&reviewId=7f1adf10-627a-4212-9e0a-5c9b69d73e2f,cannot_find; photos_missing; about_old_content
Google Play Store,2026-07-24 09:39:43,1,can't find locked folder,https://play.google.com/store/apps/details?id=com.google.android.apps.photos&reviewId=eb219447-fa9f-4516-93d7-f866e691e906,cannot_find
Google Play Store,2026-07-23 23:51:30,1,Search is broken - seems like some key words are being deliberately suppressed,https://play.google.com/store/apps/details?id=com.google.android.apps.photos&reviewId=c40720eb-0adb-432e-86d5-c52a1cceb0e2,search_broken
Google Play Store,2026-07-22 23:13:49,1,cant find my folder,https://play.google.com/store/apps/details?id=com.google.android.apps.photos&reviewId=805d04a5-1d81-4852-9230-b5a5db1ae2fd,cannot_find
Google Play Store,2026-07-22 05:49:55,1,"Please give people a choice of how they want their photos laid out. The random choice of big photos influenced behind the scenes w/ai that I didn't ask for and should have been my choice... Downloading images or videos doesnt show up in order of download. For some reason GPhotos is reading the exif data of the item downloaded and placing it based if that in the gallery. Very bad, can't find family photos downloaded cause they end up being the year it was taken...",https://play.google.com/store/apps/details?id=com.google.android.apps.photos&reviewId=d86463b4-0f42-4c46-a9a8-3497225e6f89,cannot_find
Google Play Store,2026-07-21 19:41:32,1,"It works good but it annoys me that you cant zoom out much. They also automatically hide half of your photos on the mainstream, I wish this was something you could turn off, the button that lets you unhide them has been moved and I cannot find it which is very annoying. i cant even find my own pics i dont want this app. another thing that bothers me is if I update too many photos at once to be a person or correct that they have someone marked as the wrong person it will just delete them.",https://play.google.com/store/apps/details?id=com.google.android.apps.photos&reviewId=6675ab6e-16d1-487b-90ac-5928c109b510,cannot_find
Google Play Store,2026-07-21 06:51:17,2,"the latest update is garbage. the search function is useless. I search up human, animal, painting, rollercoaster, all things that ARE IN MY CAMERA ROLL and all things I've looked up before. it used to find these things perfectly fine. but now it's completely useless and won't give me ANY results.",https://play.google.com/store/apps/details?id=com.google.android.apps.photos&reviewId=a2bee9ea-3dfd-431d-aa09-fbbf49e52c3a,search_broken
Google Play Store,2026-07-21 06:50:53,1,"very poor design with very limited control of your own files. Auto sorting if heavily flawed, sending videos and photo to random locations and searching for individual files by name does not work properly because it does read file names it ONLY READ THE CONTENT IN THE FILES. Its a repurposed internet search engine that is not able to handle mass data storage! Like being given a bicycle to enter a formula 1 race! ""Cause If it's not broken and worthless, it's just not googly enough""",https://play.google.com/store/apps/details?id=com.google.android.apps.photos&reviewId=3cf69a3a-74bf-4adc-83f3-d3e10121799b,search_broken
Google Play Store,2026-07-20 20:10:53,1,"i don't know where to start with this update. the constant influx of AI is annoying and my pics not being separated by day makes it hard to find what I'm looking for. if it's not broke, don't fix it",https://play.google.com/store/apps/details?id=com.google.android.apps.photos&reviewId=69828992-5205-47f5-932a-fe1fba957d55,cannot_find; forgot_details
Google Play Store,2026-07-20 09:25:18,3,"It's mostly good but some photos don't have my face highlighted or those of other ppl. There's no way to manually add a face so when I go to look up pictures of myself for sharing, etc. those photos aren't available and I have to scroll to find them if I don't know the date. Very inconvenient. Pleeeeeease add a manual face adding option.",https://play.google.com/store/apps/details?id=com.google.android.apps.photos&reviewId=9f712c43-3f31-42fd-a5e0-ab9faba6c0c6,forgot_details; endless_scrolling
Google Play Store,2026-07-20 00:43:39,3,"where did the search feature go? I have to ""ask"" now? Will you stop trying to ""improve"" Google photos. Leave it alone. it's getting complicated to use. Unfortunately my phone only relies on Google Photos. it's becoming an annoying app to use. Stop the ""AI"" features. God it's infuriating! 😠",https://play.google.com/store/apps/details?id=com.google.android.apps.photos&reviewId=11611d40-f237-4d95-a2d3-f13a62f2bcb4,where_did_they_go
Google Play Store,2026-07-19 02:50:36,1,"problem with the app on my pixel 9A I can scroll all the way down and it only goes to December 2024 but my memory is clearly show stuff from 2022 and 2023 and on my iPhone 16 pro all my 2021 2 3 4 5 and 6 pictures and videos are all there but on my 9A lots of them were missing and it only goes back to 2024. I have disabled and re-enabled the app. I've cleared the data, cleared the cache change the bunch of settings. nothing I have stuff from 2021 on my phone that's not showing up either",https://play.google.com/store/apps/details?id=com.google.android.apps.photos&reviewId=5b876ca5-8a25-4ce0-90ab-597836483c8e,photos_missing; endless_scrolling; about_old_content
Google Play Store,2026-07-18 20:45:18,5,"thank you, save my photos and video for remember album",https://play.google.com/store/apps/details?id=com.google.android.apps.photos&reviewId=e39b2747-b1ad-492e-8ffa-97b6b1a88e31,forgot_details
Google Play Store,2026-07-18 02:49:50,2,The app was good until the recent update completely ruined the UI making it unorganized and hard to find pictures.,https://play.google.com/store/apps/details?id=com.google.android.apps.photos&reviewId=3b22da36-fa9d-4605-b4a9-0e65d814b7ac,cannot_find
Google Play Store,2026-07-18 02:03:46,1,"Can't download photos! Shared album photos went missing after user deleted them from their phone even after I backed up the photos? Shared users add photos they can see but I cannot, yet I get notifications. There is no clear identification of phone albums vs Google online albums. The new search is HORRIBLE. They show you pictures a decade old vs the most recent one with no way to sort. no way to download pictures so you have to take screenshot?! No conversion of Heic photos. Gui is frustrating",https://play.google.com/store/apps/details?id=com.google.android.apps.photos&reviewId=231a30ba-eec0-46e7-ba22-d0b13dc00636,search_broken; photos_missing
Google Play Store,2026-07-17 23:29:21,3,I can't find my previous pictures,https://play.google.com/store/apps/details?id=com.google.android.apps.photos&reviewId=3d538845-0220-4c03-86e7-9a1b4494bb5d,cannot_find
Google Play Store,2026-07-17 23:13:40,2,"The new update is absolute wack, my photos aren't organized into different days anymore and everything is just bunched up. It's become almost impossible to find photos that I want since I like to document the things I do. very disappointed",https://play.google.com/store/apps/details?id=com.google.android.apps.photos&reviewId=66eb94d8-9309-4476-825a-47dd0dd3941d,cannot_find
Google Play Store,2026-07-17 23:00:06,1,"Worst app in the Google ecosystem. I think the developer team is different from others and they suck. They always try terrible ideas, circling things in the editing panel for AI regeneration, the bloody create tab which anyone uses, and now floating icons with labels for each tab which makes it impossible to find other tab icons, the biggest space for the active tab is the most ridiculous idea. They haven't made the only thing they should, enable to make pictures smaller enough by scrolling out.",https://play.google.com/store/apps/details?id=com.google.android.apps.photos&reviewId=8da59674-94a9-4d96-980f-767772c99a59,cannot_find
Google Play Store,2026-07-17 12:00:26,1,from what I know it's the only way to check your photos. Goggle steals the photos any ways uploads them online. fragmented and created a folder for Every thing. Its sometimes very hard to find things. It just has everything all together. Made me update before i could see peoples photos. intrusive app! basically google wants access to your photos as with everything else whether you give it permission or not! And then it constantly bugs you to update. Doesnt allow sd card transfer! trash app.,https://play.google.com/store/apps/details?id=com.google.android.apps.photos&reviewId=57bff41b-4d54-4d60-8023-952ce5f195cb,cannot_find
Google Play Store,2026-07-17 10:14:42,1,can't find photos. I am tired of you changing things without options,https://play.google.com/store/apps/details?id=com.google.android.apps.photos&reviewId=bf122a6e-cba1-48d9-939e-1333113f7600,cannot_find
Google Play Store,2026-07-17 05:27:01,5,My app is not giving me all of the coupons that I choose. I tried to search for a deal on dog food and I know that they sell it bc I've bought it from them before. I couldn't even find it on the website. This is a awesome app for all of my photos.,https://play.google.com/store/apps/details?id=com.google.android.apps.photos&reviewId=74079f57-09fa-4205-be30-4d6b97129206,cannot_find
Google Play Store,2026-07-16 22:53:58,2,"I don't want to backup all my photos, popups are so irritating and there is no way to deactivate it, searching for alternatives.",https://play.google.com/store/apps/details?id=com.google.android.apps.photos&reviewId=4e9f61c7-109b-4479-ba16-437518e2ace6,cannot_find
Google Play Store,2026-07-15 22:34:23,2,can't find my photos when I want to put one in Facebook to send to a friend. didn't work,https://play.google.com/store/apps/details?id=com.google.android.apps.photos&reviewId=c78446e3-b577-4963-84ee-6310f0bf013c,cannot_find
Google Play Store,2026-07-15 16:34:48,5,"I love the daily memories feature. But, just as all other photos app its difficult to find a specific, one or few, photos. The search feature is not up to par.",https://play.google.com/store/apps/details?id=com.google.android.apps.photos&reviewId=5b31bb2b-d271-41c0-b3f6-47ae46e8955b,cannot_find
Google Play Store,2026-07-15 03:11:55,1,AI has ruined the app. the search function is now useless. it thinks it knows what I want and throws in any old junk. the old search was flawless. Even after multiple prompts it seems to actually get worse and resorts to grovelling.,https://play.google.com/store/apps/details?id=com.google.android.apps.photos&reviewId=03149221-2cbc-4fd7-8943-faf0031bfa3e,search_broken
Google Play Store,2026-07-14 20:42:08,1,the new update sucks ..made it harder to use. can't find photos quickly and can't organize and sort by day. actually would give 0 stars if I could. had to uninstall and go back to older version and now every time I open the app it has a popup that says I'm missing something good and to update now. can we please have a choice to get rid of the update notification permanently!!! the no thanks not now doesn't cut it!!!!,https://play.google.com/store/apps/details?id=com.google.android.apps.photos&reviewId=baf77d6d-1cc7-4074-93e4-f41689086d3b,cannot_find; photos_missing
Google Play Store,2026-07-14 16:12:57,2,not happy with recent update. I have to scroll through all photos nothing is separated by dates. everything is in one long scroll.,https://play.google.com/store/apps/details?id=com.google.android.apps.photos&reviewId=06426117-27f3-42d7-99ac-e46d7ea74108,endless_scrolling
Google Play Store,2026-07-14 04:09:51,1,"They have taken or hidden my photos and told me to download this app to delete them and they can't find this device. Want to use my phone from 5 years, 3 phones ag9. I hate it when they steal photos!",https://play.google.com/store/apps/details?id=com.google.android.apps.photos&reviewId=fb2b9a57-45b2-4491-9b17-9ecf7cd8a57f,cannot_find
Google Play Store,2026-07-13 23:11:37,2,Hard to find new photos when you add them these days. Really have to hunt hard. Don't remember it being like that in the past.,https://play.google.com/store/apps/details?id=com.google.android.apps.photos&reviewId=ff46dc92-4602-48ab-8d78-6095db4b72b5,cannot_find
Google Play Store,2026-07-13 17:43:29,1,I can't find all my photos ??? and their not in any file either I'm very upset not finding precious photos.. let that sink in ⁉️...,https://play.google.com/store/apps/details?id=com.google.android.apps.photos&reviewId=8caf7f30-3e23-4004-8243-334d992b40ee,cannot_find
Google Play Store,2026-07-13 16:17:21,5,"I am hoping that this App is easy to use and I am able to find my photos and videos easy. I can't seem to find them when they are in the ""Cloud."" I'm not a computer geek by know means. Here's hoping this App is Dummy Proof. LOL... I just downloaded this App. I haven't really had a chance to see all if it's Bells and Whistles.""",https://play.google.com/store/apps/details?id=com.google.android.apps.photos&reviewId=17aaa967-60af-4dcc-9b37-cfe3166c05fe,cannot_find
Google Play Store,2026-07-11 22:43:32,1,"For as long as I can recall, this program has had a problem where it reads files off the SD card (and generates their thumbnails) literally byte by byte rather than at any remotely reasonable rate, and this is on an early 2025 phone with a card that is only slightly older. I'm locking this rating at one until it reads and prepares thumbnails at at least the same speed as my old Windows XP notebook from 2002-ish does when reading off a USB-2.0 drive. (Trivial benchmark for anything competent)",https://play.google.com/store/apps/details?id=com.google.android.apps.photos&reviewId=1dcfd487-6123-4c45-b96d-2d858e660a70,forgot_details; about_old_content
Google Play Store,2026-07-11 19:34:23,1,"you do not have to rearrange my photos, when I try to show them as I've taken them, I can't find them,???",https://play.google.com/store/apps/details?id=com.google.android.apps.photos&reviewId=f15b4636-1ea8-458b-ae54-23a82eb2be12,cannot_find
Google Play Store,2026-07-11 17:37:14,4,I like this app but where does my pictures go after I delete them?,https://play.google.com/store/apps/details?id=com.google.android.apps.photos&reviewId=2b7c57f2-1214-4018-8262-35e4f0850ec0,where_did_they_go
Google Play Store,2026-07-11 10:23:07,3,can't retrieve my photos,https://play.google.com/store/apps/details?id=com.google.android.apps.photos&reviewId=3921303e-2c08-4db4-9850-338a9423f662,cannot_find
Google Play Store,2026-07-11 07:22:50,1,absolutely horrible it's storing photos all over the place and I can't find them. Samsung gallery is way better,https://play.google.com/store/apps/details?id=com.google.android.apps.photos&reviewId=05a04119-0b63-4ca3-b10e-77d14c3bee4b,cannot_find
Google Play Store,2026-07-10 21:45:21,3,this app USED to be well organized and easy to navigate. Not anymore with all my photos and videos clumped together. Now it is exceptionally difficult to find a specific day. Please switch it back! 🫶🏻✨,https://play.google.com/store/apps/details?id=com.google.android.apps.photos&reviewId=f226800c-afea-42e1-9d26-3c50c0f604f7,cannot_find
Google Play Store,2026-07-09 21:39:33,1,"the updates keep getting SO MUCH worse. AI is being added to every imaginable feature and making everything a thousand times worse. everything is 10x slower, it crashes constantly, the search feature is now 100% useless, and i do NOT want to use AI on any of my photos but keep getting it shoved down my throat. every update ruins the app more.",https://play.google.com/store/apps/details?id=com.google.android.apps.photos&reviewId=7b5b9216-1142-4edf-b405-69fa34afca21,search_broken
Google Play Store,2026-07-09 05:05:36,1,where is my photo?,https://play.google.com/store/apps/details?id=com.google.android.apps.photos&reviewId=830db798-bcb4-4d45-a40a-24ac33990c65,where_did_they_go
Google Play Store,2026-07-08 17:41:21,1,I will never give you a good review or 5 stars you took away my library now I can't find my albums how dare you hurt me like this I want it put back now.,https://play.google.com/store/apps/details?id=com.google.android.apps.photos&reviewId=eb257e8a-d108-423b-b1ee-0b422f0303bc,cannot_find
Google Play Store,2026-07-07 19:18:48,1,"When searching for photos for other apps using search at a certain point scrolling breaks and list jumps up. and it happens at the same spot every time. EXTREMELY ANNOYING. Check your ai code, indian people, before publishing Also search is VERY censored. Can't find tons of things because of it. I must reformulate quarries to get results. ANNOYING",https://play.google.com/store/apps/details?id=com.google.android.apps.photos&reviewId=5813c7ea-ff5a-4197-8ac0-15734256b21e,cannot_find
Google Play Store,2026-07-06 01:22:48,1,Google's insistence on trying to get you away from just a normal file system is insane. It's basically impossible to find or organize anything anymore. Navigating the file system manually via files is significantly easier than trying to put up with this.,https://play.google.com/store/apps/details?id=com.google.android.apps.photos&reviewId=57c4e2c3-bd79-4f5b-bc36-143fca1399bb,cannot_find
Google Play Store,2026-07-05 23:58:01,1,can't find my pics.😐,https://play.google.com/store/apps/details?id=com.google.android.apps.photos&reviewId=8aee96a2-2084-4fc2-8474-6f5cfb9faccd,cannot_find
Google Play Store,2026-07-05 01:29:30,3,you can't really find past events by search....,https://play.google.com/store/apps/details?id=com.google.android.apps.photos&reviewId=2c7e45f5-6a44-4337-b3e6-1f6c21587c6b,cannot_find
Google Play Store,2026-07-04 22:14:16,1,"FREAKING TERRIBLE APP. IMPOSSIBLE TO LOCATE PICTURES, MOVE THEM ON DEVICE, DELETE THEM AND REDOWNLOAD THEM. TERRIBLY BLOATED AND USELESS ON ITS CORE PURPOSE.",https://play.google.com/store/apps/details?id=com.google.android.apps.photos&reviewId=4ee4f0a0-7ce7-4dcc-8588-4281a725e985,cannot_find
Google Play Store,2026-07-04 21:20:24,3,the new version sucks. I can't search for similar items in the photo editing like I used to,https://play.google.com/store/apps/details?id=com.google.android.apps.photos&reviewId=efb15d15-10b1-41c9-b93b-d6fde72c31f1,cannot_find
Google Play Store,2026-07-03 13:44:46,2,I changed the device and I could not find a lot of my uploaded photos. I hope you help me with this. Thanks!,https://play.google.com/store/apps/details?id=com.google.android.apps.photos&reviewId=40919511-fef6-40c1-9121-8986c011c2af,cannot_find
Google Play Store,2026-07-02 22:28:10,1,"search option got worse now , old search was better",https://play.google.com/store/apps/details?id=com.google.android.apps.photos&reviewId=a4d61a90-73b0-454b-87d3-ce8ddfa524e4,search_broken
Google Play Store,2026-07-02 20:45:34,1,"There are a few features I enjoy with this app, but it's overshadowed by the fact that the cost of cloud storage is ridiculous and the search doesn't work as well as it used to. sharing isn't as good as it used to be and I can't clean up my photos from within the files app on my phone like I used to.",https://play.google.com/store/apps/details?id=com.google.android.apps.photos&reviewId=abbd334b-719f-4816-88d0-ee702f7a1c2d,search_broken
Google Play Store,2026-07-02 14:26:16,3,search bar doesn't work like it supposed to be.,https://play.google.com/store/apps/details?id=com.google.android.apps.photos&reviewId=8cb43946-1ca0-4161-8275-5fe096120c7b,search_broken
Google Play Store,2026-07-02 11:35:43,1,"can't delete the wardrobe album, just wasting space. can't search for photo descriptions or tags. can't mark albums to ""make available offline"".",https://play.google.com/store/apps/details?id=com.google.android.apps.photos&reviewId=204f4b4b-fb26-4d95-b597-8479a245d498,cannot_find
Google Play Store,2026-07-01 15:36:47,2,I don't know where my photos are going keep switching accounts to other it's not good,https://play.google.com/store/apps/details?id=com.google.android.apps.photos&reviewId=98b19a80-abf7-4e0b-b70b-ab91b3a1eb25,forgot_details
Google Play Store,2026-06-30 05:41:02,3,"You need to bring the rewind and fast forward buttons back! Also, it's getting very difficult to search for pics and videos when you type in words now because it won't accept the words with or without quotation marks now. can y'all make it more easier again please?",https://play.google.com/store/apps/details?id=com.google.android.apps.photos&reviewId=793b58af-683c-4c3e-b193-3c8528f0cc56,cannot_find
Google Play Store,2026-06-29 13:59:19,3,Please keep the camera and the screenshot folder different. It is difficult to find files. And also please don't stack the photos without asking. it is very annoying,https://play.google.com/store/apps/details?id=com.google.android.apps.photos&reviewId=51d1a8aa-880e-4d6b-a9f3-8af8a27a7549,cannot_find
Google Play Store,2026-06-29 07:55:09,3,I could not find some of I pictures and my videos which I am sure I uploaded and backed up at the account and it happens after I changed the device.,https://play.google.com/store/apps/details?id=com.google.android.apps.photos&reviewId=77e757a5-ef80-4832-bed6-5fe13e156e3d,cannot_find
Google Play Store,2026-06-28 22:52:33,1,I absolutely hate the AI thing. I can't find photos as easily as I used to never the ai thing always had a damn issue finding it! it's literally ARTIFICIAL INTELLIGENCE but it can't do anything. put it back to how it used to be!,https://play.google.com/store/apps/details?id=com.google.android.apps.photos&reviewId=9a4ee989-32ef-4ad4-b186-cd274eda20ad,cannot_find
Google Play Store,2026-06-28 21:15:09,1,where are all my photos,https://play.google.com/store/apps/details?id=com.google.android.apps.photos&reviewId=35a11242-9ecb-40f5-931e-34ebb39b8137,where_did_they_go
Google Play Store,2026-06-28 14:04:01,1,I can not retrieve my photos. Deleted to make space on Google drive and lost photos from my device. 🤬 Dumb default settings. Now Google photos get stuck and I can not do anything.... FFS,https://play.google.com/store/apps/details?id=com.google.android.apps.photos&reviewId=07bfbbaa-f4b3-457f-9f36-556ccf87658a,cannot_find; photos_missing
Google Play Store,2026-06-28 06:52:27,1,"where are my photos, who gave you permission to steal them?",https://play.google.com/store/apps/details?id=com.google.android.apps.photos&reviewId=e47fa355-3844-4947-a1a6-59149ce63ca7,where_did_they_go
Google Play Store,2026-06-26 04:38:38,3,where are my photos,https://play.google.com/store/apps/details?id=com.google.android.apps.photos&reviewId=9dc27b3c-9fad-46b7-9c58-57aa7901957e,where_did_they_go
Google Play Store,2026-06-25 04:13:28,1,They broke the search tool. Ai search tool is terrible. The old search tool worked so much better. please fix this!,https://play.google.com/store/apps/details?id=com.google.android.apps.photos&reviewId=8d33823d-921a-45e8-b1b2-31ad3a42fc35,search_broken
Google Play Store,2026-06-24 21:26:41,5,It was a brilliant app It can easily categorise the things and I can do editing and easily generate images and If cannot go ind any photo directly go and search for it it saved my time a lot as a busy person All over result brilliant,https://play.google.com/store/apps/details?id=com.google.android.apps.photos&reviewId=66d0370a-8542-43ee-94b6-975a1f82f32f,cannot_find
Google Play Store,2026-06-21 19:17:55,1,"Downloaded google photos when it opens , it goes to a screen about adding face labels and cannot get to close to get back to my photos.Never had this problem before, but now it started.And it sucks really bad",https://play.google.com/store/apps/details?id=com.google.android.apps.photos&reviewId=ffa8cace-d21c-4d9b-8790-2e5c3f69c8a0,cannot_find
Google Play Store,2026-06-21 17:28:09,1,"Next to impossible to search for a photo. AI is just hopeless & worthless ! Have 5TB storage in Google cloud/ account/ drive/ photos/ mails, and 100% uploading settings for photos. But, after uploading manually from SD card too and seeing the progress of upload and its completion through share option, not a single photo is found even through date or AI. It happens in regular manner. Can't search for the desired and actual photo by any means provided in the app. Just Hopeless & useless !",https://play.google.com/store/apps/details?id=com.google.android.apps.photos&reviewId=3626d333-9ecd-4e6d-9de7-fa3f7ba819c8,cannot_find
Google Play Store,2026-06-21 13:42:51,2,"It is virtually impossible to find any of your pictures. Oh, that picture you can't find in your camera album, it's been decided this is in your videos album (despite many videos being in the camera album). Looking for a screenshot? Could be in like 5 different folders. Want a picture from telegram? Oh, it's actually not in the Telegram folder, its in the Telegram Images folder. Or the second Telegram folder. JUST PUT ALL MY PICTURES IN ONE BIG THING AND SORT THEM CHRONOLOGICALLY.",https://play.google.com/store/apps/details?id=com.google.android.apps.photos&reviewId=c0c9963d-e8b9-4f87-8618-f86840434188,cannot_find
Google Play Store,2026-06-20 01:12:40,1,"I used to be able to search for memes and find them. Now when I search for the same things I have been, I am being told ""nothing found"". I don't always have time to put the pictures in their folders. Since switching phones all my photos got all mixed up and I can't find anything anymore! I liked the Samsung gallery better. I have even tried downloading photo sorting apps to help and paid apps but still the Google photos stays a mess. I have even tried to adjust settings to auto update folders!",https://play.google.com/store/apps/details?id=com.google.android.apps.photos&reviewId=7a28e86f-7fe9-484c-b4be-f9010ce784c0,cannot_find
Google Play Store,2026-06-19 15:44:02,5,use this all the time very help full funding old photos just by typing a word that you think might be in the photo if you can't find this helps storage I amazing .,https://play.google.com/store/apps/details?id=com.google.android.apps.photos&reviewId=ee20e2e9-a3bb-490a-9a90-5f77c5b6b3a2,cannot_find; about_old_content
Google Play Store,2026-06-17 10:36:01,1,is there no other development necessary why 3 updates needed for storage management?. after update the albums created by me are not shown in albums and are grouped by system and it is difficult to find them now,https://play.google.com/store/apps/details?id=com.google.android.apps.photos&reviewId=58c16f89-6c3b-49a0-bfa7-fde16a6f84d0,cannot_find
Google Play Store,2026-06-17 07:40:16,3,it was better 5 years ago before they screwed around with it and upgraded it . They have complicated it and its impossible to navigate and find a photo any more. I think I am going to transfer all my photo to stock and wipe it clean and and start fresh with a different app.,https://play.google.com/store/apps/details?id=com.google.android.apps.photos&reviewId=a3311ae0-6505-45c3-aa0c-ec43fe3f154e,cannot_find; about_old_content
Google Play Store,2026-06-16 23:18:52,1,search feature is completely broken. so unhelpful,https://play.google.com/store/apps/details?id=com.google.android.apps.photos&reviewId=b98df7d8-9f94-4576-a09e-82e58306278e,search_broken
Google Play Store,2026-06-16 10:19:28,1,"this app is getting worse, previously it shows searching bar, but now ut hides it. this make searching difficult whenever I try to write the name of the pholder I couldn't see the searching tool or searching machine, I have to do it manually. I sometimes spent more than 30 minutes looking for an existing pholder in my photo list, but I couldn't see it. I begin to hate this app",https://play.google.com/store/apps/details?id=com.google.android.apps.photos&reviewId=4a825395-7bb5-49c0-8a25-ad4d5cb9b88c,cannot_find
Google Play Store,2026-06-15 12:23:21,1,its bad I just need to crop a photo and then where is my crop photos 😞,https://play.google.com/store/apps/details?id=com.google.android.apps.photos&reviewId=6630b333-8618-4065-a7ec-918774e2654d,where_did_they_go
Google Play Store,2026-06-14 09:08:47,3,"Feedback on your ""Add Location"" feature for photos: There's no option for selecting ""Current Location,"" which would be helpful when I don't know my exact location and want to save an important place via photos to remember where I was.",https://play.google.com/store/apps/details?id=com.google.android.apps.photos&reviewId=313fe9f6-550a-4c79-92ee-04dd583c5c46,forgot_details
Google Play Store,2026-06-14 04:40:38,1,"UGH. Now every time I edit a photo, I can't access it from any apps for some time. Google, are you looking at all of these reviews? Things used to work well. Now I frequently can't find photos and your links to ""help"" aren't helpful. Basic functionality should be prioritized over bells and whistles. The editing is awful, Magic Eraser doesn't work, AI editing is terrible, etc.",https://play.google.com/store/apps/details?id=com.google.android.apps.photos&reviewId=f80abfe5-d068-4d14-a2da-c71d106f57c3,cannot_find
Google Play Store,2026-06-13 04:20:34,3,"Editing is great , but I find now days that's the only reason I use the app. Trying to navigate the app is counterintuitive and a time waster. Why has Google made it near impossible to find folders when it used to be so simple and straight forward. I find my phone's native photo app so much easier to navigate and instantly find what I'm looking for.",https://play.google.com/store/apps/details?id=com.google.android.apps.photos&reviewId=a275369e-6853-438b-b575-dee18abd8d65,cannot_find
Google Play Store,2026-06-12 23:48:01,1,This app is frustrating. When I download photos via the app it's difficult to find them. Every update seems to change the locations and it won't even show the folders it downloads photos to. The new update also adds unnecessary steps just to view photo details such as camera settings.,https://play.google.com/store/apps/details?id=com.google.android.apps.photos&reviewId=46c83137-052d-45d5-9fa1-d1de00e5fe29,cannot_find
Google Play Store,2026-06-12 08:51:21,1,cannot pull up pics,https://play.google.com/store/apps/details?id=com.google.android.apps.photos&reviewId=375666e6-c2b9-487e-8d41-d2e5eb10b9fd,cannot_find
Google Play Store,2026-06-12 03:21:56,1,Sometimes an image or download image is hard to find. seriously quite irritating when I am using google photos.,https://play.google.com/store/apps/details?id=com.google.android.apps.photos&reviewId=9d89e9dd-3b31-47c8-a0a7-580e61d45e58,cannot_find
Google Play Store,2026-06-11 22:13:22,1,I don't know when they did this update or why this is happening but now my screenshots are no longer showing up in my photos album. They're not accessible for sharing to apps etcetera... like if I'm trying to upload on Facebook a photo and you click photos button now only the photos now only the photos option from my Google photos are showing up none of my screenshots or other albums are available for me to view to select from and there's no way for me to change the setting..🤬🤬🤬🤬🫤🫤🫤🫤,https://play.google.com/store/apps/details?id=com.google.android.apps.photos&reviewId=740cf6bb-68af-4d2f-8c03-b64dad825a37,forgot_details
Google Play Store,2026-06-10 20:21:21,1,"Absolutely horrible to use especially on windows. No file names visible. The biggest problem is when downloading lots of photos and if you don't make a note of what you selected to download, once the download is finished you won't remember which photos you download and end up redownloading them. Been using it today and yesterday and it's highly frustrating. Very basic file system worse than those 30 years ago. You select X number of photos to delete you press delete and nothing happens.",https://play.google.com/store/apps/details?id=com.google.android.apps.photos&reviewId=63497d00-f917-4d7b-acd0-8d7b6f62f76d,forgot_details; about_old_content
Google Play Store,2026-06-10 19:54:37,5,"my only problem is that after backing my contacts and photos on Google l still can't retrieve them l am not happy about it. But l still love google you are absolutely brilliant, you make the world an enjoyable place thanks google🥰",https://play.google.com/store/apps/details?id=com.google.android.apps.photos&reviewId=ec8cef1c-9178-4d7a-9a36-175f7a4630a0,cannot_find
Google Play Store,2026-06-10 12:10:52,2,"You changed the photo editing format and buried all the useful tools deep inside and I can't tell you how annoying I find it . I used to be able to edit photos in seconds flat and now it takes me 5 times longer . For What ? Leave well enough alone . I have read multiple other peoples conversations on multiple platforms and you have frustrated millions of people, for what ? Why ? What have you achieved other than making it harder on users instead of easier .?? Please put it back how it was .TY",https://play.google.com/store/apps/details?id=com.google.android.apps.photos&reviewId=061b5252-639f-4ddd-bb2d-3d1a73bd0ff3,cannot_find
Google Play Store,2026-06-09 23:47:16,3,"I can't seem to find pics I need for memories. Since updating, I was just looking at a vid Google had out together and I was going to change out one of the pics & now I can't find the video. 🤔 Other than that, I've always loved using Google photos.🫶",https://play.google.com/store/apps/details?id=com.google.android.apps.photos&reviewId=33e1f83e-ce65-4138-ab7e-9e0356b405ba,cannot_find
Google Play Store,2026-06-09 02:10:25,1,i cannot find my my dead husbands photo sand his dog.?,https://play.google.com/store/apps/details?id=com.google.android.apps.photos&reviewId=d154ea6b-6f10-45e6-a440-031e84e345e0,cannot_find
Google Play Store,2026-06-07 21:49:46,1,"Used to be good but now you can't even search your photos, everything is generative AI and it's like having Microsoft's Clippy holding your memories hostage. Garbage app, pathetic.",https://play.google.com/store/apps/details?id=com.google.android.apps.photos&reviewId=1cd91aa6-437e-45a0-b5be-add2b9ce2d80,cannot_find
Google Play Store,2026-06-07 04:43:49,1,changing my review because of stupid gemeni search. can't find anything anymore,https://play.google.com/store/apps/details?id=com.google.android.apps.photos&reviewId=515cee22-3fa2-4f29-9f70-93f0b53949e6,cannot_find
Google Play Store,2026-06-06 15:57:28,5,Where Is My Pictures,https://play.google.com/store/apps/details?id=com.google.android.apps.photos&reviewId=7f7a6f73-466f-4684-aee9-23ee96aa7a52,where_did_they_go
Google Play Store,2026-06-05 04:26:50,3,can't find anything new.,https://play.google.com/store/apps/details?id=com.google.android.apps.photos&reviewId=82620792-0d5d-4b9c-a070-35a7a71f6047,cannot_find
Google Play Store,2026-06-03 15:24:43,1,"i cannot find the photos that were backed up. help me out, i need the photos back lol 🙏🏻",https://play.google.com/store/apps/details?id=com.google.android.apps.photos&reviewId=65205ea2-0e49-4b4a-88e2-a6181c472034,cannot_find
Google Play Store,2026-06-02 22:45:38,1,I like everything the way it was and I'm not one for change all the time it's just too much I can't even get the thing to let me get back to my pictures,https://play.google.com/store/apps/details?id=com.google.android.apps.photos&reviewId=f2a8ddb4-46a9-4767-aa0a-8a464ab33ac4,cannot_find
Google Play Store,2026-06-02 13:55:25,1,"The album and collection don't work at all, i just want to save the family and holidays travel album on the cloud and share with the family but Google photos simply show all the devices folder and i couldn't find my family and travel holiday album from the app not worth the price to subscribe the additional storage.",https://play.google.com/store/apps/details?id=com.google.android.apps.photos&reviewId=5278bb1d-fa96-428d-811a-7d30afc8194d,cannot_find
Google Play Store,2026-06-01 12:45:45,1,"No folders,I can't find the file I want.I don't know the date.",https://play.google.com/store/apps/details?id=com.google.android.apps.photos&reviewId=6222aa9f-713d-43a1-999b-de5c33aad5a9,cannot_find; forgot_details
Google Play Store,2026-06-01 10:38:35,1,Searching for old pictures is difficult—you have to scroll down through. please bring back the search icon,https://play.google.com/store/apps/details?id=com.google.android.apps.photos&reviewId=e7fd540e-0e73-4b48-9a21-bfbaf61d31d6,endless_scrolling; about_old_content
Google Play Store,2026-05-31 23:03:29,3,Ive used this for several years & I believe by far what Ive experienced is the best free app for photo storage I have photographs backed up all the way from 2008 the search engine cannot find anything no matter the keyword asked and the editor keeps getting worse and worse I go to erase a word and instead of erasing it it just changes the word to some nonsense jumbled letters I swear they hire morons why do you put the instructions over the top of the photo? they didn't look into it. it's worse,https://play.google.com/store/apps/details?id=com.google.android.apps.photos&reviewId=5b50e209-506e-41c4-8b00-cb609edbe9f6,cannot_find; about_old_content
Google Play Store,2026-05-30 19:07:13,1,What did you do? I can't find anything all of a sudden. Stacked photos?! I couldn't find the picture I just took. After freaking out for a few minutes I discovered it was stacked and needed to be unstacked. That was a mean trick.,https://play.google.com/store/apps/details?id=com.google.android.apps.photos&reviewId=75c014f1-31fb-44dd-abd2-d4dcf5b32667,cannot_find
Google Play Store,2026-05-28 21:54:13,5,The App is generally good but when l bought this new phone l cannot locate where my videos are,https://play.google.com/store/apps/details?id=com.google.android.apps.photos&reviewId=4316db70-1feb-48c5-821a-d880c2fef175,cannot_find
Google Play Store,2026-05-28 13:45:33,3,"this app is so frustrating, and I always struggle to find the feature I want. today I just wanted to switch between the 2 Google accounts so that I can try and create an album on my other account and I couldn't find the way to switch accounts. there is no profile picture anywhere. Aaarrrrgggghhhh! update: my profile photo has re-appeared again in top right corner. wasn't there at time of review. updating to 3 stars as still a frustrating UI.",https://play.google.com/store/apps/details?id=com.google.android.apps.photos&reviewId=582d4584-bcb2-42be-b2fb-b49f80e46029,cannot_find
Google Play Store,2026-05-28 02:09:40,3,"ever since they added the ai function, photos have been MUCH harder to find. Sometimes I'm lucky and it pulls up the name of the file I'm looking for, and most of the time I get random unrelated photos in my search. used to be an option where the ai is an option, now it makes it impossible to pull up whatever I'm looking for",https://play.google.com/store/apps/details?id=com.google.android.apps.photos&reviewId=78cd31ff-d6e9-4794-b58e-b4a643d4f891,cannot_find
Google Play Store,2026-05-27 14:52:07,1,horrible layout and navigation. i almost only get up this devices photos and cant find just the backed up photos unless they are in an album. no way to customize what pictures you want to show up on the main tab.,https://play.google.com/store/apps/details?id=com.google.android.apps.photos&reviewId=6fad6c0b-764b-4103-a27c-1fd0856f690a,cannot_find
Google Play Store,2026-05-27 14:30:27,4,"I would like the “Camera” folder to appear first by default, instead of showing all images on the device. Right now, photos are mixed with app images and cache files, which makes it difficult to quickly find what I’ve just taken. It would be much more convenient if the Camera collection opened first.",https://play.google.com/store/apps/details?id=com.google.android.apps.photos&reviewId=9c16645e-1ec8-4d77-b0fe-e0bf070c9259,cannot_find
Google Play Store,2026-05-25 23:40:45,1,"I finally updated to the current version from an older version and I am wildly disappointed. Bloated, sluggish, and trying to harass me about new features I don't want while struggling to show me my own pictures. It is a picture app, please manage to do the baseline of showing me my pictures without making it so absurdly difficult and tedious. I don't know which boss told the design team to do this, but they should be demoted.",https://play.google.com/store/apps/details?id=com.google.android.apps.photos&reviewId=52c77981-ca39-4ad9-85b2-32e8a279ca96,forgot_details
Google Play Store,2026-05-24 22:28:19,5,"The app is good, but I wish the photos in albums could be zoomed out like in the overview or favorites view; they feel too close, and some of my albums are too big, making it difficult to find what I'm looking for. I would also like them to be separated by date and to allow you to switch between older to newer and vice versa. Something similar to how photos appear in favorites.",https://play.google.com/store/apps/details?id=com.google.android.apps.photos&reviewId=144ec96c-cff8-4927-b6a4-9010c3de3abb,cannot_find
Google Play Store,2026-05-24 02:47:53,1,"This is the crappiest most intrusive app you could ever use for simple photos. It wants to categorize everything, you can't find things that you download to your phone because they're hidden in 10 different areas. Hate it.",https://play.google.com/store/apps/details?id=com.google.android.apps.photos&reviewId=0d227d07-8481-4c77-a21a-adc6e171281c,cannot_find
Google Play Store,2026-05-23 19:36:13,4,it's good but hard to find desired photos it' should be more organised,https://play.google.com/store/apps/details?id=com.google.android.apps.photos&reviewId=2d368d03-6945-446a-be55-de7af3914836,cannot_find
Google Play Store,2026-05-22 08:24:27,1,"Since the upgrade, I cant find most of my pictures, and the order photo print option is gone!",https://play.google.com/store/apps/details?id=com.google.android.apps.photos&reviewId=bbe4a620-5b41-438e-b8b7-dea8e6c80076,cannot_find
Google Play Store,2026-05-21 19:04:04,2,"The new update of google photos totaly. Unnecessary options and difficult to use, Can anyone suggest how to get back to old version unless this google LLC doesnt ever redesign it ?",https://play.google.com/store/apps/details?id=com.google.android.apps.photos&reviewId=74cf0bbc-da0b-4808-acb9-604657abd592,cannot_find
Google Play Store,2026-05-21 13:50:57,2,Why after every dang update do you guys insist on changing folder locations. Honestly I can't find anything,https://play.google.com/store/apps/details?id=com.google.android.apps.photos&reviewId=54d0dac8-2075-4def-afe2-1cb1fa952836,cannot_find
Google Play Store,2026-05-19 21:35:44,1,I despise the featured contact aspect that pulls photos and throws them in my face when I open my flipping phone. I keep erasing that permission and every time there's an update the same damn thing happens and now I can't find the place where I can get rid of it. I am looking for a specific photo and I am getting instead this huge flashing set of photographs that this stupid phone has decided it wants to show me. I do not want this damn thing. I hate this phone and I hate this app,https://play.google.com/store/apps/details?id=com.google.android.apps.photos&reviewId=291eae19-e3e8-4385-b216-755e1833843c,cannot_find
Google Play Store,2026-05-19 08:39:24,3,"When I search for photos of specific people, I am able to get results from photos in shared albums. And there's no way to search for specific people inside a shared album either. please fix this.",https://play.google.com/store/apps/details?id=com.google.android.apps.photos&reviewId=d99dda25-ca7d-4c7d-9c09-67c1d99cd0c6,cannot_find
Google Play Store,2026-05-19 04:15:17,1,hi. where are my albums I made???????,https://play.google.com/store/apps/details?id=com.google.android.apps.photos&reviewId=3db500f2-6089-49ce-ac54-925e7aa25d98,where_did_they_go
Google Play Store,2026-05-18 06:17:52,1,id rather save my stuff to a micro SD card so i can access it without internet at anytime..but for a cloud thing theres a few things you cant do like you would be able to do on a micro. i dont like the fact that you cant make and put pictures in folders after arkiving. that really sucks. and the buy prints well the quality was really bad. and my camera is 13 mp...the prints was blurry and original was a quality pict. i can print my own way cheaper. and clearer. and its really hard to find photos,https://play.google.com/store/apps/details?id=com.google.android.apps.photos&reviewId=f9fb26b8-db29-4f6c-8f52-5e807b1e15a7,cannot_find
Google Play Store,2026-05-17 17:56:29,1,"for a couple of weeks since the new update, some photos such as screenshots and downloads are not being uploaded onto Google photos despite all folders are selected to be uploaded. really disappointed as I can't find those photos in the Google photos. please get it sorted",https://play.google.com/store/apps/details?id=com.google.android.apps.photos&reviewId=fcd2a58d-d7cc-4038-abae-9c30ac27d3e1,cannot_find
Google Play Store,2026-05-17 09:14:53,1,I can't find my photos!!!,https://play.google.com/store/apps/details?id=com.google.android.apps.photos&reviewId=2f3373fe-eaef-4461-bebd-db8f80d45619,cannot_find
Google Play Store,2026-05-17 00:35:43,2,The new search function is just awful. Sad.,https://play.google.com/store/apps/details?id=com.google.android.apps.photos&reviewId=febf753d-5bad-4560-86bb-e635b27f9263,search_broken
Google Play Store,2026-05-16 03:59:35,1,"Needs older version....searching for a photo is HORRIBLE. Never finds what your looking for so you have to scroll all photos and videos now. Face recognition is a joke, anything close is lumped together.",https://play.google.com/store/apps/details?id=com.google.android.apps.photos&reviewId=2b99a589-dce5-4acb-9047-3bb0562720fd,endless_scrolling
Google Play Store,2026-05-15 08:36:46,1,"I'm having trouble moving pictures from this stupid google photos, where is the select all button ?",https://play.google.com/store/apps/details?id=com.google.android.apps.photos&reviewId=14552d4a-4922-4921-92e4-da440cd94406,where_did_they_go
Google Play Store,2026-05-12 22:05:08,3,"I like this app, but there are some tools I cant find and it says I have to update it, but it wont uptade when I press the button. it randomly closes on me too. I also cant clear my trash. the photos that should've been automatically deleted, because they were in the trash for over 60 days, have been stuck on one day left, and when I try to permenately delete them it never works. it says deleted, but when I come back to the trash can the pics come back. its super confusing.",https://play.google.com/store/apps/details?id=com.google.android.apps.photos&reviewId=37d28c53-f99b-4d07-94b4-05bb9ff6a0dc,cannot_find
Google Play Store,2026-05-12 15:19:05,3,Keeps failing to remove pictures that have already been deleted. Every time I trash them it says it failed to trash. I've tried clearing the cache and uninstalling and reinstalling. please fix the bug. It's hard to find pictures when needed when old trashed pictures are still in my albums.,https://play.google.com/store/apps/details?id=com.google.android.apps.photos&reviewId=25d88319-2bfa-4685-af16-8f9e3957c478,cannot_find
Google Play Store,2026-05-11 23:37:29,3,"Used to love this app. Now I can't find anything. Most of the storage is used on duplicates and triplicate of pics because every time you edit or share to another app, it saves it AND changes the date. SO none of the photos are chronologically correct by original date. And for the love it all, and a remove duplicate option!",https://play.google.com/store/apps/details?id=com.google.android.apps.photos&reviewId=9059c93d-750c-4373-93e6-eef30e45b204,cannot_find
Google Play Store,2026-05-11 16:41:56,1,Not user friendly...at all (edit) 5/11/26 well it's 6 years later and Google photos is even worse. All the different categories and sub categories is stupid. if you take a photo you can't find it because it has been randomly put in some folder you are unaware of.,https://play.google.com/store/apps/details?id=com.google.android.apps.photos&reviewId=78b75bce-0ae0-4ea5-87f8-5280cc57439a,cannot_find
Google Play Store,2026-05-09 23:26:54,1,I can't retrieve my Google photos that are backed up,https://play.google.com/store/apps/details?id=com.google.android.apps.photos&reviewId=adcb7eb1-e03b-4fad-a15a-2fe64911e1e2,cannot_find
Google Play Store,2026-05-09 18:57:24,1,where is my deleted photos,https://play.google.com/store/apps/details?id=com.google.android.apps.photos&reviewId=8c7de9ba-27af-4f99-b4bc-d4a184f6ea2e,where_did_they_go
Google Play Store,2026-05-09 04:44:19,5,can't retrieve my pictures,https://play.google.com/store/apps/details?id=com.google.android.apps.photos&reviewId=4a19a295-a591-40d0-a5f0-0db60c5104f8,cannot_find
Google Play Store,2026-05-07 19:50:29,2,"photo album backup was switched off yet photos keep getting backed up. can't find a solution. if I delete a photo on Google photos, it automatically permanently deletes the photo on my device too and there's no way for me to prevent it. also, no option to save photos by category or by creating albums, or to search for a photo by entering keywords.",https://play.google.com/store/apps/details?id=com.google.android.apps.photos&reviewId=b90458ab-579c-4e8c-be8a-bd08baae40f1,cannot_find
Google Play Store,2026-05-07 03:49:25,3,cause I ordered 4×4 photos from Google photos or Drive and Gemini pro can't even help on finding my pictures!!!,https://play.google.com/store/apps/details?id=com.google.android.apps.photos&reviewId=53b2e076-92e2-412e-a984-1e4069fa4908,cannot_find
Google Play Store,2026-05-07 02:36:30,1,"Didn't ask for it and can't find it in my phone to disable or uninstall it. 😡 I know how to find apps on my phone! I've had an android problem as long as you've been alive. Photos nor Google Photos is anywhere to be found in my phone settings, only in Apps Store. That means Google Photos is an app forced on me that can't be disabled or removed. Therefore I suggest you stop being a smart aleck.",https://play.google.com/store/apps/details?id=com.google.android.apps.photos&reviewId=422b4915-9bcd-467c-986f-cfd468b17b93,cannot_find
Google Play Store,2026-05-06 17:43:26,1,This isn't the real Google photos app and I cant any find Ask photos for what reason who knows.,https://play.google.com/store/apps/details?id=com.google.android.apps.photos&reviewId=77da77ac-9525-48a7-8a11-ab2f791ac4b4,cannot_find
Google Play Store,2026-05-06 12:20:34,1,I hate this stupid new app or update I had a recording and I can't find it and now I realized it was shared with the whole damn world because it has folders and I can't find it anymore why can't the apps be like before I think I might just go find me an old working phone and stick with that I can't find all my pictures and it backed up my data on my device and now for sure I can't find it cause it had to back up to a iPad or iPhone which I don't own but that shows up on my device like if I share,https://play.google.com/store/apps/details?id=com.google.android.apps.photos&reviewId=60fc451b-154c-4557-87bd-7b29ebfe4cff,cannot_find
Google Play Store,2026-05-06 08:10:44,1,You deleted my photos. Now I dont know where to find them. I want it on my phone not on an app that always needs internet.,https://play.google.com/store/apps/details?id=com.google.android.apps.photos&reviewId=410acf71-99f9-46de-9ccd-b5a157eab455,forgot_details
Google Play Store,2026-05-04 15:47:47,1,i cant find my photos them,https://play.google.com/store/apps/details?id=com.google.android.apps.photos&reviewId=eeeaefd6-e617-4026-80a5-69ed8441b6f6,cannot_find
Google Play Store,2026-05-04 00:34:34,1,where is my pictures?,https://play.google.com/store/apps/details?id=com.google.android.apps.photos&reviewId=55c1e085-ac51-4459-8882-95b4f59dafec,where_did_they_go
Google Play Store,2026-05-03 20:50:18,5,where is my photo upload,https://play.google.com/store/apps/details?id=com.google.android.apps.photos&reviewId=e02a518d-b2a7-49c5-a91c-16f3b1b62661,where_did_they_go
Google Play Store,2026-05-03 11:22:52,4,"I got tbi I can't remember when, and my memories are recorded or shot. So I love this app so much. It has brought much help for me. ty Sy the photo or whoever guy you are.",https://play.google.com/store/apps/details?id=com.google.android.apps.photos&reviewId=9d81a88b-34f3-4fe6-9e28-eac779300f98,forgot_details
Google Play Store,2026-05-03 09:17:30,1,"shows you memories but doesn't let you delete the original photo. doesn't show backed up dupes. of course it hogs storage, you can't find the photos to delete. clunky",https://play.google.com/store/apps/details?id=com.google.android.apps.photos&reviewId=0cff802e-4f4c-4f01-b3cf-2090fd5daff0,cannot_find
Google Play Store,2026-05-02 18:52:23,2,"It used to work great and I would use it all the time. Now I pay for storage and the app doesn't work. The whole app is so slow, and won't load or back up images, can't delete images, edit, or find images passed a couple days old.",https://play.google.com/store/apps/details?id=com.google.android.apps.photos&reviewId=d9c0944a-a1de-4d73-b713-e4d1924ccdb1,cannot_find
Google Play Store,2026-05-02 06:32:44,4,"The new Ask Photos feature is a total game-changer! I no longer have to scroll for ages to find a specific memory. I just asked, 'What was the name of that restaurant we visited in Udaipur last winter?' and it found the photo and gave me the name instantly. It’s like my photo gallery has a memory of its own.",https://play.google.com/store/apps/details?id=com.google.android.apps.photos&reviewId=3ebdede5-c77f-40c5-bad9-c40dd75e2c70,endless_scrolling
Google Play Store,2026-04-29 04:17:53,1,"horrible update. metadata is being withheld by Google and now you cannot find files in Android. The file names are cut off and hidden, there are no timestamps. finding your own files is now impossible because Google has locked you out from information about your own files. none of the 5-7 work arounds do anything, there is no work around with the amount of files I have. please don't ask me for feedback, you know the problem just fix it",https://play.google.com/store/apps/details?id=com.google.android.apps.photos&reviewId=bb1d870c-66ee-470b-974d-cd06237e5016,cannot_find
Google Play Store,2026-04-28 18:58:26,1,cant search a local photo with using name and always asking to buy cloud 👌,https://play.google.com/store/apps/details?id=com.google.android.apps.photos&reviewId=58947fa2-d43d-409a-8c8f-e6d0f0a18c1b,cannot_find
Google Play Store,2026-04-28 13:56:43,4,I do not like the new updates at all. sadly I can't find anything better,https://play.google.com/store/apps/details?id=com.google.android.apps.photos&reviewId=2d5902ba-8ba4-40be-8808-85e57e145fe1,cannot_find
Google Play Store,2026-04-28 12:52:43,3,Difficult to find photos because there are 2 different places to save,https://play.google.com/store/apps/details?id=com.google.android.apps.photos&reviewId=964cfb07-0ad9-417a-9fc5-e9cf61d18bf4,cannot_find
Google Play Store,2026-04-26 13:49:22,3,"I lost my phone and got another one but I'm unable to retrieve all my photos and videos on the other phone. I've some very important photos and videos on that phone, how do I retrieve them please?",https://play.google.com/store/apps/details?id=com.google.android.apps.photos&reviewId=1557b532-bc12-4042-8028-9b7f2901ca51,cannot_find; photos_missing
Google Play Store,2026-04-25 21:38:02,3,"The search has become absolutely useless... if you don't want your photos to be backed up on google theres no point for this app existing, just use the gallery.",https://play.google.com/store/apps/details?id=com.google.android.apps.photos&reviewId=975899a9-51a0-4349-9614-1d84be12f750,search_broken
Google Play Store,2026-04-25 00:31:02,1,"hate it can't find pictures, take up space with random mini videos of your own videos and pictures that Google uses as ads. downloads never show up here. you have to search for each album that Google has automatically made for you to find a specific picture format. VERY ANNOYING APP.",https://play.google.com/store/apps/details?id=com.google.android.apps.photos&reviewId=a17e38cf-6ad6-45c2-a805-9c70e93453d2,cannot_find
Google Play Store,2026-04-24 10:51:30,1,where are my pictures now they disappered,https://play.google.com/store/apps/details?id=com.google.android.apps.photos&reviewId=80245711-82b1-4f02-853c-44d0a64393c5,where_did_they_go
Google Play Store,2026-04-24 04:43:55,1,Can not figure out on Google photos how to find my photo orders I want to reorder,https://play.google.com/store/apps/details?id=com.google.android.apps.photos&reviewId=c62e6d36-fe91-43ee-aed4-d32939f2b56c,cannot_find
Google Play Store,2026-04-23 07:15:55,1,"terrible photos app. takes photos organized in albums and puts them into random collections and is missing 5 years of items which can be found with a search but dont show up anywhere and you cant seem to change the ""collections"". its a giant pain when you have 19000 items in the gallery. i regret getting a pixel phone entirely due to this app and the lack of customer service",https://play.google.com/store/apps/details?id=com.google.android.apps.photos&reviewId=f67ea0be-c283-47cc-8c7a-c27f7b421974,search_broken; photos_missing
Google Play Store,2026-04-23 05:55:49,1,"How is this worse on a pixel phone than on an iPhone? This app used to work, but is now plagued by a collection of ridiculous bugs. Like: 1. Stacking photos cannot be done manually on Android, but can on the iPhone? 2. Album photo ordering is all messed up. If I go to Google photos online the ordering is correct. In the app though, random photos are shown non chronologically making it impossible to find what you want. 3. I have many more complaints about the crazy amount of settings",https://play.google.com/store/apps/details?id=com.google.android.apps.photos&reviewId=48aaccbc-c36b-4e00-9672-769a34c2b796,cannot_find
Google Play Store,2026-04-22 23:16:02,1,I hate this app. It sucks photos out of local storage and away from the non native gallery app. Sure seems like it helps them use up your free storage quota that way. Remember when Google's motto was don't be evil? Those days are way gone.,https://play.google.com/store/apps/details?id=com.google.android.apps.photos&reviewId=150a7455-128d-43c1-a9ef-e65ecc2d8ff5,forgot_details
Google Play Store,2026-04-22 20:52:40,1,"Magic eraser (best feature by far) is ruined with new AI tools. lost ability to select text in a photo, now it just goes to share instead of going into lens mode which is a huge downgrade to efficiency. lens mode doesn't open the camera first so now you have to click another button. search feature is awful, it can't find anything anymore. everything that was great about this app is now terrible. way too many notifications.",https://play.google.com/store/apps/details?id=com.google.android.apps.photos&reviewId=1341a457-16f4-4397-bb2e-077de5ccbf13,cannot_find; search_broken; photos_missing
Google Play Store,2026-04-22 20:33:16,1,It has been over a month and you still haven't gotten a fix for why sound isn't casting with videos on this app. Unable to find a decent replacement but when I do I'm losing this app asap.,https://play.google.com/store/apps/details?id=com.google.android.apps.photos&reviewId=1b95744a-06f8-4cd7-aea7-d92c9d613aba,cannot_find; photos_missing
Google Play Store,2025-10-15 23:45:29,2,"This app is practically unusable anymore. The search engine doesn't ever freaking work when trying to find a specific photo, Even on Wi-Fi the page loads slow when trying to find a picture(Or doesn't load at all), It still doesn't have an option to where it can just save all of your photos/videos into albums without having to manually create them again. I'm only giving this 2 stars because it's one of the only ways that I know to backup my device photos without having to use a PC.",https://play.google.com/store/apps/details?id=com.google.android.apps.photos&reviewId=dc40fa6f-05fe-43fa-8899-2f48bfa5ee59,search_broken
Google Play Store,2026-03-07 23:27:55,2,"Used to be a good, March update ruined it. Moved all the editing options. onto different categories, no makes little sense. won't let you re-edit a photo you've already edited. instead makes you revert to original and do all the work again if you want to re-crop or similar. once you then save a copy that becomes almost impossible to find. doesn't get out next to the original or at the top of the gallery like before. only found mine in recently added, which obviously, they are not, Just edited.",https://play.google.com/store/apps/details?id=com.google.android.apps.photos&reviewId=586c10e9-9c09-4447-beee-6da1097cca7f,cannot_find
Google Play Store,2025-02-23 06:57:01,2,"Loved Google Photos. Always demonstrating to people how easy it was to find a photo i.e. 'Dog in a hat'. Now the search has changed to AI and it's terrible. Even changing to classic, the same search will show your photo briefly, then change to 'Nothing found' or a huge list of random garbage. I cannot search anything. So sad. I have thousands of photos in storage. Google was my end all, be all.",https://play.google.com/store/apps/details?id=com.google.android.apps.photos&reviewId=bd1afa26-2281-4093-a462-b9b6f1f4f0b5,cannot_find
Google Play Store,2024-09-05 03:20:55,2,"Within the past couple weeks, I'm unable to use search - all searches return no results. App no longer grabs search terms from the 'commenting' area where I label important photos or screenshots from the past. I've tried force stop, reboot, update, clear cache - no change. Concerned that clear data or uninstalling will cause photo losses. Can anyone please give me my next SAFE steps to resolve this? Thank you.",https://play.google.com/store/apps/details?id=com.google.android.apps.photos&reviewId=2d623efd-0948-4012-9181-9ed640859eb9,cannot_find
Google Play Store,2025-02-11 09:55:58,2,"I went into the app looking for something to send my sister only to discover that it's missing. Just before that I had asked the app to back up my photos to clear up space and it seems a handful had been erased entirely. I'm pretty irritated and now I'm wondering if this is a one time error or how often this happened previously and I never noticed before. I tried all the stuff the ""help"" section suggestions and nothing. Can't find those images or an explanation.",https://play.google.com/store/apps/details?id=com.google.android.apps.photos&reviewId=b9ab5ac3-1cab-497b-8526-422d5b17e0be,cannot_find; photos_missing
Google Play Store,2026-04-06 19:01:51,4,"I find it incredibly frustrating that I can't find a way to import just a few photos from a folder on my device to Google photos. I can only find a way to allow Google photos to import all photos from particular folders on my device. The only work arounds I've found are time consuming, very inefficient, and incredibly frustrating.",https://play.google.com/store/apps/details?id=com.google.android.apps.photos&reviewId=ffe123ab-8329-4b6d-9b15-c3642f75aa8e,cannot_find
Google Play Store,2026-04-14 10:08:52,1,From the bottom of my heart I HATE this app. I was perfectly fine using my gallery on my phone. Google photos just popped up and started sucking up ALL MY STORAGE. I am now out of space to have emails sent without paying for more storage and when I tried to clear up more space it DELETED half my pictures!! I fully hate that it runs off your Google storage. Good luck finding space for email when you have Google photos. OHH and I cant find a way to delete this app without deleting all my pictures,https://play.google.com/store/apps/details?id=com.google.android.apps.photos&reviewId=452bb662-a693-47bd-94a7-a44a53f8d5a8,cannot_find
Google Play Store,2026-04-07 15:53:45,1,"Facial Recognition AI Slop There must have been an AI update to the app because the facial recognition is FUBAR (Fked Up Beyond All Recognition) I can't find anyone that matters (lot of pics) but only those with few pics and places are somehow labeled as people, some people appear as multiple people even though the pics are from the same moment. PLEASE rollback the update. sincerely a bench.",https://play.google.com/store/apps/details?id=com.google.android.apps.photos&reviewId=3bc80d31-b164-48eb-9e8b-87434b2830be,cannot_find
Google Play Store,2026-04-11 10:12:36,3,I can't find the magic eraser. I've asked my Google Playstore AI to attempt to help me find it with NO success. It's one of the few features I installed this app for. I'm disappointed. PLEASE FIX THIS! WHERE IS THE TOOL ICON???? I've even searched through all the tools - I STILL can't find it. WHAT HAPPENED TO THE PHOTO TO VIDEO AND THE REMIX FEATURES???,https://play.google.com/store/apps/details?id=com.google.android.apps.photos&reviewId=ee283303-f902-454c-a5c7-868246739728,cannot_find; where_did_they_go
Google Play Store,2021-10-03 14:22:33,2,"Great app for managing my photos and videos. It has one small BIG problem though, from time to time, for some reason, it will erase all the saved faces, making it more difficult to search and organize the photos, as I would have to go through the thousands of photos I have saved and add them to the respective person's category one by one. And that's if the app recognized the faces in the photos, which (again, for some reason) it not always does.",https://play.google.com/store/apps/details?id=com.google.android.apps.photos&reviewId=300e06c6-116d-4c94-8785-4dd5f5d0d455,cannot_find
Google Play Store,2024-05-16 15:06:29,4,"I'm a recent convert, and I'm really impressed by the ways I can search for photos, great use of AI. But I have two big gripes. only space for 1 here: I have loadsa albums, and when I want to add new photos to an album, there is no way to order them, they seem to be in random order. Worse, I also can't search for the name of the album, at the time I'm trying to add the photos. It makes for a long and very frustrating process....",https://play.google.com/store/apps/details?id=com.google.android.apps.photos&reviewId=20031183-9f1c-45b6-ab9e-fd75df41ac6d,cannot_find
Google Play Store,2024-10-08 12:29:38,2,"While the app gives me the option of backing up my photos, when I try to find them, it just shows me row after row of blank photos. Photos are grouped chronologically instead of by albums, which is frustrating when I need to find a photo from a particular album, and can't remember the date it was taken. Photos grouped by persons are sometimes inaccurate, and when I correct the groupings, it just resets the next time, or gives an error message. The app is getting more and more frustrating.",https://play.google.com/store/apps/details?id=com.google.android.apps.photos&reviewId=1f18ea8d-b74b-46a1-a6c0-32553358e791,forgot_details
Google Play Store,2023-05-10 04:54:26,4,"Nice editing features and the sync across devices is good but the search functionality could be vastly improved. It's difficult to find anything when all photos titles are numbers and you have photos going back to 2007 and earlier. I do like the way it groups photos into genres. I would very much like the option to download/save photos via the slideshows. Once they're gone, they're in the ether and almost impossible to find again.",https://play.google.com/store/apps/details?id=com.google.android.apps.photos&reviewId=9b378ab2-e8c1-4c9b-8874-4b2c7291cbf7,cannot_find
Google Play Store,2021-10-07 19:16:05,3,"Could still do with work. Truly awful idea that you are not pre-warned about only being able to add 500 photos to an album at a time. Just spent (wasted) my time going through selecting a load of photos to add to an album and when I press add it tells me that there is a limit and DESLECTS all the photos I just selected. Where is the logic in that? At the very least, let me go back and amend my selection to remove some photos from my current selection; or warn the user beforehand that the limit is 500 photos at a time; or remove the limit - take your pick! Could also really do with being able to preview photos/videos whilst adding them to an album. It can be hard to tell what a photo/video was and if it is relevant to the album or not. Currently, you would have to add your current selection up to that point or leave the current selection, go back to photos and check photo/video to see if it is relevant, then go back to adding photos to album again.",https://play.google.com/store/apps/details?id=com.google.android.apps.photos&reviewId=edbe64d4-41a6-4e15-863b-e6bd722ba7d6,where_did_they_go
Google Play Store,2018-10-13 15:20:12,3,"Love it but there are things I don't quite understand. Albums: there's has to be sorting options. You can only see the photos chronologically. I have shared albums with my family. We upload there photos we really like and it's getting crowded. I get a notification when someone upload a new photo to one of those albums and I have to scroll manually to the bottom. And that's the other thing about albums. There's no scroll bar within albums. Everything else in the app has scroll bar and I'm waiting to see it implemented as well on albums. I've already asked it months ago in a feedback. The other thing, minor but useful too, is that i wish I could tag people in order to see them when I select their faces. There are some photos that it doesn't recognize their faces and sometimes I'd like to tag a person just because that's their back",https://play.google.com/store/apps/details?id=com.google.android.apps.photos&reviewId=9ec8e1af-f9d3-4c21-af98-8359fab390bd,endless_scrolling; about_old_content
Google Play Store,2018-11-06 03:29:46,2,"Poor app for anything other than backing the photos. Simple sharing doesn't work; when I try to upload to Instagram, I can only send a direct message with a link or a shared album. Album management is a mess; they appear in random order than I can't change, and have random image as a cover which I don't seem to be able to change either. Images I doodle on with Markup seem to disappear and I'm unable to find them - why is such a simple thing not working? The icons for favourite photos disappear from the grid view in Albums (you can see them in Photos). All of the above is particularly annoying on Pixel 2 as you're stuck with this app. I kind of miss other Android photo apps from other manufacturers - which I shouldn't.",https://play.google.com/store/apps/details?id=com.google.android.apps.photos&reviewId=68b77128-ab79-4e7d-a116-a8a50983fe24,cannot_find; photos_missing
Google Play Store,2022-05-15 19:09:30,4,"A true gallery! Much more than just a place dumped with all your photos. Few Improvements: 1. While adding photos to existing album, there's no way to search for the album. Have to scroll through the entire list of albums to find out the one I'm looking for. 2. Would be great if ""Hide People"" option really hides ALL the photos they're present in. 3. App displays all the info about a photo (date taken, people, location, etc) - would be great if it also shows the album(s) it belongs to.",https://play.google.com/store/apps/details?id=com.google.android.apps.photos&reviewId=2e38a63c-962a-4b57-b166-545de0b37c15,cannot_find; endless_scrolling
Google Play Store,2022-10-24 14:17:49,2,"The UI is a bit confusing and not so friendly. Wish I could have the option of seeing the pictures ""individually"" (a general gallery where they are only organized by month -THIS is the way they always appear-). AND also being able to see them organized in ALBUMS (the same albums I already have on my phone gallery), because it's more confusing and hard to find the way it is now on the app (everything is mixed, only organized by month)",https://play.google.com/store/apps/details?id=com.google.android.apps.photos&reviewId=b85252af-beab-4e34-ba98-19a06e1bef6e,cannot_find
Google Play Store,2018-10-04 21:57:55,1,"This app is a nightmare, every time I try to organize my pics it messes them up more and more. No possibility to organize the pics in folders, but only in albums. Albums do not show nicely your pics, nor the date. When syncing my older pics from another telephone, all my folders were deleted and the dates reseted to the day of the sincronizacion... Impossible to find a pic ... unfortunately, I don't know any other app I could use to sync my telephone pics...",https://play.google.com/store/apps/details?id=com.google.android.apps.photos&reviewId=d245af83-2f59-48c6-b62a-db9dff4bad82,cannot_find
Google Play Store,2018-11-04 12:48:58,3,"The apps good and everything.. but it doesn't retain the photos in the original album names from which its backing them up. As a result one has to manually create an album and select the photos one by one and add them. Also, when the app backs up the photos later, u hav to manually add newly added photos to the album. So in the library all sorts of photos from ur phone albums are gng to be added all in one place wch is like a big mess. One cannot find the photo they might be looking for without wasting so much of their time. Please add the feature that where the app backs up photos in the same order and categories/folders from wch it is backing up in the phn.",https://play.google.com/store/apps/details?id=com.google.android.apps.photos&reviewId=53ce2f32-49ee-4f6a-ae8f-ff05fe7533c3,cannot_find
Google Play Store,2025-09-17 16:13:01,3,"After the recent upgrades, I lost one editing feature that I used the most. Scanning a tilted document, by auto adjusting the corners. I cannot find any other alternatives for that. There are a lot of AI features now but I can't see any option that does that. The document scan option produces PDF, not an image. Please bring back a convenient way to scan documents that produce images. Till then it's a 3 star for me.",https://play.google.com/store/apps/details?id=com.google.android.apps.photos&reviewId=e506817a-4d3e-4e80-b707-dc15577446fe,cannot_find; photos_missing
Google Play Store,2020-03-31 13:40:43,1,"Non user-friendly. Too much unnecessary stuff. But doesn't allow for the most obvious functions like ""arrange by date"", at least you have to purposely look for it (I still couldn't find). Photos are a total mess and I can't find a way to sort them. Rather have no fancy nonsense, but just a simple library by date where I can scroll and find the pictures taken.",https://play.google.com/store/apps/details?id=com.google.android.apps.photos&reviewId=f6b0dbeb-71fd-42d9-8843-70f8d78300f5,cannot_find
Google Play Store,2020-07-10 23:38:20,1,"This is a very broken app and incredibly hard to use. All the pages make no sense, the search makes no sense, albums don't work, they don't upload correctly, hard to add images consistently, they randomly disappear from albums. You can't select several images from rapid shots. Slow motion videos are still broken. This app would be a lot better if they just grabbed the code from 2 years ago and called it ""Classic Photos"" because that's how long since it's worked correctly",https://play.google.com/store/apps/details?id=com.google.android.apps.photos&reviewId=ab3287c4-3168-455c-a4d7-a24e1951c53b,search_broken; photos_missing; about_old_content
Google Play Store,2020-07-06 13:45:12,4,"Pros: Almost everything. Cons: 1: While uploading photos it consumes quite a chunk of our batteries. 2: Since last update, Search bar and Library tab became more of an issue then solving matters. For older folks, it is really uncomfortable way of hard to find photos from different sources then Camera. Suggestion: Make a very hidden setting (as you usually do) where you can revent to old view.",https://play.google.com/store/apps/details?id=com.google.android.apps.photos&reviewId=9433bad8-e2bb-4afe-8fbc-6fad24077300,cannot_find
Google Play Store,2020-07-07 10:59:59,2,"Couldn't help but need to comment for this time. The new update feels lacking the colors and the user friendliness that it used to have. Prefer the previous version over this newest update. Couldn't really find the share album, particularly the album that automatically shared by others that has certain people in the pictures. Still prefer the bigger thumbnail of the albums and more color-vibrant interface. The autogenerated highlight was not bad though.",https://play.google.com/store/apps/details?id=com.google.android.apps.photos&reviewId=c5e8c111-c439-4bed-9658-1fdafec7ae2c,cannot_find
Google Play Store,2026-02-23 20:08:59,1,"Dreadful new set up. Can't find anything very easily & found it extremely difficult to create a new album. You've only got 2 stars cos you're known to be reliable with storing photos - & at least it found a load of empty folders that I was able to delete. However, apart from that, I don't really have anything good to say about it. Edit from 2 years ago. Can no longer use the app to edit new albums, & now have to go to the website to edit them.",https://play.google.com/store/apps/details?id=com.google.android.apps.photos&reviewId=174b5949-01b0-41a0-8717-a473e7e8daa6,cannot_find; about_old_content
Google Play Store,2021-02-21 11:31:21,3,"The positive, SD cards can & do fail so irreplaceable media like photos are always backed up. The negative. It wants access to my SD card when I try to delete photos that are backed up in the cloud, there are photos I have no need to back up, that go into a separate folder on my phone. The app gives me an option to only save from certain folders, but I can't be sure if I allow access it won't 'find' that folder, & delete from it. I'd prefer to have the option of deleting from the cloud only.",https://play.google.com/store/apps/details?id=com.google.android.apps.photos&reviewId=e0f6364b-6d25-4f95-ae80-b4c94535c8cb,cannot_find
Google Play Store,2019-01-11 04:55:15,5,"I love the surprises from the photo assistant -memories, special effects, collages and more! And the automatic upload. I didn't give 5 stars because: although the search usually gives adequate results, it sometimes yields nothing on a keyword that should be simple enough (or totally wrong results) , and albums are difficult to search. I would like to be able to handle my albums, and see them, as easily add I did in Picasa. For example, I had to create 4 albums with the same name, because when I w",https://play.google.com/store/apps/details?id=com.google.android.apps.photos&reviewId=b03266c8-b3b2-4ad2-b8bb-5b10931c1491,cannot_find
Google Play Store,2019-12-10 05:33:22,3,"Good experience overall, but some things are very cumbersome. You can't delete photos from an album, if you find something in an album you want to delete you have to scroll through and find it in your full library of backed up photos. The app would also benefit from an offline mode where only your photos downloaded to your device are shown (like a gallery setting), then people who don't have a ton of data can have an enjoyable experience, rather than scrolling through hundreds of blank photos.",https://play.google.com/store/apps/details?id=com.google.android.apps.photos&reviewId=5f6fd68b-26b7-4729-ac3e-01b10d990b00,cannot_find; endless_scrolling
Google Play Store,2023-01-19 16:41:25,3,"Many great features, many more going. I use this for indexing a lot of photos, and I often change the filename to a description to make finding them easier. All was well until a while ago, and now the search feature will not return any results from the filename. The issue is that I've backed them up and deleted them from my phone, so I can't use the system search feature either. They try to peddle facial recognition and geotagging and remove the most basic search feature possible...",https://play.google.com/store/apps/details?id=com.google.android.apps.photos&reviewId=cc691093-ba6a-49bc-b9ce-92dd5da5f41e,cannot_find; search_broken
Google Play Store,2019-11-23 06:30:38,2,"My favorite photo app until the last update removed the ability to share photos to album. This means that I can't do anymore the two thing below, which to me are essential. 1. I need to have a picture on my phone to add it to an album. Before I was able to add photos that other people have shared with me to an album without the need to downloaded them to my phone and than add them to an album defeating the purpose of having photos in the cloud 2. I can't search or look at my photos and simply select the one that I would like to add them to an album. Now that Google has removed the possibility to share photos to album, the only workaround that I have found is click on each single photo, click on the 3 dots on the top right, select add to album. This is not a sensible. The only way that I have to add more than one photo at a time to an album is to go to the album and click add photo, the problem with this approach is that it just show me all images on my phone in chronological order without the possibility to search or add photos that have been shared with me (it only access the photo on my phone). PLEASE BRING BACK THIS ESSENTIAL FUNCTIONALITY",https://play.google.com/store/apps/details?id=com.google.android.apps.photos&reviewId=a7e9bb4d-16bb-4c85-9cc6-d665d74a08da,cannot_find
Google Play Store,2022-10-16 19:10:06,3,"I like it, but it could be very messy! I'm a guy who creates albums for everything. And after a while want to dive into the album and delete pictures. However when you are in an album, you are only able to remove it from the album, but then the image would still exist. When removed it's almost impossible to find.. For me this is extremely annoying. Furthermore I do indeed like the app! But some things (like this) is just a classic UX problem which could be solved easily. Thanks for the app!",https://play.google.com/store/apps/details?id=com.google.android.apps.photos&reviewId=56a7cab4-a747-4108-b3e7-a2b5a9675f32,cannot_find
Google Play Store,2021-06-30 11:14:56,1,"For what ever reason my phone decided to remove like 60% of my images, camera, downloads, screenshots etc. Off my local storage, I was loosing my kind as you can imagine until I found out Google photos has saved all of those deleted! Great! But I cannot find a single way to simply re sync or download all my photos back onto my phone without doing them one by one, but that resets the metadata on the images. This should be such a simple basic thing to have on it but it's not there.",https://play.google.com/store/apps/details?id=com.google.android.apps.photos&reviewId=9d033a34-67bc-4814-9d52-8f16d3920a7b,cannot_find
Google Play Store,2026-04-03 02:05:38,2,"Just a quick question, I can't seem to find my search bar in google photos. Like when I clean my photos I search the word ""cars"", and the it shows me all of my photos, and then I delete it like that instead of searching every day/month. can you advise please? thanks",https://play.google.com/store/apps/details?id=com.google.android.apps.photos&reviewId=cbdf6aef-f475-4034-935a-e0090350bf9b,cannot_find
Google Play Store,2023-12-27 12:28:25,1,"For many many months now, the search tool within Google Photos has not worked. Simple search words like sunrise, sunset, animals, cats turn up a failure. I am a Google One member, with a 2TB storage and used over 1TB for photos. I can't do any subject albums or search for subjects shot. I've written in to the Twitter/X team months ago. No improvement. This is frustrating. Also, photos from my phone are not uploading nor all the folders.",https://play.google.com/store/apps/details?id=com.google.android.apps.photos&reviewId=b73c565e-5dfc-47f3-9345-7cb8ec390974,cannot_find; about_old_content
Google Play Store,2026-04-03 16:25:02,1,"There's no way to retrieve your photos from Google to save them on your drive. Use onedrive or Google starts deleting them. On top, as you can see below any reply comming from Google does not address the raised issue and is completely missing the point.",https://play.google.com/store/apps/details?id=com.google.android.apps.photos&reviewId=7f5019bd-c613-434b-9980-cbef0987b945,cannot_find; photos_missing
Google Play Store,2019-03-09 02:06:07,3,I have been used this app for more than three years. It was a very good app. But I was find some photos were missing in camera. I have make sure I took the photos and can't find it back eventhough from cloud. Also I can't find some sets of photos were took two years ago was uploaded to cloud. I have very upset & disappointed. Could you please fixing it. Thanks.,https://play.google.com/store/apps/details?id=com.google.android.apps.photos&reviewId=0b99ca42-de47-41d5-ba57-0b28419a3554,cannot_find; photos_missing; about_old_content
Google Play Store,2020-09-02 17:10:34,2,"Why do things you do in the Google Photos app not show up on the desktop version? Why can i not see a lot of the photos i have uploaded to an album when using the app, yet can see them on my computer Google Photos? Why do album name changes not sync between desktop and app? Why when i upload a video to Google Docs on desktop, i cant find the video on the app? Would be great if it didnt have all of these problems. Remains unresolved issue since April 2019",https://play.google.com/store/apps/details?id=com.google.android.apps.photos&reviewId=941c6c7c-dd91-4273-8529-2ec64f4760ed,cannot_find
Google Play Store,2019-03-06 02:23:24,4,"Since its inception, never have I used any other app for photos on my app. It's a wonderful app, with automatic backup. However, it could be much easier to use, if they had an option to organize the uploaded photos according to ther folder. I mean at the moment, I often struggle to find my snapseed folder once I remove them from the device.",https://play.google.com/store/apps/details?id=com.google.android.apps.photos&reviewId=28d037dc-03f8-438e-9a16-59e27c3819f8,cannot_find
Google Play Store,2023-02-09 01:24:47,2,Why can't I store albums in folders. It takes forever to find anything. Hate this! I have to scroll through endless albums. Takes forever. Totally not practical on the job. Major pain. As soon as I find a photo app that allows me to organize my photos into folders I am switching!!!! (Let me know if you have a suggestion!* TY),https://play.google.com/store/apps/details?id=com.google.android.apps.photos&reviewId=a59f0c7c-2f06-446a-b407-33b8a4315339,cannot_find; endless_scrolling
Google Play Store,2020-08-21 20:41:38,1,"This app is not as user friendly as photo apps on other phones. Some photos seem to move folder, or I can't find them on other apps. The format also changes frequently, so when I've just got used to how it works I find everything is in a different place - or, more to the point, I can't find things! It also constantly suggests recolouring photos that are fine.",https://play.google.com/store/apps/details?id=com.google.android.apps.photos&reviewId=5c9bf9cf-faf0-4367-bcec-c681c2b5442e,cannot_find
Google Play Store,2022-09-11 07:43:16,4,"The suggestion and flash back feature in this app is incredible. The face recognition works great 👍. Overall I enjoy using the app, but there are some lacks of feature that's really annoying me. I couldn't find a way to see the total number of my photos and videos, and there's no photo bar to navigate from one to another pic left or right when we view individual picture.",https://play.google.com/store/apps/details?id=com.google.android.apps.photos&reviewId=515ad834-1787-4464-bb40-d857d0a76267,cannot_find
Google Play Store,2025-08-16 15:21:34,4,"I have absolutely no problem with the app...backup is seamless, everything is perfect but for the albums based on the location they are taken,please add alphabetical order options...it's so hard to find a particular location because they are so scattered,and I have to read the names one by one to find the location I want and then click on it to see the photos taken there.",https://play.google.com/store/apps/details?id=com.google.android.apps.photos&reviewId=725a2457-cb06-4b26-ba77-e4d802c990c2,cannot_find
Google Play Store,2020-03-08 13:59:28,2,"Sometimes it's hard to find some options. Freeing up space not always works, as sometimes the pictures get unsynchronized, so the app does not delete the picture from your mobile but if you delete the picture manually from your gallery, it gets deleted even from the cloud. Adding pictures to albums does not work sometimes (have to do it from browser), some of the albums with pictures were empty when seeing from browser. Choosing pictures to google maps contributuons often results in error.",https://play.google.com/store/apps/details?id=com.google.android.apps.photos&reviewId=b751694f-5c36-4134-bb2f-d57a3a082d5f,cannot_find
Google Play Store,2021-02-28 21:42:22,1,"I don't understand this app anymore. I can't find alot of my photos that I'm very sure I didn't trash or delete or archive. After a period of 2 weeks to one month, my photos either mysteriously disappears or I can see them but can't open them. Same thing with videos too. I'm very disappointed and dissatisfied with Google Photos.",https://play.google.com/store/apps/details?id=com.google.android.apps.photos&reviewId=c70d884d-4dfe-4139-bae9-16703d07ef0a,cannot_find
Google Play Store,2020-06-19 04:06:40,2,"It helps in freeing up some space, although it'd be nice if it was still in the same folder placed in the phone. It'll be hard to find certain photos when they aren't in the folders I placed them in and It'll be nice if the folder and the pictures were backed up and not just the pictures, for organization purposes :)",https://play.google.com/store/apps/details?id=com.google.android.apps.photos&reviewId=2e59f1cc-6999-4575-bbe9-299863c6a027,cannot_find
Google Play Store,2026-04-08 07:57:28,1,"Google will Trap your pictures. Your Samsung phone or Facebook will not be able to find or access Google photos. A Trap. The AI can't find pictures you ask for. The app duplicates pictures and wastes memory. It is so difficult to remove all pics from this app. Scan = they want you to keep adding pics and videos until they cut your gmail account off,.... saying you need to pay for storage. Scam for $$$",https://play.google.com/store/apps/details?id=com.google.android.apps.photos&reviewId=46de594c-a099-4700-9000-0a1dd65813ed,cannot_find
Google Play Store,2019-12-12 22:20:22,1,"Recent changes how sharing of photos and videos work are very very bad. Unacceptable. Also, quality of shared videos is low — I can't accept/understand this. No news about recent strange bug with ""partial upload"". I see only low resolution photos on my phone all the time. Where are my original photos? Please fix that. Until then this is a game over for this application.",https://play.google.com/store/apps/details?id=com.google.android.apps.photos&reviewId=f2efde83-9178-41d0-893b-afc27464ea2f,where_did_they_go
Google Play Store,2019-02-09 17:44:46,5,This is a great app. I love it. So easy to use. It automatically edits our photos and makes animations. It also makes awesome videos including photos and videos of a day. I love it very much. Bt the face grouping needs improvement. Hey Google please release an update where you can directly give name to the person while viewing the photo. I cannot find photos of some of my friends in the grouped section. So please do something,https://play.google.com/store/apps/details?id=com.google.android.apps.photos&reviewId=04341407-aac2-4dcd-8e4b-8baaa1661326,cannot_find
Google Play Store,2026-04-04 04:19:14,1,"The recent update has been extremely disappointing. Searching for photos with specific tags is more difficult than ever, with Google determined to undermine user experience for sake of making a few more cents. Impossible to search for places or people.",https://play.google.com/store/apps/details?id=com.google.android.apps.photos&reviewId=36115dd5-91c0-4a8e-b94c-a0b051984122,cannot_find
Google Play Store,2026-04-01 20:16:19,4,"Stickers function is nice, but it shows a black background in my pixel 9 pro. it's transparent in other phones. Search doesn't find signs anymore. I do love the app and the memories.",https://play.google.com/store/apps/details?id=com.google.android.apps.photos&reviewId=37f3845a-c17f-49a5-9c1c-92769b5b086c,search_broken
Google Play Store,2026-04-16 05:27:32,1,this app doesn't do what is says. it states it backs up ALL your pictures but I can't find 98% of my photos because I refuse to pay their subscription fee. I delete when it says full so there's no reason they are deleting my photos I save.,https://play.google.com/store/apps/details?id=com.google.android.apps.photos&reviewId=089c69aa-ec88-41c2-b61b-39a8b1a5b90e,cannot_find
Google Play Store,2026-03-26 00:36:06,1,"I hate it! Now, it's so difficult to find photos and shared albums. The new search with Ai is horrible. Now it takes triple the time to find anything.",https://play.google.com/store/apps/details?id=com.google.android.apps.photos&reviewId=fbccae11-7b2f-485a-ac6b-c7c312e82032,cannot_find
Google Play Store,2026-04-08 13:58:50,1,"This was a fantastic photo app.... but where has Boost gone😭 Boost was my go to enhancer option, replaced by AI enhance, which seems to do nothing!",https://play.google.com/store/apps/details?id=com.google.android.apps.photos&reviewId=53312825-24fe-468e-a1bd-c763b71beb26,where_did_they_go
Google Play Store,2019-11-04 18:18:50,1,"This app is ridiculous, i took so may photos... About 400. All we going good, but one day more than half is the photos were gone, i checked my gallery, but still couldn't find them. Then I turned on the internet, the pics appered in the app, but still couldn't find it in the gallery. When I turned off the internet, they were gone again. WOW GOOGLE WOE",https://play.google.com/store/apps/details?id=com.google.android.apps.photos&reviewId=cd4651eb-004b-4f71-9f48-1bcd865b92a2,cannot_find
Google Play Store,2026-04-03 00:31:58,2,"Dec 2022: What's up with sorting? I'm getting photos from June 2006 showing up under April 2013 and things like that. Nothing is listed under the correct date at all. Makes it impossible to find the photos I want. Update 2026: I have a photo labeled ""water rail"". It's a kind of bird. When I search my photos for ""water rail"" I get photos of trains by a river. You don't even have to know what a Water Rail looks like. The words are literally in the description yet you can't find it!",https://play.google.com/store/apps/details?id=com.google.android.apps.photos&reviewId=c8c256d0-9440-4bd1-ae64-e1cbbb3104a4,cannot_find
Google Play Store,2019-04-28 20:24:33,3,"Its extremely annoying. I cant find a way to save photos to my phone. I also cant always find the star to favorite pictures in a way that lets me access favorited pictures on their own so it feels inexplicably inconsistent. These are basic features and the only reason I didn't give it a lower score is that I'm thinking that there has to be a way to do all of those things, I just haven't figured it out yet.",https://play.google.com/store/apps/details?id=com.google.android.apps.photos&reviewId=6b62e7c6-6cf8-417b-8adc-39c6d370a186,cannot_find
Google Play Store,2022-06-18 14:20:01,2,"Most of the time this app is awesome but then sometimes it's impossible to find things, things don't save where you want them to, photos get moved to random albums. I have 5 albums titled ""family and friends"" that I did not create with photos of my cats randomly allocated among them. It's extremely frustrating to save an image inside Google photos, generated by Google photos, and still never be able to find the file again.",https://play.google.com/store/apps/details?id=com.google.android.apps.photos&reviewId=96d01860-5fec-405c-8a48-5f1c30498dcb,cannot_find
Google Play Store,2019-08-08 10:06:49,1,Very confusing. Very difficult to locate photos as it creates it's own folders. It should replicate the folders as they are on the phone with the same name. Very difficult and user unfriendly app. Cannot download photos on the laptop. They are as good as lost. Very irritating. Don't even kow how to stop the photos from getting backed up without losing the ones that already have been.,https://play.google.com/store/apps/details?id=com.google.android.apps.photos&reviewId=e9245bc5-b290-49f1-b643-51fee33e8d65,cannot_find; photos_missing
Google Play Store,2020-03-20 19:02:33,3,"The app is ok, but could be SOOOO much better! I don't understand why when making my albums I can't do basic things like arrange the photos in the order that I want. Sometimes chronologic order is not best. Or to be able to add captions or comments. You want to remember where these pictures were taken, etc. For such a large program, the offerings are very basic",https://play.google.com/store/apps/details?id=com.google.android.apps.photos&reviewId=03e36531-898e-4f67-ad92-8a4a791ab034,forgot_details
Google Play Store,2020-02-08 17:39:06,5,"This app is the BEST! Now, i don't have to scroll through hundreds of photos to look for a specific one. If you just take the time to create an album, all the photos are there! Also, it allows you to share photos, customize them and also makes animated gifs and recommends ways of clearing up space on your device. You can save the names of the people in the app and find all the pics with them! You can do all of this with Google Photos and so much more! Highly recommended!👍",https://play.google.com/store/apps/details?id=com.google.android.apps.photos&reviewId=8162be0a-7b40-4081-8562-7ba5ad9cd877,endless_scrolling
Google Play Store,2020-05-07 04:30:09,4,Hello guys great app but there's just one flaw for me. It is impossible to access the albums I create whenever I want to select a picture from that album. I'll need to go through the long process of trying to remember which I saved the picture and that's not good for me. If there is a way you can allow albums saved on web to integrate with device folders that would be a huge plus. Think about it. Thank you.,https://play.google.com/store/apps/details?id=com.google.android.apps.photos&reviewId=3755a45e-d37c-40c9-9cf6-fa24bcfdc646,forgot_details
Google Play Store,2024-08-09 00:25:35,3,"Dropped from 5* to 3* after the new update. Prioritising a whole tab for memories isn't critical, but the most difficult part is that sorting by people, by location/map, etc is now hard to find. There's a new popup on search saying that it has a new place in 'collections', but when you click it to go there, it takes you to your albums and photos on device, with four other options that aren't collections either (bin, locked, archive, and favourites). No collections...",https://play.google.com/store/apps/details?id=com.google.android.apps.photos&reviewId=f77279db-62bd-467f-9e46-2b9fe20b77c9,cannot_find
Google Play Store,2022-09-18 13:13:29,1,"It was useful at first. But later on, it modifies the original date of your video and image files to current date when uploading them in the cloud/backing up. It sucks as I value the dates on my photos as my diary. Making it hard to find a specific photo by date. They were modified! I'm very disappointed.",https://play.google.com/store/apps/details?id=com.google.android.apps.photos&reviewId=5bae77b7-2740-4097-a677-43ecca5e1531,cannot_find
Google Play Store,2021-06-05 15:57:38,2,"After back up related changes, even when I have selected original quality with no change and turned off the back up, somehow the back up is still in action and I lost my data real quick. I don't know how it is doing back up even when my device photos were already backed up properly. This is one of the worst experience regarding Google photos. I am using it since long time and was really happy with it. This issue should be resolved.",https://play.google.com/store/apps/details?id=com.google.android.apps.photos&reviewId=fccb83b7-5d5e-412d-8195-dbf46d6366bd,photos_missing; forgot_details
Google Play Store,2020-05-04 03:19:12,1,"I have uploaded photos with original size which means they consume from my Google drive. I want to change the save quality so the no longer consume my Google drive. I googled to know how but I could not find out. Also, I suggest that any photo in album should automatically be tagged by the name of the album. Other than that, app is great and I recommend it to all people. It is easy to use and has fine features.",https://play.google.com/store/apps/details?id=com.google.android.apps.photos&reviewId=68563ba5-6d25-476e-a30b-c853bc3036ff,cannot_find
Google Play Store,2022-10-13 15:01:21,1,"What on earth has happened to the rediscover this day system? It's unnavigable now (and you can't Share all now). Swiping moves to a different day not between photos in one set, it's a crapshoot trying to work out where to tap to go back and forth, the assistant creations are impossible to find. The only useful addition is the browse by map which Samsung has had in its own gallery for years; about time since it's Google's map. Also highlights view hides the phone's navigation buttons. Annoying.",https://play.google.com/store/apps/details?id=com.google.android.apps.photos&reviewId=587e653d-c429-4718-a4f6-d00185a84e82,cannot_find
Google Play Store,2022-04-30 14:26:39,1,"It doesn't create automatic folder, there is no search button in add to album screen if you want to add a photo in an album and the album is old date, impossible to find this album to add just a photo. You can't rename photos, can't find your photos if it is old dates, much much more negative side. Google never dont make useful app, really interesting.",https://play.google.com/store/apps/details?id=com.google.android.apps.photos&reviewId=8ee3fa51-b43e-4e6c-86e3-7258fc6573fd,cannot_find
Google Play Store,2019-02-26 07:47:53,5,"I used to hate taking photos because it always meant transferring and organizing them afterward. It meant trying to remember which device had which photos stored on it when I wanted to access them later. Since I started using Google Photos, all of that is taken care of. No matter what device I'm on, all of my photos are right there. Love it.",https://play.google.com/store/apps/details?id=com.google.android.apps.photos&reviewId=8ea8ecf5-b7b9-40bd-9022-cdf3666a17b8,forgot_details
Google Play Store,2023-06-29 23:29:25,1,"Poor management for the phones, Cant back up automatically with data even though you've done the settings right (you have to open the app to process the upload). Too much misleading features and messy settings. It's not easy to use, its not easy to find my uploaded photos after i free up space (it is uploaded as the app says). The help features isnt accurate as i cant find the folder that they're saying. Make this app clear and easy to use as many trusting it to store files.",https://play.google.com/store/apps/details?id=com.google.android.apps.photos&reviewId=3138079e-efe4-4c15-9db8-2d11f9b9e1a8,cannot_find
Google Play Store,2020-07-16 05:48:36,3,"I have been using the app for years, but I'm not fond of the new changes. Especially I miss the assistant icon where I would see Googles designs of my photos. I find the new version awkward and difficult to find photos and videos. I've taken off 2 stars. Personally, I don't get why the changes were made. Maybe don't mess with a design that was very user friendly, and make it cumbersome.",https://play.google.com/store/apps/details?id=com.google.android.apps.photos&reviewId=6135ca53-9fd3-4ae8-8baa-1905117db976,cannot_find
Google Play Store,2019-02-13 17:33:11,5,"Love it. With over 100,000 pics and videos uploaded, I have yet to find a better alternative app that do what it does. The auto indexing is what sets it apart from me .. instead of trying to remember in which album a certain photo is stored from 10 years ago, I can simply search by a name or combination of names or by location or by date or by all this strings at the same time. E.g. I can easily find pictures of my cat (yes GP indexes pet faces) taken with a particular person for the past 10yrs.",https://play.google.com/store/apps/details?id=com.google.android.apps.photos&reviewId=5eae5260-2f13-4528-a74c-0559bb0d1abd,forgot_details; about_old_content
Google Play Store,2024-03-31 11:34:45,1,"Impossible to find a photo you've saved!!! They don't save photos by folders in which they were put in. Unless the folders are still in your device. But previous material? Gone. Hope you know the year they were saved and haven't saved too many photos that year because that's literally THE ONLY way to find it. They rely on you finding material purely through their search, but their search SUCKS big time. So, yeah, your only REAL option is to scroll through ALL your photos. Worst UX",https://play.google.com/store/apps/details?id=com.google.android.apps.photos&reviewId=5a6073d7-9856-487e-ba9e-c9acebd845d9,cannot_find
Google Play Store,2022-04-20 21:16:21,1,"I don't understand why they mix the folder screenshot with the camera!! It's horrible! I don't want to have all the screenshots messing up with the rest of my photos and wasting space there. You should change that feature right away. Also when I use the option of Free space in my phone then it's basically impossible to find the photos that were ""saved"" and it doesn't sync the whole folder even if it's activated to be sync in leaves many pictures without security copy!! So messy and hard to use!!",https://play.google.com/store/apps/details?id=com.google.android.apps.photos&reviewId=0937c03a-2a36-4672-b808-6dd9ebf39351,cannot_find
Google Play Store,2018-09-19 19:39:19,4,"It is a great app but I do hope that you would give us an option of arranging the contents like by date, by name, or by size. Because from time to time I can't find the image that I needed and sometimes I really want to arrange the image by name so I can easily find it rather than typing it.",https://play.google.com/store/apps/details?id=com.google.android.apps.photos&reviewId=67bd8127-7608-43d6-bce2-ebd361ed6b35,cannot_find
Google Play Store,2020-03-25 06:30:34,1,"Was very good and useful (5 stars) until last two updates. Absolutely useless. I can't look at all my photos/videos and one big section anymore, Or search for any particular photos. Instead, when I want to find the old holiday photos, I have to scroll through hundreds of photos to find them, and guess which section they are in. I can't just go for all me vids/pictures as a whole and search for something like ""faces"" anymore. Really awful, can never find what I'm looking for. Please fix this.",https://play.google.com/store/apps/details?id=com.google.android.apps.photos&reviewId=821c74c5-d9ff-4367-8043-94e69d65275f,endless_scrolling
Google Play Store,2023-03-17 08:50:58,3,"On android, It doesn't refresh the pictures immediately and cannot find some pictures when I need them because i don't know which abyss of folders the app has decided to place it in. It randomly puts downloaded pictures into the camera folder, or downloaded pictures don't show up at all. Cannot sort by filename on web and that's unbelievable. Please add this basic feature.",https://play.google.com/store/apps/details?id=com.google.android.apps.photos&reviewId=7b528768-5798-4f21-b750-4967ba16e61f,cannot_find; forgot_details
Google Play Store,2020-10-08 14:57:32,2,Took away the functionality of being able to move photos to any folder we want. Very annoying. Don't remove functionality. Specifically the add to folder function. Now it can be hard to share photos uploaded from a different device. EDIT: The photo editing system just got far worse. It was quick and easy to apply edits in the same way to many pictures before because you could see all the faders at the same time. Now it's convoluted and slow. Also liked the auto adjustment which I can't find now,https://play.google.com/store/apps/details?id=com.google.android.apps.photos&reviewId=6e20ebcf-bac5-4ef8-9cd6-7e207bb138d3,cannot_find
Google Play Store,2020-08-09 06:42:59,1,"What have you done?! Since the update everything's gone wrong. Stuff all over the place, things hard to find.. can't find my videos when I want to upload them on the Facebook app and won't upload even on the website itself. And yeah, you can make all these cool little movies and stuff with your photos but good luck finding them and good luck sharing them in a way that doesn't require people to click on a link to direct them to Google photos. I'm frustrated even just trying to look at my pics",https://play.google.com/store/apps/details?id=com.google.android.apps.photos&reviewId=66859ca9-d0fc-4f76-86e4-ce901299a154,cannot_find
Google Play Store,2021-07-11 05:44:01,1,"Recently changed phones, Google photo won't sync with google1, can't retrieve photos despite paying for the service, spent three hours online with a 'google expert' who basically told me to turn it off and turn it on again, very reminiscent of the it crowd. Still can't access photos or back up my phone, he ended the session saying let's just leave it for a day and see what happens.",https://play.google.com/store/apps/details?id=com.google.android.apps.photos&reviewId=bab8c373-4076-4d36-b4cd-4cd57bb6d3f8,cannot_find
Google Play Store,2019-07-27 11:53:34,1,"i edited a recent family outing photo (very rare thing since we live across the country to each other) and blurred out our faces for kicks, but instead of the changes being saved onto a duplicate file, like it usually happens, it SAVED onto the ORIGINAL file! i now can't find the original photo, either on the cloud or phone. there is no revert option available either. please, please, please help me find a way to salvage my most favorite family photo of the year!",https://play.google.com/store/apps/details?id=com.google.android.apps.photos&reviewId=60a275b0-55d2-409e-8bd9-6ade277d5aca,cannot_find
Google Play Store,2020-02-05 21:43:03,2,"Doesn't save your albums when switching devices. The pictures exists but not in their respective albums. If I want to see pictures in an album from 2 years ago I'll have to scroll down through all the pictures and look for the ones that belong to that album. Going back to your old device to add that album again? Congratulations, you just uploaded it all over again - duplicates the pictures and they're all recent now too.",https://play.google.com/store/apps/details?id=com.google.android.apps.photos&reviewId=5aa5b173-1889-40d0-96c4-1c927683f6ce,endless_scrolling; about_old_content
Google Play Store,2024-01-01 10:51:47,1,It works because I pay for it. One thing that is really annoying is I don't have the option to overwrite what I edited and keep saving a new copy. I believe that Google is always finding a way to fill up your storage and then eventually you upgrade. When you download a picture from the Google photos online storage it get lost in your phone. Very hard to find.,https://play.google.com/store/apps/details?id=com.google.android.apps.photos&reviewId=92b10fac-5149-4794-baff-8622263d7583,cannot_find; photos_missing
Google Play Store,2020-03-19 20:03:47,3,"Back up and sharing are great. Unlimited cloud storage for hi quality images. This us probably the leading photo app. But the app is very basic - sorting tagging and labelling is practically non existent. You can't even do a slideshow with captions. This is very much a cloud based app with some offline capability. If you need to do something off line, then test it first. For example search does not work off line.",https://play.google.com/store/apps/details?id=com.google.android.apps.photos&reviewId=4df5732f-0cbb-404a-ba44-d3997fc8eb81,search_broken
Google Play Store,2023-01-25 09:30:33,1,"It holds your photos. Its setting are useless, I just want to go through my pictures in timely matter, over half the screen is covered in date lines WHICH CANT BE TURNED OFF. Also you basically have no options for organization and if you want set everything to one date to fix it FORGET ABOUT IT you can't change the date on downloaded images and you have to do it individually. Make a setting to remove datelines. Other storage companies are giving more storage and better settings for free.",https://play.google.com/store/apps/details?id=com.google.android.apps.photos&reviewId=c768b3e3-be88-4782-8bc5-4acf6a48f43c,forgot_details
Google Play Store,2024-06-30 05:35:24,1,I love this app for managing my photos and backing up and editing. I've used it since getting a pixel phone back in 2020. And now Google have completely changed the UI and made it impossible to navigate. I can't find half my photos because they're in different places. There's albums on the device separate to albums on the cloud too and that's very confusing Please give me a way to change it back!,https://play.google.com/store/apps/details?id=com.google.android.apps.photos&reviewId=21e5b681-5705-4b5f-bd47-bbc32007bc1c,cannot_find; about_old_content
Google Play Store,2023-05-23 13:25:10,2,"Photos have disappeared from my albums. I edited a photo yesterday & saved it, now I can't find it or the original. This is disgraceful, precious memories gone. Surely there are some legal ramifications for deleting someones intellectual property? There is no option to search by size of file so I have to go through every item to check which large files to delete- my storage is full. Pics are randomly backing up in original quality instead of my chosen smaller size, using more storage space. why?",https://play.google.com/store/apps/details?id=com.google.android.apps.photos&reviewId=e97ce680-a7f4-494c-9b30-3f4d40b3097c,cannot_find; photos_missing
Google Play Store,2022-07-20 20:35:32,3,"I've been using Google photos for years now, I like everything about it except when you sync the photos with cloud and delete from the device, the reference photos disappears from folders, and you have to scroll all the way down to find if you are looking for old photos/videos. I hope they fix it and uploaded photos also stays in the folder to find photos easier rather than scrolling hundred times.",https://play.google.com/store/apps/details?id=com.google.android.apps.photos&reviewId=c86f8b06-1e69-491c-ad18-7177c63d490d,endless_scrolling; about_old_content
Google Play Store,2023-07-28 03:09:39,5,"Not that is was bad to begin with. Glad link sharing from picasaweb is finally here. I'd give it an extra star if I could 🌟 Wow the above was 2016. So time for an update. It's very good. My only gripe is that it's hard to find memories sometimes. However since 16, we have a proper app, not used Picasa web I'm a long time. The app is very powerful. Especially with a pixel",https://play.google.com/store/apps/details?id=com.google.android.apps.photos&reviewId=d766ea51-f1fb-49fc-b18d-dd36959e2818,cannot_find
Google Play Store,2023-07-01 05:40:15,1,"EDIT. I reviewed it 9 months ago and as you can see I received an answer, however, it didn't help. I mean, good to know that you can search a picture writing a word of what is in it, but the vast majority of elements in pictures don't get registered. I'm giving now ONE STAR because simple changes haven't been made to find pictures- Unreliable. I send pictures, open it on my pc: cant find them. Not even in the ""most recently added"" section 🤷🏻‍♀️Now you know why people choose Apple over Android",https://play.google.com/store/apps/details?id=com.google.android.apps.photos&reviewId=17455d37-83c3-461b-8ca6-41d1670ed93e,cannot_find; about_old_content
Google Play Store,2020-08-05 02:30:56,4,"Great app. But when I use my Android phone and try to create a new album, it's not asking to select any collection from phone. It will display all the pics. So it's very difficult to search what to be added in album. This does not happen when using laptop/desktop. I can find the folder where photos are kept. Can somebody please assist on this.",https://play.google.com/store/apps/details?id=com.google.android.apps.photos&reviewId=d5214a61-0bc4-474b-94ec-7ef0332ab397,cannot_find
Google Play Store,2024-08-23 12:57:24,3,"it ok but seems just another place to keep your photos,I haven't totally figured out all features n may never, has I once made a colague(wrong spelling)with my pet's n once did a slide show for my great niece. not sure which app it was done on .I might be adding a star if I find out how to sort photos in different albums and when I find where a few photos and videos are that I put in the private bit a year back n now can't find them,plus need to find out if photos in gallery are in Google photos",https://play.google.com/store/apps/details?id=com.google.android.apps.photos&reviewId=8daca402-2e5b-46bb-9ecc-3c5211607ac2,cannot_find
Google Play Store,2020-08-08 14:55:18,1,"App used to be great and easy to use. Now it forces you onto the cloud, and photos are missing presumably deleted. The search feature is poor and often unable to find photo. Folders are a mess, and photos come up randomly all over the place. Recommendations would be to strongly stay clear of this app... or possibly better still, see what Apple has to offer.",https://play.google.com/store/apps/details?id=com.google.android.apps.photos&reviewId=5a8ba327-2f63-4e22-8f84-7d87b8c4bfe7,cannot_find; search_broken; photos_missing
Google Play Store,2020-08-23 17:22:00,1,I can't find some of my photos. I look everywhere and I find them in the bin even though I'm definitely sure I hadn't deleted them. I'm trying to send a video but then again i can watch it on gallery but the video isn't actually there to send??? I have to restore it somehow. Photographs are saved memories and this app puts them in danger. If I had the chance to switch this app with something I wouldn't stop for a minute. It's that bad.,https://play.google.com/store/apps/details?id=com.google.android.apps.photos&reviewId=4fab099d-1707-4376-af1b-ac8e9c051746,cannot_find
Google Play Store,2021-02-14 21:48:33,3,"It's great for storage since it's unlimited in a lower quality. The problem is, the folders you back up aren't kept as folders which is so idiotic. It's worse because they don't tell you it won't be kept as a folder either. E.g, if you have 1000 pictures and 10 folders, it will back them all up without keeping them in folders. Now because it's gotten rid of them off my phone, I can't find any picture that I need to look for. I'll have to search endlessly. Don't know what Google were thinking.",https://play.google.com/store/apps/details?id=com.google.android.apps.photos&reviewId=fef6bb6a-bacf-4309-9845-50fe88c0e47b,cannot_find
Google Play Store,2021-05-19 09:13:34,2,"While saving photos on Google is a good option. We don't have the option to download or delete all Google photos at a time to a device. Please update this. And moreover if we have a photo on phone and that was backed up to google, we don't need to be reminded to free up space in device. I just clicked the ""free up space"" option and lost all my photos from device. Even though they're backed up to google, I can't find pictures from my device so that i can upload directly to a website or some apps.",https://play.google.com/store/apps/details?id=com.google.android.apps.photos&reviewId=8c6794ae-70dd-4a7e-8cd7-98a4655cade8,cannot_find; photos_missing
Google Play Store,2020-10-15 08:58:51,5,"This is an wonderful app without any second thought. But the recent update is bothering me cause I can't find photos automatic creation of stylised, animation, collage from the backed up pictures. Previously it was easy but now it seems there is no tab for that. Its all coming random on the recent highlights. Please solve it.",https://play.google.com/store/apps/details?id=com.google.android.apps.photos&reviewId=265166ea-a728-4ffb-b6fb-6fde71e6e1cd,cannot_find
Google Play Store,2020-10-03 18:18:46,5,"Love the app. However, recently they changed the way they present the google automated creations (such animations) and I can't seem to find them on a stand-alone basis, I would love to have an option for that. Furthermore, I still miss the days of being able to edit photos offline on my PC with picasa. The current options don't work as well.",https://play.google.com/store/apps/details?id=com.google.android.apps.photos&reviewId=ee97d4c6-49ec-4037-b8aa-5bae0829692e,cannot_find
Google Play Store,2023-03-16 15:57:17,4,"I wonder why there is no ""Sort by"" option provided in the app to sort albums in the desired manner to make searching for photos easier. It's hard to search through for the desired content from tons of content available in tons of albums in my gallery. Everything else is good, I like the app a lot. Great job by the devs, thank you. Removed 1 star for the lack of ""Sort by"" option. I'll change it to 5 stars once the ""Sort by"" feature is added.",https://play.google.com/store/apps/details?id=com.google.android.apps.photos&reviewId=72752a9c-c6aa-4e86-8f7f-df3b2c3acd53,cannot_find
Google Play Store,2026-04-17 14:06:26,5,"I enjoy using Google Photos quite a bit because it offers some editing tools my normal photo album does not. However, unless I just can't seem to find the specific function(s), it doesn't have everything - just yet. Still, there's a lot to do and play around with and I enjoy sitting down and just playing around on the app every once in awhile!",https://play.google.com/store/apps/details?id=com.google.android.apps.photos&reviewId=b2e7f992-8c22-42c0-bba2-00ea6be2b4cb,cannot_find
Google Play Store,2021-03-25 18:38:18,4,"don't get me wrong, i love the app. however there are a few confusing things. may i request that it can be the same as a standard gallery where you can find default albums of everything you have uploaded? it's kind of difficult to go around the app and you can't seem to move a picture from one folder to another without it being duplicated. i can't find a specific photo so i would have to scroll down everytime. hope you fix this.",https://play.google.com/store/apps/details?id=com.google.android.apps.photos&reviewId=c4b71877-cf1f-4ef2-953f-dff811a0a78c,cannot_find; endless_scrolling
Google Play Store,2025-02-25 22:27:49,1,"After the latest update, I can't see my recently added pictures, I can't use the search tab, and I cannot add photos to an album. The app either goes back to the main menu or just forces itself close. I hope you resolve this issue at the earliest. Additionally, I need a clearer interface than what it currently has to be able to see the pictures I've uploaded to Google Photos in the past.",https://play.google.com/store/apps/details?id=com.google.android.apps.photos&reviewId=8fba58e1-525a-40f6-a40b-00b93e6692bb,cannot_find
Google Play Store,2025-12-10 19:58:21,1,"Horrible app, absolutely worthless. Backup is coercive, there is no option to say no to backups in that dialogue. Then when you've made a backup there is no way to access what has been backed up, but Google Photos can access that to use for memories though. Backups are hard to find in the menu, it's a scam to coerce you into getting paid storage. Support is nonexistent or simply doesn't read your complaint and points towards FAQ that is completely irrelevant, if you even get a response at all.",https://play.google.com/store/apps/details?id=com.google.android.apps.photos&reviewId=fab72f61-1e09-4f04-9743-7025fb6f3ff6,cannot_find
Google Play Store,2022-09-19 18:51:21,3,"Pretty nice app, couple of complaints tho ∆ there was a homework option to direct you to a website to help with your homework on the lens option, which was very helpful and I used multiple times to help with my homework, but I can't find it anymore ∆can be VERY laggy and sometimes doesn't even load files under the correct days, for example a photo from a few months ago came up under today's date on the homepage.",https://play.google.com/store/apps/details?id=com.google.android.apps.photos&reviewId=dfe09143-c2c7-4eae-a0b2-562103afa221,cannot_find; about_old_content
Google Play Store,2018-10-22 12:34:07,3,"The app good at its basic features, but it is way too annoying when it comes to sharing albums to anyone....even though the invitation is sent but the receiver does not get any invite to check out the album!!!!.....moreover the app is bad at adding partner accounts..... Even if I select my partner it says ""could not find this Google account""!!!!???..... Please fix this soon......",https://play.google.com/store/apps/details?id=com.google.android.apps.photos&reviewId=3932b778-bea6-438f-b279-5f48d330c995,cannot_find
Google Play Store,2022-10-16 18:20:51,1,"My photos have been rearranged and now I can't find one when I want it...never wanted them changed. I knew when I took them in a time sequence, now just scattered...mixed up. Sometimes many duplicated...taking up space, causing me not to be able to take important shots ...😱😨😭",https://play.google.com/store/apps/details?id=com.google.android.apps.photos&reviewId=87a13676-b58b-487c-abf5-5b8bf2524f5a,cannot_find
Google Play Store,2022-10-13 02:26:13,1,"Shotty workmanship people! It doesn't even keep the pictures in the right order, by number or alphabetically. So if I had a cbr file I'd have to view the pictures manually one at a time. It rarely allows us to switch between pictures, by swiping left or right. The lock folder doesn't allow us to search for our files we wish to lock like other pictures apps does! Yea it has a useless search bar, witch 99.9% of the time can't find a file name or folder unless it want to work witch is very rare.",https://play.google.com/store/apps/details?id=com.google.android.apps.photos&reviewId=3fe87858-e44a-4269-822d-5ab84db8f919,cannot_find; search_broken
Google Play Store,2019-12-19 13:20:24,5,"Nice app - works well! However, it does have one strange quirk: sometimes, it will ""install"" a new photo to somewhere other than at the top of the first section or page, & you'll have to scroll down to find it. Why it does this (occasionally), I don't know. But it gets frustrating at times when you're trying to look for something & initially, it seems like it isn't there. If you're like me & have several hundred or perhaps thousands of photos in Google Photos, that can be a real pain in the ass.",https://play.google.com/store/apps/details?id=com.google.android.apps.photos&reviewId=1b3d07b7-ca9c-44f9-be0f-c0ed96c7164a,endless_scrolling
Google Play Store,2025-10-01 18:00:11,4,"I do enjoy Google photos app. It's a great organizer but it's smarter than i am and fa,t too. I could be adding or creating a photo album tap on the video clip to view it, It swooshed away somewhere hard to find. I usually stumble upon it weeks later,though. Really, it's not the apps fault,it's me. I just need to get more familiar with it. I've unexpectedly found out it can do a lot more. I just need to learn about ALL THOSE THINGS THEN I CAN CALL MYSELF A GOOGLE PHOTO APP PROFESSIONAL.",https://play.google.com/store/apps/details?id=com.google.android.apps.photos&reviewId=3159dac5-9e52-4ec0-afea-b19ff35413c0,cannot_find
Google Play Store,2019-05-05 11:04:34,1,"For whatever reason, anytime I try to download images or videos from this app, it doesn't download at all. I can't do anything useful with them directly from the app, but since I can't download them, I have to find some loophole, like sending an image to myself via text so I can download it from there, or download it to my computer and hook my phone up to it and drag the files onto there. It's just inefficient, and it's mind boggling that after years of it not working, you haven't fixed it.",https://play.google.com/store/apps/details?id=com.google.android.apps.photos&reviewId=ce109cff-8fca-49a5-8eed-1f49634453b6,cannot_find
Google Play Store,2022-11-29 21:28:25,4,"Used to be a default app, users couldn't do without. Somehow Google changed this setting and made the app counter intuitive. Sync is deactivated sometimes without explanation. Also, instead of photos showing up by most recent, sometimes they are shuffled and you can't seem to find the ones you need in chronological order. Lastly, the editing options inside the app are very limited and outdated.",https://play.google.com/store/apps/details?id=com.google.android.apps.photos&reviewId=465afc31-b63d-4ff6-b981-01b69d91e393,cannot_find
Google Play Store,2024-09-30 09:14:44,1,Lost my photos :( It seems im missing 2 certain dates of photos that were taken in the last week. Devastated to say the least. Can not find them stored anywhere else - have spent days looking on my phone. This is why i was never happy about a phone storing photos online. My SD card would have been better and easier - which is what i was trying to back them up to and are now non existent. Heartbroken.,https://play.google.com/store/apps/details?id=com.google.android.apps.photos&reviewId=7111d624-aa8c-45f1-84eb-6308cbe70c88,cannot_find; photos_missing
Google Play Store,2021-05-06 19:02:35,2,"Bad... Honestly, I preferred the good old stuff where you just had your photos on your smartphone, and when it was too much, you just placed them in your pc files, and nothing gets lost. Now, photos get lost, backup into my so-called Google account but I can't even find it, the app creates files I don't want, or categorising them by location or event type... Duuuuude, I just want a normal timeline photo app with no bling bling or whatsoever. And I (!!) want to decide if I open a folder or not.",https://play.google.com/store/apps/details?id=com.google.android.apps.photos&reviewId=2d7776a9-6129-4bb3-98d6-27929b07f9e4,cannot_find; photos_missing
Google Play Store,2023-07-07 05:37:02,1,Looked promising at first but turned out to be one of the worst apps I have ever used. Syncing didn't work properly. It also lacks some of the most basic functionality (or hides ir so well that you can't find it within 90 minutes of searching - I don't know). All I wanted is to delete pictures out of the cloud but NOT from devices. Never got this to work...,https://play.google.com/store/apps/details?id=com.google.android.apps.photos&reviewId=c4b5047e-fa0a-4e45-a7bd-c785f5da20eb,cannot_find
Google Play Store,2021-04-19 18:31:03,1,"All pictures scrabbled together. I had them organized in albums on my phone, but when uploaded they don't end up in albums, just in one big batch. It's super hard to find things, albums don't exist, and there are a bunch of new shiny tools but none that I actually need. All a need is a clean and simple storage organization for my photos and trustworthy storage. This is a disappointment, I am a big time Google i user but this setup is pushing me to switch over to one drive.",https://play.google.com/store/apps/details?id=com.google.android.apps.photos&reviewId=3d4b46b5-7be7-4d88-9017-05ebeeeeb29e,cannot_find
Google Play Store,2025-08-11 11:02:54,2,"This app was phenomenal for years! The latest update has taken away one of the editing features that I used constantly! I can no longer take pictures of a book on an angle, (to prevent flash glare), and then edit them, utilizing the feature that has been removed, to bring them forward in the picture. I'm not sure of the name of the feature that was removed, but I can't find it anywhere and I would love to have that feature back! Or at least figure out how to utilize it in the new update.",https://play.google.com/store/apps/details?id=com.google.android.apps.photos&reviewId=782e2f8d-7ed6-41eb-bb47-3cb91ea6a9cf,cannot_find
Google Play Store,2024-11-12 10:11:15,1,"I fear i may have lost a big amount of my photos somehow. I deleted photos on my device after they were backed up on this app but didn't delete all of them, thankfully, and have noticed a bunch of the photos on my device are not saved on the app. I have also been searching for specific photos that are no longer on my device and can't find them at all on the app. This was a big fear of mine, to lose precious memories, and I thought this was going to be the safest way to ensure never losing them.",https://play.google.com/store/apps/details?id=com.google.android.apps.photos&reviewId=302c371d-24b0-463d-b31c-2147a1a14199,cannot_find; photos_missing
Google Play Store,2020-07-24 13:45:22,4,"Love Google Photos! Handy for finding photos quickly. Great storage, photo sharing and easy access. Xx July 2020 Not liking the recept update /layout. Used to love all the wee animations, colour pops etc created now cannot find them anywhere. Find it harder to find shared albums and hate having the search bar down the bottom. Also don't like how your recent moment or flashbacks flip through at the top and don't stay still then your onto something different! For this change I've removed a star.",https://play.google.com/store/apps/details?id=com.google.android.apps.photos&reviewId=f5fd3a8f-a22c-4f68-9704-d62bb0eaa991,cannot_find
Google Play Store,2020-10-31 23:45:23,1,"This update is the absolute worst. No longer are the folders small, easy to navigate single pics, but now the first dozen photos from each folder, filling the entire screen, with a tiny label... I can't just tap a pic to open the folder, now I have to scroll through pages to find the folder I'm looking for - plus, other than ""camera,"" everytime I open ""Photos,"" the folders are going n random order - and there's no way to alter or customize the view. Thanks for making garbage! 👍",https://play.google.com/store/apps/details?id=com.google.android.apps.photos&reviewId=b14c6fd9-f806-4dc1-953f-00705e8ff6f3,endless_scrolling
Google Play Store,2022-03-19 16:46:57,3,Which stores pretty good some pictures are kind of hides cuz it only shows like half of it in the gallery it's hard to find them especially if you have a lot I don't know if it's the phone or what sometimes I get multiple copies made it doesn't really group them well together so I can delete them and it's really hard to figure out how to delete out of this app I know you are not easy so it doesn't happen by accident but s*** it needs to be something a little bit more of a quicker shortcut or som,https://play.google.com/store/apps/details?id=com.google.android.apps.photos&reviewId=f3ef0a6f-62bf-4f44-aee1-9e333f3cda35,cannot_find
Google Play Store,2020-01-19 20:58:09,5,Powerful app for storing photo but I have a major issue with it. I understand that google photos just upload the photo and sort it with date. But I would have like that the app upload my album/folder with its proper names instead of the photo only. There are photos that were in specific folder but now I have to scroll a lot to look for them.,https://play.google.com/store/apps/details?id=com.google.android.apps.photos&reviewId=47c7e49d-3971-4040-b0d3-d91e43d6d86d,endless_scrolling
Google Play Store,2020-12-05 20:19:51,3,"I loved the app before. Now when it makes a suggestion, I don't have enough time to look at it and decide to save it before it moves on to the next picture and disappears forever. I used to be able to look at Google Photos suggested collages or animations, now it is organized where I can't find anything except my own photos and my own creations.",https://play.google.com/store/apps/details?id=com.google.android.apps.photos&reviewId=a6ece435-546c-41da-ae53-ef63e833d86c,cannot_find
Google Play Store,2020-08-29 16:38:57,1,"I hate it!!! Why change something that was working fine... and so much easier to navigate?? Now I can't find half of my pictures...it backs things up that I don't want backed up, and makes my older pictures disappear... it's just very aggravating... and I don't like how it just groups your photos into little categories, esp when most of the time it's wrong!! I think it's time to look into a new carrier, BC as soon as I pay off my phone, it suddenly stops working, then the new one is a problem..",https://play.google.com/store/apps/details?id=com.google.android.apps.photos&reviewId=a7ae2e57-17f8-4393-9905-51e3af6ef288,cannot_find; photos_missing; about_old_content
Google Play Store,2024-08-17 20:42:15,1,"Can't do basic functions like flipping a picture on an axis, the most recent update to the interface has made it much more difficult to find a picture which was already irritating as one can not view all pictures in one chronological gallery. Pictures automatically sorted into albums, albums you have to go from menu to menu to access. Easiest solution is downloading and using an entirely different gallery app.",https://play.google.com/store/apps/details?id=com.google.android.apps.photos&reviewId=442fad38-8cbd-4385-971b-d87b282b5209,cannot_find
Google Play Store,2025-03-18 06:32:02,2,"Edited what response: so conversations went from a single button at the top to bring hidden five layers deep in the settings. Thank you for telling us how to get there, but please, please bring back the simple button at the top for conversations. I used to love Google photos, it was simple, straightforward, and easy to navigate. But now I can't find anything! Specifically albums, shared albums, and most importantly conversations through Photos on my phone. Why change it??",https://play.google.com/store/apps/details?id=com.google.android.apps.photos&reviewId=f13e9721-6272-4221-b729-b554fec5ea07,cannot_find
Google Play Store,2021-07-20 21:04:59,1,"Absolutely HATE this app. You can never find your photos. If I can't find find a photo after looking in every single album, I can find it in the general album ""photos"" but I have to scroll through hundreds to find it. If I create a new folder to put photos, I'm doing it so they aren't in just the general spot. Do they move from that spot once I've ""moved"" them? Nope. Now they're in two spots. This app is the bane of my existence!!!!",https://play.google.com/store/apps/details?id=com.google.android.apps.photos&reviewId=eca448db-d838-457c-9d46-9c7b0449fa32,cannot_find; endless_scrolling
Google Play Store,2022-03-28 22:00:55,2,Hate the photo app. Half the time I can't bring up my photo albums where I put 90% of my stuff. And when I do find the albums it's only a few not all of them. Hey when I can't find my pictures. Would prefer when you put them in an album that they go off of the list of pictures. That way I don't have pictures in three places including the cloud.,https://play.google.com/store/apps/details?id=com.google.android.apps.photos&reviewId=fad7ffcd-d246-42f2-9b98-78372a92bae8,cannot_find
Google Play Store,2021-01-01 00:11:14,2,"Very messy & Limited All the photos get ate merged in Camara folder, even if you create folders and move them. Settings has very limited options vs other apps, you really need to merge this with Gallery Go. If delete something of your device because it was backup before you will realise that here is no way to find it in the cloud. I was thinking about purchasing storage, but being limited and disorganised is very frustrating.",https://play.google.com/store/apps/details?id=com.google.android.apps.photos&reviewId=75235559-39bf-42ce-8fec-48a810125a17,cannot_find
Google Play Store,2019-01-30 03:56:25,1,No one ever said your photos would disappear after time I had some photos containing very important information from back on 2017 and half those photos and everything from before that time is missing! why save photos if their going to auto delete after just 2 years?????!!!! I dont take photos so I can look back in a few weeks I want to look back in a few years and remember when and what not.,https://play.google.com/store/apps/details?id=com.google.android.apps.photos&reviewId=b8d1baaf-b0d0-41b4-9da0-5d55b3928d42,photos_missing; forgot_details
Google Play Store,2026-04-12 04:41:48,1,I can't find my past phptos and any kind of screen shot is not save in this app. Please back up my all past photos and solve this problem,https://play.google.com/store/apps/details?id=com.google.android.apps.photos&reviewId=e4f6ed0a-cb6f-4663-8d9c-9843d791281f,cannot_find
Google Play Store,2026-03-24 12:32:39,1,"faces and people no longer works even though facial recognition is active since update yet I still get updates about things i cannot alter ( i can't search for pictures of people or edit anything cos the settings are gone as no faces are ""recognised"" yet alarmingly it still recognises pictures of my daughter. Aso it constantly wants me to pay for storage even though I back things up myself. So stupid and simply no longer does what I want it to.",https://play.google.com/store/apps/details?id=com.google.android.apps.photos&reviewId=aa707111-9beb-422e-9cb0-0cf96b457d68,cannot_find
Google Play Store,2025-12-03 11:34:00,1,"Ever since the latest update it is so annoying to move pictures to other folders. The option is just completely gone now. Also has an annoying thumbnail at the very top for ""memories"". Its cluttered garbage and I should be able to remove it. Not only that, they backed up images to online storage I never wanted to use. And have forcibly moved photos from my folders to others which I now cannot find. Stop ""fixing"" things that aren't broke and stop forcing people into backing up their files.",https://play.google.com/store/apps/details?id=com.google.android.apps.photos&reviewId=7d52b645-6b80-4917-be37-cbfeda0b6a2c,cannot_find
Google Play Store,2020-10-17 22:17:38,1,"The updates since July are TERRIBLE. Problems exist trying to locate or search through my photos. Can't find where my photos are stored causing me to have duplicates. No longer user friendly or simple. Anybody know of a better app for photos and videos on a droid device? Also if you want to really rock a photo app, try allowing a user to simply change the file name of photos and videos. Just a great suggestion!",https://play.google.com/store/apps/details?id=com.google.android.apps.photos&reviewId=00a616d6-e399-45f1-83e3-3c7727cffa49,cannot_find
Google Play Store,2022-06-12 13:38:28,1,"This app progressively gets more frustrating to use. First, you place photos out of order, so i have to scroll through thousands of photos for a picture i took a week ago, and now the ""group similar faces"" feature doesn't work. I reset the feature multiple times, in the process it made me lose all the great memories I've had with certain people.",https://play.google.com/store/apps/details?id=com.google.android.apps.photos&reviewId=6f7a4716-7cad-4d62-9fb8-99dcbb7a1b65,endless_scrolling
Google Play Store,2023-10-03 21:14:59,3,"I only wish it had an option to label or tag photos to find my photos faster. I have lots of photos and it's hard to find the pictures I'm looking for. The automatic organization is good but not very effective. I even tried a link that was given to me as a reply in a review I did with another account but the link didn't work. Other than that, everything else about this app is great.",https://play.google.com/store/apps/details?id=com.google.android.apps.photos&reviewId=b7c380f7-4d43-47a8-bf3f-7c20170e5be9,cannot_find
Google Play Store,2019-04-15 02:47:14,1,"I despise this latest update. It is basically non functional. It is very difficult to find all of the image albums on my phone. If I want to email a photo to myself or someone else, it is very slow, and then it doesnt email a copy if the photo, first of all, it takes longer to arrive because it involves syncing instead of simply emailing, & emails a link which is very hard to print. I am a musician who often emails myself and others photos of a hard copy of music so that they can print it.",https://play.google.com/store/apps/details?id=com.google.android.apps.photos&reviewId=9bdddd35-e25e-4645-924f-8b77bc4649cb,cannot_find
Google Play Store,2018-12-07 05:27:14,2,"I like that it offers unlimited storage, but it's still messy. The first time I used it I made the mistake of allowing the backup of every folder and now when I try to delete ""useless"" pics that I only want in my phone but not there, I can't delete it only from the account? It should be easier to do and seeing the pics based on the date isn't always that helpful, I can't find anything.",https://play.google.com/store/apps/details?id=com.google.android.apps.photos&reviewId=f8a4ef52-5ebe-4d8e-aa9c-4b0a60336c12,cannot_find
Google Play Store,2025-10-30 03:04:03,1,"After the latest update I was shocked to see the new photo editor... I was completely disappointed with it immediately. CHANGE IT BACK !! Some of the features I like (Crop, Sharpen & Pop), I cant find. The previous version was nice & simple... all the tools lined up neatly at the bottom with a slider for each tool -- now you have to look all over the app to find the tool you want, and it doesn't help when you rename the tools either (Crop is now Frame ?!). FIX IT PLEASE !!",https://play.google.com/store/apps/details?id=com.google.android.apps.photos&reviewId=606e1c5d-3523-402f-b3be-41116312ffb3,cannot_find
Google Play Store,2019-11-22 10:12:09,4,"Great for storing photos, but I wish there was a way to save my albums when I switch my photos from my phone to my backup. It puts them in timeline order, and majority of my photos are saved from web, so it makes it super difficult to find one. Also, facial recognition needs a LOT of work. The ""people and pets"" feature drives me insane, I wish I could have more control over what faces the app recognizes and help it recognize them more.",https://play.google.com/store/apps/details?id=com.google.android.apps.photos&reviewId=0d6a7bd4-7aca-406f-b125-102aa8cb407b,cannot_find
Google Play Store,2022-11-24 12:44:06,1,Terrible- archives pics are erased when I trash the photo section. Pics in albums are removed when I trash the extra in photo. The update is a nightmare. It's horrible. Lose pics from archives also. Cant find anything without searching for 30 minutes. The only app I've ever truly disliked. I have so many pics and can't seem to delete the rejects. Can you help? Do you have a update that really works? I can't edit without adding another useless app.,https://play.google.com/store/apps/details?id=com.google.android.apps.photos&reviewId=bd850b2b-9cbf-45c9-89b0-3d7b38049c46,cannot_find
Google Play Store,2019-12-10 19:09:17,4,"It is a great app. The presentation of pictures is intuitive, and the suggestion are quite relevant. Suggestions for improvement: - captions for pictures are missing. - moving pictures to albums us a common action that takes many taps on mobile. And there is no way to search for album names. You just have to scroll through the list.",https://play.google.com/store/apps/details?id=com.google.android.apps.photos&reviewId=132c5b57-17e3-4fb0-8dcc-2f4fc455fa7e,cannot_find; photos_missing; endless_scrolling
Google Play Store,2025-02-04 20:19:26,5,"Like the photos it creates! 2/4/25 Super responsive! Fixed immediately. I'm not only one missing that feature. Not used to it yet, AI not super accurate 4 me. 2/3/25 Just reduced my rating because the search feature changed. Previously, You could add a label to a photo, and then search for that photo based on the label you added. Now the new AI search feature doesn't read those labels. Consequently, I can't find all of the photos that I had previously labeled.",https://play.google.com/store/apps/details?id=com.google.android.apps.photos&reviewId=51a013bd-9248-4554-b058-dfa28bd1c168,cannot_find; photos_missing
Google Play Store,2022-09-19 23:50:19,4,My only real gripe with this app is that it doesn't upload albums so when your trying to find a specific picture you have to scroll through EVERYTHING and it's incredibly frustrating. Can you implement this feature please. And to implant a feature that if you backup your photos from your device it automatically sorts out what's there into the allocated albums so I don't have to spend days combing through and sorting them out manually. Thank you.,https://play.google.com/store/apps/details?id=com.google.android.apps.photos&reviewId=7106fafe-f517-40fc-bfcc-5480cb221433,endless_scrolling
Google Play Store,2023-08-03 17:48:14,1,Ridiculous that photographs are sorted in to a stream instead of folders - makes it almost impossible to sort and organise photographs - makes finding photographs laborious and time consuming. Much prefer the Samsung version where images get put into a camera folder and can then be sorted into any other albums you want to make. You can duplicate images into different folders if you would like. It makes for a much easier digital workflow as opposed to scrolling back through thousands of photos,https://play.google.com/store/apps/details?id=com.google.android.apps.photos&reviewId=b6e1bdc5-0e77-40ed-b469-8fd5c5998f6c,cannot_find; endless_scrolling
Google Play Store,2022-08-12 02:02:22,3,"After the 🐝s is my 2015 why I wasn't getting any updates. Today, 7/2022, I am getting the current app update we'll see🐝🐝🐝🐝🐝I'm afraid to get the update ... People tell me that they lost photos (like old vacation pics). Someone mentioned that they can't find their screen shots. A lot of folks say that the update has limited editing tools. What the heck?",https://play.google.com/store/apps/details?id=com.google.android.apps.photos&reviewId=0cb9a884-a919-421b-89c9-09b7542575c8,cannot_find; photos_missing
Google Play Store,2022-05-11 11:33:34,1,"For the love of God... Create a way for screenshots not to automatically back up. That in itself has me thinking of finding a different photo service. As well, if I am running out of space on my Google images and I delete 1000s of pics, it never gives any more space. For the past 2 wks, I can't even search anything and when I click on certain ppl.. it does nothing. Also, it would be great if there was a tool that recognized any duplicate pics.. But let's start w/ the above mentioned 1st 🙄",https://play.google.com/store/apps/details?id=com.google.android.apps.photos&reviewId=ee4da9d3-2983-493a-af5c-98a2093d6a14,cannot_find
Google Play Store,2020-04-19 00:45:29,5,"One small gripe is that I can't seem to find a way to organise the display order of photos in an album. However, I think this is generally an improvement on what was already the best way to store and share photos, and still with all the added value of auto awesome.",https://play.google.com/store/apps/details?id=com.google.android.apps.photos&reviewId=0fbf40a1-0a5d-49b1-8519-469b5f210cc1,cannot_find
Google Play Store,2024-08-08 05:11:14,1,"Stop changing things. The newest update put everything in a different place and I can't find my pictures. (Edit: they are in another folder that was randomly created, even though I already have folders set up, AI scans your phone and looks at all your content and decides where to group things, that makes me feel better, NOT) Constant suggestions to get backup after declining numerous times.",https://play.google.com/store/apps/details?id=com.google.android.apps.photos&reviewId=f92e5a68-8840-4ca1-8bef-5c997b5bcef4,cannot_find
Google Play Store,2020-12-08 11:14:51,5,"Used this app for years now, I remember when it first came out and everyone was like; ""no way u can back up unlimited pictures online with google photos"" and back then most people probably didnt know what an online backup was. I've really enjoyed the app and I hope to keep using it as long as the storage is free, also it has great ways to organize albums",https://play.google.com/store/apps/details?id=com.google.android.apps.photos&reviewId=42c3b91a-f752-4827-a16a-667a57378f75,forgot_details
Google Play Store,2020-08-12 01:25:54,1,"The past few updates have made this app something i dread opening & using now. The albums are hard to find now (like my people album) you lose your place completely after scrolling down through hundreds of photos if you click the back arrow button after youve opened a photo, it doesnt take you back to previous page of your thumbnails but, it takes you out of your search completely and you lose your spot. So annoying! I figured they would have updated by now & fixed some of these issues, sadly no",https://play.google.com/store/apps/details?id=com.google.android.apps.photos&reviewId=32b565e3-6942-4de7-9e36-ca9918b0d0bb,cannot_find
Google Play Store,2020-09-09 15:23:03,1,"I can't move photos from one album to another album. Also the current design of application is very complicated to understand. The older one is best. Also there is no option of sorting photos according to date in recently added album. In ""recently added ""album photos are randomly arranged. So it is very difficult to find recently uploaded photos .",https://play.google.com/store/apps/details?id=com.google.android.apps.photos&reviewId=7cb418ad-d443-4f77-b016-8bd3645d4deb,cannot_find
Google Play Store,2021-02-10 01:21:05,1,"This has honestly been one of the worst photo apps I've ever used in my life. The organization is ridiculous, so many of my photos and videos are suddenly are inaccessible by other apps, the main photo gallery is impossible to organize and I have to scroll FOREVER just to find one thing. Not to mention the constant issues with ""clearing space"" (aka deleting tons of my photos 🥲) and my photos reorganizing themselves to a degree where I just don't bother. I'm considering changing phones entirely.",https://play.google.com/store/apps/details?id=com.google.android.apps.photos&reviewId=fb104811-a991-492b-8547-dee893f33880,endless_scrolling
Google Play Store,2021-01-01 20:03:29,3,Great back up for cell phone and for Google plus photos. Enjoy the memories as well Update: the app has become hard to navigate. I got a notification of a memory and can't find a way to access it. They've layered menu options on top of each other and forgot about the user,https://play.google.com/store/apps/details?id=com.google.android.apps.photos&reviewId=c61958f2-ac44-4588-9bfb-38a4413549b9,cannot_find
Google Play Store,2024-08-12 20:33:27,3,"I wish they'd STOP updated how things are laid out in the app ALL the time, every update. I mean at least every couple months, I turn around, and can't find anything. What used to take 1-2 clicks, now take 4-5. Nothing is arranged the way I had it, it just sucks. IF IT AIN'T BROKE, STOP FIXING IT!!!",https://play.google.com/store/apps/details?id=com.google.android.apps.photos&reviewId=0b5de639-4cc8-4ed7-b5f6-a27b3a734034,cannot_find
Google Play Store,2019-04-10 06:22:56,3,"I use Google Photos a lot in everyday use. I do wish they would create an option for reviewing duplicate photos. I have a LOT of older photos and don't always remember what day they were taken on. It would be nice to upload them and Google Photos scan the others to make sure I am not readding them. This takes up way to much room and is a time consuming task when I have time to go through them. I would greatly appreciate a duplicate photos option. If there is one added, I would change me review.",https://play.google.com/store/apps/details?id=com.google.android.apps.photos&reviewId=320c0dda-d576-4b06-b0ea-ec3c02e4175f,forgot_details; about_old_content
Google Play Store,2024-12-11 20:24:07,5,I love this app. The search feature is fantastic. I can search for images that I know happened in certain months (like birthday parties or when my kids were newborns) but nothing more specific and it shows me them. I was looking for a picture of a fancy armoire that I had taken who knows when and tried 'cabinet' and it brought it right up. My grandma asked me if I had a recipe of hers that she couldn't find. I'd taken a photo of it years ago and searched 'cocoa'. App found it immediately.,https://play.google.com/store/apps/details?id=com.google.android.apps.photos&reviewId=55a130ce-02b5-41c9-bac7-7958e6acd0bf,cannot_find; about_old_content
Google Play Store,2025-08-27 06:18:26,1,"The latest update is horrible! How the folders are laid out is worse and finding shared folders is impossible. I still cannot find some folders that have been shared with me. Update: The latest update for editing photos is absolutely horrible as well! Google please quit ""making things better"" in photos! Please give the option to revert back to the old layout for folders and editing options. In addition, cropping a long image is now impossible!!! It does not zoom in as you crop, it is zoomed out!",https://play.google.com/store/apps/details?id=com.google.android.apps.photos&reviewId=4f2600d7-2cb9-478e-9a17-467a80a69182,cannot_find
Google Play Store,2023-10-26 14:46:14,1,"The memories feature of this app used to be amazing, showing you memories along the lines of ""today in XXXX"" Now it just shows you memories in a haphazard manner. Why are you showing me memories of Dec 10, 2016 on Oct 26? What and where is the correlation. I've tried to figure out the algorithm/logic for the new show of memories and can't find any. Also no way to revert it to how it was. Typical example of fixing what's not broken!",https://play.google.com/store/apps/details?id=com.google.android.apps.photos&reviewId=b3d82d93-6085-497c-a6a3-c5402af3b024,cannot_find; where_did_they_go
Google Play Store,2025-10-02 14:44:17,3,I've been using Google photos before the war a Google phone... So needless to say I do love a lot about it. Here's what I don't like: that is the only 'gallery' on my phone. And it doesn't even let me organize my pictures on my phone! And I have to dig for certain pictures folders. Figuring it what's having up to how I had my LG phone before it's so much mode confusing! And ridiculous! And now my pictures are everywhere and I can't find other folders with ease. Annoying! 😡,https://play.google.com/store/apps/details?id=com.google.android.apps.photos&reviewId=cc825d47-3e4e-430f-a13a-6fbe3716032b,cannot_find
Google Play Store,2020-09-22 18:46:10,1,"Pure frustration. Spent the last 30 minutes unsuccessfully trying to find photos that I edited. This seems to be an issue that surfaced only after several updates. It wasn't broke, stop trying to fix it Google. I can't find ""device folders"" and don't know where my edited photos have gone. It use to be so simple. What on earth have you done Google. This is my 2nd Pixel and I will never purchase another one.",https://play.google.com/store/apps/details?id=com.google.android.apps.photos&reviewId=974a51b8-852f-4f59-a369-29a49449fec3,cannot_find; forgot_details
Google Play Store,2021-04-26 02:39:06,5,"I love the photos app. The only thing I can think that should be different with it that i think i would do to the app overall is to not store the same photo more than once in different places, i.e. archive+library will have same photo in them. This can be confusing when trying to retrieve, or work with them. Makes it very difficult to find the ones you want if they can be found in several places and this has to use or affect storage somehow I would think.",https://play.google.com/store/apps/details?id=com.google.android.apps.photos&reviewId=ca2f45ff-1709-42e7-a8a2-d3224cc42347,cannot_find
Google Play Store,2026-03-24 03:51:43,3,Recent update to the search is terrible. The search never works and often leads to the app crashing. The old version was way way better. It actually worked. I've resorted to scrolling for the pictures instead of search.. Hopefully it gets fixed soon or I'm going to have to consider alternatives,https://play.google.com/store/apps/details?id=com.google.android.apps.photos&reviewId=0864853b-5236-4231-953c-9431e9d76159,search_broken
Google Play Store,2024-08-01 23:24:17,3,"I'm on the autism spectrum, and have the photos on my phone curated in albums. But when I upload to Photos, it puts them all in chronological order. I can't find anything! Some of those pix have been on my phone for a year! It causes physical discomfort for all my work to be thrown away like that. I have an album of inspiration for future projects. That's not something I can search for! And no, I don't want to do it AGAIN. Just keep them the way I already had them.",https://play.google.com/store/apps/details?id=com.google.android.apps.photos&reviewId=f3263900-8bad-4169-9d7a-bae68cebcdae,cannot_find
Google Play Store,2024-01-02 18:42:48,3,"I am having difficulty with my photos, can't find many. They are often jumbled or just completely missing. Then sometimes I can find them, but not move them upload or whatever. Something needs to be done to help us between phone & Google. We pay a lot for everything already, there are way too many ads where you are getting paid. Something needs to be created as a free fix.",https://play.google.com/store/apps/details?id=com.google.android.apps.photos&reviewId=50e9dea8-8eb2-46c3-9b13-d11867e70c06,cannot_find; photos_missing
Google Play Store,2021-08-31 22:40:12,2,"I have really liked this app for a long time... But now I find that I can't retrieve ANY of my photos beyond five years ago. And as the calendar of 2021 marches on, I lose access to more and more photos. So frustrating. I even purchased more storage!",https://play.google.com/store/apps/details?id=com.google.android.apps.photos&reviewId=b07b926d-cb33-47b9-946e-179afee26a66,cannot_find; about_old_content
Google Play Store,2021-02-01 23:11:59,1,"Recently the app has not been working at all, I can't access my partner sharing gallery, can't search by person's face, cannot access photos more than a month old. I have even bought extra storage thinking that it was the problem. I trusted this a0p with all my photos and now I can't access anything nor can I backup my photos. What is the use of trusting this app to keep my photos safe? Please help me fix it, it's been annoying. Or else will shift to some other gallery application.",https://play.google.com/store/apps/details?id=com.google.android.apps.photos&reviewId=e5e529c5-22ac-436f-ad7f-ff2acb651446,cannot_find
Google Play Store,2024-01-02 00:45:54,3,"Needs refinement for power users. Why did the way RAW files stored change? It used to be that I can go and pick HD versions and RAW files seperately. But now every app that accesses the photos has TWO versions of the some photo, jpeg and dng. Im on a pixel 7 pro, i am assiming this goes for all pixels. Good idea to store them together, bad execution. Let us seperate them again please. Also snapseed edits are not an album for some reason, it saves it with the same photo, making it hard to find.",https://play.google.com/store/apps/details?id=com.google.android.apps.photos&reviewId=982fddec-2612-4699-b7ea-bcbfbea9e49a,cannot_find
Google Play Store,2019-12-28 04:00:22,3,"This may be a good photo galery app, but.. I've changed my Pixel into Pixel 3a and I can't find half of my photos. The app on the old phone says all is backed up and still I can't find half of my photos. Very annoying. Also annoying is that there is no way (or no easy way) to change the view of the gallery. It feels as if the app became worse in this version. Not speaking about the camera - WHERE IS THE LENS BLUR?? Only the portrait/selfie mode has it, but ppl don't use it for selfies only!",https://play.google.com/store/apps/details?id=com.google.android.apps.photos&reviewId=25cc6fbd-53eb-45e9-a14a-507b72f785f2,cannot_find; where_did_they_go
Google Play Store,2023-05-07 06:30:14,1,"Went from being dispensable to being completely despicable. First that took away Picasa, then they took away Photos to GDrive sync then they took away the Photos Desktop Sync. So now all of my photos love in this 💩💩💩 app that is nearly impossible to navigate. Scrolling for hours to find photos. Why not a sensible for structure or tree like the GDrive sync used to have. What a nightmare. Looking for a replacement.",https://play.google.com/store/apps/details?id=com.google.android.apps.photos&reviewId=f63468cb-d2e9-4245-a26e-78af3079f560,endless_scrolling
Google Play Store,2024-08-13 21:31:12,2,"Originally rated this app 5 stars back in 2015 but I have to edit my rating. It still gets 2 stars for the excellent photo editing features... IF you can find what you're looking for. I cannot find my device folders easily anymore. They completely changed the labels for the different ""tabs"" at the bottom of the app, and none of them correspond to my device folders. This includes making it harder to find screenshots taken on my phone. Terrible experience over here w the new UI.",https://play.google.com/store/apps/details?id=com.google.android.apps.photos&reviewId=ca22fd58-c5d9-4d44-b5c8-31d52417a554,cannot_find; about_old_content
Google Play Store,2026-04-01 08:22:16,1,"This is the worst photo app I've ever used. Instead of having a list of galleries, it creates ""collections"" which require extra clicks to get to where you need to be. On top of that, in some apps there's not always an option to speed scroll so I have to spend minutes slowly scrolling through thousands of pics. Why is such a basic feature not available in all instances? If I had a choice, I wouldn't use it at all, but I'm forced to use it to send photos and videos through messages and some apps.",https://play.google.com/store/apps/details?id=com.google.android.apps.photos&reviewId=ff7560bf-8475-45a9-8ccb-7566ffffa79c,endless_scrolling
Google Play Store,2024-08-05 17:17:35,1,"I am feeling incredibly frustrated with Google Photos at the moment. It's disheartening to be unable to retrieve my pictures and facing issues with the syncing option. The thought of having to manually download each photo and video just to access them again is overwhelming. These photos hold precious memories, and the struggle to bring them back is truly upsetting. I sincerely hope for a resolution soon, as the convenience and ease of accessing my photos mean so much to me.",https://play.google.com/store/apps/details?id=com.google.android.apps.photos&reviewId=fca79da9-bb7a-4c0f-bf3f-272bad746090,cannot_find
Google Play Store,2026-04-05 20:55:53,1,very complicated app. been using it for 3-4 years and I hate it. it sucks to be a basic photo app so difficult to find anything,https://play.google.com/store/apps/details?id=com.google.android.apps.photos&reviewId=ba862cf7-9d99-4980-b57b-7d9ffaf0d4c3,cannot_find
Google Play Store,2024-06-10 21:12:24,1,"Developers: I'm not sure what else you want to know. I created an album on the cloud for some pictures. This album is not on my phone. When I open the app, I cannot find this album. It just lists all my phone photos (and I can't even sort those by album!) in chronological order. There is no button to see my albums. The only way to find the album is to use the search function which isn't very convenient.",https://play.google.com/store/apps/details?id=com.google.android.apps.photos&reviewId=7f180581-be85-4784-afab-87a582da2160,cannot_find
Google Play Store,2020-02-08 20:59:55,1,"Just picked out 94 pictures to add to an album. Not one got added. And the app just crashes while navigating. Literaly not usable. Edit: Tried reinstalling. Now it can't even find my pictures, and gives a ""failed to delete album"" error when navigating out of an album. Never even told it to delete anything..",https://play.google.com/store/apps/details?id=com.google.android.apps.photos&reviewId=da3d9829-4cc1-41ca-85e7-a699f470eece,cannot_find
Google Play Store,2026-03-28 02:35:32,1,"Almost impossible to find photos on the map, this feature not working at all",https://play.google.com/store/apps/details?id=com.google.android.apps.photos&reviewId=24ca1ad8-6ea5-4f20-82c0-fb119861faf8,cannot_find
Google Play Store,2026-04-08 18:55:03,1,"The search is terrible now, I have pictures of monkeys from a trip. If I search any variation of that word it refuses to search. So sad. I want the old search back",https://play.google.com/store/apps/details?id=com.google.android.apps.photos&reviewId=18874898-f113-40b0-ba12-4e7b58e3b942,search_broken
Google Play Store,2018-11-17 23:44:01,1,"Deeply frustrating. I want to load a bunch of photos from my tablet's SD card for sharing online but Photos can't detect them. It won't give me a conventional open dialog to let me navigate to the folder where they're stored (though at the same time the ""assistant"" has randomly picked one of these ""undetectable"" photos and put a blue filter on it - what?!?) Tried loading photos into the app from the file manager which looked promising but Photos seems to have uploaded them to the cloud without cataloguing them in any way so they're still not available within the app and I can't find them any other way. Worse than useless.",https://play.google.com/store/apps/details?id=com.google.android.apps.photos&reviewId=c7ae1e28-8dbe-40a6-82ff-8e2ebabc5c97,cannot_find
Google Play Store,2021-11-10 07:19:33,1,"No customer service. 0 stars. I keep getting a message that my pictures are ready and I go to the place and they cannot find them anywhere. The address was verified, but no pictures at the ordered address. So now I'm gettting in trouble with google photos for not picking up my photos. Ideally some of the intelligent google web designers should have an option to report this. The place where I printed my pics have no way to report the photos missing on their end. No contact for google photos anywhere.",https://play.google.com/store/apps/details?id=com.google.android.apps.photos&reviewId=fe2fb44d-e9f5-49d3-8f92-1a26b2dc68b0,cannot_find; photos_missing
Google Play Store,2021-02-15 09:44:19,1,The app is extremely clunky to use I prefer the built-in version that came with my phone that didn't automatically try to organize it based off of where it came from I preferred it when it was just all in one large file sorted by date but now most of it's archived and I don't know how to to bring it back to my phone to where I can access it easily,https://play.google.com/store/apps/details?id=com.google.android.apps.photos&reviewId=2e0173fc-c86d-42bc-b401-e5543f8ba6ba,forgot_details
Google Play Store,2024-09-23 10:29:40,1,"This latest update so sucks. I've uninstalled to the last version, but no the flash a page as soon as you open your app every time saying ""your missing out switch now ..."" The they upgrade. I can't find some photos the library is gone, the files are under the screen, as is photos.and albums renamed too. They make you backup again ally your photos, and want to sell you stuff, with intrusive advertising. I do not recommend upgrade.",https://play.google.com/store/apps/details?id=com.google.android.apps.photos&reviewId=dbd82c71-7c6f-412f-9845-bd4510f50e5e,cannot_find; photos_missing
Google Play Store,2023-05-29 06:17:13,1,I went to the free up storage option and it did NOT clearly tell me that all my photos would be completely deleted from my device with no way to get them back quickly. I am very upset that it did bot properly explain what the 'service' did. Nor do I remember a photo limit when i started using. Looks like I need to find another app. This has been a problem for many users and Google seems to not care,https://play.google.com/store/apps/details?id=com.google.android.apps.photos&reviewId=d0049a50-60c9-487e-a728-48e4e9f2080e,forgot_details
Google Play Store,2023-12-05 16:57:23,1,"I loved the facial recognition feature that allowed me to group photos together. I am devastated that I can no longer find photos of my loved ones, who have passed away, by name and face grouping. I don't know where the photos are or how to find them. I have had this app for years, and that feature alone made this app worth it's weight in gold. Please consider putting that feature back. Thank you.",https://play.google.com/store/apps/details?id=com.google.android.apps.photos&reviewId=23a17ac8-c608-4d4a-a4d9-b38c8b3b9f23,forgot_details
Google Play Store,2019-05-08 04:09:58,1,"I'd like to say I want my photos back, I had all kinds of separate holiday pics and just regular pics of friends and relatives and other plane everyday pictures, all in my gallery and when I finally got around to sorting and placing them where I wanted them, then I tapped the symbol to where I wanted them, and never seen them again,apparently they all ended up in Google photos where I can look at them, but I can't retrieve them back, no matter what I do.",https://play.google.com/store/apps/details?id=com.google.android.apps.photos&reviewId=58fa8a5a-dc7b-447f-822e-f592cc564335,cannot_find
Google Play Store,2020-11-28 20:38:06,1,"Usee to be a decent and easy to use app, now with the latest few updates it's become gradually more unusable. Sharing photos with shared albums doesn't work, whereas it used to be seamless. App says I've sent photos whereas when I check on my partner's phone none of them have been sent or delivered, messages won't even send. Also how can a Google phone not save pictures from GOOGLE CHROME TO GOOGLE PHOTOS. It's next to impossible to find downloaded photos.",https://play.google.com/store/apps/details?id=com.google.android.apps.photos&reviewId=c0d9c7ee-b997-45b9-9b41-9082d6a41a82,cannot_find
Google Play Store,2020-10-16 18:52:37,1,No way to find and delete duplicates. When you try to group certain people or events your ONLY allowed 500 images in a group. Also if you want to download images from Google photos back to your device you only allowed to do a handful at a time. They don't tell you any of this until after you highlight a couple hundred images and waste hours of time and then they tell you. Just spent three hours going through 10 years worth of pictures to make one folder and was told the limit was 500!,https://play.google.com/store/apps/details?id=com.google.android.apps.photos&reviewId=69c4d180-969e-42ae-af06-36082f42fd6b,cannot_find
Google Play Store,2023-11-19 02:05:37,1,It sucks on my type of device. All my other devices are fine. It works but on this device it doesn't work. Maybe 2 photos out of 10 will show itself. The rest is grey/blank. I go to Facebook and I can't even pull up any photos. It's all grey/blank. So how am I going to see my pics or videos and post them if I can't even see them in your app? Tisk tisk. Fix it for the pixel6pro,https://play.google.com/store/apps/details?id=com.google.android.apps.photos&reviewId=e1c08dee-0ef5-43f9-9de4-a475704915ab,cannot_find
Google Play Store,2020-09-05 11:38:44,1,"I've been using this app for more than 3 years , I have to say after this new update which is moving things into 3 tabs , no hamburger button , difficult to find the shared albums . Is this really ux done by Google ????? It's so difficult to find things now , sometimes I just leave the app instead of finding the pic I need .",https://play.google.com/store/apps/details?id=com.google.android.apps.photos&reviewId=ec207b51-7963-47af-87b2-0edb02d6befc,cannot_find
Google Play Store,2023-05-22 22:11:49,1,"Super frustrating app. I added images to Google photos on my computer then try to use them on my phone to post on socials, and the album is nowhere to be found on my app.... The settings for backing up phone photos is also super confusing and not user friendly. Search option is useless. Plus, I keep turning off face recognition, i find it creepy but it keeps doing it anyway. I pay for the storage every month yet can't use it because backup features are just way to confusing.",https://play.google.com/store/apps/details?id=com.google.android.apps.photos&reviewId=2d9438a8-3301-4d5d-9c6e-b1681c2dc795,search_broken; photos_missing
Google Play Store,2024-09-24 05:53:28,1,"Where are all my albums such as the ones for Messages, Downloads, WhatsApp, Messenger?! They are not listed in Collections albums. This used to be an easy, intuitive helpful app but since recent changes I hate it. Please tell me how to find and automatically keep showing the albumss that used to be visible in Library. No - not how to search for an individual photo in one of those albums. I need to see the list of albums. Edit: finally found in a section called On This Device. Not helpful.",https://play.google.com/store/apps/details?id=com.google.android.apps.photos&reviewId=3087aef0-d27e-4326-8b2d-af95dce45294,where_did_they_go
Google Play Store,2024-09-02 00:15:40,1,"Latest update has ruined ""search"". I can no longer search for images by typing in a word. I have thousands of images but when i type Food or Trees as an example,nothing comes up. Edit. I tried everything but uninstall the app as im scared ill lose images even though everything is backed up (this happened to me last year). So,still cant search for specific images.",https://play.google.com/store/apps/details?id=com.google.android.apps.photos&reviewId=ca20dab9-4897-47d6-81d6-4547ce48c55e,cannot_find
Google Play Store,2023-07-11 11:47:48,1,Decided to back up my photos with the intention of purchasing more space in the future. Google Photos decided to lose several albums and hundreds of photos. Can't find them anywhere. I certainly won't be backing up my photos on Google photos again. Also the way Google Photos organises the pics on the app is awful. The interface is terrible,https://play.google.com/store/apps/details?id=com.google.android.apps.photos&reviewId=4eff9c30-3369-47f5-a59b-9627a02c3573,cannot_find
Google Play Store,2023-02-22 03:23:10,1,"I have a Pixel phone and Google photos is, by far, the worst app on it. Forced my photos to be backup on Google One with 15GB and now I constantly get reminded that the storage space is almost full (97%). I've tried multiple times to get all the backed up photos to be back on my phone, can't find anything to help me or do what I'm looking for. Google only offers a 2 step way to ""fix it"" nothing more. Yet, still doesn't work because it delete the photo on my phone storage AND Google One...",https://play.google.com/store/apps/details?id=com.google.android.apps.photos&reviewId=a18aa57e-3182-4181-93a4-0873d6e72991,cannot_find
Google Play Store,2024-03-28 08:08:50,1,"It allows me to save my pics of years ago, even if it is deleted from my gallery. And also the best part is, it gives you a flash back of years ago with cute titles. But one thing I didn't like that there's no privacy to hide the photos, anybody can excess the photos and videos without any lock. Edit:it used be an awesome app but now pathetic, all my photos and videos got deleted from everywhere. I cannot find that either in my gallery nor gphotos. I cannot even see it in my restore bin sadly",https://play.google.com/store/apps/details?id=com.google.android.apps.photos&reviewId=6c4a4edb-7edd-4fbf-8c48-b9e999ba4d98,cannot_find; about_old_content
Google Play Store,2021-11-29 01:23:24,1,"It archived all the photos from my phone, telling me it would free up space in Google photos (I assumed it would archive pictures from the Google app, not from my phone) now 3000+ of my photos are gone from my phone and aren't in their folders in the Google app so it's complete chaos. I can't figure out how to unarchive them the help center was absolutely useless, giving feedback seems to do nothing, and I can't find any kind of support to contact. The email linked to this page is out of use.",https://play.google.com/store/apps/details?id=com.google.android.apps.photos&reviewId=0220b5f4-5f4f-46ff-84fa-e1e7ca5bf6d6,cannot_find
Google Play Store,2024-10-05 07:25:19,1,"I don't know why, but the app now is terrible. If I open the app and want to find a pic I JUST NOW downloaded, it's not there and I can't hunt to find it. I am supposed to automagically know which folder it's in. Just show me ALL of my photos in one place. I will have to find a better option to manage photos on my phone. Thank you, support, for the link. The very, VERY first instruction was that I could select ""All"" from ""Collections"" to see everything. It's not there.",https://play.google.com/store/apps/details?id=com.google.android.apps.photos&reviewId=64199b84-8e34-4dea-b031-ccbe99897f17,cannot_find
Google Play Store,2020-08-17 09:28:30,1,"The new UX is absolutely terrible. This was such an intuitive app before these latest changes. Sincerely, as an Android Developer and Engineering Manager, you need to roll back. I literally can not find half of the things I want to get to. Finding albums shared with me took me 10-15 minutes of digging through every screen to come up with nothing, and then finally notice there is a conversations button in the top left corner of the app bar where shared stuff lives. Like what?",https://play.google.com/store/apps/details?id=com.google.android.apps.photos&reviewId=38545ef2-3285-4544-840f-251464da37a6,cannot_find
Google Play Store,2021-03-16 19:04:53,1,"Terrible. Soo difficult to understand. All my photos are now missing. I can't find them. Google wants to control where they are, how to get them back, they want to share with facebook, Instagram, they pick out random names from my contacts to share with. But I can't get them back for myself. I wish I never used this Google app to store(steal) my photos!",https://play.google.com/store/apps/details?id=com.google.android.apps.photos&reviewId=975f6cf9-247f-4abc-9fc2-5f3834e3ae96,cannot_find; photos_missing
Google Play Store,2023-06-20 12:52:37,1,"They won't allow you to use their app without enabling them access to your pictures and as soon as you do they will upload all of your photos to their app. I disabled backup, it was hard to find btw. Took some pictures today and they have been automatically uploaded to this app after disabling backup. Also the pictures I deleted on their application were deleted on my phone too... no comment. ALL THOSE IMPORTANT PHOTOS AND VIDEOS, MY MEMORIES GONE. How is this okay?",https://play.google.com/store/apps/details?id=com.google.android.apps.photos&reviewId=45a4d96a-5085-4638-9903-815578fd66ca,cannot_find
Google Play Store,2019-01-02 22:13:14,1,"It's rated it 4 but now I took it back, because I couldn't find the video I just created with google assistant spending whole lot of time. This is not the first time it happened. After creating video I tapped on the Save button, then I was redirected back to the assistant. Don't know where my video went. I think you guys can do better.",https://play.google.com/store/apps/details?id=com.google.android.apps.photos&reviewId=90d8b71f-70a0-4561-985e-8a453af8feaf,cannot_find; forgot_details
Google Play Store,2024-01-18 08:50:36,1,"Absolute garbage, takes forever to load photos doesn't properly display folders, doesn't allow for a streamline view, instead you have to scroll forever because some garbage feature that clusters by date which you cannot seem to change in settings. I cannot believe this is the default gallery for this damn phone. Absolutely horrendous app, constantly prompting you to pay for more storage when what it offers at a baseline is God awful. Would not recommend, would never recommend.",https://play.google.com/store/apps/details?id=com.google.android.apps.photos&reviewId=1bdbcc9b-7844-499e-a966-7449a20e76ef,endless_scrolling
Google Play Store,2021-06-08 18:41:53,1,"This app should not be allowed to modify local storage unless it's made VERY clear. This app deleted videos and GIF's on my phone that it claimed it had backed up when it asked me to clear up some space. I unable to find all of them. Some videos and GIF's were found and some were not for some strange reason. And I really don't like the fact that Photos groups photos taken on your phone, screenshots, and with random stuff you've downloaded in one folder. I remember they used to be separate.",https://play.google.com/store/apps/details?id=com.google.android.apps.photos&reviewId=c867805d-63e9-416b-9502-031e885982ea,cannot_find
Google Play Store,2020-07-01 09:30:31,1,"New update is terrible. Streamlined so much it's hard to find anything. Why call it library and remove albums?? Pictures are organized into albums since the beginning of pictures. Flickr made this same stupid choice years ago and finally went back to the word albums, because that's what they are.... albums.",https://play.google.com/store/apps/details?id=com.google.android.apps.photos&reviewId=e68dcf42-ec73-4cc5-8cde-a64d49c2b675,cannot_find; about_old_content
Google Play Store,2020-07-08 17:59:38,1,It inserts photos and videos randomly anywhere. Sometimes it's impossible to find them. I have raised this issue earlier also. It seems Google doesn't care about feedback. Logically the photos/videos must get appended on top based on the date they're getting inserted. This will help users to find them quickly.,https://play.google.com/store/apps/details?id=com.google.android.apps.photos&reviewId=e29deb3b-648d-4cfe-8e74-823ece869ad7,cannot_find
Google Play Store,2025-06-19 06:08:25,1,"The new AI search is...garbage. it doesn't seem to find things as well, and the interface is less than half baked. The thumbnails with an up arrow does...nothing? and I can't find a way to say ""show me where the rest of the photos from this day/album are"" like in the old search. the only new capability is that it explains my photos to me. why do I need this? I can explain them fine, I took them. just find them. you had one job search box. 😥",https://play.google.com/store/apps/details?id=com.google.android.apps.photos&reviewId=4d1d8dd6-ffec-49eb-b6b2-1eea7d49aaef,cannot_find
Google Play Store,2023-05-31 11:11:21,1,"This is pathetic. I have not had any of my photo upload on here since the 14 May that is 2 weeks now . What is going on. Where have all my screenshots gone and why are they not syncing with my phone. It hasn't shown any of my photos or screenshots for well over a week. Yet on my phone it's all up to date. You send me on a wild goose chase. That lnk you sent me was a waste of time. I still cannot find my screenshots. You expect people to use your app when you cannot , but it doesn't work",https://play.google.com/store/apps/details?id=com.google.android.apps.photos&reviewId=5e7d579a-f75e-4c0c-ae1d-79406f32d819,cannot_find; where_did_they_go
Google Play Store,2022-12-24 15:47:56,1,"It is an utterly dumb, limiting app. Why do photos added to locked folder get deleted if the app is uninstalled! It is way too easy to lose sensitive information. Why is there never a select all button when you need it? I'm in an Album and I have to scroll down at glacial pace trying to select everything. Why is there no download back to phone option? The mobile Photos app is a cage, very hard to escape from. I miss my iPhone at times like this.",https://play.google.com/store/apps/details?id=com.google.android.apps.photos&reviewId=a4245297-db86-45eb-be99-f825bb052aba,endless_scrolling
Google Play Store,2023-09-14 06:28:55,1,"DO NOT USE FREE UP SPACE FEATURE!! yes it saved all my photos, but the albums are GONE. So now it's ONE GIANT ALBUM AND I CAN'T FIND ANYTHING I LOVE. Very disappointed and will be considering other methods of storage at this point. I'm furious. Absolutely furious. Update: the link they posted below sends me to a troubleshooting page for not having access to my pictures. I have access to my photos, but the albums themselves were deleted and all the pictures are not sorted at all. Please advise.",https://play.google.com/store/apps/details?id=com.google.android.apps.photos&reviewId=6f79da39-5b67-4de0-832a-646b45d2546f,cannot_find
Google Play Store,2020-12-24 21:26:55,1,"Very useful app but Terrible UX Examples: 1. Want to create a movie, it says select up to 50 photos or videos but it just presents a chronological view - You can't select from an album or from search. 2. Creating an album based on search results. You have to select every photo or day to add it to an album. Why can't I save the result of a search query to an album? 3. Create movie option is only available onobile not on the web where it will be much more useful",https://play.google.com/store/apps/details?id=com.google.android.apps.photos&reviewId=077a8081-dcfd-465e-b3f5-99cf1ec80a53,cannot_find
Google Play Store,2018-12-28 02:36:56,1,"I don't know if this a Google Photos or Google Hub issue. The Hub will use a Photos album to create essentially a rotating screensaver on the Hub screen. I couldn't figure out why I wasn't seeing all the photos in an album. Doing some research, I learned Google (Hub or Photos - don't know which) arbitrarily selects which album photos to show. That's beyond ridiculous, it's outrageous. If I pick 10 photos of my granddaughters to show, Google shouldn't decide I only get to see 6.",https://play.google.com/store/apps/details?id=com.google.android.apps.photos&reviewId=95fa59da-d2eb-411d-9900-e74b30409026,forgot_details
Google Play Store,2024-05-05 19:46:56,1,"Dear Google, why do you hate your users? It's impossible to find anything in this gallery. Not to mention the idiocy of not being able to flip photos in your app and the consequenct requirement to download a different photo processing Google app is beyond comprehension. So I end up having three Google apps for what should be one! One for flipping, one for viewing (Google Gallery) and one for cloud backup (Google Photos). Can we stop this idiocy please.",https://play.google.com/store/apps/details?id=com.google.android.apps.photos&reviewId=c0877929-38dc-4832-baf4-dbfd70217def,cannot_find
Google Play Store,2022-05-13 17:40:14,1,"Complete garbage. You can't even find your photos after you take them. However if you decide to send a photo and a message.... Miraculously, there they are! But you can't go into your photos app and view them normally. The only way you can find them is to send them in a message. As I said, total garbage!",https://play.google.com/store/apps/details?id=com.google.android.apps.photos&reviewId=561a485a-35b0-4076-8ebd-6c43cf5e823a,cannot_find
Google Play Store,2019-04-13 17:39:29,1,Known Fault Google Can't Fix: Google photos saves Thumbnails/Smileys as individual files meaning there can be a 100 or more on your gallery. It is sometimes hard to locate your pictures. Use google and you will see lots of people have this issue. Google know of the problem but no updates have come out that resolve this issue. No one wants to save these images so why they can't be stopped os very poor imo,https://play.google.com/store/apps/details?id=com.google.android.apps.photos&reviewId=203566b9-7f79-4c6f-823a-2c46c9bfb024,cannot_find
Google Play Store,2022-02-20 21:36:33,1,"Since signing up recently for the Google photos app (less than £2month) my phone has been taken over; different layout, can't find my regular apps, different colours, emergency mode locking me out, can't access half of my photos, lots of messages I don't wish to see! Dreadful!",https://play.google.com/store/apps/details?id=com.google.android.apps.photos&reviewId=9a21edb8-ac57-4487-9a4e-b63ec4998510,cannot_find
Google Play Store,2022-07-14 07:49:25,1,Not only did i have a horrible experience with this app yesterday it got even worse today. I had my photos backed up and was finally done. But i pressed my other account like normal. It proceeds to back up everything on that email automaticaly while putting the photos in the wrong spot/date. This app is horrendous. I scroll through thousands of photos just to find a picture that's not even in the correct spot. It messed up all the dates. Absolutely would not recommend. Might switch storage apps.,https://play.google.com/store/apps/details?id=com.google.android.apps.photos&reviewId=73b846a3-895f-433c-96ab-e559ce32f6c1,endless_scrolling
Google Play Store,2024-04-27 23:28:39,1,"Like Most updates, only an advantage to Google...still can't find anything and disappearing photos, over thought and cross referenced...it's a camera, and simple storage space...not a world changing tool..fix & leave alone. Still goofy no matter what articles say or how much we read, try you fix less I got to do and it's what paid for.",https://play.google.com/store/apps/details?id=com.google.android.apps.photos&reviewId=c42a91a2-4322-468b-85c4-a49a10814078,cannot_find; photos_missing
Google Play Store,2019-10-03 02:20:36,1,When i started using it. It was awesome app but day by day its getting deteriorated. Even after backing up video i cant find my video after deleting it from storage. Many of my old back up photos are missing. Whole album are missing. And most important all my Video which was precious to me are missing. Totally not expectable from Google. Sometimes it take decade to view your photos. No option to refresh. It just take time to get your photos. Absolutely blunder by Google. Very dissapointed.,https://play.google.com/store/apps/details?id=com.google.android.apps.photos&reviewId=99324e0f-9f07-4fc2-a0c8-b8a98d15d4fb,cannot_find; photos_missing
Google Play Store,2023-03-27 08:15:15,1,Update; Where are my photos? I had some very important photos on my phone and they have disappeared!!!!! And they're not in the cloud!!!! Don't like that a photo app. needs to control my entire phone. Updated to the newest version one night and the next morning my Brave browser and ALL my bookmarks were gone!!!. I've been using Brave for 3 years and would NEVER delete it because of the privacy it gives me compared to Chrome. Will delete the Google Photos app. If anything like that happens again.,https://play.google.com/store/apps/details?id=com.google.android.apps.photos&reviewId=4011d541-186c-415b-b1e3-eac2beacf10c,where_did_they_go; photos_missing
Google Play Store,2022-06-16 20:30:37,1,"Rename option please. Pics look great, can't identify subject tho. Editing features used to be nice but now can't write with my finger inark-up. Lame! Focusing is iffy at times and shifts too often, esp. in video mode, night mode is swell. Oh, albums option sucks. 1/2 the time I can't find my album, can't give it its own icon/cover photo and too many steps to find it. When I click 'albums' I should see my albums up top, not have to scroll past a big blank square with an 'add album'",https://play.google.com/store/apps/details?id=com.google.android.apps.photos&reviewId=af4d9c19-1537-419a-a508-002dbc7ba5a4,cannot_find; endless_scrolling
Google Play Store,2021-03-07 16:42:55,1,"I just updated the app and now 6 years of photos from overseas trips are missing. I literally have 1 photo from 2014.1 photo! This is so bad. What do I do? I have Google photos so i didn't have to worry about losing anything and I've just lost 6 years of photos in an instant with the update? Please help Google photos! Sorry to give such a bad review but I couldn't find where else to contact you! Please pleasaaaaase reply I'm so upset. Trips with my mum and everything, just gone.",https://play.google.com/store/apps/details?id=com.google.android.apps.photos&reviewId=b1b3c6b8-8be9-4de1-917e-ebb1222a33ce,cannot_find; photos_missing; about_old_content
Google Play Store,2020-11-07 08:51:12,1,"I pay for extra storage. I had 20 Gig of photos on phone. These were organised in albums. Phone memory was full, so Google Photos gave me option to upload everything to the cloud, deleting originals from my phone to free up space. When I clicked that, I expected that album structures would be preserved, so what's stored in cloud would be as it was stored on my phone. This was not the case. I now have YEARS worth of photos that are stored in DATE ORDER ONLY. I can't find anything! Please fix! 🤬",https://play.google.com/store/apps/details?id=com.google.android.apps.photos&reviewId=8261cfbc-975f-43b0-b818-c866c01af746,cannot_find
Google Play Store,2021-05-19 08:18:14,1,"Honestly with the amount of bugs and glitches this app has, I don't know why I should even update it, instead of deleting it. I used to really love this app because of the pictures I was able to back up, aswell as save storage space. As of lately I have been getting messages saying that ""google photos stopped"" and it signs me out of the app !!! Some of my pictures from years back have been deleted and I can't find them at all. To say that I'm annoyed would be an understatement. Please fix it.",https://play.google.com/store/apps/details?id=com.google.android.apps.photos&reviewId=fc66835c-734b-4cbf-a6dd-53564b8d375a,cannot_find
Google Play Store,2024-08-26 12:54:29,1,"Recent update has caused chaos. All folders are gone, favourites are gone, albums are gone. I used to love it but... It has now become really difficult to navigate and find my photos as nothing is where it used to be. And everything I had created is gone. It's just a long list of chaotic photos.",https://play.google.com/store/apps/details?id=com.google.android.apps.photos&reviewId=f63b120f-615c-4a22-b4e9-d87bb8522bd1,cannot_find
Google Play Store,2023-05-03 23:46:35,1,"It is nearly impossible to find your photos in this app. If you edit one, it gets moved. You do NOT have access to all your folders at the same time. Forget accessing the ones on your SD card. I had to copy many over to my phone just to access them to share online. I HATE this app, and am looking for a new one that lets me use my own photos.",https://play.google.com/store/apps/details?id=com.google.android.apps.photos&reviewId=7238079c-a3f6-4f90-aeae-3f94dc28b12f,cannot_find
Google Play Store,2022-06-07 12:53:20,1,"I was very happy until I installed a media card and now the app can't find my photos or show them. No response on this old review. Lost the panorama feature on my camera and not working automatically either, so not amused. That problem disappeared with the Android 11 update but I still can't use my media card. Also it would be nice if the thumbnails showed the image format as one can't select post, landscape or panoramas for multiple shares from the square images.",https://play.google.com/store/apps/details?id=com.google.android.apps.photos&reviewId=1eb4be78-90ec-4029-90a7-8d88707c14e4,cannot_find; photos_missing
Google Play Store,2020-09-27 00:37:47,1,"Too much! What can I do to turn off all the extra features that are added all the time. I want to view, edit and delete....that's it! Highlights, category's, creations?! What the hell are these. I just want to view my photos without all of the added clutter that keeps being added. Latest update...16th September.....Now I can't find where my WhatsApp images are that have been sent to me. What the hell is the dev playing at? Used to be the go-to photo app for me. Now it's utter c**p.",https://play.google.com/store/apps/details?id=com.google.android.apps.photos&reviewId=ae143e9a-4fcf-4635-92a2-4ea84b5b9874,cannot_find
Google Play Store,2018-12-16 05:36:46,1,"Google occasionally ""backs up"" my device's photos, but then they are removed from my phone. I cannot find them from my photos app or Google docs or Google drive. This should be improved...if photos are stored to free up device memory, fine, but they should be more intuitively accessible.",https://play.google.com/store/apps/details?id=com.google.android.apps.photos&reviewId=33128e06-825e-4820-94a5-7d2f88268e01,cannot_find
Google Play Store,2020-12-12 13:39:57,1,"This app puts pictures in so many different file listings and locations, that i can't even find half my damn photos anymore. Why can't it keep it simple by keeping all photos, pics, screen shots, pic downloads and uploads in one folder and in date succession? So annoying. Running my phone out of space and some of my pictures become corrupted and lost forever.",https://play.google.com/store/apps/details?id=com.google.android.apps.photos&reviewId=f99154d5-7610-4582-a9b8-f2f22e0ae3f6,cannot_find; photos_missing
Google Play Store,2020-10-27 02:57:01,1,Hate the fact it's doesn't keep your chosen albums that are uploaded from your phone in a folder of the same name. Instead it just randomly decides where it wants to put each and revert photo making it impossible to find what you're looking for. Yes you can in the app look at the device folders and save those photos to an album you create but why it's can't do that in the begging i have no idea,https://play.google.com/store/apps/details?id=com.google.android.apps.photos&reviewId=eccc3727-7a7c-40c6-9cf6-ce94df6ea063,cannot_find
Google Play Store,2020-08-10 11:47:47,1,I can't stand this. I can't move pictures out of a folder to another. They stay in the original. If you did delete them out of pictures it takes them out of the folder you created that you want to keep them in. That never was the case before and it's a pain. everything is rearranged tonight I can't find anything without scrolling all the way down through the pictures. I want to go back to the other way now,https://play.google.com/store/apps/details?id=com.google.android.apps.photos&reviewId=8e463b00-83f8-4c19-9d15-81ce343dd5e9,cannot_find; endless_scrolling
Google Play Store,2022-07-09 05:06:26,1,"You're a perfect match for the Moto camera. STOP reorganizing my pictures to the point when I can't find them under the category YOU think they belong. I'll decide what pictures I wish to delete. How about you make a file saving system that allows me to reduce the bloated size of these pictures without having to download them to my lap top and choose which kind of photo I want by good old ""save as"". Your redundant one truck pony has worn out my patient level....",https://play.google.com/store/apps/details?id=com.google.android.apps.photos&reviewId=6300d666-766b-4b36-a7de-40f1ce0c98b3,cannot_find
Google Play Store,2019-10-18 18:27:44,1,"Pisses me the f off. Transferred from old from, jumbled everything randomly, makes impossible to find what i want. To the point i just download or find a photo again somewhere else just so i can fn use it. I probably have multiple copies of my photos. And i aint gonna go through 2k photos in like 7 auto made catagories to find a photo that somehow isnt in any!!",https://play.google.com/store/apps/details?id=com.google.android.apps.photos&reviewId=4126c591-d65e-468a-9f47-d6f9555ad682,cannot_find
Google Play Store,2021-12-24 04:42:23,1,You create a mini movie or collarge but you can't find it's location anywhere! Useless.... After a 2 to 3 year period no answer from Google help desk. Not that I was expecting an answer but a reply of some description would've been nice. As stated poor app did few vidioes & collarge photos but not able to find them anywhere.,https://play.google.com/store/apps/details?id=com.google.android.apps.photos&reviewId=b2f4a59a-3daf-438b-9ef7-92a510fc6508,cannot_find
Google Play Store,2025-04-03 01:08:08,1,"DOES NOT SHOW ALL MY PHOTOS ON DEVICE. I'm incredibly frustrated with this software not being able to show folders and not showing all the photos saved on my device. I am unable to find the photo's location on the device. If I go to 'Files' I can find some photos, but not of the photos visible in the Google Photos App. Where are the photos being stored? Why can't the Google Photos App allow me to change the folder location that images are being stored?",https://play.google.com/store/apps/details?id=com.google.android.apps.photos&reviewId=9a4b1086-0042-48cb-bcbb-04d8cc19c579,cannot_find; where_did_they_go
Google Play Store,2020-07-10 10:00:38,1,"I'm sorry but this update is terrible 😩😩 For you section doesn't exist anymore and I can't find the collages, animations and whatever that Google photos did on its own and that I really liked and used often. Upload is not instant anymore, and I have to open the app for it to start uploading. The interface was much more friendly before.",https://play.google.com/store/apps/details?id=com.google.android.apps.photos&reviewId=6ef64ce3-7253-4283-9bdb-bcfdef4cd8a0,cannot_find
Google Play Store,2021-03-06 15:58:10,1,It deleted all my photos without asking me what for and now I can't find any of my photos and or screenshots. I didn't give it permission to delete the files I had. I come back and everything is gone. It's it in trash nor the archive. All those memories are gone. If you can somehow Change this and fix this then maybe it will be more than one star. I want my photos back.,https://play.google.com/store/apps/details?id=com.google.android.apps.photos&reviewId=d0d7ab88-362c-4868-b1ef-c3bc725bffb3,cannot_find
Google Play Store,2022-10-28 07:11:43,1,"This program makes it difficult for organizing photos... editing this because here it is 2 years later I still feel the same. Where is my ""screenshot folder""? I had one on my old phone. My new Samsung 22 throws them in the ""camera"" and there is no way to seperate them conveniently. I searched the web for hours yesterday, I even factory reset the phone thinking I did something wrong. But alas, nothing.",https://play.google.com/store/apps/details?id=com.google.android.apps.photos&reviewId=c8f7ea86-aeea-403a-94ec-89d94e2f61c3,where_did_they_go
Google Play Store,2023-12-22 06:57:24,1,"It's enough that things keep changing , and often making suggested changes turns out to be less than great... I would ask that we are given a choice, to keep things as is, , or to make changes, but it should NEVER be imposed on on the users. That is my suggestion . Make it simple. I have had photos disappear. I don't know why . I don't have photos from a couple of years ago. Where do they go?",https://play.google.com/store/apps/details?id=com.google.android.apps.photos&reviewId=65129752-bffc-4ada-88a4-7e91a3b5f998,where_did_they_go; photos_missing; about_old_content
Google Play Store,2024-01-17 08:49:12,1,So many errors and lost photos. Sharing albums is a nightmare and I can't find a way to fix it without more errors. I try to delete photos now to make room since there is a 15 GB limit and I go back and they are NOT deleted!! Is this some kind of scam to get people to pay for the storage? I will be switching phones from the Google Pixel to something else more reliable. Terrible experience with everything.,https://play.google.com/store/apps/details?id=com.google.android.apps.photos&reviewId=2249f022-83d4-436f-b33a-cdf0943dcaea,cannot_find; photos_missing
Google Play Store,2020-08-10 04:12:11,1,"I liked the app until they just updated it. It's hard to find the stuff I used to use. Animations and videos created by Google, shared photos. When you click on a notification it doesn't take you to the notification. Problems sharing albums. Error, can't play video. These issues started occurring with the last update.",https://play.google.com/store/apps/details?id=com.google.android.apps.photos&reviewId=0dcfd578-592b-4b05-b7ff-da249e49b841,cannot_find
Google Play Store,2024-02-03 02:42:08,1,Cannot locate photos from apps like Facebook or Instagram all of a sudden. Only lets you select pictures others have sent to me but cannot locate any of my photos I took from my camera roll . The suggested goo.gle/3qEQB1y. Wasn't what I meant . The photos are showing on Google photos but they are only showing in Google photos. Can't find them on other apps,https://play.google.com/store/apps/details?id=com.google.android.apps.photos&reviewId=90b4abb8-bec7-43b0-bea7-c7862445352e,cannot_find
Google Play Store,2020-12-31 23:21:06,1,"This used to have helpful functions. Example: I could search ""dog"" and see all the dog pictures on my phone. The search is basically useless now since an update at some point. I had albums of family and pets, and an album of years of progress on a truck build, that are gone now. If I want to look for a particular person, truck picture, vacation picture, etc, I have to scroll through hundreds of photos chronologically to find it. I'm very disappointed in how useless this app has become.",https://play.google.com/store/apps/details?id=com.google.android.apps.photos&reviewId=47b44238-c63f-4798-92af-3634f3cede17,search_broken; endless_scrolling
Google Play Store,2022-07-01 10:04:04,1,"Mechanic is extremely confusing. I backed up a folder, deleted some pictures from the device only, they disappeared inside the unsorted mess that is the photos ""main"" album. Then I wanted to delete them from the cloud too but it's impossible to find them since the main album has everything in it, so I unsynched the device, deleted all photos and run the backup again so I would only keep the images that are on my device. Its now deleting my photos 👍 Glad I have them on OneDrive too. pos service",https://play.google.com/store/apps/details?id=com.google.android.apps.photos&reviewId=fee68911-7e9c-4eb2-840f-f5b52eefdce2,cannot_find; photos_missing
Google Play Store,2022-10-01 10:14:58,1,"Vexing. When you select ""photos"" the grid view shows all files including videos. If I select search and go to the categories I can select videos, screenshots, selfies but NOT still photos. What's worse, whilst I can disable autoplay of videos in grid view I can't find a way to do so, as a universal setting, for when I scroll through the individual files. Online commentary suggests Google has taken it upon itself not to allow that. Appalling and breathtakingly stupid if it's true. PHOTOS!",https://play.google.com/store/apps/details?id=com.google.android.apps.photos&reviewId=d5bcd12e-7553-4475-9d18-16039ebe3e73,cannot_find
Google Play Store,2024-08-22 01:44:06,1,"The backup photos was turned on default, it's filled up my Google storage and now I'm getting emails saying that my googlemail account will stop working unless I buy more storage. I wanted to try and delete the backed up photos to create space, however this wil also delete them from my phone. I can't find guidance to get round this. I hate to say it but it sounds like a bit of a scam to to get people to pay for more drive space.",https://play.google.com/store/apps/details?id=com.google.android.apps.photos&reviewId=21ac7353-f5df-490b-b5e8-1f68e2297e78,cannot_find
Google Play Store,2019-11-15 01:16:17,1,"I keep my photos in SD card. All my photos are backed up ( I checked in the web). But still it shows that 2000+ photos left to back up. Every photos in my gallery is shown twice... What a heckk. This was not the case even 1 month ago, everything was working fine.... But now I have to scroll even more because it doubles every photos in my phone... Fix it with immediate update",https://play.google.com/store/apps/details?id=com.google.android.apps.photos&reviewId=76be034a-aaf7-4c1b-979b-e68af62aff2e,endless_scrolling; about_old_content
Google Play Store,2020-02-24 20:54:44,1,"I hate it. I cant find anything easily! The crappy app just puts everything wherever it wants to It's aggrevating as hell. You don't even know when the app shares your photos , it makes annoying music play on top of your videos over riding the original recording , that really sucks! The app does whatever it feels like and you go through a bunch of BS to try and sort your pics out your way. I hate this app!!!",https://play.google.com/store/apps/details?id=com.google.android.apps.photos&reviewId=17756b9a-047e-4ea6-ba9c-4cc02b02ee4b,cannot_find
Google Play Store,2022-08-18 17:06:03,1,"Why on earth does this app delete photos from my phone gallery at the same time as I delete them in photos? Why, also, are saved to phone photos sent to this app instead of...you know...my phone? Not at all cool. My gallery has tons of space and I wanted to use this app to only save important photos. Hard to find any useful things to fix this in the settings.",https://play.google.com/store/apps/details?id=com.google.android.apps.photos&reviewId=73869601-24a2-4b30-a4b0-e9ac4d06a7f9,cannot_find
Google Play Store,2021-03-19 06:24:42,1,"Hate the additional row that allows sharing through Google. Other apps can't find a picture sent this way. Other apps can't find the picture. I can't find it. Where is it? Can't find it in Library, or Files. Can't get rid of it either. Poorly designed. I also can't get rid of Print Shop in this app on Blu phone. Photos aren't backing up to Google Drive even though I checked settings and it says ""Back up Complete"". Can't ""Select All"" and manually upload them, I have to do each photo individually. Some photos don't show up in Photos, but will with another app? Not user-friendly at all. Poorly designed to maximize Google profits, but awful for the average user. I just tapped ""Save to Drive"" and it downloading ???, not uploading photos to Drive???? Plus I had to uninstall updates so my elderly Mother wouldn't be confused by all the printing services and other gobbly gook, but now constantly interrupted to update which will cause confusion. Google - you suck! You should have two folders, Pictures and Videos, and sub-folders below that, not ""messages', ""downloads"" and twenty other places to look when you want to look at your photos. Then have a sort by, Date, app, ... Google complicates simple things, I just don't get it. I'm looking for two animated photos that show up in ""Photos"" under ""yesterday"", what effing folder are they in because when I go to ""Albums"" they are no where to be found! Can't find them in ""Files"" either. They aren't under any heading!!!! AND the idiots use the messaging symbol for share!!! Just sloppy work from Google for years now.",https://play.google.com/store/apps/details?id=com.google.android.apps.photos&reviewId=abacdc3b-9f94-4012-8ecf-7ef4d52cef00,cannot_find
Google Play Store,2020-04-22 03:01:30,1,"So sad this photo gallery comes pre-loaded on your phone. A very unintuitive and difficult app to use. Sometimes I take a picture with my phone, then going to the Google photos and cannot find the very last picture I took one moment ago. A very frustrating experience to even find a photo you literally just took, all while some photos from who the hell knows when are sitting right in front of you and you do not want to view. this app makes me want to smash my phone against the wall. 0 stars!",https://play.google.com/store/apps/details?id=com.google.android.apps.photos&reviewId=4b2ec4d1-039d-495b-b611-78956f1b6cdd,cannot_find
Google Play Store,2019-04-18 07:07:28,1,Google photos stores your pictures or images in random folders with random names and you are unable to locate the file that you need to either attached or share with any sort of ease. it is very frustrating. Google please fix the way that you store your images and the way that images are accessed when writing an email or when being shared.,https://play.google.com/store/apps/details?id=com.google.android.apps.photos&reviewId=b8765c66-c61d-4e29-bd63-bf372521da03,cannot_find
Google Play Store,2023-08-26 17:03:45,1,"I despise this App. It eats up phone resources like RAM and drive space. It is difficult to find your photos, as it places them wherever ""it"" wishes. I hate to be dictated to or to have an App ""try"" to think for me. It does a horrendous job. Each time you share a pic through text, social media, e-mail, etc., it makes a copy of that photo repeatedly. Thus the perpetual bloating. Again, no way to avoid using because it is a resident App that comes with each Android phone. Forced to buy storage.",https://play.google.com/store/apps/details?id=com.google.android.apps.photos&reviewId=b562405e-7674-4478-beff-81fdc5500722,cannot_find
Google Play Store,2024-06-20 22:34:05,1,"Recently my photos started to become ""missing"". When I finally found them I realized they weren't missing but instead they had been moved to incorrect dates than when the pictures were actually taken. It has begun quite a struggle to find any pictures at all after this due to the scrambling.",https://play.google.com/store/apps/details?id=com.google.android.apps.photos&reviewId=7aa982e5-e4a0-447f-bb29-0b84559d3392,cannot_find; photos_missing
Google Play Store,2024-07-07 03:29:42,1,"Getting/editing photos from and to phone is a pain. If I don't edit directly from the camera app, it'll let me edit, but when I save, it is impossible to find (even after it says photo saved). Really needs work to be able to edit photos from local storage. And please, give option to resave locally. Cloud offering is so unreliable.",https://play.google.com/store/apps/details?id=com.google.android.apps.photos&reviewId=b6fc2107-85b2-4e82-9b5e-ebe51abefa3f,cannot_find
Google Play Store,2019-08-31 00:50:22,1,"Dont like it, confusing, cant access all photos, has jumbled all my folders so i cant find anything, cant zoom without image distorted, keeps sending me editted versions of my photos even though function is turned off. Im sure there is more that enoys the .... out of me. Cost me heaps uploading my pics with telco, like $200 before i realised it was running the backround swallowing all my precious photos and expensive data. Pretty well defeated with updated win 10. Sux",https://play.google.com/store/apps/details?id=com.google.android.apps.photos&reviewId=96fe8e65-deca-44f7-bacd-acd423aef88a,cannot_find
Google Play Store,2023-11-10 17:28:41,1,"Edit: It still sucks. Uninstall it. WTH?! I can't find anything or do anything with this app. I don't need smile recognition or the automatic sorting of my images into arbitrary albums or automatic edits. The update is ridiculously complicated rendering it useless. I'm tired of being prompted to update my album. Hey, good luck posting anything to social media! I select a photo and it does not upload. And my images just disappear on a whim. This is a trash app. I'm uninstalling it from my phone.",https://play.google.com/store/apps/details?id=com.google.android.apps.photos&reviewId=995aa22b-5d3d-452d-a711-8af339927207,cannot_find; photos_missing
Google Play Store,2023-03-13 09:06:44,1,"It's official. I hate this. I thought I was cleaning out files but I think it ""backup"" or something and now half my pictures and downloaded images are gone. Even the videos I took the same day aren't there anymore. I don't think they're deleted but I can't find them anywhere. Now I feel like I have to download EVERY SINGLE LOST PICTURE/VIDEO from the account one by one instead of quickly transferring them through the files they were in, USB style. That's hundreds of files, man...",https://play.google.com/store/apps/details?id=com.google.android.apps.photos&reviewId=740751bc-cdf0-43a5-807e-486146885e84,cannot_find; photos_missing
Google Play Store,2024-10-22 18:48:39,1,"The back-up system of this app is a mess and not user-friendly. There's no way to look at the photos you've backed up. I am having trouble finding photos I've backed up, and now I have no idea where to find them. I've tried every way to restore and look for it but still, nothing. I would expect a higher quality coming from a brand like Google. Why is the app so bad? I am extremely frustrated that I am even having this problem. No photo app should be this hard to navigate.",https://play.google.com/store/apps/details?id=com.google.android.apps.photos&reviewId=8b622dfe-ccf5-4b28-a6a1-84d36b3ba7b2,forgot_details
Google Play Store,2020-08-12 12:57:46,1,WHERE ARE MY PHOTOS??!!! Since updating the app is 100% RUBBISH! All my 'Faverourite' photos are GONE. Videos GONE. MISSING PHOTOS ALL OVER THE PLACE! The search option is frecking hideous and I can't figure out where anything is. I used to never even think twice about backing up my media to Google and deleting them off my phone but now I'm emailing all my media to my myself for safe keeping because I'm in a constant state of anxiety that Google will erase more of my pics and videos.,https://play.google.com/store/apps/details?id=com.google.android.apps.photos&reviewId=d7d6305d-fc6c-4fa4-9b67-abb39fd57f2c,where_did_they_go; photos_missing
Google Play Store,2019-01-24 00:24:01,1,"Very annoyingly I cannot move pictures to the bin anymore it is just not working. Even more annoying, the pictures moved to the bin in the past have been automatically restored for whatever reason in random places which put the timeframe completely off. Couldn't find why it does that so far but it is frustrating",https://play.google.com/store/apps/details?id=com.google.android.apps.photos&reviewId=4a72bba8-6f38-499b-b74c-ed208246c077,cannot_find
Google Play Store,2020-11-19 10:22:30,1,"I had several folders created previously, which had nicely curated photos arranged by me. My phone's gallery showed them as albums. When I started using this app I got suggestions by it to sync my device folders. I happily uploaded whole of my gallery's folders. But to my utter dismay and disgust I could not find any photos arranged in the folders. According to google support those folders were not made using Google App and it doesn't recognise them as albums. Now I hve 1000s of unsorted photos",https://play.google.com/store/apps/details?id=com.google.android.apps.photos&reviewId=0406f22c-f148-4204-ad69-1ffc5b249979,cannot_find
Google Play Store,2020-08-21 12:00:54,1,"Without a doubt the least user friendly experience I have ever had with a phone. Instead of having instant access to all media in one folder, it's split into all sorts of folders and so hard to find and organise. I'll never buy another Google phone again. The pixel is terrible.",https://play.google.com/store/apps/details?id=com.google.android.apps.photos&reviewId=6b34bebf-e831-496c-92d0-eef87e180abd,cannot_find
Google Play Store,2022-03-21 03:08:45,1,"No issues until the most recent update, now all photos are being displayed under the wrong date. This is now almost unusable as a photo gallery as you can't find photographs from a a specific day. This is very upsetting as you take photos to remember a day and without an accurate timeline this is extremely difficult. Please fix this!",https://play.google.com/store/apps/details?id=com.google.android.apps.photos&reviewId=c6f57426-f6fe-450a-99ef-dfbe80136bb8,cannot_find
Google Play Store,2022-05-31 12:04:38,1,"Very poor. I feel as though I have lost control. ie. If I remove the app, I can't immediately find my photos again. If I wish to send a pic, I am presented with uncommon options of how to send. I thought that the AI would see what I've used last to send a pic and present THAT as an option(s). If I don't update I am presented with a Google Update Nag page - I don't want to be 'nagged'. I could go on about privacy or perceived lack thereof, but I'm busy. Cheers.",https://play.google.com/store/apps/details?id=com.google.android.apps.photos&reviewId=bc30e89a-d854-4b5a-b087-4b9decb9de09,cannot_find; photos_missing
Google Play Store,2022-11-22 03:26:29,1,"It picked up all of my album art off the music folder on my SD card. There's no way to hide/select folders so I can't find screenshots, saved images, and it's just plain cluttered. Organizing files is a nightmare with this app. Photo editing is basic, but alright.",https://play.google.com/store/apps/details?id=com.google.android.apps.photos&reviewId=a93723ca-477d-4d53-a42b-aa72a79d5923,cannot_find
Google Play Store,2025-09-26 21:45:26,1,"The new edition of this app is tap dancing on my LAST NERVE‼️ While trying to edit, for some reason, it interferes with the security of my device. It stops my security apps from working. After editing & saving I can't find the photo, when I do find it, I have to start the editing all over again, why❓I have to search through all my photos to find both the original and edited versions, why❓One font‼️Why❓After saving text,it disappears‼️Why❓",https://play.google.com/store/apps/details?id=com.google.android.apps.photos&reviewId=13e596ea-4919-4f2c-8518-11fb42ca322e,cannot_find
Google Play Store,2021-12-08 00:42:01,1,Totally bad this app deletes my photos whenever it decides and from gallery all photos . My favorites have disappeared can't find them..I've asked for instructions tried to recover them ..never had a problem before until Google photos came along ..I'm pissed off . Would never recommend it to anyone who cherishes their photographs. I would not recommend Google for anything I'm just stuck with it.,https://play.google.com/store/apps/details?id=com.google.android.apps.photos&reviewId=249cfdb0-484a-4afa-a860-6f11b8474675,cannot_find; photos_missing
Google Play Store,2026-01-15 14:15:48,1,Doesn't recognise all faces in group. Doesn't recognise the same faces in a collage. Face grouping doesn't work. Need to group manually every time. Can't search by name. Memory highlights keep showing just a few photos repeatedly. Feature photo keeps changing automatically NO IMPROVEMENT AT ALL Those who are planning to go for the Google One plan think again.,https://play.google.com/store/apps/details?id=com.google.android.apps.photos&reviewId=84e40dff-4cc9-405c-8509-915617127d04,cannot_find
Google Play Store,2024-03-10 03:43:20,1,Updates make experience continuously worse. Live photos don't function properly and can no longer be shared or saved as videos even if uploaded correctly. Detection faulty and still cant search based on where the photo was uploaded from so devices and folder all become jumbled. Also belives screenshots are taken by the camera so if automatic backup is turned on all screenshots are uploaded.,https://play.google.com/store/apps/details?id=com.google.android.apps.photos&reviewId=c018455e-2304-446f-9238-25eb9ae29453,cannot_find
Google Play Store,2020-05-07 05:22:08,1,"Pain in the ass, can't switch views, don't know where my transfers are going, much less than how they are going, and it's always asking me to set something up when I just want to view my photos. Not intuitive at all.",https://play.google.com/store/apps/details?id=com.google.android.apps.photos&reviewId=77664278-798d-473d-ba1d-cdc5f6c70315,forgot_details
Google Play Store,2026-03-06 10:22:40,1,"Lowering my rating since the nagging has only increased since I wrote this 3 years ago. I don't want to backup my photos to your cloud. Stop. I never minded the nostalgia notifications. But now they're trying to emotionally manipulate me with ""Wait, 4 years??"". Stop, you're not a friend texting me. Searching by a date still doesn't show every picture from the date anymore, same search problems as all Google products now.",https://play.google.com/store/apps/details?id=com.google.android.apps.photos&reviewId=b6bc32e8-41e5-4d98-8ee9-eb46d0ba0890,search_broken; about_old_content
Google Play Store,2023-03-27 00:03:52,1,"I've been considering purchasing Google One storage but there's currently no point because Google Photos can't see my device folders from gallery. I can see approx. 15% of my gallery folders. If I were to purchase additional storage, most of my photos wouldn't be uploaded, since the Photos app cannot locate my gallery folders. OneDrive doesn't have such problem, I use their paid service and it uploads all my gallery folders, and keeps finding and offering to backup any new folders I create.",https://play.google.com/store/apps/details?id=com.google.android.apps.photos&reviewId=cd9e280f-2926-43d2-9d9e-744639139b57,cannot_find
Google Play Store,2024-10-29 03:45:30,1,How do i stop the photos app from stacking and grouping my photos and screenshots? How to put all my photos and things onto Gallery instead? I've gone into the photo app and can not find this info. Google keeps telling me things about Gallery.Gallery has never done this. Or changed things without my permission. Photo app shows no way of stopping it from doing whatever it wants. Please help.,https://play.google.com/store/apps/details?id=com.google.android.apps.photos&reviewId=9faef564-8323-493e-a291-eb00b387e06d,cannot_find
Google Play Store,2024-02-28 06:14:42,1,Edit: the response shows that the dev team doesn't even understand the concept of file management - the problem is that the file structure I back up is not maintained in Google photos! They just go to one giant unorganized space. The file management in Google photos is atrocious. I.e there is none! It makes literally no sense that my photos are in folders on my phone and then they just go to one big messy blob when they're loaded to Photos. Makes it impossible to find anything,https://play.google.com/store/apps/details?id=com.google.android.apps.photos&reviewId=a55725a8-8fd0-48d9-802c-3c87a8b767e2,cannot_find
Google Play Store,2024-09-24 02:37:41,1,"The app backed up my photos from my neatly organized albums, then deleted them from my phone and essentially dumped them into a shoe box. Now I cannot find anything and cannot get all of my pictures back to where they were. I'll update it. You CANNOT download multiple photos to your phone.",https://play.google.com/store/apps/details?id=com.google.android.apps.photos&reviewId=8cfa44cb-da2b-4ba2-a18a-731fa508602f,cannot_find
Google Play Store,2020-04-09 18:49:19,1,"The ""Free up device storage"" function is unable to find duplicates Google Photos uploaded earlier before i was forced to restart all applications settings. Now it just shows unadequate size and count of pictures. The only way to solve that problem seems to delete all my current photos from Google photos and upload them again. Very sad!",https://play.google.com/store/apps/details?id=com.google.android.apps.photos&reviewId=cdc893a2-83b6-4f34-96e0-992e4618c441,cannot_find
Google Play Store,2022-07-03 06:23:11,1,"This app does keep your pics but syncs everything no matter what. Back up and Sync off? Still syncs everything as soon as you open it. Not just my phone but on 3 other devices of different people and types... iPhone, Samsung, and tablets. Now everything is synced as Today and can't find anything with all the added duplicates as well. Also, iPhone have selected photos permission but Google is greedy. It only works if you give them ALL photos. Great job. Anyone know another photo manager?",https://play.google.com/store/apps/details?id=com.google.android.apps.photos&reviewId=a78e54a6-2941-40e9-8534-30a9c9acc550,cannot_find
Google Play Store,2024-08-14 11:11:36,1,"I had so many folders set up to organize my photos and now they're all gone for generic ones? I have years worth of photos! What's the point of using Google cloud for storage of my photos if I can't find them? This is absolutely horrible now, I'm going to look for alternatives if you don't give me back my folders!",https://play.google.com/store/apps/details?id=com.google.android.apps.photos&reviewId=a9674ac3-c679-4e56-bfa6-e5e23ed3d07f,cannot_find
Google Play Store,2022-06-18 12:29:24,1,"Year later and still can't tag a photo of a peraon. AI is not the answer here. The addition of tagging people was very big improvement, but it still lacks the ability to tag a person if Google says there are no people in the picture. During a pandemic, all my pictures of friends and family are not be recorded properly because Google can't find a face. 18 months and still nothing. At least Amazon photos asks who a person in a mask is.",https://play.google.com/store/apps/details?id=com.google.android.apps.photos&reviewId=c8c76f50-b7c3-494f-bdd5-9e3253d65bea,cannot_find
Google Play Store,2023-02-03 07:46:29,1,"You guys are absolutely the worst clutter photo app ever, pressing ""free up space"" was a damn mistake now half my gallery is cleared but I can't even find a way to bring back the pictures that were backed up because they are not even on the app, you guys are so terrible. I regret using your services.",https://play.google.com/store/apps/details?id=com.google.android.apps.photos&reviewId=e9ce7c49-e90c-4839-9a63-9971929d135b,cannot_find
Google Play Store,2020-07-16 07:58:26,1,"More and more problems. I have location disabled, yet Google keeps geo tagging my photos. Then ""Move to Folder"" can't find custom folders you created. What a rediculous oversight. Cloud sync is disabled, yet I can watch my photos upload anyway. Google, did you know that programming means you have to make the code actually do stuff. You can't just insert text boxes.",https://play.google.com/store/apps/details?id=com.google.android.apps.photos&reviewId=a39e9f2c-83f0-4593-a8c5-5033c282b4fd,cannot_find
Google Play Store,2022-04-18 07:33:45,1,"You guys literally just deleted a entire album of about 167 pictures that I can not longer find... After spending literally all day trying to transfer the from my old device to this current one. I finally got them organized using a stupid organization system and then edited some of the photos and out of nowhere it stopped working saying it can't load the anymore then the whole album just disappeared. I hate everything about this app, I can't use anything else though because of this phone",https://play.google.com/store/apps/details?id=com.google.android.apps.photos&reviewId=4583725c-86fe-4706-9b8e-ab0e05208218,cannot_find; photos_missing
Google Play Store,2021-02-22 02:31:10,1,"Very dumb that there is no way to delete photo found through an album(you can only remove the photo from an album but it will remain hidden somewhere in your account. When viewing the photo's info in the album, it is impossible to view the full path of where the photo lives making it extremely difficult to locate if you want to delete it entirely. Google is becoming a disappointment 😞",https://play.google.com/store/apps/details?id=com.google.android.apps.photos&reviewId=104dcfbb-c33c-4e98-a71f-7d1dd630ce39,cannot_find
Google Play Store,2024-06-08 01:43:51,1,"Still the most unintuitive and dummy interface with not much options for my needs. Having no idea where photos are actually copied to cloud ( some folders but not on Google Drive?), which photos are actually on device, which on cloud, which on both.... And after many years tried it again - still one of the most terrible Google products",https://play.google.com/store/apps/details?id=com.google.android.apps.photos&reviewId=ae396448-1d71-4a22-9722-ad445254d49c,forgot_details
Google Play Store,2021-04-04 14:27:11,1,"Google photos will not save/download photos sent to me on WhatsApp to my gallery. I have spent hours trying to find a way but it seems impossible. So frustrating. All advice online is saying to find the WhatsApp folder in 'photos on devices' in Google photos and hit back up, but there is no folder for WhatsApp here. Cannot find any contact details/live chat online to receive help for this, so I have no idea how to resolve it. Not impressed!",https://play.google.com/store/apps/details?id=com.google.android.apps.photos&reviewId=fcf7141f-9817-4682-b860-0fbb01f7ab1e,cannot_find
Google Play Store,2022-02-10 07:50:41,1,"Suddenly quit storing my pix. All gone for a day! Cannot find them. Solved: turns out there was some glitch in the time/date the photos were saved under. I believe it was a Verizon issue because my wife's pix were also affected. I found they had been saved with dates months and years earlier! I still hate google though, they don't honor their phone warranty.",https://play.google.com/store/apps/details?id=com.google.android.apps.photos&reviewId=3e691b2d-4d5c-40c2-80e2-dc28cb5f3279,cannot_find
Google Play Store,2020-08-15 09:19:07,1,Now it always says that is organizing my photos. Its pretty most useless cause all the new photos I take doesn't show immediately. Takes a few hours or a force close to fix it. Can't find albums nor people. But on the web everything shows correctly,https://play.google.com/store/apps/details?id=com.google.android.apps.photos&reviewId=44db0071-fb2b-43fe-a5e0-782df44b5900,cannot_find
Google Play Store,2024-09-26 02:54:18,1,"You've ruined the search completely. How can Google ruin search? For the reply, I've used photos for years and searched for mixed searches, adding extra terms, locations and faces and always been amazed by what it picked up. Now it's impossible to find things like this, it's recommending completely incorrect photos or not showing some I know it would have found (and did find) before. Just look at the other reviews and social media to see something has changed for the worse.",https://play.google.com/store/apps/details?id=com.google.android.apps.photos&reviewId=641fcb64-5878-4b18-a579-4140268be84b,cannot_find
Google Play Store,2022-10-13 19:31:12,1,"PREVIOUSLY---""So easy to use and I love ""going back"" and seeing pics I've taken a year ago and before then too."" BUT NOW---after updates ""cant find link or url is missing"" GOOGLE---YOU NEED TO FIX THIS!!! Also....date and time stamp has been removed from older photos that I KNOW had them on there previously! THAT Sucks! ☹️ and now it's even worse I've got a new phone and it is saying media not supported when I am trying to share to Facebook on many of my pictures this is really irritating me!!!!",https://play.google.com/store/apps/details?id=com.google.android.apps.photos&reviewId=f7452605-4e7a-4ef8-b488-68d24c7a6ad0,cannot_find; photos_missing; about_old_content
Google Play Store,2020-06-11 19:04:27,1,I'm not sure what happened since the last update but it's really messed up. I can't find a lot of photo's I have on my phone or sdcard unless I search direct without the app. Then it's showing photo's date's as impossible time for example there's a list photo's of date's going into ten thousand. I wasn't even born yet in the year's 10 thousand. Then year's 9999 thousand. Please fix this app.,https://play.google.com/store/apps/details?id=com.google.android.apps.photos&reviewId=a425e02a-6671-457b-b766-2bbc0c8dda0f,cannot_find
Google Play Store,2023-06-08 21:52:34,1,Terrible Absolutley maddening trying to upload anything to Instagram. Making a reel? Forget it! Prepare for and hour more stressful than your gcses were. No idea where it stores half my photos / videos. Random folders I don't fricken want. If I could beat up Google photos I would and I'm not a violent person.,https://play.google.com/store/apps/details?id=com.google.android.apps.photos&reviewId=08e7b120-dbeb-42a4-9823-8684bfa15c8e,forgot_details
Google Play Store,2022-10-16 14:03:28,1,Doesn't backup my folders by name so it's very hard to find photos! Backs up everything from my camera even unwanted items and when I deleted them from google photos it also deleted them from my device! Not happy how it organises my photos and how it deletes items from my device! Looking for a better alternative to this app!,https://play.google.com/store/apps/details?id=com.google.android.apps.photos&reviewId=ba032412-9f1d-47bc-be3d-746d58308c10,cannot_find
Google Play Store,2023-04-15 20:31:56,1,"I get so frustrating on this app in the new update. I have downloaded a vid and it says ""can't find video"" when I already downloaded it multiple times after deleting it multiple times and it still doesn't work! I can't even view videos now. I am hoping if they could fix this or help me with this issue",https://play.google.com/store/apps/details?id=com.google.android.apps.photos&reviewId=068f4736-97cf-4dac-8be7-f3155a04148a,cannot_find
Google Play Store,2020-07-01 21:02:33,1,"The previous verison was better. A dedicated section for Camera captured photo. Mixing all photos in the gallery is not a good idea at all. It's getting hard to find a specific photo, be it caprltured from camera or anything else",https://play.google.com/store/apps/details?id=com.google.android.apps.photos&reviewId=7632e62b-6eaa-49b6-891b-feee52972ea0,cannot_find
Google Play Store,2020-07-07 23:30:16,1,"I can't find the automatic creations folder anymore. I wasn't going to give them 1 star for this, but when I tried to send an email, I got a message back that they no longer monitor that email address. And removing features I enjoyed plus lousy customer service definitely deserves 1 star.",https://play.google.com/store/apps/details?id=com.google.android.apps.photos&reviewId=dcea0745-11d7-4498-97f9-781484cd6c47,cannot_find
Google Play Store,2020-05-23 07:47:24,1,Hard to organize and find photos. I can take a picture and try to upload it to a site and it gets pushed down and photos I took years ago will show up first. It's needless time trying to find a photo I just took. Terrible set up and organization. Especially if you want to upload to fb or Instagram,https://play.google.com/store/apps/details?id=com.google.android.apps.photos&reviewId=ac10461a-a221-44d0-9fa1-21dac25ea46d,cannot_find; about_old_content
Google Play Store,2021-06-14 01:31:09,1,"Horrible!!! This app should be banned from play store, I don't know why it deleted photos from the device when you delete them only from the app. Result: I lost all my photos. I cannot get them back now, they are not in the bin, and I didn't turn on the backup. Why on earth an app can delete photos from your device???!!!!!",https://play.google.com/store/apps/details?id=com.google.android.apps.photos&reviewId=2e87ff21-b822-41fc-87d9-c85240e27328,photos_missing; forgot_details
Google Play Store,2019-09-16 15:04:06,1,"The picture moving function is so slow(takes 10+ minutes to move 5 pictures!), and sometimes the moved pictures got randomize and does not sort as the same sequence from old album, so it's really hard to find pictures by date. some of pictures are suddenly gone without notice even if it said backed up already. unreliable.",https://play.google.com/store/apps/details?id=com.google.android.apps.photos&reviewId=a280d9d3-4003-4f44-950a-de4587f5979f,cannot_find
Google Play Store,2023-12-19 00:35:17,1,"When you move one or even a selection of photos to an Album, it remains in the Pictures section, so you have no idea which photos are in an album and which aren't making it impossible to organise photos!!! ••• Very unprofessional. ••• This IS feedback.",https://play.google.com/store/apps/details?id=com.google.android.apps.photos&reviewId=0ce13f02-2283-466d-bebc-50d9ac2d8e79,forgot_details
Google Play Store,2022-05-01 20:25:17,1,I was trying to view a folder and all of a sudden it disappeared to where I don't know . And I already took pictures of some important documents. I can't find the pictures nor the folder in the bin or anywhere. It's actually annoying and I'm very sad about this experience.,https://play.google.com/store/apps/details?id=com.google.android.apps.photos&reviewId=ea8e2d39-2a0e-4480-91ff-65f99e2af2b5,cannot_find; photos_missing
Google Play Store,2022-06-04 07:21:37,1,"I want to be able to send photos to friends and family, but I can't find a way to ad names to the share list, just go round and round and never able to put names on the list. Really sucks since there isn't a help ap showing how to ad names. And where is Verizon or Google for assistance to the this problem? No where to be found.",https://play.google.com/store/apps/details?id=com.google.android.apps.photos&reviewId=1262c547-d0f2-4628-8cb4-b761024107b7,cannot_find
Google Play Store,2020-07-31 05:46:57,1,Newest update messed up sharing. Albums I used to easily find that people shared with me are now incredibly difficult to find. Can't search & must scroll through giant list to try & find. I hate it! I also hate the FB story-like thing. It is not intuitive and it all seems to disappear if you touch it.,https://play.google.com/store/apps/details?id=com.google.android.apps.photos&reviewId=f2d438fe-46ca-43e1-aa27-df1463a90fe6,cannot_find; photos_missing
Google Play Store,2022-06-13 08:32:13,1,"Lost all photos that were previously organized into albums dating from 2006! Albums appear with cover picture but once you tap on the album there are only references to picture file names, but no pictures and no way to find out what happened to the referenced pictures. When it was Picasa, it was a great foto manager/enhancer.",https://play.google.com/store/apps/details?id=com.google.android.apps.photos&reviewId=c3ea4b00-0213-4d99-93c0-7817fb3fe469,cannot_find; photos_missing; about_old_content
Google Play Store,2020-08-13 13:42:18,1,"I'm so disappointed, gutted even, when I installed it, all my carefully arranged albums disappeared and everything was back in date order. Now every time I try to create albums, it copies them so they stay in two places and I don't know where I'm up to",https://play.google.com/store/apps/details?id=com.google.android.apps.photos&reviewId=d9eed752-7ddd-4b77-a4b5-85b55dada75b,photos_missing; forgot_details
Google Play Store,2020-11-17 04:39:44,1,"Organization and sorting are not intuitive. I have a family share, and I have to scroll down every single time there's a new photo. This is the only thing I use the app for, so it eclipses everything else that might be good about the app.",https://play.google.com/store/apps/details?id=com.google.android.apps.photos&reviewId=f9653580-d8ae-4902-bfd8-b1a285467736,endless_scrolling
Google Play Store,2023-06-19 21:51:44,1,"Not user friendly at all. If you want to move photos to the installed SD card, we'll, as the saying goes, ""forget about it!"" And, if you want to archive photos, you can't find the archive. Why doesnt Google put a button like, ""View archhive"" right there!? Or in the settings? Come on Google!",https://play.google.com/store/apps/details?id=com.google.android.apps.photos&reviewId=572b4c2e-a448-4284-a455-9f2279c65bc9,cannot_find
Google Play Store,2019-11-15 08:13:28,1,"I'm a part of different albums on google photos but I can never find them on the app. Further, this app provides the photo search feature which never works on my phone. The photos never load despite good internet connectivity. My device is Xiomi Redmi Note 4. Please look into the matter as using this app right now is such a bad experience.",https://play.google.com/store/apps/details?id=com.google.android.apps.photos&reviewId=12e101b0-3504-4a8e-befc-82f933189fbb,search_broken
Google Play Store,2023-04-13 07:31:52,1,"Dates are unorganized. The app used to be 1000% great. Now all of a sudden(guess it was the latest update) I have photos taken in the last week labeled for months ago. Can't find old pictures accurately anymore. The date is correct on the info of the picture itself when you open the settings individually, but within the app itself everything is messy and unorganized Response to developer: The date stamp is correct. However within the ""photos"" section the pictures are in the wrong days/months etc",https://play.google.com/store/apps/details?id=com.google.android.apps.photos&reviewId=e5ea3e49-830b-4630-8f4e-f57da63d3ca0,cannot_find; about_old_content
Google Play Store,2021-11-03 01:38:02,1,"Honestly the worst camera roll I've ever had, can't find my screenshots, my entire camera roll is mixed up, can't find old backed up photos, and it wants to automatically make random folders of pictures that don't actually corelate. I'm genuinely wanting to look into a new phone because this is the only camera roll my phone came with. Sad.",https://play.google.com/store/apps/details?id=com.google.android.apps.photos&reviewId=7519db3f-3742-4c04-b3ff-4c45241eca5c,cannot_find
Google Play Store,2022-11-01 08:29:32,1,"I think the hardest app to share or download photos from. I really don't know what is happening in the background. Where is the storage disappearing even after no backup selected. Why can't I download photos from shared albums... Seriously, how can someone make a photo app so hard to manage.",https://play.google.com/store/apps/details?id=com.google.android.apps.photos&reviewId=6383526b-3b91-4500-8a00-94fc147c63da,where_did_they_go; photos_missing
Google Play Store,2022-05-11 10:23:33,1,"Literal spyware and appalling performance. Every time you try to move picture from one folder to another, the picture disappears for a few minutes and you cannot find it anywhere. I disabled permissions to location, and occasionally tells me where i took a picture.",https://play.google.com/store/apps/details?id=com.google.android.apps.photos&reviewId=b59a3c3b-ba8e-43e4-8e34-0e3a2b83a607,cannot_find
Google Play Store,2020-03-29 21:54:50,1,Google photos took over all my files without my permission. Now I can't find any photos I have taken in the last week. I use to be able to open the phone app and pick it look for the photo I wanted but no more. I can't find the photo five minutes after I took it!!!!!!!!!!!,https://play.google.com/store/apps/details?id=com.google.android.apps.photos&reviewId=bed89cf4-ed5b-4f97-b30b-0ed3aaac2c02,cannot_find
Google Play Store,2020-11-02 20:58:29,1,Giving 1 star since there are lot of bug 1. Unable to upload using mobile data. 2. Unable to retrieve old photos 3. Taking too much time to sync old photos still does not show any photos from past. 4. Only showing photos which are on device and not showing anything from online photos.,https://play.google.com/store/apps/details?id=com.google.android.apps.photos&reviewId=40ba1115-3894-44ed-ae21-8574463e6ec9,cannot_find; about_old_content
Google Play Store,2021-08-10 05:38:09,1,"Absolutely useless at the moment. After the latest update, the app is very unstable. As you're scrolling through the pictures are jumping around and you can't find the picture/videos that you want. It is also very tiring on the eyes as the pictures are jumping back, forward and sideways. Was good but now useless",https://play.google.com/store/apps/details?id=com.google.android.apps.photos&reviewId=1d1597a8-cee2-4523-a756-07aef9ea8ff4,cannot_find
Google Play Store,2020-08-06 05:03:24,1,"The new update is really bad! The old update was much more user friendly. Now I can't find half of the options and have to search everytime for those options. Options like trash, shared albums everything is hidden in the app now! I loved the app but now I find it hard to use.",https://play.google.com/store/apps/details?id=com.google.android.apps.photos&reviewId=e6c111fd-ba0b-428f-9ce1-aa1c12d87ed6,cannot_find
Google Play Store,2020-07-12 18:38:00,1,"I'm missing a lot of older photos and don't know where they went! Now they wanna charge money for this when at the beginning they didn't!! If it was my choice, I wud only use my phone storage for my photos and wouldn't mess with this app!!",https://play.google.com/store/apps/details?id=com.google.android.apps.photos&reviewId=49efc562-2ddb-4fb4-82f5-854904bcfd22,photos_missing; forgot_details; about_old_content
Google Play Store,2024-12-03 00:40:16,1,There was a lot of photos and videos missing when I backed up my all my files. I'm so frustrated because the pictures and videos that I can't find are very important. The pics and vids was when I was pregnant so imagine how frustrating that is. I even upgraded and paid to get a bigger storage so they can store all my things. What a dismay!,https://play.google.com/store/apps/details?id=com.google.android.apps.photos&reviewId=9756e9f3-ebe1-4ddd-b098-d37121f743dd,cannot_find; photos_missing
Google Play Store,2022-04-02 20:00:55,1,I don't like the App. It makes it too hard to find pictures I know I have. I find it very frustrating when I can't find a picture and don't have the time to search for it. This always seems to happen when I don't have time to look for it. Then of course it pops up after I have no reason to pull it up. I wish it would quit bothering and asking me to update it also. I like certain things the way I have them bcuz it works for me. I don't need something changing things on me when least expected.,https://play.google.com/store/apps/details?id=com.google.android.apps.photos&reviewId=03bd0f46-ee5f-4831-9276-87f3fbee0009,cannot_find
Google Play Store,2018-12-26 06:18:24,1,I resent having my photos messed with.i cannot find what I put here easily or at all and there are assumptions used to sort and arrange them that are a real problem for me to view and share.I do not like my privacy violated so blatantly. I feel my rights to my photos are greatly violated and it is getting to be an anxiety issue for me it is so upsetting.,https://play.google.com/store/apps/details?id=com.google.android.apps.photos&reviewId=f498910b-52b3-42b0-92e7-665d0f6c1ba4,cannot_find
Google Play Store,2020-10-08 04:53:35,1,What happened to the auto collages or stylized photos or animations that used to be created on it its own. I appericated that now after the update everything is very hard to find or manage. Come on Google you're suppose to be helpful. But this isn't helpful at all.,https://play.google.com/store/apps/details?id=com.google.android.apps.photos&reviewId=b3d17606-30aa-4029-9ced-b5316bb615c9,cannot_find
Google Play Store,2025-02-06 01:57:12,1,"Tried to use app. Couldn't find anything on my phone, and it kept trying to go online. I don't have 24/7 internet. Useless. Still after many many years, wondering just why this app needs multiple updates per month. No Google. I am now considering this malware. To many updates. If it's security flaws, you would disable the app, or allow us to uninstall it until you fixed the problem. Still have no idea why this app auto-updates when a security patch is pushed onto my phone.",https://play.google.com/store/apps/details?id=com.google.android.apps.photos&reviewId=757b75bb-ca23-4f80-a0b6-581caee856b1,cannot_find; forgot_details
Google Play Store,2025-07-26 04:14:19,1,I had used Google photos for years and then they add the AI bot that you cannot get passed and I absolutely hate it. It cannot find my albums that I have labeled and have had for years. Going to find another app to store photos in until they take AI away or at least give you an option.,https://play.google.com/store/apps/details?id=com.google.android.apps.photos&reviewId=1bcfcc08-f2dd-4c0a-b447-381ec57eb4ce,cannot_find
Google Play Store,2020-07-01 18:56:37,1,"Your new update is stupid. I tolerated the previous layout because it let me navigate my phone's physical photo storage, but now I can't track what's in which folder? No. If it exists, I sure can't find it. Uninstalled. Thumbs down. I hope you add folder navigation back in your next update.",https://play.google.com/store/apps/details?id=com.google.android.apps.photos&reviewId=b1084c06-0613-431e-be1e-3c8745be0dfe,cannot_find
Google Play Store,2021-09-03 09:10:32,1,"𝖒𝖆𝖘𝖙 aap overall but, I wanna manage my photos from & as it is like my original device folders i.e. a folder named ""A"" in my device I want only that perticular ""A"" to upload in my photos app, and see the same folder name in photos. But here everything is messing in photos ! Can't find my folder as it is as in my device ! That's horrible.",https://play.google.com/store/apps/details?id=com.google.android.apps.photos&reviewId=b1efc54e-afd7-4854-87bd-e75913191179,cannot_find
Google Play Store,2023-09-07 19:55:06,1,"I'm not sure what happened or why it happened. If it was the recent update, but this morning all my photo album collections were GONE. And all my favorited photos, videos were gone as well. I am not pleased, I had important things in these albums that I can't find to this day. I hope someone on googles side can fix this and return all of my stuff to how it was.",https://play.google.com/store/apps/details?id=com.google.android.apps.photos&reviewId=28f3aad5-6c02-4e7a-bea5-ceeef1b538e5,cannot_find
Google Play Store,2023-07-30 15:11:21,1,"Changing my 5 star review to 1 star. The search feature just doesn't work. I tried searching ""rain"", I literally have thousands of rain photos and videos uploaded to my photos app and now I can't find even one. The feature for which the photos was sold to public doesn't work now! How can Google mess this up!",https://play.google.com/store/apps/details?id=com.google.android.apps.photos&reviewId=e0c3dbc6-bf1e-4a75-a4ef-a4cd60b9393d,cannot_find; search_broken
Google Play Store,2025-09-29 08:49:03,1,"A psychological trap intended to keep you paying. The longer you use it, the more embedded the parasite becomes. A toxic relationship, the app uses every trick to keep you under control. You will think how easy and beneficial it is but will find it extremely difficult to leave. They will make you emotionally invested but will warn you about deleting your photos. These apps are why you cannot find external storage on phones. Do yourself a favor and don't fall for it. There are alternatives!",https://play.google.com/store/apps/details?id=com.google.android.apps.photos&reviewId=ccea3a78-5c4c-4e9f-9fdc-50bde412121f,cannot_find
Google Play Store,2021-06-20 11:35:36,1,"I would give this negative 5 stars if I could. I backed up all of my photos from my gallery to save storage on my phone. Once it said all photos were backed up, I double and triple checked that my photos had properly backed up on google photos. One week goes by and all of my photos are gone, I could not find them anywhere and I did not delete them or move them to the trash. I lost ten years of memories and will never use this app again.",https://play.google.com/store/apps/details?id=com.google.android.apps.photos&reviewId=e86d6db1-bcb1-4ed7-ae0a-8373deb8bac5,cannot_find; photos_missing
Google Play Store,2019-10-03 17:33:50,1,Person photo aren't the only important things. Some photos are way better and important than once personal photos. Looking for the old photos which i have captured which isn't backup by google and hard to find it almost took my day. Way worser than i thought. U don't have right and authority to control over my photos collection @google.,https://play.google.com/store/apps/details?id=com.google.android.apps.photos&reviewId=312d929a-c361-4633-b781-3489eceb5b8a,cannot_find; about_old_content
Google Play Store,2020-11-29 03:28:11,1,In order to make money out of most loved app on play store by google . Company has messed up entire seach functionality in the app ..its very difficult to browse and find photos . Previous review Awesome App .. need drive lookup and shown separately... Also like Youtube the Photo app should have unlimited uploading without compromising Quality...,https://play.google.com/store/apps/details?id=com.google.android.apps.photos&reviewId=a24f9c13-5209-4acb-a637-a7237bf4687e,cannot_find
Google Play Store,2022-08-03 05:56:44,1,As I have 2 accounts for Google photos I tried to switch into my other account and ever since my pictures and videos aren't being backed up and I am unable to find or view my backed up pictures from years ago on the app. Everything seems to be okay on the online photos website however the app keeps messing up and is not showing any of my backed up photos which are not on my phone. I've delete the cache from the app and reinstalled the app several times nothing has worked. Could you please help.,https://play.google.com/store/apps/details?id=com.google.android.apps.photos&reviewId=1f1ded4f-04f4-4ec4-ad43-54a884d32153,cannot_find; about_old_content
Google Play Store,2022-04-20 23:32:49,1,I don't know where my last review went but it was answered but I can't find the review or reply and I would like help on what I can do. Google is not working for me. It's saying setting up library for days. Won't back up my photos. Says all of my pics need to to backed up again which will take up more of the space I pay for. My old account has baby pics of my son saved but when I switch over there's nothing but the pics from this account none of my babies pictures.,https://play.google.com/store/apps/details?id=com.google.android.apps.photos&reviewId=e9ba73ed-88e6-4e9c-b9b6-902f36cd0508,cannot_find; forgot_details
Google Play Store,2023-02-11 06:52:11,1,"Yikes! I really hate the update - can't find anything! All of the features that I loved are gone. :( *UPDATE* Oh, man... Now I can't edit photos. It's either ""Files smaller than 50px can't be edited"" (the photos are over 50px) Or ""Unable to save. Check your connection."" (My connection is fine.)",https://play.google.com/store/apps/details?id=com.google.android.apps.photos&reviewId=42557a94-c12c-48c2-8519-251152143fb3,cannot_find
Google Play Store,2023-08-25 15:29:53,1,I really liked this app. before they made me do the most recent update. I cant find many of my pictures. I cant get pictures from longer than 3 days ago to load so I can have actual pictures printed at Walgreens. I am so angry cuz they have a great sale on photos right now. There are many things wrong with this app & I think Ill be deleting it now after this update. Why dont they leave well enough alone! Why fix whats not broken. I need my older puctures ... Where the hell did they go.,https://play.google.com/store/apps/details?id=com.google.android.apps.photos&reviewId=1a78993c-3cbf-423d-a202-0ec14e908bac,cannot_find
Google Play Store,2023-02-09 13:02:44,1,don't trust your app android has habet of deleting important data that looks like files are the same BUT different date just disappears namely security video saved back on SD card loss of evidence I needed did not matter if files had similar name or different or different date timestamps the more I think about it 1 ⭐ is to much. Can't find files Can't keep large files on SD card Can't go back to existing files that get hidden Can't keep files hidden when I want To,https://play.google.com/store/apps/details?id=com.google.android.apps.photos&reviewId=1887599a-4d95-42a1-b0dc-e487163750a4,cannot_find
Google Play Store,2020-10-03 22:43:14,1,"This app will NOT keep my photos in the ALBUMS that I put them in. It will back up, archive photos without my permission as well. It will put them in a "" shared folder "" and NOT let me remove them. I'M NOT INTERESTED IN SHARING ALL MY PHOTOS! I have NO idea where 90% of my photos are. TOTAL PAIN !",https://play.google.com/store/apps/details?id=com.google.android.apps.photos&reviewId=f19570f9-81a4-4f31-82d4-25a22a37496e,forgot_details
Google Play Store,2020-09-09 00:33:39,1,"What the heck has happened to this app?!! Its like they completely minimized the entire app. I can't find the ""Animations"" tab that was so unique and the one thing I absolutely LOVED about Google Photos app. When I click the search bar it doesn't pop up with the ""face"" searches. I am so extremely disappointed with what they have done to this app. PLEASE BRING BACK THE OLD USER INTERFACE!!!!",https://play.google.com/store/apps/details?id=com.google.android.apps.photos&reviewId=37731824-cfaf-4018-b53b-2e53c42f9a17,cannot_find
Google Play Store,2020-11-05 01:29:42,1,"New update stinks. Can't find stylized photos anymore, except in new stupid Facebook-style ""stories"", which won't let me go back to view previous photo, disappears before I can save it. And where did the icon go that indicated each photo that's been backed up?? *THUMBS DOWN*",https://play.google.com/store/apps/details?id=com.google.android.apps.photos&reviewId=2911201a-65ec-46c7-9016-f60a74a82689,cannot_find; where_did_they_go
Google Play Store,2020-07-22 05:32:00,1,"The search feature does not work. If I type in a year it spits up a random bunch of pictures, some of which makes sense, however most don't. Or are not even pictures from the year I searched for. If I type in a city or a state it's MOSTLYa miss. So I then have to scroll through a ton of pictures to get what I want. This app was so much better before the upgrade.",https://play.google.com/store/apps/details?id=com.google.android.apps.photos&reviewId=6db3211b-a81c-4931-9218-c615edfef573,search_broken; endless_scrolling
Google Play Store,2025-10-14 04:12:14,1,"this application is useless, you can't take screenshots on videos you recorded, it lacks basic functions like shorting out your photos in folders. everything is hard to find because it mixes your devices photos with Google Photos that have been backed up.I hate it and will go back to using my Samsung device instead.",https://play.google.com/store/apps/details?id=com.google.android.apps.photos&reviewId=5ff8d4f9-f9c2-41e9-9ca0-6bbf6e266757,cannot_find
Google Play Store,2025-03-16 04:52:47,1,"OMG!!! I just went into my photos and everything is a terrible mess now. I can't find ANYTHING that I'm looking. I had screenshots, collages, downloads etc... in separate folders that were easy to find. Now all photos are bunched together my month. This is NOT what I wanted 😒 this is just terrible. I don't understand why things have to be updated and changed when nothing is wrong with how it was. This new layout is difficult to manage and a HOT MESS.",https://play.google.com/store/apps/details?id=com.google.android.apps.photos&reviewId=f08c1c82-6012-4ae6-a9af-2b2b25a10128,cannot_find
Google Play Store,2023-11-30 15:40:42,1,I find it generally not a very good app. It doesn't sort photos very well and now it has inexplicably duplicated all my photos. I've tried looking online for a solution but google only seems to blame user error. How could I instantly duplicate 1000 plus photos? PS it's getting worse it now doesn't show photos that I've downloaded and I can't find anyway to change settings to control this or change where I download images to. Every update seems to make this app worse.,https://play.google.com/store/apps/details?id=com.google.android.apps.photos&reviewId=1d719e24-f040-4b17-bb23-f00fb43411e0,cannot_find
Google Play Store,2025-11-20 01:59:15,1,"I opened google photos today to look for a photo to use on FB, and a whole ALBUM that has taken me MONTHS to currate is GONE, nowhere to be found!! WTH Google?? AND the new editing tools are basically USELESS, as I can't seem to find all the options I used to use for adjusting brightness, contrast, color etc. IF those tools are still available in the app, they're buried deep!!",https://play.google.com/store/apps/details?id=com.google.android.apps.photos&reviewId=76ec7b16-6383-4d38-810b-360483940683,cannot_find; photos_missing
Google Play Store,2022-07-27 21:52:40,1,"Don't ever get SCAM by this app, we only have limited storage for each account, it's better to save your photos in anywhere safer. Google organization is a mess. I should've stopped using this app to back up photos 6 years ago. This app removed photos from my device, ruined all my folder, making me difficult to find photos. I experienced this 6 years ago and recently I accidentally done this again. Hate myself so much right now. Will definitely forced stop this app once I moved my photos.",https://play.google.com/store/apps/details?id=com.google.android.apps.photos&reviewId=64ac07ea-eada-494d-a94a-1c536bd49bfc,cannot_find; about_old_content
Google Play Store,2020-10-19 16:13:14,1,"the worst app from google that will split your library into 2 parts ""google photos and main library"". foolishly, I turned on automatic synchronization. could not find any important documents. a terrible app that prevents you from downloading it back. there is simply no such button to see all photos in one gallery. As a result, this disgusting application will download as much as it can into the cloud and will offer you to buy memory in the cloud. This is the worst product from Google.",https://play.google.com/store/apps/details?id=com.google.android.apps.photos&reviewId=21542967-3cc1-40ca-8ce6-fc2c127b1b71,cannot_find
Google Play Store,2020-12-07 11:38:26,1,I've been using this app for long time but recently it's giving so much trouble. Ever since I changed my device I can't find any of the photographs that were backed up in my account previously. Currently the app is only showing the photographs that are stored in the device memory all the photos that I had backed up in past 5 years are missing. At this moment I really don't understand what was the purpose of using this app if I have to lose all of the photographs which were supposedly backed up.,https://play.google.com/store/apps/details?id=com.google.android.apps.photos&reviewId=211df10e-fb95-42e9-82bf-6225f3a87600,cannot_find; photos_missing
Google Play Store,2023-10-31 17:51:20,1,You can't find anything there. Downloaded old video from Google photos and who knows where it went. Most difficult app ever. I hate it. Would give -10 stars if that would be possible. Answer. Your link is absolutely not related to my problem. Also I did figure it out that videos what you download from Google photos actually are saved in phone files 😡😡😡 instead in folder in Google photos. This is so stupid. And why are you guys constantly updating and changing the app... I will stop using app,https://play.google.com/store/apps/details?id=com.google.android.apps.photos&reviewId=a9e7970e-8716-4622-8626-fec1d18cd1df,cannot_find; about_old_content
Google Play Store,2025-08-02 18:44:40,1,"Constantly pushing to get the paid subscription for the cloud service, can't find a way to shut it off. The newest version of the photo editor is horrible and doesn't work right, would have preferred to keep the version that came with the phone as it functioned perfectly fine.",https://play.google.com/store/apps/details?id=com.google.android.apps.photos&reviewId=86fe82cc-694b-4503-b1af-c1a24f46b5fb,cannot_find
Google Play Store,2020-12-09 21:17:18,1,"I can't safely move my pictures to another folder, it's always have a problem, everytime. I just want to manage my pics in folders, but when I moved it, I moved like 300 pics to the folder but when I checked the folder, there's just like 60 pics in there, meanwhile when I checked on the previous folder, all the pics that I moved already being a cracked files, so the rest of my pictures are gone. and some of my pics suddenly dissapeard even tho I didn't do anything to it, I can't find it anymore.",https://play.google.com/store/apps/details?id=com.google.android.apps.photos&reviewId=3d2a3c4a-c539-4c3c-ac03-3377aa9f549f,cannot_find
Google Play Store,2022-04-25 05:52:27,1,My photos downloaded but I can't find them. This app doesn't help find them. All it wants you to do is delete. Never had a problem until this last upgrade. And I have had this app for a long time. So disappointed with this. I tried to crop the existing pictures and the cropped pictures disappeared also. Very upset!,https://play.google.com/store/apps/details?id=com.google.android.apps.photos&reviewId=12b35e1d-0e44-4913-85e8-d9f23bd97e41,cannot_find; photos_missing
Google Play Store,2024-06-19 10:43:46,1,"WHY when i managed to turn off the backup mode and delete all the photos in my account. After a FEW WEEEKS when i open to check my photos. It says turn on backup mode. So I don't want it anymore because when it is full again it is hard to delete it. So i searched the No Thanks button or something, I couldn't find it. It forces me to turn it on. And now it is full AGAIN. And now it is spamming me through Gmail. Very bad experience. 1 star. Yup I'm not playing rn I'm serious when i was asleep too.",https://play.google.com/store/apps/details?id=com.google.android.apps.photos&reviewId=64636437-1cf5-4084-99e1-3e8301414453,cannot_find
Google Play Store,2019-02-09 23:04:49,1,"I LOST MY TRAVEL PHOTOS FROM GALLARY. The photos taken from a period of time (around 1-2 hours ago) were just disappeared when I checked back after 2 hours, but the ones which were deleted during that period stayed in ""Trash"". I cannot find those photos nowhere, and I cannot factory reset my phone with 40GB data in!! I had the most treasure photos for my trip and now its gone. This Photo App ruined google pixel XL.",https://play.google.com/store/apps/details?id=com.google.android.apps.photos&reviewId=fa94af28-9886-42ef-b24a-b6dcb2903c47,cannot_find; photos_missing
Google Play Store,2024-09-05 20:50:35,1,"UPDATE 2: It's like they read my update and decided to immediately ruin the app. I can't find the albums I've created anymore. UPDATE: App much better for a while now! Still occasional glitches, but neat search tools make up for it. Old review: Pure unadulterated garbage recently. What's the point of paying to have media backed up if you can't download any videos? Why is Google holding my data hostage? Throws an error no matter what: reinstalling the app, changing networks, clearing space.",https://play.google.com/store/apps/details?id=com.google.android.apps.photos&reviewId=845b41de-4769-4b3c-97f3-eb2796ba61b6,cannot_find
Google Play Store,2020-11-10 22:14:01,1,"Screenshot are mixed in camera folder in app and there is no way (or at least I couldn't find the way) to check up currently backup photos or delete backup of some photos inside the app. It's a good app but seems that is half way through with this. Update. The organization of photos in this app is kind of a mess, I copy a photo then delete the original and the app delete the two photos. Now you put free edition choices behind paid subscription, feeling youtube vibes here, what's next? Ads?",https://play.google.com/store/apps/details?id=com.google.android.apps.photos&reviewId=c31444e4-7852-42a3-8573-8c8af9d04668,cannot_find
Google Play Store,2024-11-09 22:18:56,1,"I will not update this app until they bring back the easier menu for navigating libraries and albums. The new method is just bad, I don't use a gallery app, just photos so I can back up to the cloud straight away and now I can't even easily find my screenshots or other system folders to choose what I want to backup. What an unintuitive update :(",https://play.google.com/store/apps/details?id=com.google.android.apps.photos&reviewId=6f2ad072-0ec9-4119-9396-ab209a0990ab,cannot_find
Google Play Store,2020-07-10 11:58:48,1,"after the latest update so many things have happened. first of all, the new layout is so complicated. why did you have to change it? it's hard to manage and it's difficult to find things. second, I can't play videos anymore, they just refuse to load. third, when I download a photo or a video or take a screenshot, it doesn't show up anymore. i have no way to access the photos I've downloaded in the last week. overall this new update is trash. disappointing",https://play.google.com/store/apps/details?id=com.google.android.apps.photos&reviewId=c89ff522-1a2f-476a-8414-a48eef5d88dd,cannot_find
Google Play Store,2023-03-01 09:19:45,1,The last two updates messed up my pictures. Pictures are now filed under the wrong dates. Photos are hard to find or can't be found at all. Videos that had audio no longer do. I'm tired of Google thinking they know what everyone wants. I wish there was a way to reinstall an older version of Google Photos.,https://play.google.com/store/apps/details?id=com.google.android.apps.photos&reviewId=8e417bd3-f0a6-4029-832c-860ad7161e0d,cannot_find
Google Play Store,2024-08-25 03:05:06,1,"And now, they have made it 10x more difficult to get to my trash bin. The placement of sections was fine. There is no option to undo free up space. I thought it was going to show me what would be deleted in order to do so, but it didn't. I mistakenly selected this option and was not given any form of warning of what would happen. Now, many of my pictures have been deleted from my device storage. I did not want that, and I am super upset. I can't find a way to undo it.",https://play.google.com/store/apps/details?id=com.google.android.apps.photos&reviewId=a11437cc-93d2-4944-b3ed-a2065938b797,cannot_find
Google Play Store,2024-09-06 14:35:20,1,"the 'Search' in google photos no longer works, I'm using a pixel 9 pro XL. For example if I type ""tree"" or ""cake"" or ""Wedding"" I get the wheel of death and then a blank white screen. As a content creator its really annoying because I now have to spend ages scrolling. the ""Fix an installed Android app that isn't working"" article did not address the issue. Thanks for your reply, However the article you suggested tells me how to search, my issue is that since the updates, the search isn't working",https://play.google.com/store/apps/details?id=com.google.android.apps.photos&reviewId=0ffc568a-bac8-4722-b4a7-a0673c3dbdbc,search_broken
Google Play Store,2023-01-03 02:33:39,1,"Great editor but user interface unworkable. Impossible to navigate/find/move photos across folders. Or create folders. And what's an album? Album photos nolonger exist on your phone. Folders are missing. Folders with names like 'restored' are created, but are impossible to find. I have to download another app to find/manage folders. Simple intuitive features like drag and move missing. My old Samsung gallery was so tractable, intuitive and flexible (but not available on app store).",https://play.google.com/store/apps/details?id=com.google.android.apps.photos&reviewId=e9b32dd6-ca66-43b9-9336-eb1c6d37aa0d,cannot_find; photos_missing
Google Play Store,2020-12-28 21:54:20,1,"It is such a total pain to find anything anymore. I cannot download pics/videos from less than 6 months ago. I cannot quickly or easily get to my older photos. I just received a notification about a collage and hit save, but now cannot find it anywhere. Speaking of which, I can't find any of my old collages or other automatically created content. This used to be good, but has become so cluttered with garbage that it is only on my phone because I cannot remove it.",https://play.google.com/store/apps/details?id=com.google.android.apps.photos&reviewId=c1e3fcf2-a0f9-4f47-9896-a4d79be4416d,cannot_find; about_old_content
Google Play Store,2024-08-12 12:38:04,1,The latest update is horrible. It's much more difficult to search for photos that already organised in different folders. Instead of i can easily access my photos in previous version. Now i require to dig extra just to find the photo which is extremely annoying.,https://play.google.com/store/apps/details?id=com.google.android.apps.photos&reviewId=3d24ad17-5862-4cb5-9f87-fe0807b8463c,cannot_find
Google Play Store,2025-10-13 12:51:35,1,"AI search has rendered this app useless for trying to find photos within the app. It used to be fairly decent, but now even after several attempts at even the most basic search requests - you end up having to just scroll through thousands of photos to find the one your are looking for.",https://play.google.com/store/apps/details?id=com.google.android.apps.photos&reviewId=e045ab91-3969-450a-b672-447beb37c495,endless_scrolling
Google Play Store,2024-10-03 05:04:57,1,Every time the app updates they change the layout. It's so incredibly frustrating trying to find things each time. Now I have no idea where all my Snapchat downloads go.. I have searched through the entire app! And creating albums is a nightmare with too many options and doubling up photos just to group them. Leave good enough alone!,https://play.google.com/store/apps/details?id=com.google.android.apps.photos&reviewId=54204d59-f398-4360-8b69-0a7fc3a5a3ab,forgot_details
Google Play Store,2022-06-06 23:10:33,1,"I've always had Google photo and recently brought new phone. When I updated the Google photo, I didn't know it was the update that caused me grief. When I thought my new phone was malfunction and went out of state to get it fixed but they don't know what was wrong with it when the whole time it was the update. It also won't let me open the camera since it linked together. I uninstalled the update and it works! Now it was embarrassing time. Please fix your update.",https://play.google.com/store/apps/details?id=com.google.android.apps.photos&reviewId=37355937-6a6f-441e-aac7-f8550ff8bfd4,forgot_details
Google Play Store,2020-09-04 23:23:18,1,"The latest update has deleted photos, videos and albums. Cannot locate anywhere. Newborn baby pictures GONE. Used to be great. It's no longer user friendly and photos and albums are impossible to locate. This photo app used to be great. It's garbage now. Google needs to fix immediately. Would give zero stars if possible.",https://play.google.com/store/apps/details?id=com.google.android.apps.photos&reviewId=ae7a0b3a-9b56-4e5a-8c31-fa76ad7887bb,cannot_find
Google Play Store,2024-01-13 09:00:19,1,People and Pets option is not showing. I don't know why this happened. We can't search a photos without faces. Check the issue and sort it out as soon as possible. Great helpfull for us Thank you so much for your support quickly If we want a photos for particular person how we can search it.,https://play.google.com/store/apps/details?id=com.google.android.apps.photos&reviewId=83a106cd-455e-4ed4-8f16-fe2bd8965e9c,cannot_find
Google Play Store,2024-07-19 19:43:49,1,"Where has the ""search by map"" feature gone in the recent releases? You used to be able to view a map, and zoom in to show all photos taken at that location over the years. This was incredibly useful since some photos aren't saved against a specific location name (due to location accuracy) so the new method of search by name often misses results that were simply meters away from the taged location. The location data is clearly still in the image meta so why remove the function of the map overlay?",https://play.google.com/store/apps/details?id=com.google.android.apps.photos&reviewId=86e32fc9-f707-44dd-b1d6-463e083d536b,where_did_they_go
Google Play Store,2020-04-25 10:05:09,1,"Ever since the update, haven't been able to move photos into different folders without either a problem notification or it being copied instead of just moved. Pictures also randomly upload into my cloud or categorize themselves, and I don't know how, when, or why, so when I want to see a particular pic, need to do some hunting. Finally, some pictures are now just black. Thanks.",https://play.google.com/store/apps/details?id=com.google.android.apps.photos&reviewId=f01144a2-0454-4ae7-b8b4-c97955fa8b20,forgot_details
Google Play Store,2024-08-24 02:38:06,1,"Every update you do just makes it worse and worse. Now I can't find any of my pictures, now you have eliminated the library. I wish we had a choice on an Android phone. Instead we are stuck with your app if we want to be able to take pictures with our phone or edit them",https://play.google.com/store/apps/details?id=com.google.android.apps.photos&reviewId=2903bcc1-e07e-484f-aaec-b3e778da81ad,cannot_find
Google Play Store,2020-01-30 12:50:38,1,I have backed up all my photos but still there are some pictures I am not getting. The main problem is it didn't recognized faces properly. I have 2-3 faces in pets n people's. Make it clear n more smart. I can't find my photos in my album so help me with that. Update the face part n make it more easy,https://play.google.com/store/apps/details?id=com.google.android.apps.photos&reviewId=688d74d5-da03-45b7-a295-b12316dc52b7,cannot_find
Google Play Store,2025-09-07 00:06:21,1,"It's like a parasitic leech for permissions. I denied facial recognition then immediately got a notification to allow it to organise photos by facial recognition. Can't search for specific folders using search but you can use ""AI"" to filter photos (which doesn't work); I literally want to find a single folder of photos. Stick to using standard stock Gallery app. This is utter rubbish.",https://play.google.com/store/apps/details?id=com.google.android.apps.photos&reviewId=7289afdb-4445-410e-86a1-5dda5f2c17fd,cannot_find
Google Play Store,2021-08-12 20:44:27,1,Used to love this app but i have no idea what's been going on with this. Search is absolutely horrible now. I have lots of vinyl music photos and before it used to find it all when searched 'vinyl'. Now brings 2 or 3. Album create constantly fails... Too many to list. Disappointed.,https://play.google.com/store/apps/details?id=com.google.android.apps.photos&reviewId=02618177-fa7a-4782-96b1-7162702f7bf7,search_broken
Google Play Store,2023-06-02 20:08:04,1,"Used ""free up space"" not realizing it would remove all photos & video from phone. No warning, no nothing, they're just gone. No way to undo & no way to save them back to the phone. I can't find a way to save even 1 photo. There should be save all back to phone. Googling yields solutions where there are no such features in the photos app. Only way to see photos now is with an internet connection, not good. It's too slow and eats up entire monthly data. Whoever invented this should be fired.",https://play.google.com/store/apps/details?id=com.google.android.apps.photos&reviewId=1321cd2c-f766-41b8-aa5e-f7dfdb6a330f,cannot_find
Google Play Store,2025-08-26 08:37:04,1,I used to live and die by this app - but the new search feature (where you can no longer choose to go back to classic search) is so awful. If I know the exact date the photo was taken - I should be able to search that date and see all photos from this day. but nope - this AI generated search feature is absolute GARBAGE!!!!!,https://play.google.com/store/apps/details?id=com.google.android.apps.photos&reviewId=57182b7b-86c9-4097-bffe-f2edc995772c,search_broken
Google Play Store,2024-09-19 11:07:57,1,"The latest update has completely changed the layout everything is significantly harder to find. Also please give me an easy way to stop my photos from being grouped it's very annoying trying to look through them I don't care what's the app thinks is the ""Top pick"" I would like to see them all for myself.",https://play.google.com/store/apps/details?id=com.google.android.apps.photos&reviewId=868887f7-3bfd-4c11-8e61-a8fac91db3f5,cannot_find
Google Play Store,2023-11-28 15:36:20,1,Still disappointing that the embedded location data is distorted by Google maps insistence on attaching the photo to a business registered to that area. A photo of my home it will only allow me to post to a nearby church hall. It can't find my home even though timeline knows it. An example is the Kent Area of Outstanding Natural Beauty which is registered in Ashford Kent so any photo taken in most of Kent is assumed to be of Penstock Farm in Ashford even if you are in Sevenoaks 50 miles away.,https://play.google.com/store/apps/details?id=com.google.android.apps.photos&reviewId=93e0a406-d486-4144-a42c-378c33ec9690,cannot_find
Google Play Store,2024-01-20 23:02:31,1,"Confusing update. Hid all my photos taken with the current device to I don't know where and let's me see them only in the 'all' folder. Hate the app. Had to roll back to the factory version, thank God it was an option and returned everything to familiar navigation. Upd. Replying to dev comment: you do know that I can't copy/paste the address from your reply? 😂😂🤦🏼‍♀️🤦🏼‍♀️",https://play.google.com/store/apps/details?id=com.google.android.apps.photos&reviewId=cdb508d3-e18b-4a34-99ea-8ef342a11a5d,forgot_details
Google Play Store,2022-05-07 04:27:25,1,"The recent updates keep unorganized my images/videos & whatever folders I have keep disappearing, making it difficult to find things. Things also keep showing up as blank & I have to constantly re-download everything that's blank, which requires wifi/data, wasting my time & further unorganizing everything since much of what I have are already in their own sections with the items that don't need to be re-download.",https://play.google.com/store/apps/details?id=com.google.android.apps.photos&reviewId=4fb4c128-13f3-44cb-a026-833de3e5b38a,cannot_find; photos_missing
Google Play Store,2020-09-29 06:26:49,1,"Unless you intend you completely empty your phone, dont use the ""Free up Space"", deletes your photos with no recovery options and makes it impossible to find the photos (I tried to recover many lost photos and I'm still missing a few, will delete the non backed up versions). The app is confusing and rubbish, no recover options and the stop button was hard to find. No thanks.",https://play.google.com/store/apps/details?id=com.google.android.apps.photos&reviewId=71f52e88-e827-4bad-9e36-725d15f268be,cannot_find; photos_missing
Google Play Store,2025-12-23 09:07:00,1,"New Remix AI function sometimes works, sometimes doesn't. Also, the new folder system is bad. Old app had all old photos in folders by type(Screenshot, download, etc). Now, those folders are gone and old photos are near impossible to find.",https://play.google.com/store/apps/details?id=com.google.android.apps.photos&reviewId=5ab70281-f7f9-4ff2-ad18-be244b6d24c1,cannot_find; about_old_content
Google Play Store,2019-03-01 10:14:18,1,"I dont understand why they separated my old albums and now won't let me add photos to them anymore. I was still building those and i can't find any way to move a picture from my camera reel to my albums, that they now call folders on my device. It seems to want to push me to build google albums. Im not into that, it should be an option. Please fix this.",https://play.google.com/store/apps/details?id=com.google.android.apps.photos&reviewId=cccf9306-8ac9-4e4d-a3e9-ec772c16c068,cannot_find
Google Play Store,2022-06-07 19:01:07,1,This was pre-installed on my Moto. I hate it! It arranged my photos chronologically when they transferred from my old phone. A couple days later I have no idea how they are arranged. My photos have been shuffled again. I cannot find anything. This makes no sense. None of my albums were saved. I have no idea how many photos were lost.,https://play.google.com/store/apps/details?id=com.google.android.apps.photos&reviewId=fef669b8-d2f5-4653-8216-4a3a05a5ee12,cannot_find; photos_missing
Google Play Store,2024-08-21 02:10:33,1,"This newer version is total junk,previously I organised my photos into different albums,but now I can't even find my albums,instead there is another heading called collections,which does not give me my different albums,which renders everything I have tried to organise meaningless.Please fix this problem .I am not happy with losing all my hard labour.As it stands now I wouldn't even remotely think about recommending this app to anyone,why change something which surely did not need changing.😡😡😡",https://play.google.com/store/apps/details?id=com.google.android.apps.photos&reviewId=a28af67b-e154-47c5-967b-46fdc7d09585,cannot_find; photos_missing
Google Play Store,2024-11-25 17:38:47,1,"I want to disable to syncing because I want to clear out the storage of my gmail account but I can't seem to find the setting to turn it off, I already turned off backing up but all photos are still synced, I wanna disable the syncing so that when I delete photos on this app, it doesn't get deleted off of my phonr, but it wouldn't let me do that. Please do something asap, this is time consuming.",https://play.google.com/store/apps/details?id=com.google.android.apps.photos&reviewId=8bba8b75-c2f0-4622-b579-6ea32fb130c4,cannot_find
Google Play Store,2019-08-16 02:03:03,1,it really is appalling the backup and sync just stools at 21 with no idea which 21 photos are causing the problem absolutely pathetic Google you really need to sort it out I clear the clutter review should have option to delete. app needs to be much clearer on whether or not face grouping will work for photos uploaded prior to enabling grouping. Backup and sync is appalling it gets stuck and gives no idea it is stuck this is pathetic I have been stuck on 23 3 photos for,https://play.google.com/store/apps/details?id=com.google.android.apps.photos&reviewId=2b7c10a2-65ab-4578-b90a-1de121bc24e9,forgot_details
Google Play Store,2024-09-10 07:36:15,1,Worst ever last updates couldn't find files in collections first every file with name were there in collections and symbols for backup wether its enabled fro specific file or not now mixed up no files are being shown just all thing pictures etc just irritation from last week im confused about that im about to delete my account i don't need that system which is not easy to use or allocated.,https://play.google.com/store/apps/details?id=com.google.android.apps.photos&reviewId=5bb5449d-a6d4-4008-adfd-dc10cd4a2f7a,cannot_find
Google Play Store,2023-06-14 12:07:06,1,"I opened the app and it told me it had an update so I decided to update it. Big mistake. I updated the app and when I opened it, all of my photos where gone. What's worse is that I couldn't find those photos in any other app like my tablets Gallery. The only photos I could find where a bunch of photos that had also disappeared some months back and some that I even deleted. If this app is the problem then what the heck happened I got so annoyed.",https://play.google.com/store/apps/details?id=com.google.android.apps.photos&reviewId=7e8516a2-4010-4711-bd82-5748a011dbf4,cannot_find; photos_missing
Google Play Store,2025-12-17 00:33:38,1,"most garbage photos app in existence, it's impossible to find anything, the tabs make absolutely no sense, why is it so difficult to filter an album by videos?? also why can't you download photos from Google photos any more? I will NEVER own a Google phone again, I am very easy to please when it comes to phones and Google phones are the worst.",https://play.google.com/store/apps/details?id=com.google.android.apps.photos&reviewId=73af606a-cf1a-4185-bc6d-9b02a9841708,cannot_find
Google Play Store,2022-04-18 07:19:21,1,Can't find any of my photos. Says they are in the cloud whatever that is. Can't find them and cannot download onto my phone off this cloud thingy. Why do you asshats have to mess with perfection? My old phone was easy to navigate and easy to find things. Stored my photos and music right on my phone. Now I have nothing. Maybe if you have someone come show me how to use the Google thing but you guys only care about money.,https://play.google.com/store/apps/details?id=com.google.android.apps.photos&reviewId=cd71410a-99c0-4413-be2d-357c559a708c,cannot_find
Google Play Store,2024-11-10 14:23:33,1,Was doing great until last update. Now I can't find any of the tabs I used to use. Mainly the sharing with friends button. They have also tied most of the menus into a drop-down that seems to have lost about 70 percent of the functions the app was great for.. Highly unfortunate. Wish it would just revert. Fix it please! *Reply to Devs* Not that I can find.,https://play.google.com/store/apps/details?id=com.google.android.apps.photos&reviewId=e1df0c34-2c97-4628-b4b1-ac33b6c872bd,cannot_find; photos_missing
Google Play Store,2020-01-01 09:27:16,1,Infuriating. When I purchased this phone I had over 4 thousand pics that were ALL sorted meticulously in albums. The phone took them all and mashed them into one place. Put them in different albums. I can't find anything ever. It's INFURIATING!😡 AS SOON as my contract is done I am setting the phone on fire!,https://play.google.com/store/apps/details?id=com.google.android.apps.photos&reviewId=93374143-4ca4-4795-80c8-5a87ea61075e,cannot_find
Google Play Store,2020-07-06 04:14:56,1,"Dreadful, not easier to navigate, slower. Getting the feeling Google does not value photos anymore. I've been ""Getting ready to back up"" for days now! 1item, original quality. Can't find a solution. Most recent album posted is from 3 days ago.",https://play.google.com/store/apps/details?id=com.google.android.apps.photos&reviewId=b92e149c-1bbf-4f68-8bf2-5009d1b06686,cannot_find
Google Play Store,2022-02-01 15:37:00,1,"After ""backing up"" photos, they're not available to ANY other app, and even within Photos they're literally impossible to navigate or search: users essentially have scroll though ALL backed up content to find any PARTICULAR picture, which is absurd. Yet another app that seems like ZERO Google engineers actually USE!! [And per usual, Google's response to this review is to treat me like a child and send me to boilerplate FAQs that don't even remotely address the ACTUAL nuanced issue at hand.🖕]",https://play.google.com/store/apps/details?id=com.google.android.apps.photos&reviewId=4bf5daf9-29e2-4ed8-8205-101f62a933f3,cannot_find
Google Play Store,2024-09-04 23:34:32,1,"The new update sux. U just want to see my new photos, and I can't find the hundred others like before.😬😑☹️ My apps do not recognize this, and when I want to use a custom photo editor or some other other apps it only shows the few . 🙄🤨 Oh and when you go to Play and return to last update and you go and open the app a screen says update now or later, but every time you open the app🤦🏼‍♀️",https://play.google.com/store/apps/details?id=com.google.android.apps.photos&reviewId=3160e1ef-9f65-4ec6-9d33-bbd63eae68ee,cannot_find
Google Play Store,2024-08-02 06:16:54,1,"Can't view any videos and only select photos will display. I cannot find any information at all how to fix this issue, and now my childrens sports day footage won't show up at all and frankly I'm furious. Please help me find a solution because I'm literally ripping my hair out in frustration.",https://play.google.com/store/apps/details?id=com.google.android.apps.photos&reviewId=6a3a061d-0886-431d-8040-52572534775d,cannot_find
Google Play Store,2024-09-18 13:55:15,1,"""Search"" function doesn't work for a few weeks on all my Android devices (flower, my comments, trees etc), however, on the website through a web browser everything is working fine. Removing cache, restarting the devices etc nothing works and it s impossible to reinstall Google photos... Your answer to my comment is not letting me to copy your link !! Your support email is not working anymore and your support email is not existing!!",https://play.google.com/store/apps/details?id=com.google.android.apps.photos&reviewId=66423181-5ca6-4770-b8d8-b242c014eb99,search_broken
Google Play Store,2020-07-21 18:29:31,1,I'm very disappointed with the latest update. I can't find my albums created especially for my modified photos and other selected ones. I'm afraid I've lost them all. I can't find where are Google Stylized photos now. Google please SORT THIS OUT !!!!!!!,https://play.google.com/store/apps/details?id=com.google.android.apps.photos&reviewId=936da86b-6a45-4d25-9f61-2f1ce3a37dac,cannot_find; photos_missing
Google Play Store,2022-06-12 20:23:55,1,"I have lost everything, BE CAREFUL WHEN USING THIS APP. Most awful app on my phone. Automatically started backing up my photos and used all the storage on my Google account, then deleted every image on my phone, saying that it is backed up. Now I am in the awful predicament where I am unable to retrieve my photos and my only option is to delete the backed up images and no way to get them onto my phones gallery. I hate this app with all the passion in my soul.",https://play.google.com/store/apps/details?id=com.google.android.apps.photos&reviewId=3fa1389e-87ad-4554-a85d-b85ddbf66a3e,cannot_find; photos_missing
Google Play Store,2020-07-23 15:04:41,1,"The recent update is TRASH. I recently moved a few photos to a folder, and they have disappeared. They can't be found in backup/drive/bin etc. Can't even find them in the download section of Google crome. They were important images I was trying to organize and I am sad now.",https://play.google.com/store/apps/details?id=com.google.android.apps.photos&reviewId=fed95140-f2fd-43aa-b7d1-86374bd9f1af,cannot_find; photos_missing
Google Play Store,2021-05-31 03:29:41,1,I have a large number of albums that show on my laptop & in the past were visible on the phone app. Now they've disappeared on the phone. Difficult to show somebody a photo when I'm out & about if I can't find the album its in.,https://play.google.com/store/apps/details?id=com.google.android.apps.photos&reviewId=f9c42bca-5461-4a8f-9d3b-b92703a69d1e,cannot_find; photos_missing
Google Play Store,2021-05-31 08:18:30,1,"Totally disgusted. I got a new phone replacing a phone that had 256G Memory card. The new phone has no such advantage. I have 8600 images and videos in some 90 folders. You can't upload from folder to folder, and then when you get them all on Google photos, you have to move them to the albums one at a time. Now all I have is 8600 images in a total jumblef*ck. Some I have no idea which folder they belong in if I can even find what I'm looking for. Nor do I have the hours and hours it VERY ANGRY!",https://play.google.com/store/apps/details?id=com.google.android.apps.photos&reviewId=61baa0b8-d8e8-49f6-aa9f-257ba689294d,forgot_details
Google Play Store,2023-10-11 01:45:32,1,"It's insanely difficult to copy or move an image to a local folder on my device. Even pictures I've taken with my phones camera, that are already stored on my phones internal memory, are held hostage by this app. I had to use a file management app to copy photos from one local folder to another. This is so bad it has to be intentional, why else would such an obvious feature be missing or so incredibly difficult to find. It wouldn't be so bad if the Google albums were discoverable by apps.",https://play.google.com/store/apps/details?id=com.google.android.apps.photos&reviewId=141f9275-9bfb-4e12-86a3-1b096db02262,cannot_find; photos_missing
Google Play Store,2021-03-30 17:59:13,1,"Been having issues with this app nonstop since updating a while ago. It never shows my current images. I have to close and restart the app several times to see things I just saved or took a picture of. The organization in this app is atrocious and needs a major redo. You cannot find pictures easily if you're trying to post them, unless you took or saved the picture recently. Still having these issues (date 3-30-2021 over a YEAR since original review).",https://play.google.com/store/apps/details?id=com.google.android.apps.photos&reviewId=46623baf-fb51-4c5f-bb82-eaf13e19b734,cannot_find
Google Play Store,2026-04-18 08:49:53,2,I used to really like this app but things have gotten so confusing that it's nearly impossible to find pictures. I don't understand why sometimes pictures from the cloud show up and sometimes they don't. Why can I not see all my pictures in the main feed? Often I'll save a picture and it will be seemingly nowhere. Screenshots are the worst. The only features I can appreciate are sorting people by face and the AI search to find specific things (when it works).,https://play.google.com/store/apps/details?id=com.google.android.apps.photos&reviewId=4c3065ba-7660-4a99-80fd-7307a0d46b11,cannot_find
Google Play Store,2026-03-29 00:21:35,2,"Why do images display on a white background? Makes them harder to see. The app really struggles with images, zooming and panning and gestures. It's impossible to find the gallery of photos I'm tagged in that my friend sent without the URL. Shouldn't I be able to find this easily in the app or bookmark it somehow? It's simply not there. You can't even change the sort order on photos within an album. Too many unlabelled hieroglyphics buttons, I don't know what a cloud with an arrow means.",https://play.google.com/store/apps/details?id=com.google.android.apps.photos&reviewId=2c62896e-ff90-4edd-a9b3-f29263f32020,cannot_find
Google Play Store,2018-12-17 22:40:28,2,"The app is great for backing up photos from different devices and having them in one central location. Still needs a lot of work though. Not being able to organize photos is annoying, and not being able to sort photos via name, date, size and etc can make finding photos very time consuming. The search feature is nice, but rarely finds what I'm looking for. A ""recently uploaded"" feature would most certainly be nice as well. It's very irritating uploading photos from a PC and having to scroll for hours on my phone to find the photos (because the search feature is almost useless). Also, please! I repeat, please! Change the ""free up space feature""! Nothing aggravates me more than hitting a wrong button and deleting all the photos off my device. No permissions (like are you sure you want to do this? And explanation of what it does). No way to stop it. Just stare at your screen in horror as your photos get deleted off your phone with no way to stop it. Scramble to force close the app, but too late! Gone! Back to the abyss of Google photos to try to find your photos. Decent app, but for how long it's been out and how few features it contains, it feels as if it should still be in beta testing mode. Definitely not photographer friendly.",https://play.google.com/store/apps/details?id=com.google.android.apps.photos&reviewId=777871b0-6538-4c47-8ad0-c043b22df426,search_broken; endless_scrolling
Google Play Store,2018-11-18 19:45:26,2,This is the only photo program available on the Google phone. It can be difficult to find photos. Sometimes they end up in the cloud and not available on the device. Sometimes they are on the device. There seems to be no rhyme or reason to which location takes priority and features to move/download photos are not always present. Google falls short with this. I miss the ease of use of iPhone's photo app.,https://play.google.com/store/apps/details?id=com.google.android.apps.photos&reviewId=b438b4f8-317e-4f15-b035-b90da70efc6e,cannot_find
Google Play Store,2022-09-05 21:18:51,2,"NO! As soon as my photos were backed up, they disappeared off my phone and were not placed in the folders I had created. And I can no longer find thousands of them. This is going to be a big time wasting mess! Don't do it! One other problem... now that the photos have disappeared from my device I cannot even retrieve them when I'm trying to attach them to messages or any other app. This is extremely frustrating and I wish they would just allow me to undo those changes.",https://play.google.com/store/apps/details?id=com.google.android.apps.photos&reviewId=77197c86-d5c8-477b-a1f6-9d35b7ebc17e,cannot_find; photos_missing
Google Play Store,2021-04-15 21:42:39,2,"I hate how it splits up my photos and arranges them how IT thinks my albums should be. It's hard to organize correctly and it's frustratingly difficult to find one specific picture when I've got to look through 50 random albums I didn't even make to get to it. I like the date stamps it puts on everything. I also like being able to share things with a wide range of apps, but this app itself is a nightmare.",https://play.google.com/store/apps/details?id=com.google.android.apps.photos&reviewId=f13e37b5-1504-4977-a817-70ee5e42b70a,cannot_find
Google Play Store,2020-10-02 19:01:26,2,"""If it ain't broke, don't fix it."" I do not like the new updates at all, they have made the app more difficult to use and find things. It was great before and they should have left it alone. They took away the ""sharing"" link and now I can't find photos and videos my son has shared. They also took away the link (I think it may have been labeled ""for you""?) that took you to all of the collages, animated pictures, movies that Google made from your photos.",https://play.google.com/store/apps/details?id=com.google.android.apps.photos&reviewId=4fa3dfee-9a60-4ed8-9f5b-e60edfc52fc1,cannot_find
Google Play Store,2020-11-26 18:41:30,2,"UPDATE: reducing from 3 to 2. Photos makes neat collages etc. I click on a notification to see one. Wait too long, poof it's gone. Random slideshow starts, no way to find the collages. Didn't save in time. Reducing from 5 to 3. The backup is solid. But I hate the new galleries / ""this date x years ago"" view. I can't zoom, I'm always fighting it going forward and backward, and it skips off to other years. I find myself fighting the UI and frustrated with it almost always when viewing.",https://play.google.com/store/apps/details?id=com.google.android.apps.photos&reviewId=37e3e702-8312-4eb4-9fc7-89efbbd5b2ee,cannot_find; about_old_content
Google Play Store,2020-07-16 08:39:44,2,"The new update makes the app unfortunately cumbersome to use. I liked having all of my pictures in one area, and being able to exclude libraries when necessary. Now, different folders are segregated and I have to go to library and find the photo folders I use most often. Cannot find a way to change this. Will be switching applications to something more usable and streamlined.",https://play.google.com/store/apps/details?id=com.google.android.apps.photos&reviewId=648d4180-3bad-4a7e-ad63-a2c266629b0d,cannot_find
Google Play Store,2021-12-20 08:14:43,2,"More glitches that ever! This used to be a great photo syncing and editing app but over the past few months it started to create troubles. I had to reinstall it 3 times for it work properly. It takes forever to sync, background sync doesn't work, but worst part - l lost a lot of my photos because it showed me as if everything was synced to the cloud and so I freed up space on my phone, but later I couldn't find them on Google photos cloud and there were gone from my phone.",https://play.google.com/store/apps/details?id=com.google.android.apps.photos&reviewId=5f9d1e01-65ce-4253-9ebb-5ceadbd8c70c,cannot_find; photos_missing
Google Play Store,2022-05-18 09:13:59,2,"Backup works fine, but why is deleting a picture also delete copies of the picture in different folders? That's just stupid... and now the search through my photos doesn't work on my tablet for some reason. Keeps saying turn on back up. But I don't want to back up the tablet. And it should be able to search through the already backed up photos!",https://play.google.com/store/apps/details?id=com.google.android.apps.photos&reviewId=87087e30-b154-4083-ae2a-38d9f4b183e4,search_broken
Google Play Store,2022-02-09 00:30:54,2,"I tried this out because there's an option to share your gallery with another account. Now most of my photos have disappeared from my main gallery and been backed up but because I share my gallery with a friend, all of my photos and theirs are scattered thoughout the app. It's very difficult to find and sort mine. If only there was a way to only see my pictures or an easier way to sort them, but all in all I don't really recommend.",https://play.google.com/store/apps/details?id=com.google.android.apps.photos&reviewId=dfb27c70-00a2-45e1-a8fd-36511b96d47c,cannot_find; photos_missing
Google Play Store,2019-12-05 00:00:29,2,"This photo app is not user friendly, and it makes me miss my iPhone. I can never find pictures I download. It's not clear which folder or album they are saved to. Also I'll take a picture and it may take up to 10 minutes for it to show in the photo album. That's such a huge lag between the camera and the software. The search feature is pointless; it never brings up what I'm looking for so I still have to scroll. Impossible to search by date when the photo was taken. This app is trash.",https://play.google.com/store/apps/details?id=com.google.android.apps.photos&reviewId=a7caf3ab-dd4d-4c26-a8d7-acf3cc0e259a,cannot_find; search_broken; endless_scrolling
Google Play Store,2024-03-15 16:03:10,2,"Yesterday, I uploaded some pictures. Today I checked for those pictures. They were sorted by faces. After adding their respective names and saved them, they all suddenly disappeared. I couldn't find them any longer. What the problem is, I don't know but please fix it.",https://play.google.com/store/apps/details?id=com.google.android.apps.photos&reviewId=85eed262-b4fc-4a05-9655-d8ef31eb41e4,cannot_find; photos_missing
Google Play Store,2022-02-09 00:58:37,2,"I've used this app only for my photos all these years. I think I'm going to find another photo app because everyt ime I edit a photo even in an album , it disappears and I can't find it and I use my photos every day. I'm so disappointed that this was an update. I Uninstalled the update and it still does this. Any fixing this huge problem soon?",https://play.google.com/store/apps/details?id=com.google.android.apps.photos&reviewId=b20814b5-73be-4986-936e-dd32761a11f7,cannot_find
Google Play Store,2023-07-29 00:25:49,2,"Reducing from 5* to 2* primarily because it is not improving at all, at least I am not able to see, as a user persona. - no way to search for b&w photos - in adding to albums, can't search the list - love the ability to search for pets/people, but several photos are not being identified properly. - etc.",https://play.google.com/store/apps/details?id=com.google.android.apps.photos&reviewId=a878a34e-497d-4355-b22c-0c5908949a0c,cannot_find
Google Play Store,2024-01-04 09:41:12,2,This app only selects images from certain locations on your device. Not ideal. Plus where is the support? The email address supplied is no longer monitored.....come on Google wake up. My storage is at 50% yet I can't view anything. Where is this so called storage? Archive shows nothing. The vault needs the ability to be made visible if need be. Moving stuff out to share and back in is cumbersome and time consuming.,https://play.google.com/store/apps/details?id=com.google.android.apps.photos&reviewId=08247712-d755-4351-95ba-3235c7dab750,where_did_they_go
Google Play Store,2020-07-03 23:37:27,2,"They broke it, I can't add people to shared albums, if I go to more and select any it says invitation sent but no one is getting them. They don't show up as invited, tried over and over. But my wife's iPhone version works fine. Can't find albums you own without using search so you need the name, seems like not all are showing, wife had same issue with one i shared with her after this update. I don't think Google employees actually use their own products. Maybe they know better than us.",https://play.google.com/store/apps/details?id=com.google.android.apps.photos&reviewId=e7b2d91d-1d23-4024-9fe2-908544ce48f5,cannot_find
Google Play Store,2021-11-15 21:34:32,2,I've just downloaded my Google photo app into a new phone having backed up the album's. But on my new phone it doesn't show the album's thumbnails in the library. I can only find the album through a physical search using the search box. This is no good to me when I can't walkways remember the name of the album! I want to see all album thumbnails like on my other phone?,https://play.google.com/store/apps/details?id=com.google.android.apps.photos&reviewId=2988f727-fa9f-4000-b7c1-b2467062e01a,forgot_details
Google Play Store,2020-11-18 22:24:43,2,"The app and auto backup features are very nice, but the lack of a manual exclude folder option makes the app unusable for me. Photos auto detects album art from my music folders, and makes thousands of new photo albums for each music albums art, making it impossible to find actual photo albums. The "".nomedia"" does not work in this situation, as the music would then go undetected. Many other gallery apps support manually excluded folders, I would love to see it implemented here.",https://play.google.com/store/apps/details?id=com.google.android.apps.photos&reviewId=0447b1da-6e9d-4507-b304-93702332068f,cannot_find
Google Play Store,2020-07-13 13:36:39,2,"Update ruined it, I loved the old version of the app, I hate the new one. Its difficult to use, it's hard to find photos, all the collages and animations I saved, I cant find now. Only halfway decent part is the showing the photos from years past. Not an app I would recommend to anyone, I'm very disappointed.",https://play.google.com/store/apps/details?id=com.google.android.apps.photos&reviewId=953c23ef-5c94-4e11-bc1b-6fc6a1932ded,cannot_find
Google Play Store,2019-09-04 08:02:39,2,"The app keeps getting unnecessary changes. I just want something simple. Now there's no option to see all of my photos at once. I don't care for folders, timestamps, or backup. I have fewer than 5 photos, and I can't even find them all. It's very frustrating.",https://play.google.com/store/apps/details?id=com.google.android.apps.photos&reviewId=6b258c90-dabb-4eec-a2a8-5626a8bbc493,cannot_find
Google Play Store,2024-12-07 13:50:47,2,"New updates are screwing up how I want to open up the pictures and videos. Keep them all in one place. Stop putting them in different categories where I have to keep looking for the specific folders and categories. It makes it so difficult to find them. Just reverse it back to the old pictures settings. Sharing and making prints aren't important to me. I'll prioritize my own pictures and videos. Stop throwing them around different places, then I can't look it up because it's no longer there.",https://play.google.com/store/apps/details?id=com.google.android.apps.photos&reviewId=e1f14084-8077-45dc-96a1-684fbda292c6,cannot_find; about_old_content
Google Play Store,2020-05-11 15:52:23,2,"Google Photos needs to keep up with the competition. It needs an elite duplicate photo remover. It needs to keep the original dates of photos after copying, moving or editing. My 4 yr old baby photos dated 2019? So they're not in their original 4K resolution! The photo storage is even worse! Its unlimited storage @standard resolution, when reviewing old photos they're so degraded and I can't locate the original because the dates are all messed up as stated earlier. G-Photos needs CHANGE!",https://play.google.com/store/apps/details?id=com.google.android.apps.photos&reviewId=4787d4ed-4bd7-4fcb-8449-b9816696505a,cannot_find; about_old_content
Google Play Store,2022-11-25 23:16:54,2,"I used to have a note5 Lcd blacked out screen so I had to buy a new phone..... we all know the pain. Couldn't get any of my old photos because t mobile doesn't provide customers decent service. With all that said....I am TRYING to keep up with photos.... let me say this..... less is more. Good lord, I need a college course to figure out settings, lighting timing.. PAALEEEZ! Saving.... where is all my stuff. I really like simple. In such a busy world not much time... less IS MORE!",https://play.google.com/store/apps/details?id=com.google.android.apps.photos&reviewId=b42f15db-18f0-4b25-9c46-0a79b420fe67,where_did_they_go; about_old_content
Google Play Store,2020-08-13 18:41:15,2,"Before the update the app was MUCH BETTER. I would have given it 5 plus stars. I love Google photos and use it all the time. I just wish it was back how it used to be. The year in review is hard to navigate, and the notifications is hard to know what notifications you have. I also used to love the stylized photos Google would make, the stories, and the books. I don't think Google photos does that anymore...or it obviously is hard to find if they do. Please make the app the way it use to be!",https://play.google.com/store/apps/details?id=com.google.android.apps.photos&reviewId=1df78cb4-b7dc-41c8-93a6-2a0ddc02460d,cannot_find
Google Play Store,2022-03-12 00:24:19,2,Not so good now. I have been forced to buy storage now even though most of my photos are from the early free period. My PC interface is a mess claiming I have around three times the storage needed to convert! Support details seem hard to find. Duplicate photo removal is challenging.,https://play.google.com/store/apps/details?id=com.google.android.apps.photos&reviewId=c8251776-642c-4878-8902-9dc70a29a47d,cannot_find
Google Play Store,2024-09-17 21:36:55,2,It's simple and easy to use but I hate the new feature that automatically stacks groups of photos. It makes finding the right shot very difficult. Thanks for ruining an otherwise unobtrusive app. Update: now search is broken. It doesn't return any results no matter what I search for. Great going Google. Nice job of destroying your core business and replacing it with trash.,https://play.google.com/store/apps/details?id=com.google.android.apps.photos&reviewId=29f17494-491c-442f-82e0-9d450e934da2,search_broken
Google Play Store,2020-08-17 00:24:47,2,"So much worse after the update! Albums functionalities are all over the place, you cannot share them from the menu once you have created them by moving pics from the main stream. And if you go via the classic user path then you cannot find those you created from the stream. What a mess! 2 stars only because of the easy video editing functionality.",https://play.google.com/store/apps/details?id=com.google.android.apps.photos&reviewId=94aae3a2-3a11-4edd-a6de-c08244432cc8,cannot_find
Google Play Store,2019-03-06 22:34:57,2,"I am just too frustrated with this app. Auto-generated copies always fill up my gallery like a dumpster. I clicked a pic and suddenly I hv 4 copies of it, and half of them are of real bad quality. I accidentally deleted some of my pictures too while trying to delete copies. I tried to retrieve them from the backup but I can't find the way to do so. I am just so fed up of this nonsense.",https://play.google.com/store/apps/details?id=com.google.android.apps.photos&reviewId=0b23a574-ba2f-4188-8ce3-b5ff3872ab3d,cannot_find
Google Play Store,2021-09-03 04:09:53,2,"I can't find images saved from my browser (Google Chrome). Is there something I'm missing? I've checked every folder and can't find them. UI isn't very user friendly and I wish I could just use a stock gallery app but this is all that came on my new phone. Also, total BS that you have to buy more storage to store your pictures.",https://play.google.com/store/apps/details?id=com.google.android.apps.photos&reviewId=d6140fe6-12d4-49d8-b31b-4aa260b46970,cannot_find; photos_missing
Google Play Store,2025-08-11 08:17:45,2,"Since the last update end of July, I have several ""missing photo "" experiences. one minute I see them there, next minute they are gone. Frustrating! Cannot find them anywhere even if I follow the instructions in this app. Not happy. A couple were from an important family event.",https://play.google.com/store/apps/details?id=com.google.android.apps.photos&reviewId=d14b97db-cf8b-4db6-a70d-6ff541e17d6d,cannot_find; photos_missing
Google Play Store,2019-09-30 14:35:06,2,Super disappointed that facial recognition isn't available. Crazy that I can't just mark friends and family to easily find other photos. I like the collage function but silly that can't amend collage once created and no way of marking which photo should be the main one or in which arrangement to show a grid of photos (by order chosen or any other means). Also can't seem to locate Google photos albums with many other apps (including canva) so have to try find by scrolling through thousands.,https://play.google.com/store/apps/details?id=com.google.android.apps.photos&reviewId=a95c0c38-59f3-4dbe-b66f-bda785dc1c27,cannot_find; endless_scrolling
Google Play Store,2023-12-17 17:54:08,2,The latest update has ruined the app. I'm a tattooist so rely heavily on my phone for taking pics but with the new update the photos keep self brightening or going really dull when scrolling through so I can never tell what the photo ACTUALLY looks like. I've had to delete all the updates on the app and it works like it used to again. Shared albums are now a tiny tab at the top and for some bizarre reason photos are arranged oldest first so you have to scroll to the bottom to see new pics 🫠,https://play.google.com/store/apps/details?id=com.google.android.apps.photos&reviewId=ab85b4e5-8588-4de4-8de7-b1ba6f1f07e5,endless_scrolling
Google Play Store,2023-06-22 04:55:28,2,"Sooo buggy. I could love using this app to organize my photos, but I think it would be really helpful to have a 'search for album' function when adding new images to an existing album. It can be very difficult to find the album that the selected photo belongs in, esp because there is no sort by ABC order, date or search! I think this is an extreme oversight on an otherwise great app. Maybe the app developers could consider adding a feature to sort albums by abc, date and a SEARCH(cmon Google🙄)",https://play.google.com/store/apps/details?id=com.google.android.apps.photos&reviewId=d7bd7e0e-aa68-40aa-ab36-1a740feaed68,cannot_find
Google Play Store,2023-06-12 04:45:41,2,I liked the app for taking pictures. But when I was told I had to much storage used with pictures. I deleted over 100 picture. Same message. Then went to storage to delete and did in my phone storage. Still message. Couldn't find another way. Tried looking on line for help. Unsuccessful. Sent hours. I finally deleted app. Will try again because I hope not to lose pictures altogether.,https://play.google.com/store/apps/details?id=com.google.android.apps.photos&reviewId=4329b899-9516-4993-8052-a5f4411ebac1,cannot_find
Google Play Store,2021-06-05 02:55:20,2,"Like getting the memories. But can usually only see one pic. Too many clicks to get to other pics. Can't see to save the memory pic. This is very discouraging as some of them are friends, family, and pets that have passed. And can't find these specific pics, videos in history. Also haven't found how to save pics to albums.",https://play.google.com/store/apps/details?id=com.google.android.apps.photos&reviewId=a3bd0240-1331-4fdb-a374-8511ca49fa87,cannot_find
Google Play Store,2020-07-24 18:35:12,2,"Always loved Google photos and have recommended it to many but after the last update, the UI changes have removed all of the useful stuff (or at least hidden it so well I can't find it) I can no longer find the auto generated albums, the animations, the montages, or anything else that used to be in the ""for you"" section. They're still present on the Web version thankfully but this means I can't see myself ever opening this app again, it's now only useful as a background synchronisation tool.",https://play.google.com/store/apps/details?id=com.google.android.apps.photos&reviewId=9c15f415-e8d3-4365-be55-b6b614e97dbc,cannot_find
Google Play Store,2020-05-17 02:07:28,2,"Would be heaps better if it backed up, keeping your device folders. So hard to find things again after meticulously organising them for ease of sorting on your device then just having them clumped together by date. Be great if you could do smart albums by something other than person - such as sport, school, screenshots etc. Nightmare to try and find photos of anything other than people tagged.",https://play.google.com/store/apps/details?id=com.google.android.apps.photos&reviewId=7dcfeb06-b51e-4118-8760-f5b4907e3a56,cannot_find
Google Play Store,2024-10-21 13:03:33,2,"Are you Kidding me Google Photos spent over an Hour trying to create a highlight video scrolling thru endless photos of which I'm SURE I deleted many of them more than once!! Impossible to find the ones I Want . I want an app that offers a feature that the user Can actually Use. When I finally completed the Difficult task of your ""highlight video "" it did NOT SAVE IT!! WHAT A WASTE OF TIME!! This app is getting Ridiculous!!",https://play.google.com/store/apps/details?id=com.google.android.apps.photos&reviewId=28daeba4-2201-48f1-884b-9166c48f482d,cannot_find
Google Play Store,2020-05-09 22:18:39,2,"im really frustrated. I tried saving pictures but it wont show. Sometimes you have to search for it in the albums because the date always jumbles up, and sometimes its the album cover so I expect that its there when I open it but then when you check the album you cant find it. Please fix it.",https://play.google.com/store/apps/details?id=com.google.android.apps.photos&reviewId=4cc04a53-8b65-44bc-a198-8837612ac814,cannot_find
Google Play Store,2020-07-06 23:29:13,2,"It's really good to store our memories, but the thing I've been noticing recently is many of my photos and videos are missing. It happened that one day I was watching an old video again and again, just the next day I couldn't find it anywhere, after that the same thing happened with many other photos and videos.... Please fix this problem it's really important that we don't lose any of our photos or videos",https://play.google.com/store/apps/details?id=com.google.android.apps.photos&reviewId=624f8663-f86c-4410-b535-fe37179111ab,cannot_find; photos_missing; about_old_content
Google Play Store,2019-07-04 06:44:40,2,"This would be much better if photos would transfer from my Galaxy app to Google in the albums I have already made instead of throwing them into albums Google has made up. I cannot find anything and the thought of now having to go back and redo all is irritating. Also, the ""assistant "" on this app is useless and one more thing I have to go through and delete. is there a way to disable that portion from this app?",https://play.google.com/store/apps/details?id=com.google.android.apps.photos&reviewId=d320fcee-a2ac-4485-aca6-03e055b45b0d,cannot_find
Google Play Store,2023-10-19 14:36:17,2,"I like to have an option to be able work more with pictures in my Albums. Existing sorting doesn't work for me at all. I find my pics only in Albbu.s but then I can't move it to another album or other actions. Please show in Photos only pics that are not in Albums so sorting all my pics into Albums would be easier. I know very well how ADD pics to my Albums, but dont know if pics are already in Album,SORT them please Your menus are harder to find and use, too complicated, it used to be better",https://play.google.com/store/apps/details?id=com.google.android.apps.photos&reviewId=c5c1b505-4449-44ae-9355-0d40de4fd29a,forgot_details
Google Play Store,2025-10-03 05:07:52,2,"Whenever I am clicking on a video, for eg. a video from a year ago, it is dissappearing just after playing for a second. And not once but this has happened with multiple videos and they just vanished. Could not find them anywhere. Lots of fond memories gone in a second. And could not find a way in the net to retrieve them. On top of it they are charging money for extra space but this is how the app is working. Absolutely terrible and straight up it's heartbreaking to lose such memories.",https://play.google.com/store/apps/details?id=com.google.android.apps.photos&reviewId=609d2c88-816c-4bb6-84eb-365320e0f9cc,cannot_find; photos_missing; about_old_content
Google Play Store,2022-08-20 20:19:20,2,"Trying to sort lots of pics into lots of albums. Select pic, click Add To, displays huge list of albums with no way to sort or search for the album looking for, you can't find album so you create it, only to later find you have duplicate album names with different pics in each and no easy way to merge them. Seems like really basic functionality that is missing.",https://play.google.com/store/apps/details?id=com.google.android.apps.photos&reviewId=226aaf26-bb8d-472a-93f7-0a8e25a27c1e,cannot_find; photos_missing
Google Play Store,2022-08-25 01:43:56,2,"Categorizes your photos into so many little files and categories that you haven't a clue where anything is, ever. some features are cool and improve usability - face identification, searching words that pull up relevant pictures, etc. But dividing the photos poorly that many of us have had through several phones and OS over the years is not very useful. People, if they can't find something with a helpful little search feature, should be able to scroll through a chronological array.",https://play.google.com/store/apps/details?id=com.google.android.apps.photos&reviewId=d6f51ee2-6031-4275-826d-2a15e4d26837,cannot_find
Google Play Store,2021-03-05 01:22:18,2,"New update is horrible. Doesn't load images from the camera to the photos app so I have to use gallery to see photos I've taken which defeats the purpose of this app. Also no options to organize folders how you want to, first 5 or so images are displayed for every folder rather than just the first one as a thumbnail, which is annoying to have to scroll through rather than having all the folders in one view. Overall not a good update.",https://play.google.com/store/apps/details?id=com.google.android.apps.photos&reviewId=d81f285a-8826-4a49-8b28-3cb06f6a5bf7,endless_scrolling
Google Play Store,2019-11-06 22:30:36,2,"Does not allow you to see which photos were uploaded at original quality and which were uploaded at high quality! It is such a simple thing, I don't know how one can over look such an essential tool...also there is no way to sort stuff or to search for things by date or file type, etc. I have 5GB of storage being used by Google photos and I CANNOT tell which photos or videos are using them. This is what happens when you start to compress and alter stuff with no transparency.",https://play.google.com/store/apps/details?id=com.google.android.apps.photos&reviewId=ac4dcd99-c0fe-486b-8305-d6773225a5dc,cannot_find
Google Play Store,2020-07-23 15:27:17,2,"I'm a long-time user and find the latest update so confusing and unusable. Seems like everything I click does something other than what I expected. Can't scroll through memories, or systematically review/reject For You suggestions. Shared photos are hard to find. Frustrating and illogical. Will surely make me use it less. Please bring back the old design!",https://play.google.com/store/apps/details?id=com.google.android.apps.photos&reviewId=b62f97d2-d77f-436d-a5bd-b9620644d416,cannot_find
Google Play Store,2021-12-17 21:03:40,2,Would be great if I could set one of these photos as my lock screen or home screen wallpaper. This app is so dysfunctional it does nothing that I want. I tried selecting the photo and couldn't find anything about setting it as wall paper. Now the app won't even open. It keeps insisting that I'm missing out and must upgrade. When I try to do that just keep circling back. I really expect better from Google. Would like to select all and download everything to my phone. That does not seem to possibl,https://play.google.com/store/apps/details?id=com.google.android.apps.photos&reviewId=890cb9c0-67ef-4be2-b148-40055d4ce9d1,cannot_find; photos_missing
Google Play Store,2022-05-10 00:07:26,2,I used to love this app due to the storage space and easy to find photos but since your latest update I cannot find the photos at all. I know I haven't deleted them so kindly let me have them back. I cannot even view them if in attempting to download to FB and if I do attempt to open one that's there it will jump and open a different one. Please sort the issue out asap,https://play.google.com/store/apps/details?id=com.google.android.apps.photos&reviewId=b39c3fc2-0a32-454a-8b96-863a4159e023,cannot_find
Google Play Store,2023-05-12 14:38:13,2,"I used to love this app, but in the last few weeks, I suddenly can't delete photos anymore. Some delete, some don't. Right now I have 15 photos that I deleted multiple times...it says they were moved to trash, but the boxes just turn gray for a few minutes, and then the photos come right back. I searched everyone for a fix, but I can't find anything. Ask the question in the google photos thread, no reply. Have had this app for years, haven't changed any settings. Just randomly occurred.",https://play.google.com/store/apps/details?id=com.google.android.apps.photos&reviewId=2af76557-5b84-4430-bcfa-f6a522786eeb,cannot_find
Google Play Store,2025-08-27 04:05:23,2,I hate the last update to AI. I would have given it 4 out of 5 stars before. Star off because it kept relabeling my different black cats even though I went through each photo separately to label them. But this AI update is terrible. It can't find all the pictures of my new nephew where it would have collected them before. And I have to dig for the Lens tool that I use quite often. I want to go back to my old version.,https://play.google.com/store/apps/details?id=com.google.android.apps.photos&reviewId=90d44d74-9a39-411f-a4e1-8a30c93fa7b9,cannot_find
Google Play Store,2020-06-07 23:28:48,2,I had a hard time managing my photos. The album feature is not good at all. It's definitely a good app for photo cloud service but the album feature on the app may disappear by itself. I could find it from the search menu but it won't show up itself. So I tried to move photos into new device folders and the photo date keeps jumping around like the app is broken while the cleared up folder still exists. It's pure frustration.,https://play.google.com/store/apps/details?id=com.google.android.apps.photos&reviewId=4ae2014f-9a35-4e35-8cb0-f532ad47bf83,search_broken; photos_missing
Google Play Store,2019-06-14 18:15:13,2,Please please please please include the option to EXCLUDE folders. This is not a complicated request. Seriously every other gallery and photo app out there gives you the option to do this. I have a lot of apps that create their own thumbnails or store different photo files that I don't want to have to scroll through. I also don't need to store those in Google Drive. I would disable this app but I'm forced to use it because it's linked to the camera app on my pixel so I don't have a choice.,https://play.google.com/store/apps/details?id=com.google.android.apps.photos&reviewId=c4ce97d6-c62d-43e7-9ed3-f363123d00e1,endless_scrolling
Google Play Store,2023-01-03 19:57:38,2,"Doesn't organize by date correctly. Sometimes videos downloaded from the internet are randomly dispersed into the downloads folder as if Photos has no idea where to place them. Other Gallery apps have no problem placing them correctly. The only reason I use this app is because of its integration, too bad Google can't develop an app worth the second page of their search results",https://play.google.com/store/apps/details?id=com.google.android.apps.photos&reviewId=b6c7a30c-f64d-43b3-a7b9-fb251158dc00,forgot_details
Google Play Store,2024-08-08 21:01:46,2,"Since the latest update, it is more difficult to find the photos in the album categories. I used to select Library at the bottom to see what is in Archive. Now I have to select Collections, and then type Archive in the search box!! Please return to the previous arrangement or allow users to choose a preference for display.",https://play.google.com/store/apps/details?id=com.google.android.apps.photos&reviewId=ebb16dd3-8a0f-47d6-bab2-0b97e828bfe7,cannot_find
Google Play Store,2024-08-27 05:11:00,2,"Your new management system is the worst. I can't find any of the photos I want. Why screw up something that worked perfect. At least give a person the ability to chose the new system or not. Everyone does not live and die by phones and computers. Old rule: if it any broke, don't fix it !!!!!!",https://play.google.com/store/apps/details?id=com.google.android.apps.photos&reviewId=e18e7a40-80ec-4ba6-93a1-e7c4dd1d101e,cannot_find
Google Play Store,2024-09-08 00:20:13,2,"Really, what the heck? This last update made it impossible to find my folders. I have automatic backup enabled, and so i decided to free up space on the device. I was assured the data has been backed up and i can free it up, but where did the photos go?? I used all KB articles and still cannot find all my photos, i only see 600 of them. Yea, also using a pixel phone...",https://play.google.com/store/apps/details?id=com.google.android.apps.photos&reviewId=62c00728-2016-411e-96e7-ddcc32cc4397,cannot_find; where_did_they_go
Google Play Store,2019-04-09 02:44:10,2,"I like how it makes photos and videos accessible from all my devices but it often takes hours to get it to backup to the cloud from my phone. I am unable to find a ""backup now"" button anywhere. Signing out and back in doesn't seem to help, nor does restarting my android. Usually I just give up and then see them in the cloud a week later. Long since I needed them.  If the backup actually worked I'd give it 5 stars but it's terrible for sharing and Google doesn't care how buggy any of their software is.  Looking for a replacement even if I have to pay for it.",https://play.google.com/store/apps/details?id=com.google.android.apps.photos&reviewId=00fb5a15-15a0-468f-a97a-cbee7b4b939d,cannot_find
Google Play Store,2022-11-06 03:03:45,2,"I can barely stand it so difficult to find a simple picture after taking one then it wants to have saved in a million and 2 different places one time it'll share a pic with my other account next time it won't there are so so so so so many different settings and rules and it just about miserable to use why not just a dang gallery for the pictures I take? Why all the guessing and inconsistent options, it's just to damn much complicated unnecessary rediculous ESS.",https://play.google.com/store/apps/details?id=com.google.android.apps.photos&reviewId=1a8abef3-1e0f-44e6-bb4c-97f21b1527e3,cannot_find
Google Play Store,2018-11-25 01:55:46,2,"Taking pictures from phone and creating albums is easy enough but nothing else seems to work. Can't share, won't find people other than me and two others. Documentation is nonexistent as far as I can tell. Want to like this app but so far no joy.",https://play.google.com/store/apps/details?id=com.google.android.apps.photos&reviewId=47675ad8-8526-4da3-8be8-26f6ff6d29d4,cannot_find
Google Play Store,2019-08-08 01:42:00,2,"Confusing. Can't tell where photos go. what does available offline mean, does this put them somewhere & use space? And what did i hit to make it do something & then tell me ""all 209 photos available offline""? What's diff between archive, backup & 'upload to cloud symbol';where do photos go in each case? When looking at menu of photos, can't easily tell if photo is on device or you're seeing it from drive. lost photos,wasn't clear that putting photos in albums wasn't storing them somewhere.",https://play.google.com/store/apps/details?id=com.google.android.apps.photos&reviewId=a684324d-7798-4e3f-86cd-2e88c221f9c1,where_did_they_go; photos_missing
Google Play Store,2020-08-16 14:35:01,2,"I want to backup some photos from viber but there is no way to separate photos that include family, etc from generic photos posted in group chats etc. Cannot find automatically generated photos anymore, unless I click the notification. In general the app seems to regress to an oversimplified gallery app.",https://play.google.com/store/apps/details?id=com.google.android.apps.photos&reviewId=76b5fa50-b364-45cc-83b1-7cf3cfce9749,cannot_find
Google Play Store,2020-07-06 21:21:02,2,"When I've been loving and enjoying Google Photos, this last update has my upset. I can't seem to find things, like annimations, stylized photos, or movies. Please bring those back, or if they're still there, make it intuitive again on how to find them!",https://play.google.com/store/apps/details?id=com.google.android.apps.photos&reviewId=af172c65-962b-4366-a198-7d7e31045c3b,cannot_find
Google Play Store,2025-12-18 03:37:24,2,"photos are hard to find. there is no search bar anymore. Google has decided to clump photos into lumps on a separate page making things even harder to find. There's no way to set it back to where everything is scrollable by date. ridiculous storage solution. even Google photos help has the wrong solution info. hey google, one setting does not fit all.",https://play.google.com/store/apps/details?id=com.google.android.apps.photos&reviewId=7c4dd0f1-6549-481f-a17e-e0ab48b7cb22,cannot_find
Google Play Store,2021-09-07 12:32:59,2,"This app misbehave at times were it's not supposed too, at times you can't find where the gallery you made by yourself is, it again depends on how long the pictures will be saved on your Google account. So it's not well enough for those who have less space on their memories",https://play.google.com/store/apps/details?id=com.google.android.apps.photos&reviewId=12d50054-c214-4858-8687-f1d87c6033c3,cannot_find
Google Play Store,2020-05-21 17:37:22,2,"u say that we can organize our photos and search them by places , things but it doesn't work pretty well. When i wish to see my dog's photos and search saying dog it doesn't show all the photos. even search by place name isn't working. u say that we can organize Our photos by person but it can't recognize peoples' faces much. It categorizes only a few photos according to person's face other photos of the same person aren't categorized into the same folder. And the assistant doesn't seem to work",https://play.google.com/store/apps/details?id=com.google.android.apps.photos&reviewId=609d54f4-cc26-45ff-b677-8c69e8c6a3a7,search_broken
Google Play Store,2019-03-14 09:26:15,2,"I like the interface, but it's difficult to navigate. I've been using the app for over a year and I still don't know how to access my photos that I have backed up and are no longer on my phone. I know they're still somewhere because they pop up on ""Rediscover this day,"" but I can't find them myself.",https://play.google.com/store/apps/details?id=com.google.android.apps.photos&reviewId=b557240f-6e84-423e-888a-06b15a31bf8e,cannot_find
Google Play Store,2020-01-12 08:00:34,2,"Why do I need notifications for photos? I do not like aps that reset my settings. Takes control away from me. Please stop undoing my preferences. No control over edited photos. Would like to select where they go, not Google because can't find where Google puts them - they just disappear after saving. I need control, NOT GOOGLE!",https://play.google.com/store/apps/details?id=com.google.android.apps.photos&reviewId=b2b726e4-8b95-4988-acbd-8809a171ffbf,cannot_find; photos_missing
Google Play Store,2020-09-06 12:40:45,2,I accidentally clicked 'free up space' and it immediately deleted photos from my device which i had ordered in many different folders. The photos are not ordered any more and i cannot find all of them any more :( please do not click 'free up space' people,https://play.google.com/store/apps/details?id=com.google.android.apps.photos&reviewId=3755ecf7-5875-445b-9c7e-cc8b3b584ac8,cannot_find
Google Play Store,2019-11-11 12:51:03,2,"Fegarding the animation assistant - Unable to trace the photos used within the gallery or amend to similar photos. For example I am taking photos of my body to track progress in change. Google cannot recognise such photos to create before and after pictures easily. Unable to use search capabilities to easily create a collage or when sending photos via other app. For example ""London"" or a particular date",https://play.google.com/store/apps/details?id=com.google.android.apps.photos&reviewId=9f964d51-bcec-426d-9646-fd91ed365014,cannot_find
Google Play Store,2024-04-30 01:55:18,2,"Unfortunately has become pretty unusable. Painfully slow to create new albums/share a link...to find photos, search is broken and has been for sometime (unless it's an album name or person saved). Was a great app at one time, arguably the best for cloud photo management but it's taken a pretty big nosedive over the past year or so.",https://play.google.com/store/apps/details?id=com.google.android.apps.photos&reviewId=d9bb2255-f36a-41f8-9aa4-356bd8448d1c,search_broken
Google Play Store,2023-01-18 05:34:09,2,"I love how you can search for people or places, i love how you can create folders and how easy it is to use except when you want to clear up space. I have tried doing a compressed folder of all of my photos to back up to a HDD to clear up room to send receive emails, when i try the app says it will send an email when complete I assume that means that i will get an email with the compressed folder? i have not gotten an email and i am unable to locate the compressed file to move to a HDD?",https://play.google.com/store/apps/details?id=com.google.android.apps.photos&reviewId=75989959-84e6-4d8d-9169-ce8acdb2506e,cannot_find
Google Play Store,2020-04-25 07:52:32,2,"You keep reorganizing and moving photos without my constant. I cant find many photos under a label you chose for me. This app is not capitalism when you decide whats best for me and I pay for the damn stuff. Not everyone is like minded like you google, or thinks you're great, or trusts you. I want to decide how to organize, share, file, albumn photos, not you. Or if a photo is deleted and where, or where a photo is saved. There are no instructions to how you handle anything if gone. You suck.",https://play.google.com/store/apps/details?id=com.google.android.apps.photos&reviewId=8c5e2b81-4fba-4d4c-bf8c-d1ac43195388,cannot_find
Google Play Store,2020-11-19 18:56:42,2,Recently switched to OnePlus 8 pro. Google photos experience is really pathetic as compared to the experience on pixel 2. Search doesn't work properly. All pictures in random order. Pictures not loading. Albums not loading. This is after updating the app as well,https://play.google.com/store/apps/details?id=com.google.android.apps.photos&reviewId=e2a4a67c-e4f2-48d2-be6d-5c975c8bca2d,search_broken
Google Play Store,2021-08-12 19:12:58,2,It was good untill they started lumping the drive and photo storage together. Now i dont know what I have where nor how much. The sum of the parts doesnt equal the whole of what they say I am using. No effective help desk to resolve.,https://play.google.com/store/apps/details?id=com.google.android.apps.photos&reviewId=30f7f5a7-9859-45e7-a93f-ce3e83b9da52,forgot_details
Google Play Store,2024-06-14 00:25:56,2,"For all the people that have different phones and can't find their photos on Google Photos app. You need to access it through a browser. The cloud setting only works if you access it directly via browser. Google takes lots of money for the cloud that is rubbish. Dropbox, miscrosoft, or simply iPhone cloud is so much better. Google Photos lies a lot, and you will only get answers if you have Google one.",https://play.google.com/store/apps/details?id=com.google.android.apps.photos&reviewId=bf4297ad-5910-44e6-ba52-6cc33c7346ef,cannot_find
Google Play Store,2020-02-25 09:53:30,2,"I tried to backup a full quality video and Google Photos compressed it and erased the original copy. I also added dozens of pictures to several new albums. Photos didn't create the albums which made my photos hard to find in the cloud. Google Photos, like many Google apps are getting worse not better. I'm looking for alternatives to this app so I can store high quality videos and send them to my mac.",https://play.google.com/store/apps/details?id=com.google.android.apps.photos&reviewId=4942c0e6-a05e-42d8-bc5f-7709febdd2bd,cannot_find
Google Play Store,2018-10-14 14:34:51,2,I think that the developers should go back and rework the storage of photos.. after I take pictures i can't find them and now It says no room to store in Device . And the SD card is 32 GB and not even a 1gb has been used . To buggy for me. Will use a different photo app till you get this one right.,https://play.google.com/store/apps/details?id=com.google.android.apps.photos&reviewId=3dd9de02-040e-425b-afeb-3d7c61c3f329,cannot_find
Google Play Store,2018-12-02 02:21:25,2,"This app can't show all my albums, many of them missing. No option ""Find my album"". Searching something in backgroung like searching on Moon and Mars not founding anything. Assistant can ONLY create, not find or fix. Find can't find even folder name. App is very disapppinting.",https://play.google.com/store/apps/details?id=com.google.android.apps.photos&reviewId=810627db-1648-4f2d-9e1d-8333d59caf99,cannot_find; photos_missing
Google Play Store,2022-12-21 10:33:39,2,The app should use an update where if u backup your photos and videos the albums in your gallery get added because when i opened it my photos were all over the place and i cant find the photos and videos where i know i would find them and theres another thing that upsets me that when i looked through my screenshots in this app some of the photos werent even screenshots and it really bothered me and made me disappointed,https://play.google.com/store/apps/details?id=com.google.android.apps.photos&reviewId=ee603920-62bf-4e0b-8233-46db1bceacf4,cannot_find
Google Play Store,2021-04-03 21:13:49,2,"It's very difficult to navigate around with this app. I can open device folders, but can't seem to find a way to browse my Google Drive. The filters and tuning adjustments are so-so. There's no way to adjust perspective that I can find. There's lots of room for improvement here, Google.",https://play.google.com/store/apps/details?id=com.google.android.apps.photos&reviewId=c10f204b-ef28-48f0-a1a9-a7303117724e,cannot_find
Google Play Store,2024-10-29 08:39:28,2,"When I download videos (no matter the source) I can't find them in this app. All I can see are videos that I directly took with my camera an that's pretty much it. The videos, however, do appear on Google Files and my regular app storage but I can't give them the amount of editing that Google Photos provide, hence the reason for the review. It used to work wonderfully but I guess the amount of unnecessary updates that no one asked for ruined or deorganized the app by a lot. 2 stars until fixed",https://play.google.com/store/apps/details?id=com.google.android.apps.photos&reviewId=d09f7b15-8824-4f8a-86a7-27a9a3384340,cannot_find
Google Play Store,2020-09-17 07:38:41,2,"Very bad since the last Android update. Can't find most of my photos... huge gaps in the timeline. Hard to navigate or find anything. Not organized in an intuitive manner. I don't like it a bit, and wish I could go back to a previous version.",https://play.google.com/store/apps/details?id=com.google.android.apps.photos&reviewId=0590a7d1-9223-4081-bfe6-4cb8f7502870,cannot_find
Google Play Store,2022-04-26 05:55:46,2,I've never had a Samsung in my life & find myself in a Samsung S10 now so take this with that grsin of salt. It's not the newest or oldest so hard to find online help . It seems having two accounts is problematic but Idk how to combine them properly & certainly don't know why I have two but that's been a long time. This greatly effects my ability to interact or sometimes find at all the photos I'm looking for.,https://play.google.com/store/apps/details?id=com.google.android.apps.photos&reviewId=066ecaea-d993-4574-8444-c928bebefd6e,cannot_find
Google Play Store,2024-06-23 07:44:34,2,"HIGHLY DISAPPOINTING. Been using this since 2017. Had my photos organized into specific folders. Haven't backed up. Friends told me not to click that Google photo update but did so accidentally. Presto! my photos were scattered into Google's own idea of folders: Archive, Recently added, Screenshots, Documents, etc. Many of which I can't locate, what a great help, Google!",https://play.google.com/store/apps/details?id=com.google.android.apps.photos&reviewId=42cb45ec-a5e5-4d41-841f-344c15a2baee,cannot_find
Google Play Store,2024-09-12 19:24:43,2,"Strongly agree with most recent comments. Using this app for so many years, since picasa stage. Used to evolve and improve in every update, until the last one. Went backward in UI and ease of use. Missing ""rediscover this day"" collage, which used to be such a nice reminder in one photo. Please return it back. Or i just can't find it. App is still functional and the best around, but downgraded overal apperreance and usage with latest update. Update Sep 2024 Mising ""Your Map"" in search option!",https://play.google.com/store/apps/details?id=com.google.android.apps.photos&reviewId=d43b1162-416d-4514-b6af-f2b0ed29dbd9,cannot_find; photos_missing
Google Play Store,2020-02-26 21:39:39,2,"Frustrating... Good editing features and layout, but ironically terrible in supporting the finding of photos. Migration from Drive has been dreadful. Where are archived photos stored? Mine are definitely being backed up but they are seemingly impossible to locate. Epic fail. This needs sorting ASAP.",https://play.google.com/store/apps/details?id=com.google.android.apps.photos&reviewId=1884d03b-be7a-4bd2-8340-0f3cf0934a8e,cannot_find; where_did_they_go
Google Play Store,2023-08-03 09:25:11,2,"Ten years in, I still have no idea how Photos jibes with Gallery, where the f®@$ my photos exist on my phone, why some apps can't see the image files despite having the same security settings, or why I have to open up a separate app to access my screenshots. This trash has been trash FOREVER, presumably to force you to use 3rd party apps. BOOOOOOOOOOOO!!!!!!",https://play.google.com/store/apps/details?id=com.google.android.apps.photos&reviewId=ce64f4d2-d9ad-4712-925c-ceeaf3a25503,forgot_details
Google Play Store,2021-01-20 04:17:34,2,Clunky. Hard to track your photos around the different files that Google drops them in??? Sucks having to spend the better part of the night wondering why not all your photos are showing up when you want to post in Facebook and you go look at your Photos and you see your photo??? But you can't find how Google had your files?,https://play.google.com/store/apps/details?id=com.google.android.apps.photos&reviewId=9cc2eef8-e1e4-49d2-b80d-15f522b9e180,cannot_find
Google Play Store,2019-01-27 17:03:05,2,I appreciate that it backs up my photos but it has totally disorganized everything. Nothing is in order and I have over 2300 photos so it would take too long to go through them. Now I can't find anything and several of my albums have totally disappeared.,https://play.google.com/store/apps/details?id=com.google.android.apps.photos&reviewId=d4f76456-0eb3-44db-b351-11ff73de1ac2,cannot_find; photos_missing
Google Play Store,2024-01-21 07:29:10,2,"This app is absolutely terrible on the Google Pixel. Not only is it impossible to find photos, but the way it saves them also makes it impossible to use this app in any cohesive way. The way albums are created and photos are downloaded is so non-intuitive it will make you insane. Going back to Apple because of this and this alone. Sad.",https://play.google.com/store/apps/details?id=com.google.android.apps.photos&reviewId=b2e99c98-d687-4e3b-bccd-02ff471f68d4,cannot_find
Google Play Store,2023-10-10 01:25:37,2,"Love the little videos it puts together for me. Had to change stars because since the update I can't search by person... Or at least, I can't find how to anymore. It was my favourite function to be able to search by. I already went to the help page, did what it said and it didn't help.",https://play.google.com/store/apps/details?id=com.google.android.apps.photos&reviewId=dc7af301-39f2-488a-8476-d66934c91381,cannot_find
Google Play Store,2019-01-14 02:57:37,2,This app is far too intrusive. Stop messing with my photos - just leave them alone and STOP bugging me by plaging my phone with notifications about stylised photos and useless albums that I never wanted in the first place. Where is the setting to turn this behaviour off ?,https://play.google.com/store/apps/details?id=com.google.android.apps.photos&reviewId=75c38a50-8a2c-40b8-8a07-8678d64d8e51,where_did_they_go
Google Play Store,2025-01-27 21:33:58,2,"Please take away this stupid feature of stacks. I want all of those pics and none are even slightly similar and NO I don't want to delete any of them and keep only one! Please also add a search feature when I'm adding pics to my albums. I've been using photos for years; I have pics going back to 2003 and it's very annoying and difficult to scroll through so many albums to find the ones I need. I have over 12,000 pics at this point so you can imagine how frustrating this is!",https://play.google.com/store/apps/details?id=com.google.android.apps.photos&reviewId=d23030a0-9f4d-4aea-9e25-1fe2e5501de6,cannot_find
Google Play Store,2020-08-07 22:39:37,2,"Where has the assistant gone?! I used to love being reminded of the photos I took 2/3 years ago. And no, for the last time - I don't want to buy a bloody photo album!!! Please please bring back some features from the old version.",https://play.google.com/store/apps/details?id=com.google.android.apps.photos&reviewId=9dc8b508-b49d-4f95-be06-b1328a1d4726,where_did_they_go; about_old_content
Google Play Store,2021-04-24 19:01:03,2,Its difficult! there is several copies everywhere and its like alot of pics are missing somtimes i cant find them anywhere then another time i will come across them again. Its annoying. Its ridiculas how often it happens i go thru every album i have looking for somthing and its simply not there! Other times it appears again when im not looking for it! Lately everything about google is annoying.,https://play.google.com/store/apps/details?id=com.google.android.apps.photos&reviewId=4af5b1f6-0003-4640-ac70-ff8db3a2911a,cannot_find; photos_missing
Google Play Store,2020-07-10 16:38:04,2,"I am unable to search, organise or edit files in Googlephotos (GP) in the way I would like. Eg. Suggestions to archive photos do not include an option to scroll thru to select archive or delete. It is difficult to find folders. I am still often searching- where is my Xxx Folder? Also, photos from my phone camera will soon no longer be stored automatically in GP I cannot attach photos in GP directly to eg tweets etc. I have to download. Very annoying",https://play.google.com/store/apps/details?id=com.google.android.apps.photos&reviewId=b974d9fb-17ff-4380-aa3e-0b9cc80da471,cannot_find; where_did_they_go
Google Play Store,2020-06-28 19:19:32,2,"Don't like the latest update, and the new icon is too plain. I bought a new tablet and was finally able to use the last version, then it updated again and lost all the good stuff. There is no assistant any more, where has it gone? Just seems to be a photo storage system now.",https://play.google.com/store/apps/details?id=com.google.android.apps.photos&reviewId=398607ec-7b99-46ad-a4a4-efe0385190b4,where_did_they_go; photos_missing
Google Play Store,2019-02-25 10:39:47,2,"Everything was fine until Google lens bocked the direct 'Search the web' feature. Lens couldn't find any reference to the photo, but it should give me a direct option to search the Web so that I can get the information about the photo myself. Instead of an useless help us improve button we'd like the search the Web button.",https://play.google.com/store/apps/details?id=com.google.android.apps.photos&reviewId=24310f9a-4dfb-44cb-864e-1db0bd3ef082,cannot_find
Google Play Store,2025-10-29 21:24:51,2,"I keep having weird issues where I can't find recent photos when I try to upload them. if I do find them, I get an error saying it can't upload the photo and to try again later but it never works. I've never had this issue on previous Pixel phones.",https://play.google.com/store/apps/details?id=com.google.android.apps.photos&reviewId=ac1ee052-5b37-4376-9398-cb6c66587cb0,cannot_find
Google Play Store,2022-05-09 08:47:35,2,"Works great for automatically backing up photos, until mystery problem keeps backups from occuring. Seems zero byte files could be to blame, but I can't find any. Been trying to share photos with friends for 3 days now and can't get it to work.",https://play.google.com/store/apps/details?id=com.google.android.apps.photos&reviewId=46be6d3d-1062-4f84-9ae3-bab70ffd128f,cannot_find
Google Play Store,2024-03-26 22:52:07,2,"The recent photos are extremely hard to find. It gets lost somewhere all the time. No clear way to navigate to the recent photos. Useless old albums pops up first. It is like if you want to use it for free user this is not an app. So cluttered and confusing, confusing, confusing. NOT AT ALL A GALARY MATERIAL. VIDEOS can't even have proper buttons while it's same videos playback app YouTube have so much navigation like double tap hold to 2x speed and many more. I don't knowy they not put it here",https://play.google.com/store/apps/details?id=com.google.android.apps.photos&reviewId=e8116870-7d8e-48a7-b4fd-6defea199701,cannot_find; photos_missing
Google Play Store,2019-11-22 09:33:43,2,It would be better if you insert some kind of option like ' IMPORTANT ' to every photos(Like in case of Gmail).we find it very difficult to find photos in case of urgency.we cannot regularly keep on remembering date or event.I request you to develop this User friendly Option. THANK YOU.,https://play.google.com/store/apps/details?id=com.google.android.apps.photos&reviewId=c66befd4-6bd7-4b85-8b9a-a31102aff2dc,cannot_find
Google Play Store,2019-07-05 05:53:44,2,"I dont like how it puts photos in different albums. I post a lot of albums on fb and take pictures off my camera, phone, screenshots....I even made an album specifically of all the pictures from every source, then couldn't find the album when I was on Fb. I admit I havent mastered the phone yet, but never had any issues with other phones, I didnt have to search or learn to post pictures....",https://play.google.com/store/apps/details?id=com.google.android.apps.photos&reviewId=f6912735-eba1-4b13-b8bd-81fc0a8ba88a,cannot_find
Google Play Store,2020-12-09 19:37:59,2,Can't help but agree with the people with one and two stars use to have such great options to do your own thing all these updates have changed it now I use my own gallery to make my own cropped pictures because Google photos doesn't allow you to do it anymore it does it itself for you and you can't even change or fix it don't find it useful at all anymore all it does now is save your pictures so you can delete it off your phone lots of apps can do that,https://play.google.com/store/apps/details?id=com.google.android.apps.photos&reviewId=1e691da2-936f-42d7-a71f-0c3370e85724,cannot_find
Google Play Store,2021-05-01 07:47:09,2,Google Photos is terrible. It's no better today than it was 5 years ago. Why does the app need to be open in order for it to back up your photos? The app is slow and clunky and the search function is terrible if you aren't looking for a place. Google refuses to let you merge two accounts so if you have one phone you can't merge photos from two phones together although it will let you share albums. The LARGEST internet company in the world has a product this terrible. You can't see inside your phone which ones have been backed up already. You have to use a separate app for this . What is the point of spending so much money on storage if I can't get everything stored properly ?,https://play.google.com/store/apps/details?id=com.google.android.apps.photos&reviewId=429c7bcb-7218-46c1-acb9-2c618a437949,search_broken; about_old_content
Google Play Store,2023-04-08 16:24:35,2,"It's impossible to find pics easily! Also Google says there's a way to select multiple photos to move back to your gallery and I have yet to find this option by following the directions. When I select multiple pics, I have no download option. Therefore it forces me to do them one by one. I do not have time for this. Why can I not download or move more than one photo at a time?",https://play.google.com/store/apps/details?id=com.google.android.apps.photos&reviewId=2fd9f174-95a5-472a-a441-d43e49b9b0a7,cannot_find
Google Play Store,2020-10-11 02:16:34,2,"I had every photo organized in albums on my phone. Now they're all crammed into one place and I can't find pics unless I scroll for 30+min! Why doesn't it keep the photos in they're albums? I literally have over 35k photos now all mixed up. It's going to takes days, not hours to fix this again.",https://play.google.com/store/apps/details?id=com.google.android.apps.photos&reviewId=eaaf5390-af79-4350-9fa6-a0d1a1607010,cannot_find
Google Play Store,2025-01-23 09:10:05,2,"I used to love this app, it seems to be going downhill. Somehow the search feature is now broken, so the results are completely random. Also if I try to add a photo to an album, it shows this gigantic album list of albums with 1 items in them. These are not actual albums I'm my album list.",https://play.google.com/store/apps/details?id=com.google.android.apps.photos&reviewId=7e49a833-40ac-4c0f-ab9f-f06ac0636d6b,search_broken
Google Play Store,2021-12-07 21:09:56,2,"Photo backup is great, but it also takes photos from my favorites folder and removes them from my phone without the ability to keep those on my phone. GS7. Then, they seem effing impossible to find within the actual app. It is not very intuitive or user friendly",https://play.google.com/store/apps/details?id=com.google.android.apps.photos&reviewId=f6dbc488-47b2-4870-a265-433697aee6ea,cannot_find
Google Play Store,2023-06-30 21:27:31,2,"Something simple. Rearrange pics in photos. NOT ALBUMS. Chat was a waste, so called rep was useless, he didn't read anything and told me stuff for albums when I'd told him I didn't need album I've found the info before online but I can't find it now. Nothing pertains to what I'm looking for, and Samsung's search engine is a waste. So for something simple I've wasted almost 90 minutes. So I got a reply. DIDN'T ADDRESS MY ISSUE. Either a robo or a rep that's incompetent.",https://play.google.com/store/apps/details?id=com.google.android.apps.photos&reviewId=e7328040-a52a-4423-b428-22296898086f,cannot_find
Google Play Store,2022-05-06 07:16:20,2,It was a really good app for last few years. Today i realized out of the blue most of my pictures are missing. Tried to find them in every folder possible but no success. How did they automatically get deleted. Its not in trash either so i dont know where they went. Any help from Google would be really appreciated,https://play.google.com/store/apps/details?id=com.google.android.apps.photos&reviewId=0b7a10ca-4e71-4b89-82c8-64d60d4ffa31,photos_missing; forgot_details
Google Play Store,2020-08-26 21:50:43,2,Not as user friendly as it used to be. Can't find the highlights that Google Photos sends me notifications about. Have to dig much further to create collages. Wish it was still a folder on Chrome OS so that don't have to download photos in order to use them in other apps.,https://play.google.com/store/apps/details?id=com.google.android.apps.photos&reviewId=57fd0a5a-dfdc-4692-a86e-7186aa884a26,cannot_find
Google Play Store,2020-10-22 21:48:53,2,Since the major changes a couple of months ago the sorting system is terrible. I can't find a third of my images. This is no longer intuitive. Trying to be fancy just made it impossible to navigate.,https://play.google.com/store/apps/details?id=com.google.android.apps.photos&reviewId=d5b6c1ff-e553-4abd-ab95-a92749cb4931,cannot_find; about_old_content
Google Play Store,2019-10-08 21:31:30,2,"Since the update I can't find photos that I had taken and saved. This is just so wrong!! Okay I finally found the photos of my cat and birds they were put into a folder named friends. Sure they are my friends but actually should be in a folder for ""Pets"", but I'm glad I finally found them!",https://play.google.com/store/apps/details?id=com.google.android.apps.photos&reviewId=23675ade-3874-4451-90ea-4eec0a8178c5,cannot_find
Google Play Store,2020-07-17 13:03:51,2,"I just did the latest upgrade and I do not like it overall. I cant find my videos. There is no section even for them. I do like the archive option to add photos to it in that format, but I like the old version way better with all the options showing up top at all times such as my videos and the similar faces etc.",https://play.google.com/store/apps/details?id=com.google.android.apps.photos&reviewId=47e51090-8013-4509-b5cf-661b9a0f1cfa,cannot_find
Google Play Store,2020-08-11 11:54:13,2,I don't why but for some reason images I download on chrome and transfer into other files(backed up) get deleted that is I can find them backed up but I can't find them inside the folder itself It's as if Google photos decides for itself that I have to delete the images once they are backed up,https://play.google.com/store/apps/details?id=com.google.android.apps.photos&reviewId=dbc6008c-fc88-4da7-8ad3-3bcecdcecf4d,cannot_find
Google Play Store,2025-12-23 13:03:18,2,"Used to be a great app. After all the updates and new installments, it's become horrible. Can't ever find pictures, create albums, and storage fills up too quickly (even with minimal amounts of photos.) Shame to see another good app turn on its users/customers. All money hungry smh.",https://play.google.com/store/apps/details?id=com.google.android.apps.photos&reviewId=9aa4be6d-703d-4058-845c-6f950cd85ebf,cannot_find
Google Play Store,2021-03-06 11:19:45,2,I wish I could move photos from the main photo feed/screen into albums and folders and Not see them. Even if I archive them they are still there. If I try delete them they delete from the album which I don't want. And sometimes I can't even add to a folder just an album. I use them to do an online business and post photos and I have to scroll thru heaps or screenshot it delete the first one and use the screenshot. So time consuming.,https://play.google.com/store/apps/details?id=com.google.android.apps.photos&reviewId=2d4138c9-b684-4b6d-9c37-247ee503d5f6,endless_scrolling
Google Play Store,2021-01-14 14:02:49,2,I organise my photos in albums on my phone. Why isn't there an option to back the photos up by album. Instead the photos are backed up by date which isn't how I want to view them! Also I backed up photos from my old phone but can't find them? There are some good features but needs a lot of improvement.,https://play.google.com/store/apps/details?id=com.google.android.apps.photos&reviewId=9c23c3c9-8f5b-4e39-90d1-e2a422209b49,cannot_find
Google Play Store,2021-03-06 08:38:26,2,Help!!!! I cannot access syncing my vids and pics it just always cuts out. The app never opens and online it cuts off when I go to sync. I pay for extra storage but yet never get a complete back up. I cannot find hundreds of my files in my internal storage now and I'm fuuuming I can't back up anything to have the option of retrieving them now!,https://play.google.com/store/apps/details?id=com.google.android.apps.photos&reviewId=3e5911b7-be15-4f7a-b6d8-a8819f042859,cannot_find
Google Play Store,2020-05-23 21:06:04,2,Not easy to navigate also a little hard to find your stuff especially if you try organizing. I lose things anytime i create a new folder and move pictures. The folder is never found and the pictures go missing along with it.,https://play.google.com/store/apps/details?id=com.google.android.apps.photos&reviewId=26eea681-47e6-44b2-ba2d-706ae8b26ebc,cannot_find; photos_missing
Google Play Store,2022-09-08 09:54:10,2,"Why can't I find certain photos that I already backed up? I only have ONE account to back up my photos and now, I can't find almost a thousand of them. I am sure they are not showing up. When will you fix issues like this? It is very frustrating.",https://play.google.com/store/apps/details?id=com.google.android.apps.photos&reviewId=ef4a8e73-2c06-4f11-9439-41fe7b2224e6,cannot_find
Google Play Store,2020-01-23 21:46:18,2,Used to be awesome and then it quit being awesome it is no longer photos now there's like an album on my phone is Google photos and then the Google Drive I have no idea which to use and how to get the photo that need to get whilst doing a return for example. I don't recommend this app it's just ridiculous. Technology in general is ridiculous and a waste of time may I suggest Amazon I don't know. I'm trying that out after I had an altercation recently,https://play.google.com/store/apps/details?id=com.google.android.apps.photos&reviewId=2c4edab4-ba14-4c96-a097-9ca538f035e4,forgot_details
Google Play Store,2020-10-26 23:45:28,2,"While I enjoy the unlimited storage, they are just pushed together and not separated which makes finding old photos impossible. Now I can't find some of my pictures and some weren't backed up even though I had the backup turned on. Lost all my screenshots. Not very happy.",https://play.google.com/store/apps/details?id=com.google.android.apps.photos&reviewId=ddfed740-26bb-4d68-9036-0b0d7b633bdf,cannot_find; photos_missing; about_old_content
Google Play Store,2020-08-06 22:45:19,2,"I used to love the app but some of the best features are now impossible to find if they are there at all. The automatic creations such so collages, animations and movies are gone as far as I can tell. Otherwise it's a great app to access your photos from anywhere.",https://play.google.com/store/apps/details?id=com.google.android.apps.photos&reviewId=6e2be8d5-11c2-4b98-b639-b7774c6822ea,cannot_find
Google Play Store,2026-02-11 05:17:51,2,"The search option just doesn't work. I'm not even trying to use the function where you describe an image based on how it looks or when/where it was taken which doesn't work at all, I only try searching by the file name or by text that is seen in the image, and it never works. Only a few specific searches work, like ""black video"" for some reason. I've got thousands upon thousands of photos, a working search function could really benefit me. It doesn't even try, I'm just told there are no results.",https://play.google.com/store/apps/details?id=com.google.android.apps.photos&reviewId=b9e73359-6644-4a1b-9c80-fd6c0b08eaff,search_broken
Google Play Store,2020-05-05 12:47:37,2,"It's not looking good I wouldn't even give you one star at right now I cannot find my Google photos they somehow have disappeared off my phone icon and everything, and I can't see any way to reach out for help without actually reinstalling, which is against my better judgment at this point for a couple different reasons; as it turns out oh, it wouldn't let me post unless I actually give it a star first,..",https://play.google.com/store/apps/details?id=com.google.android.apps.photos&reviewId=553f67b3-dbd7-4764-b46a-409b873778bd,cannot_find; photos_missing
Google Play Store,2020-11-17 15:23:56,2,"Many of my photos in this Google app are virtually impossible to locate when attempting to link something. A better organization system, by date or name/location, would be excellent. At this point, an introductory/explanatory or 'how to' video (something like that for dummies) is becoming more and more crucial. If there are any sites, phone numbers and/or tutorials covering Google photos, please direct me to such information. A phone call would also be much appreciated, for general info on fi",https://play.google.com/store/apps/details?id=com.google.android.apps.photos&reviewId=d78027e0-376d-4fd2-90fb-64414b690ac2,cannot_find
Google Play Store,2024-07-19 17:49:13,2,My experience with Google photos I've had it for a while It was really good at first but as you start taking pictures stuff gets lost things aren't showing up like they were before pictures are missing where did they go and then when I get on to Wi-Fi to actually save my pictures it puts them in weird orders and then something pops up from 5 years ago and gets put in today's pictures what's up with that I'm not too impressed I think buying more storage is a mistake use what your phone has,https://play.google.com/store/apps/details?id=com.google.android.apps.photos&reviewId=203bc307-d534-4206-9ed6-fc2b0c59387b,where_did_they_go; photos_missing; about_old_content
Google Play Store,2019-01-10 06:37:31,2,"UI not intuitive. Better than earlier versions but still poor. For example, even with a search in 'Help' I cannot find how to alphabetically sort folders in Photos. Default is 'last modified', which results in lots of scrolling.",https://play.google.com/store/apps/details?id=com.google.android.apps.photos&reviewId=525cf59b-3d4a-4cca-add6-1be02dfe4124,cannot_find
Google Play Store,2022-07-21 07:06:09,2,"I am looking for best app to be able to easily organize my photos and videos into folders that I have made. I think it should be easy, but it really isn't. First, it's hard to find a button to create a new folder. And this, it seems to me, should be the main thing of the application that has the function of a storadge of photos and videos. I probably have more problems than joy from using this application.",https://play.google.com/store/apps/details?id=com.google.android.apps.photos&reviewId=982d36f3-593f-465f-b14d-b17c4ceed02a,cannot_find
Google Play Store,2021-07-30 09:12:46,2,"Aggravating app. No lock to prevent accidental orders (which have a 2hr cancellation window.) Worthless un-editable collage feature, unnecessary rotation suggestions, finding blurry photos is a joke, no image based (not name based) duplicate/similar search, limited functionality in folders (delete, archive), can't change dates, unreliable search results with no ability to organize/declutter, some operations are needlessly time consuming. Ie; cant move to folder and archive in same step, etc.",https://play.google.com/store/apps/details?id=com.google.android.apps.photos&reviewId=d8f74175-5adb-4cdc-b285-d056c7f1e7fb,cannot_find
Google Play Store,2025-12-24 06:13:43,2,"This app is now trash. why am I importing photos into a photo app, that has access to my Google photos, that has access to my local photos on my phone, has access to any other photos that I have given at access to previously. yet for some reason I cannot search my own photos because it wants me to upload them. It's slow, it's unwieldy now, the editing functionality went from being useful to why does it exist, and now there's another Google photo app? how many photo apps do you guys need to make.",https://play.google.com/store/apps/details?id=com.google.android.apps.photos&reviewId=ad401b80-ec6d-4253-9627-3fcc640e7cc4,cannot_find
Google Play Store,2025-04-06 23:25:48,2,"Google, ever since the newest Photos update -- I can't share photo albums as easily as I used to. When I create a link to share, I get a notification saying that Google can't find the link or URL from the people to whom I'm sharing the album with, even with all features accessible to do so. Please fix this ASAP or revert to the previous format. I was standing right next to my partner to share photos and still nothing was working.",https://play.google.com/store/apps/details?id=com.google.android.apps.photos&reviewId=d0dfb604-7ef8-449d-af80-0c2721b7c21f,cannot_find
Google Play Store,2023-08-01 11:42:46,2,"Since I have updated my phone, I have been unable to find pics that I have shared externally from Facebook. Before when I shared them externally, they used to show up in Google pics. Also my collages are not showing up like they used to. It's going to make it very time consuming finding them when I go to print them. Not liking the new format AT ALL!",https://play.google.com/store/apps/details?id=com.google.android.apps.photos&reviewId=81cc9e6d-fb50-475e-ac07-e4c955ae8f75,cannot_find
Google Play Store,2021-03-04 18:20:43,2,"I can't easily locate old photos that have been moved to cloud storage and I can't choose the photos I want to colour pop! Only Google assistant can choose them?!? Account storage and settings seem to change and selecting photos when in apps, never offers the same selection of pics!!!! Not user friendly, not consistent, not content smart with doubles etc",https://play.google.com/store/apps/details?id=com.google.android.apps.photos&reviewId=9a8fd57b-41a5-4240-a804-d16d4b6ed16c,cannot_find; about_old_content
Google Play Store,2020-09-26 01:11:54,2,"I used to love this app, but, After the last update, I can't find my old photos and vedios. Also when I delete any photo or vedio from my mobile, it becomes deleted also from photos... How it come to make a backup by this way as long as u delete them also and can't find them.",https://play.google.com/store/apps/details?id=com.google.android.apps.photos&reviewId=e0d5e281-4261-4cb9-834e-55ccd58b43a3,cannot_find; about_old_content
Google Play Store,2022-04-09 19:21:30,2,"Wait wait wait!!! I'm change in this!! Ever scince u guys changed at the beginning of the year my stuff keeps coming up missing and u erased a bunch of my pictures off a mail I'm still using!! Where is my pictures an stuff is scattered everywhere instead of being in the order I took them I liked it better B4!! 👎 Google photos iz the s**t!! There's no other like it that's for sure !! I've never had any problems I don't like the new quota now though I like the old way better, jus sayin",https://play.google.com/store/apps/details?id=com.google.android.apps.photos&reviewId=898eb276-5929-4bd9-badf-cdef4c7bb064,where_did_they_go; photos_missing
Google Play Store,2020-07-19 03:03:21,2,"Probably would be really good but I have no idea how to use this. All I want is to have all my photos in one place, be able to sort my photos into collections and save them. It's too confusing and keep getting more confusing updates. I take photos and they somehow get put into places where I can't find them. When I first started with photos they were all in one place. Now I just don't even want to bother with them.",https://play.google.com/store/apps/details?id=com.google.android.apps.photos&reviewId=42b6c493-a96b-4c69-a424-d2bfb45e5c5c,cannot_find
Google Play Store,2019-05-30 20:53:15,2,I found this to be a great way to save photos until one day I lost 90% of all my photos on my phone....still cannot retrieve them. Recently I have not been able to sync the last couple of weeks on my computer. Really unhappy with this APP.,https://play.google.com/store/apps/details?id=com.google.android.apps.photos&reviewId=cabeab95-17ea-47b9-bebb-32ca76882cb7,cannot_find; photos_missing
Google Play Store,2024-01-21 14:19:40,2,Why have you DELETED my lot of photos ? Where have gone those photos ? You have deleted them unilaterally without giving any notice. Not a single photo was objectionable. I am also very well under the limit of the space. How should I rely on your services ? Please RESTORE my photos which are very important to me.,https://play.google.com/store/apps/details?id=com.google.android.apps.photos&reviewId=e4cd6ae8-5f9d-472d-bf07-4552d7f1966e,where_did_they_go
Google Play Store,2025-10-14 21:41:37,2,Where are my recently edited photos? It says to save a copy which I don't want to I want to just save over the old one and then you can't find the copy Every time you edit a photo it should appear up top You literally are f****** everything up with your AI I do not want AI searching my photos It sucks. The search filter was so much better.,https://play.google.com/store/apps/details?id=com.google.android.apps.photos&reviewId=d8845d2a-a790-4331-8943-41738d0aef69,cannot_find; where_did_they_go
Google Play Store,2021-11-04 22:52:50,2,Something happened to it in last few months. Takes ages to delete a photo. Circle keeps rotating. Search Doesn't work. It happened to be best photo viewing app. It's so sluggish now. Videos doesn't play properly.,https://play.google.com/store/apps/details?id=com.google.android.apps.photos&reviewId=2acce16a-6000-403e-8bc0-e26ff6b81b1b,search_broken
Google Play Store,2024-11-01 05:33:32,2,"The UI changes made in the past 6 months are really not intuitive. I have to re-explain where to find things to my family and my SO constantly. My family members constantly miss / lose photos that I've sent them. I've spent a ton of time looking and cannot find my ""Shared Albums"" section anymore (the one that used to literally list any sharable links or albums you have made). 'collections', 'memories' , etc.. are nowhere as clear as ""Photos"" ""Albums"" ""Folders"" ""Shared""",https://play.google.com/store/apps/details?id=com.google.android.apps.photos&reviewId=2bd05ca1-0179-4f1b-aade-94deec9b8411,cannot_find
Google Play Store,2026-02-28 07:57:41,2,"Update: Feb 2026 - going on a month and unable to edit or create face groups of any if my photos. I have submitted feedback and no answer. I'll give the stars back when you fix this. I never gave Google Apps much importance until now. And as a Blogger, this is the GREATEST THING EVER!¡ I can't stop digging through to find out what else I can do and link up to my social media and share. Geeking out. Keep up the good work peeps. Much love from me to you all!¡",https://play.google.com/store/apps/details?id=com.google.android.apps.photos&reviewId=bc2e5075-4823-4288-8640-dc487baa734a,cannot_find
Google Play Store,2023-12-10 06:57:20,2,"My phone battery malfunctioned and I got the exact same phone replacement (Pixel 7) and now all my screenshots vanished, normal camera photos are still there I guess they weren't backed up but I've transferred my screenshots between phones before so I don't know if their gone for good or what. I've had the same photos since 2014 and now they are gone. They should've been backed up but now I can't find out since my previous phone is dead.",https://play.google.com/store/apps/details?id=com.google.android.apps.photos&reviewId=96b7f766-efef-4a0b-9752-1c5d44f89039,cannot_find; photos_missing
Google Play Store,2024-12-04 20:59:14,2,"Transferred photos & videos from Gallery and lost ALL my files. Everything has been scrambled into date order. VERY FRUSTRATED. Don't know WHERE to find items. FURTHERMORE & subsequently, I've deleted a lot of items, but now I find that they've replicated themselves at dates, long before they were generated...RUBBISH",https://play.google.com/store/apps/details?id=com.google.android.apps.photos&reviewId=3ec39fe7-96b6-4728-830f-f1d36aa2dfcf,photos_missing; forgot_details
Google Play Store,2024-12-29 00:10:52,2,This app is great if you want to store your downloads. But it's terrible if you have actual pictures you have taken with your phone. It takes all your data that it should be putting online as your downloaded data and steals your actual photographs and puts them places where you can't find them. So when you look,https://play.google.com/store/apps/details?id=com.google.android.apps.photos&reviewId=c801c4ae-73bd-47ab-8f8b-6d69a9fbe7e8,cannot_find
Google Play Store,2022-02-27 06:55:39,2,"Sri, in my phone i am saved some photos but it suddenly missed and i can't find it in your app. I don't know what the reason for it misses. And I can't delete and hide the it's. Somedays some folders also missed in your app. So, plzz I requested you to check my Google photos and recovery for me plzz sir. My important photos were missed sir. I am belivig you get back my photos and folder for me as well as correct for me once plzz 😔",https://play.google.com/store/apps/details?id=com.google.android.apps.photos&reviewId=426b8e09-88e4-4adf-9b9f-c845283da344,cannot_find
Google Play Store,2020-06-04 09:44:08,2,"Best features are free space and high resolution. But Google Photos is difficult to use for finding older photos (the 'scroll' doesn't allow the user to skip to upload a photo), and updates are made unilaterally. Not cool.",https://play.google.com/store/apps/details?id=com.google.android.apps.photos&reviewId=da9dbe18-1b39-4d31-acc2-f9677b08aaaf,cannot_find; about_old_content
Google Play Store,2024-10-16 04:41:51,2,"Just took very important photos today but when I reached home and phone started back up, I couldn't transfer the photos or even post. Worst of it all is after the back up was complete I couldn't find any of those photos anywhere including my device gallery. Please tell me Google photos hasn't deleted those photos. Please.",https://play.google.com/store/apps/details?id=com.google.android.apps.photos&reviewId=dd845c83-cb6a-49c8-9244-446fbcf78ba9,cannot_find
Google Play Store,2020-04-02 13:35:56,2,"I had over 2000 photos, I backed them up. They were all in separate albums too, and I can't find them! I can find a few but there are several I need to go back and reference. Some have my data I use for work!",https://play.google.com/store/apps/details?id=com.google.android.apps.photos&reviewId=134a129b-79d5-456a-a2e2-c8dd8e6f373b,cannot_find
Google Play Store,2025-04-09 01:08:07,2,"Why is it so illogically hard to find photos that I've shared with others? That's one of the most important features I use in this app and there's no obvious way to view shared photos after I've shared them. Why can't we just be allowed to customize the app to our needs as I'd absolutely put a ""Shared"" button front and center at the bottom of the app.",https://play.google.com/store/apps/details?id=com.google.android.apps.photos&reviewId=8ebce580-58ca-478f-bc3f-6b81dea7e0ef,cannot_find
Google Play Store,2025-10-29 19:43:46,2,Photos has been my best editing app in terms of cropping not until recent. The second cropping feature wherein I get to crop photos unevenly and then it automatically balances the sides gas been removed and I can't find it. kindly do something about it.,https://play.google.com/store/apps/details?id=com.google.android.apps.photos&reviewId=a176adce-001c-4739-9ab6-b75607e70782,cannot_find
Google Play Store,2020-12-21 03:03:12,2,"Recently I had issues with my phone. I took it in to a T Mobile store and they told me all my photos were backing up to the cloud before resetting my phone; all of my photos were deleted and I cannot find any of my photos from the last 6 months. If anyone can help, please tell me what to do.",https://play.google.com/store/apps/details?id=com.google.android.apps.photos&reviewId=fc14c3b8-6bcf-40ad-a882-5f00ff5af13d,cannot_find
Google Play Store,2022-05-09 14:10:46,2,I can't find all my photos a lot of my photos selfies movies they all missing I got like half of photos I have on my phone got like half I don't think it's a good app that used to be a good app before you can find your photos now you got to go to three different galleries or Google and you still can't find them,https://play.google.com/store/apps/details?id=com.google.android.apps.photos&reviewId=1df397d8-e228-4433-9291-762d10fcf271,cannot_find; photos_missing
Google Play Store,2020-07-18 03:47:03,2,"The new interface is an abomination. More taps to get anywhere, can't find the auto-generated gifs or videos at all. I literally could not care less about ""stories."" Yet another reason my next phone won't be running Android.",https://play.google.com/store/apps/details?id=com.google.android.apps.photos&reviewId=f9250b90-833b-46c8-9034-9cc34ae17641,cannot_find
Google Play Store,2024-01-31 11:35:33,2,"Photos has a button to free up space. Really should revamp this awful button. If you don't know, freeing up button literally takes every photo off and out of any folder. Also, I am unable to find photos by face recognition. I have a pixel 6a phone, Google should know about this phone, ha. Anyway, I can not get this feature to work on my phone. Please explain what I need to do",https://play.google.com/store/apps/details?id=com.google.android.apps.photos&reviewId=2b848c16-a79f-4084-b2db-5f011a02fbb9,cannot_find
Google Play Store,2020-07-08 07:05:53,2,I really liked photos before this last recent update. It makes it hard to find my device folders now. I have to actually search. For different folderswhereas before I just click the little arrow and it showed me a list of all of my folders. I really don't like this new update. Would have given it a 5 but now I have to give it a 2.,https://play.google.com/store/apps/details?id=com.google.android.apps.photos&reviewId=0fa03c3d-76b0-4839-85b0-c53698c94a6f,cannot_find
Google Play Store,2025-10-22 05:19:01,2,I have lost control of my pictures and videos. When backing up the created folder structure should have transferred too. now I just have a huge unorganized library and I can't find anything. not sure if it was erased or lost in the now unorganized mess,https://play.google.com/store/apps/details?id=com.google.android.apps.photos&reviewId=f6b04435-5e65-4b83-9099-bd284bbf3760,cannot_find; photos_missing
Google Play Store,2024-05-23 22:38:03,2,"I honestly don't like this app, I rated it a 2 and that was just me being generous. I have a Gallery app on my Stylo that a like soo much better. But unfortunately I can't find the same version in the play store so add here. This app it to annoying to use. Like moving pics from the Photos section to a folder on my SD card in the library is awful it's like the features in the app don't get along or play well together. And if ya do finally manage to move them and you now have a copy in both GRRR!",https://play.google.com/store/apps/details?id=com.google.android.apps.photos&reviewId=327d6aaf-c42d-4f27-8da1-72b3ef7e0ba0,cannot_find
Google Play Store,2022-08-15 12:41:05,2,"Unable to sort images in any sort of way that makes sense, everything auto dumps into different folders which makes it difficult to find certain images. No way to group duplicate photos to delete extras, have to go through entire phone folder by folder. Glitches out often which creates more duplicates.",https://play.google.com/store/apps/details?id=com.google.android.apps.photos&reviewId=eab0814b-6cd0-46fd-8b31-da67e77d98bf,cannot_find
Google Play Store,2020-08-27 10:54:21,2,"I checked the app as the pictures were all up to date, and suddenly when my phone got cleared I could not retrieve anything beyond may, my pictures which were already saved on the app are there. Lost data of 3 month.",https://play.google.com/store/apps/details?id=com.google.android.apps.photos&reviewId=b7e11e35-ce39-4602-87ed-b1877ffe1dec,cannot_find; photos_missing
Google Play Store,2019-03-22 12:47:41,2,"all deleted pictures should be moved to the trash first, there shouldnt be an option to permanently delete photos from within a device folder. backing up is screwy as it is, and once my photos are backed up, its impossible to find them because they are unsorted from folders. this app is rlly sucky for a google product, at least have color detection in your useless assisant feature...",https://play.google.com/store/apps/details?id=com.google.android.apps.photos&reviewId=c2d5d689-310f-4b34-8f1f-c6bd6ad67c89,cannot_find
Google Play Store,2024-08-14 20:25:15,2,"I absolutely hate this new update, I don't want to save a copy of my edited photos, why change something that worked great before. The new layout is horrible and makes it hard to find albums and saved collections. I have always used Google but now I maybe looking for an alternative.",https://play.google.com/store/apps/details?id=com.google.android.apps.photos&reviewId=0b70d4e0-d146-43cb-87b9-7964d66bb94c,cannot_find
Google Play Store,2018-12-15 23:52:16,2,This app takes over my photos and I have to go online to view my photos. It takes too much time because it puts everything into the cloud automatically and then it is hard to delete as you have to remember which device had the original photos.,https://play.google.com/store/apps/details?id=com.google.android.apps.photos&reviewId=5d4391e4-1d69-47f5-a745-78176a8721ea,forgot_details
Google Play Store,2021-12-23 10:18:46,2,"I love the convenience BUT NOW... where is my access icon, there is absolutely no photo icon to access the app from my app menu, yet it shows being downloaded in my settings as well as here in the play store, so clearly i have the app but no way to directly access it unless i go through Google browser or pull it up on a 3rd party app when uploading.. I've checked all settings , nothin has worked, rebooted my phone, I'm lost, i have an Android Motorola note, that is bran new , help please",https://play.google.com/store/apps/details?id=com.google.android.apps.photos&reviewId=21cbd9cc-e263-46d4-a60c-47c5131f1227,where_did_they_go; photos_missing
Google Play Store,2020-04-11 12:34:41,2,It can be very hard to find a photo. The albums are awkward and pictures will just disappear never to be seen again. Except you will find them but they are in a random album that you never created,https://play.google.com/store/apps/details?id=com.google.android.apps.photos&reviewId=0620d5b6-1173-4fa0-b133-33cca2ff22a9,cannot_find; photos_missing
Google Play Store,2020-07-27 07:35:34,2,"Good in theory, but where are the preferences? Why does it still list album covers from music folders even though they are marked with .nopictures? If you can't even tell it what is and isn't a photo then it's pretty useless.",https://play.google.com/store/apps/details?id=com.google.android.apps.photos&reviewId=34b10677-a283-41f7-bea9-9f6dc0c414b7,where_did_they_go
Google Play Store,2020-05-18 19:52:47,2,"No option to search duplicated photos. Impossible to MOVE pics to folders permanently. If you wanna move a pic to a different place or permanently delete a pic, you have to 1st 'remove from folder', then scroll through your whole timeline to find the picture you just unlinked from that folder. There is no way of telling what pics are & are not in a folder. Trying to add pics from Drive is HELL cuz it don't always copy everything over even though it says it & you have no idea where it's been put.",https://play.google.com/store/apps/details?id=com.google.android.apps.photos&reviewId=63adf684-795e-44e0-b4f8-e161ef9d22cf,forgot_details
Google Play Store,2020-01-19 23:22:32,2,The newly added photos take a long time to appear and in the meantime the old photos disappear. The thumbnails are messed up and I can't find anything in the write time. I've to look them up in the file manager. 2 stars because this has been continuing from 6 months. Edit: still the same problem even after a year,https://play.google.com/store/apps/details?id=com.google.android.apps.photos&reviewId=676efdc4-f457-4e14-bdc3-7734b86de988,cannot_find; photos_missing; about_old_content
Google Play Store,2018-10-15 18:29:39,2,"I am using it on my oneplus6, but the problem is that, it is showing even the temporary images and thus it creates a lots of albums which is quite irritating and I couldn't find a way to prevent the same.",https://play.google.com/store/apps/details?id=com.google.android.apps.photos&reviewId=cd7c3d7c-4bc5-4d9e-a425-086fbdc4cac4,cannot_find
Google Play Store,2019-09-15 01:42:19,2,It's a good App but the way folders get synced they should show up same way on the main page. I have really unnecessary stuff backed up but can't delete them because too lazy to scroll all the way down and do it.. Not too user friendly.,https://play.google.com/store/apps/details?id=com.google.android.apps.photos&reviewId=3b5ae737-1f36-41b6-958f-5052932f4a2a,endless_scrolling
Google Play Store,2025-02-02 16:49:28,2,"I am downgrading my 5-star review. This new version with AI search is awful. I used to be able to type something in and get very relevant results. Now, very little is relevant.For example I have taken photos of floor plans and used to type in floor plans and get all of them. Now, it shows me 7 or 8 then I get hundreds of others:the inside of empty apartments, a spa, a ping pong table and my wife posing. C'mon it's a joke. The AI should be rolled back. Can I revert to a prev version of the app?",https://play.google.com/store/apps/details?id=com.google.android.apps.photos&reviewId=b3ad274a-08f3-483b-b6a1-2029953ce3be,search_broken
Google Play Store,2019-12-21 21:02:18,2,"Loved it until I got a new device... Now all my photos have the date that I transferred to my new phone and they're not in chronological order anymore. Thousands of photos, impossible to search for a specific one or time frame.",https://play.google.com/store/apps/details?id=com.google.android.apps.photos&reviewId=4ccd7915-4894-42e7-bc75-da70a6134421,cannot_find
Google Play Store,2021-09-28 16:52:27,2,"Albums don't stay in sync, meaning when viewing photos by album the photos are inaccurate and impossible to find or edit. This is particularly the case when copying photos between different albums via your device or another app. This makes the app unuseable for anything besides taking photos.",https://play.google.com/store/apps/details?id=com.google.android.apps.photos&reviewId=3d06e683-d4cd-45b2-8dcb-d5e8995c8f4d,cannot_find
Google Play Store,2019-04-05 03:50:00,2,"Took up 1.5 gb on my phone for no absolute reason, so my friend tried reinstalling the app and while I do have many pictures still on my account, it feels as if some were deleted, there have been pictures and videos that I've had in the past that I cannot find anymore.",https://play.google.com/store/apps/details?id=com.google.android.apps.photos&reviewId=3e996689-393c-48d8-8b98-2acba9f23882,cannot_find
Google Play Store,2025-07-26 10:03:11,2,The new photo search has absolutely ruined this app for me. I used to be able to type in a word and get results that were images of what we the word is AND any text in photos that include the word. Now it can't even find simple searches. just sucks so bad.,https://play.google.com/store/apps/details?id=com.google.android.apps.photos&reviewId=3b7ee8cc-4033-42b5-b66b-8756cd92090d,cannot_find
Google Play Store,2020-08-06 08:47:05,2,"Very Nice App To have and to keep up with My Family Photos, I Really likes it, But, I'm Really Use to The Digital Camera, Cause, if I Lose My Phone and Password, it is Very hard To Retrieve it and other things, like ur Contacts, So, Try it, it's Really helpful, Have A Nice Day!!!!",https://play.google.com/store/apps/details?id=com.google.android.apps.photos&reviewId=064b6374-b269-4f56-8bc8-1845ed269f6e,cannot_find
Google Play Store,2021-04-02 21:21:24,2,I love that this app automatically creates cool cinematic photos and collages. I hate that it shows them to you for about two and a half seconds when you open the app and then they disappear forever; and there's no way to find them.,https://play.google.com/store/apps/details?id=com.google.android.apps.photos&reviewId=eff53250-727b-411f-bd36-89d89f669120,cannot_find; photos_missing
Google Play Store,2023-09-30 01:47:49,2,"The search feature keeps getting worse and worse! I can't find even photos that I personally tagged! For the price, it should have better tools for editing and finding duplicate photos, among other things.",https://play.google.com/store/apps/details?id=com.google.android.apps.photos&reviewId=e9892374-2a36-4757-ade3-42e730d86fe2,cannot_find
Google Play Store,2019-02-04 14:52:23,2,Will not upload into folders like on your device. You are forced to use Google's horrible search which is totally hit or miss. The app organizes for you using seemingly arbitrary logic which you have no control over.,https://play.google.com/store/apps/details?id=com.google.android.apps.photos&reviewId=646aa2ff-0be2-4cd9-8af7-6dc72cdcbd32,search_broken
Google Play Store,2021-10-07 04:00:21,2,"Updates are horrible. Can't find the widget anywhere on my phone, nor can I replace it with instructions they give to get it back. I have to search it up in the Playstore everytime I need to find my pics. Please go back to how it used to be. The app is no longer my go-to pic app and it's very frustrating to look for pics.",https://play.google.com/store/apps/details?id=com.google.android.apps.photos&reviewId=145f3ef9-af2b-40be-88a7-b4106c0f2777,cannot_find
Google Play Store,2025-06-30 10:26:42,2,Google photos needs to get it together man!!! you can't do hardly anything with it there's no tools or editing or anything involved in Google photos you lose your photos you can't find your photos they put them in different files and different places Google photos is terrible I'm so glad I have a Samsung Galaxy A6 5g so I can use Samsung's apps for things like this instead of stupid Google,https://play.google.com/store/apps/details?id=com.google.android.apps.photos&reviewId=ffc4ade3-4924-4d45-aa52-d10b0d13335c,cannot_find
Google Play Store,2023-03-25 18:45:43,2,"It totally ruined my meticulous photo folder setup, can't find anything now, and it deleted them from my device. Would not recommend, Google didn't need to do this, but they did it for $, knowing you would pay.",https://play.google.com/store/apps/details?id=com.google.android.apps.photos&reviewId=3d327bb2-2e0c-49ca-b5a8-442583ec35f0,cannot_find
Google Play Store,2022-08-09 21:37:11,2,"Google photos makes movies for you with random pictures, but you cannot find these movies anymore. There is nowhere to find them. I've emailed them and no response. I still get notifications all the time popping up on my home screen that it made a movie and then when I click on it it just goes to my photos. I can never find the unsaved creations!! There used to be like collages also. I don't understand why there's no link to find the creations that it has made including the movies!!!",https://play.google.com/store/apps/details?id=com.google.android.apps.photos&reviewId=1e8ae115-7494-4ac2-929e-232614dc0450,cannot_find
Google Play Store,2019-12-03 14:49:52,2,"Honestly, I can't find anything anymore. I'm strictly an Android, Chrome and PC user. I have no idea what Google means when they say that photos are no longer backed up to Drive but now ""cloud storage"" - what is this non-Drive cloud?! I'd love to know because I can never locate my photos that are removed from my device (per Google's incessant suggestions).",https://play.google.com/store/apps/details?id=com.google.android.apps.photos&reviewId=d541f68c-f2d2-469a-ad3f-53138164c66c,cannot_find; forgot_details
Google Play Store,2022-05-29 06:38:23,2,Please keep the designated folders in the original gallery and to this app. My photos were in proper folders and when they backed up most of them were gone and now they're hard to find in Google photos. Just please try to make this app more manageable,https://play.google.com/store/apps/details?id=com.google.android.apps.photos&reviewId=01f2322d-83ba-40be-b207-194c444c0ccf,cannot_find
Google Play Store,2026-03-01 10:15:46,2,"I have always loved the photos app and pixel camera features, but the latest update to photos changed the layout and ease of use of the editing features and it's pretty terrible. . . I also can't find how to remove the new 'Ask' feature; the classic search was very accurate and reliable and this new 'Ask' option sucks.",https://play.google.com/store/apps/details?id=com.google.android.apps.photos&reviewId=9db1e36f-b6fc-409d-bb6a-653c1f288362,cannot_find
Google Play Store,2022-03-06 21:11:47,2,"When photos cone up in memories, half rge time I cannot even find where the picture is in Google. Shouldn't be so difficult to find my own pictures!! I tried the suggestion sent to me and the article told to read an article but the Info together to article came up not found unless I am doing something wrong?",https://play.google.com/store/apps/details?id=com.google.android.apps.photos&reviewId=44e00419-5647-4026-9b86-289b43ffb9d9,cannot_find
Google Play Store,2021-05-22 18:34:30,2,"Every upgrade seems to make it difficult to locate pics. Not everything shows when going into photos, but is there when you want a pic to send via text. Sent/received photos cannot be deleted without clearing the whole file. Can be frustrating to use.",https://play.google.com/store/apps/details?id=com.google.android.apps.photos&reviewId=382d313d-11e8-4da4-87b8-eaed59b6d865,cannot_find
Google Play Store,2020-06-03 13:40:28,2,"Search function doesn't work very well, folder organisation is a joke and the overly ""helpful suggestions"" are not helpful at all. Why is there no way to see which pictures have been added to a folder already? It should be a basic function but as it stands, organising my pictures is a nightmare.",https://play.google.com/store/apps/details?id=com.google.android.apps.photos&reviewId=016b9a85-e195-48ae-b268-47b91f2ad692,search_broken
Google Play Store,2021-06-14 23:48:31,2,UX can be a lot better. Can't search for album when adding photo to an album (and i have a long list). Can't delete photo from album. Can't see which photos are not uploaded yet. Always asking me to allow Photos to delete photo from my device,https://play.google.com/store/apps/details?id=com.google.android.apps.photos&reviewId=3ca5e874-e261-422d-b9a2-692b7c601c59,cannot_find
Google Play Store,2020-03-15 23:39:41,2,"Loved Google Photos but today it said it couldnt find some of my videos that played just fine yesterday. Then it said it couldnt play them. I uninstalled the last update and reinstalled it only to find all my recently made albums gone. The videos are no where to be found, even the ones that worked. I didnt have enough space on my phone for them so now they're gone.",https://play.google.com/store/apps/details?id=com.google.android.apps.photos&reviewId=b0e05da4-a251-486b-899c-136d4c7a583e,cannot_find
Google Play Store,2022-11-08 01:52:50,2,"-Hypocritical, ridiculous search does not find photos based on words like ""nude"", ""breasts"" or ""uuuh bad words!"" 🤣 Also, doesn't recognize ""hand"" from a foot ?? Stupid ""look, a similar photo"" - feature, useless. Impossible to find photos eg from my travels when your App doesn't recognize the ""tree"" from a ""street lamp"" and ""castle"" from a ""kiosk"" and does obviously not understand the map/ location, so eg search word ""Rome"" brings none of my photos taken there. Not trusting privacy here either.",https://play.google.com/store/apps/details?id=com.google.android.apps.photos&reviewId=11be95b6-5b71-49e5-b91f-042817717776,cannot_find; search_broken
Google Play Store,2019-06-19 09:35:48,2,so when the app download my photos I can not retrieve them especially when I want them most. It's frustrating I should have just gotten a phone with bigger memory. I just need to get my photos back.,https://play.google.com/store/apps/details?id=com.google.android.apps.photos&reviewId=954bbfa4-2574-4de8-877c-e5a874f93f6d,cannot_find
Google Play Store,2020-05-23 22:34:58,2,"Some photos I shoot just disappear for no reason, I didn't delete them or nothing, they just disappear fr both my phone and the online backup abd I can't retrieve them anymore, this is the most annoying thing I've ever experienced since I started using smartphones",https://play.google.com/store/apps/details?id=com.google.android.apps.photos&reviewId=63c5f40d-7ba8-4767-a9bb-0e671e36a3ff,cannot_find; photos_missing
Google Play Store,2018-11-12 03:12:55,2,"Every time there's an update I seen not to be able to find my photos, so frustrating. They used to be folders and albums. All the folders that I had are fine and I can't find them.",https://play.google.com/store/apps/details?id=com.google.android.apps.photos&reviewId=ff2ffcc6-c6f4-4b5b-816a-8a8f66e6a60c,cannot_find
Google Play Store,2020-09-04 02:42:05,2,"This app is a total mess. I think I sort of get what you guys were going for here but you're not there yet. It's things like, I will have a new picture and it will appear on the cover of a ""category"" or whatever, but when I click on it the pic is nowhere to be found. I can never find any of the pictures I'm looking for. A lot of the time I can't even find the one I just took. The whole famous counterintuitive. Make it easier.",https://play.google.com/store/apps/details?id=com.google.android.apps.photos&reviewId=a3fc6be0-fb12-4aba-b50a-70aae9fb6455,cannot_find; photos_missing
Google Play Store,2022-12-05 02:45:01,2,"Lately, cannot retrieve ALL my pictures and documents scanned photos, documents, research done for many years saved to the Google photos app and to the so-called cloud. No help available even though i have 3 passwords in the wallet. So DISGUSTED.",https://play.google.com/store/apps/details?id=com.google.android.apps.photos&reviewId=f5fd94d1-1b3c-494f-a8f4-802ee0136018,cannot_find
Google Play Store,2020-10-08 15:42:00,2,"It is far .more work to adjust a photo. Then i can't find them. I will admit that i lke the ability to put them on my SD card, but not enough to like the whole app. Aà",https://play.google.com/store/apps/details?id=com.google.android.apps.photos&reviewId=9e736862-c243-4f72-beb9-22bc36b81a2e,cannot_find
Google Play Store,2024-08-14 13:50:16,2,This latest update has made it so difficult to find any pictures. It wasn't the greatest before hand and this is just next level bad. I recommend a photos folder that displays every picture on the phone so it's not so hard to find pics.,https://play.google.com/store/apps/details?id=com.google.android.apps.photos&reviewId=79850889-4584-4fcd-9da0-2e98a1abfe74,cannot_find
Google Play Store,2022-06-14 21:08:00,2,The update ruined what was previously an incredible app to me. Most of the photos I'd had backed up seem to have disappeared after the latest update. I've reset my phone thinking that would help but I still cannot find them.,https://play.google.com/store/apps/details?id=com.google.android.apps.photos&reviewId=ab352aa3-960e-4bda-ae6a-30a9146b47ff,cannot_find; photos_missing
Google Play Store,2022-01-15 10:00:55,2,"There's a problem with 'favourites' section.. It won't display more than a fixed number of photos, if add a new favourite the oldest displayable favourite photo, becomes grey!!, & if you want to display it yiu've to go swipe down all the Way back in your stored photos !!!",https://play.google.com/store/apps/details?id=com.google.android.apps.photos&reviewId=9c20b638-5806-4d85-aa7e-fdb50b25e464,endless_scrolling; about_old_content
Google Play Store,2020-12-31 00:56:39,2,"Definitely the worst update ever. It has made it so difficult to find anything, from photos to features that were quite handy before. Would be way better if this was on a beta version, and still having the possibility to revert to the old, stable version. Updates should be relatively improve the experience, not cause headaches in using it. On another note, everything has also been loading slower than before, like some cache gone wrong.",https://play.google.com/store/apps/details?id=com.google.android.apps.photos&reviewId=864fc1ca-b47c-4d6c-87c2-cd45aeb003b3,cannot_find
Google Play Store,2023-10-08 01:10:04,2,Can't download photos from shared albums. It will claim all files were saved instantly...no matter how large the album or files. But I can't find them on my device. Nor can my other clouds find them for redundant backup. It's driving me nuts!,https://play.google.com/store/apps/details?id=com.google.android.apps.photos&reviewId=3b3ada01-137d-40a1-a278-9092a83daba0,cannot_find
Google Play Store,2018-12-21 04:43:21,2,"it says i have 2000 photos and i cant find but a few hundred... then, sometimes i see a lot more in ADDITION to what i thought i permanently deleted! where are the short tutorials or clear menu options? now im not sure whose in control of my pics...google or me? i also was assigned an arbitrary email address and have followed all instructions to recover...for days trying.! without success! i gave u a 2 star because when it DID COOPERATE...I liked the collages and date coordination but its gone",https://play.google.com/store/apps/details?id=com.google.android.apps.photos&reviewId=90ddf1c0-193b-446a-aa52-2c3225349dd6,cannot_find; where_did_they_go
Google Play Store,2025-01-13 20:18:54,3,"The only thing I don't like about Google photos is when I need access to a photo and I can't search for any because it's ""organizing your photos so you can find them faster, try again later."" Please stop organizing my photos, leave them on the date they were taken, and if I want to organize them, I should be able to do that myself by creating folders. I'm still a big Google fan, just not a big fan of not being able to access my photos quickly when I need to.",https://play.google.com/store/apps/details?id=com.google.android.apps.photos&reviewId=c8ea57ab-88e8-4833-bdb2-e2f11e6f8127,cannot_find
Google Play Store,2022-08-17 21:03:39,3,"Love the auto save feature that allows me to easily get to and download/ retrieve my photos... Unlike other major phones with built in cloud apps. Edit - 8/17/2022: So Google loves to make stylized photos, which is great, but if you don't look at them right away it's really hard/impossible to find out where they are hidden. Also sorting is not a possibility and the oldest will always be on top, so it takes a while to get to the newer items. Blech.",https://play.google.com/store/apps/details?id=com.google.android.apps.photos&reviewId=e70e090e-d32b-44df-8327-0c4144c77c23,cannot_find
Google Play Store,2021-06-25 07:31:11,3,"This app used to be good but for a few months now it's been awful. Whenever I get a notification that photos were added to an album and I tap on it, all I get is an error: ""Can't find link"". Also, photos don't always indicate when they're part of an album. I'll try adding a photo and instead, I get a notification saying ""1 photo added to 0 albums"". I tap on the embedded View button and it turns out it was already added automatically.",https://play.google.com/store/apps/details?id=com.google.android.apps.photos&reviewId=c661985f-9d95-4557-9f66-65dbd4247c7b,cannot_find
Google Play Store,2022-05-05 00:25:18,3,"Mostly good, but wish better organizing. Features missing, such as After archiving pics from main bucket, to be able to share pics in albums, that were archived in main view bucket. Actually better, would be able to select pics & ""move"" them into an album, like Google Drive can do. Take them out of the main view, as I call the primary/main bucket. Very cluttered; can't remember which pics I've already put into albums.... very annoying 😒.",https://play.google.com/store/apps/details?id=com.google.android.apps.photos&reviewId=00851719-7d30-4ccd-a151-0ccb46255692,photos_missing; forgot_details
Google Play Store,2019-05-21 17:32:11,3,"When browsing for pics from another app (SMS text, fb, IG, gmail, etc.), Photos doesn't organize my pics as albums. It displays the pics as a time indexed camera roll. I have to scroll through, potentially, years of photos to locate one taken in the past. To remedy this I would have to use the space and folder structure on my phone, which defeats to purpose of having unlimited space on Photos. Suggest to display album structure when browsing from other apps.",https://play.google.com/store/apps/details?id=com.google.android.apps.photos&reviewId=f24c3816-0942-4dd2-824d-c0d6b30f0f5e,endless_scrolling
Google Play Store,2018-11-19 09:23:38,3,Pictures take forever to move to different folders and even longer to refresh. Some pictures I moved are still in the folder but when I click on them it says it doesn't exist. No matter what I've updated it too it has this problem. I don't like that is shows the shared albums really big (I only have 2) then the rest of my folders are small and I have to scroll across and click see more to get to them. Samsung photos is faster and easier to use but I don't have a Samsung phone anymore.,https://play.google.com/store/apps/details?id=com.google.android.apps.photos&reviewId=5ac6f71b-36f1-4fcb-bc84-60761cb8d573,endless_scrolling
Google Play Store,2021-01-25 09:00:17,3,"I expect more from Google, but it's okay I guess. This app is good, but lacks features. The huge feature that's missing is the ability to hide/lock photos/albums. You can archive, but that only hides from the main album, it will still show up in other places and thumbnails. When in an album, you can't pinch to zoom in/out like you can in the main section, which makes it hard to find pictures. It's great how cloud storage works and how easy it is to access my photos from any device though.",https://play.google.com/store/apps/details?id=com.google.android.apps.photos&reviewId=1aac67c9-5ade-4350-a41f-074e3db702d8,cannot_find; photos_missing
Google Play Store,2025-07-25 03:26:48,3,"When I opened my Photos editor today, I reacted with cursing I'd rather not put in this review. I got my bearings relatively quickly, but a lot of people won't. I thought I was in the beta for Photos. 🤔 Had that been so, I would've left feedback saying that people who don't jive with technology are going to hate these changes. Also, the new photo search is terrible, and my auto-sorted pet pictures are all mixed up! Classic search should always be optional in settings. Fix that now, please.",https://play.google.com/store/apps/details?id=com.google.android.apps.photos&reviewId=8561d786-ee6f-4e22-aa99-f436914475ea,search_broken
Google Play Store,2023-04-13 08:30:08,3,"This app does it's job & is easy to use, plus it's free. I have only two problems. 1. I can't organize photos in the order I want. They're always listed in the order they were taken/uploaded. 2. The app automatically creates folders for photos from Snapchat, Camera, Messages, and more. STOP. I don't need all those folders. Just one big list of photos is perfect. That way I don't have to hunt through several folders if I don't remember where the photo came from. I do like the album feature though",https://play.google.com/store/apps/details?id=com.google.android.apps.photos&reviewId=6ac777f0-e346-4efe-bb98-2edaafacda6d,forgot_details
Google Play Store,2020-04-16 14:19:31,3,"Keep getting pegged to rate this app so here goes... 1) Camera shortcut missing for last year 2) album sort is not permanent. No matter which sort you choose, it reverts back 3) after 4 years you still can't find/filter photos that aren't in any album yet But hey... at least you were able to monetize this by selling printed albums... before actually fixing any of the above issues that have been requested multiple times over the years.",https://play.google.com/store/apps/details?id=com.google.android.apps.photos&reviewId=f6ebb2c0-6dde-4d7c-bbb0-4de8621629b7,cannot_find; photos_missing
Google Play Store,2023-01-27 00:40:52,3,"Good app. It stores your files (pictures and videos) in easy to find folders, although I can't select a few files and place them in a special folder and syncs it on all your devices with your Google account. You can also easily edit them in this app. On the other hand, sometimes duplicates are made and you can't even rename your photos. Also I can't find some of my older files.",https://play.google.com/store/apps/details?id=com.google.android.apps.photos&reviewId=3db75685-1e82-4dc6-954c-674894332601,cannot_find
Google Play Store,2020-03-05 01:00:34,3,"I like a lot of the features, pretty good organization. but I get confused about what's in the drive, what's backed up what remains on my phone. It's confusing. It drives me NUTS that the ""select"" option that used to appear when I scrolled down through photos is never there any more. I can't select and delete a bunch. I don't like auto backup + delete, because I have no idea where pictures go and what it's deleting, so this is the preferred way I manage space and it's not a fixed option.",https://play.google.com/store/apps/details?id=com.google.android.apps.photos&reviewId=37bfca57-337b-41e5-a349-7dac73e5427f,forgot_details
Google Play Store,2024-02-03 21:16:18,3,"The updating/syncing of photos is good, however, the way of moving photos within the app is very bad. You can create albums but the search in these is very bad, the way it shows is very bad, the search is just as bad. If you move a photo from the -photos- tab, it will continue to be displayed even if you have already moved it",https://play.google.com/store/apps/details?id=com.google.android.apps.photos&reviewId=8f9deb84-6c14-4206-8da4-4fe092ace001,search_broken
Google Play Store,2022-01-15 23:28:23,3,On the 5.72.x version and everything seems to be going okay on Android 12 with a pixel 4 also seems to work okay on Android 7.1 phones that I have. A nice feature would be to create an auto update folder for things other than people and pets such as cars or locations the search feature is a bit weak and I wish it would show more than 10 albums when you do a search for an album with a specific name,https://play.google.com/store/apps/details?id=com.google.android.apps.photos&reviewId=01bb51ab-86ce-4980-8e02-35791d8fe9f3,search_broken
Google Play Store,2022-11-12 07:45:15,3,"Got tired of searching multiple files for edited photos. I had over 50 photos to delete because this app made it too difficult to find edited and unedited photos. Had to download an app that would allow me to smash all the photos together to get them cleared out. (Btw, I'm not a big photo taker, so 50 is a lot.)",https://play.google.com/store/apps/details?id=com.google.android.apps.photos&reviewId=0161335c-062b-4b70-ad92-ba6c4eceb566,cannot_find
Google Play Store,2019-10-23 00:37:03,3,"I have grown dependent on Google photos, as my phone gets ruined often.this app is, to this novice a lot easier than other apps.it's always right there when I need it, my photos don't get lost and everything is backed up. The only issue to me isall the different apps now from Google and I don't know what they mean or where are my downloaded pictures go. For instance there's Google file, Google one, and I have no idea what any of these things do!",https://play.google.com/store/apps/details?id=com.google.android.apps.photos&reviewId=0f51c8f8-d9c0-454a-b211-a2420df5e19f,where_did_they_go; photos_missing; forgot_details
Google Play Store,2021-01-16 20:25:25,3,"A lot of memory is wasted because every photo that is in an album has to ALSO remain in the ""all photos"" section. That feature also makes it difficult to find different photos because they're not ONLY in albums. And, You are in for a bad surprise when you try to print photos and find out they were not saved at their original resolution.",https://play.google.com/store/apps/details?id=com.google.android.apps.photos&reviewId=cc514881-c8b0-40e9-835c-e3dbb3df87ba,cannot_find
Google Play Store,2022-04-07 05:34:45,3,"Too much long explain usability issues! Ok, I'll try. When I opening Photos App, I see almost all of my photos, but when I switch to ""Library"", I can't find those photos in any folder. Kind off it have to be in folder ""CAMERA"" but not! And I can't to move photos to any folders in ""LIBRARY"". I've tried find all of those photos on PC trough cable, no results! Probably, I do something wrong. May you help me?",https://play.google.com/store/apps/details?id=com.google.android.apps.photos&reviewId=0a87e2e4-8898-40b3-bbe1-cfe687a48436,cannot_find
Google Play Store,2021-03-02 13:59:03,3,"Google Photos used to be really good. Now it works so badly on Samsung S20. Phone gets incredibly hot loading all the photos, search page is empty half the time and doesn't return any search results. Can't search by faces, places, or things. I suggest the devs to focus more on optimising its core functionality rather than extras like automatic photo collages or animations (which is not why people download this app for).",https://play.google.com/store/apps/details?id=com.google.android.apps.photos&reviewId=4aba4bf8-15a9-44b5-926a-3b4cf578968c,cannot_find; search_broken
Google Play Store,2021-03-31 03:43:18,3,It's a good app I've used a long time but as a file browser for video and images it's hard to navigate. I don't like how my backups are filed. They get moved and are hard to find. I never really know if it's actually saved to Google servers or still on my phones storage. It's google I would expect perfection.,https://play.google.com/store/apps/details?id=com.google.android.apps.photos&reviewId=98489635-5722-4f50-bc84-36ea25cdf477,cannot_find
Google Play Store,2025-01-23 09:38:28,3,"I panicked when I toggled face recognition off and then back on, and thought the face tags for my tens of thousands of photos were gone forever. Fortunately this was not the case; helpful Reddit people reassured me the app would rebuild the tags with time and this did happen. Giving 3 stars because the AI isn't great, options are limited, hard to find, and generally unintuitive.",https://play.google.com/store/apps/details?id=com.google.android.apps.photos&reviewId=d7e9716b-2559-4fff-bfb8-8741ad5b60fb,cannot_find
Google Play Store,2019-11-09 14:12:07,3,I am frustrated by the fact the album's I create can't be accessed by social media or graphic design apps. The only album's I can access are the premade ones for various apps. This means I might have to scroll back months to access a photo I need instead of being able to choose from the specific albums I am creating.,https://play.google.com/store/apps/details?id=com.google.android.apps.photos&reviewId=42400d92-98ab-4f09-b9af-2b6492b0fa7c,endless_scrolling
Google Play Store,2019-07-07 19:02:47,3,"I like google album but I noticed that my old pics that I have saved are not as good as I used to remembered. I got confused and started to investigate and looked on my 2nd back up app for pics and they all look much better. I'm talking about pixel wise, cuz my pics from 2004 I took those pics with a phone with a camera that had less power than the ones we bave today. I think I did something or choose something that perhaps save my pics in that format I can't remember in which case don't as befor",https://play.google.com/store/apps/details?id=com.google.android.apps.photos&reviewId=f398479e-e0be-4989-842e-d676e2c4f3fb,forgot_details; about_old_content
Google Play Store,2019-08-25 10:56:56,3,"No doubt the app is convenient. But I would appreciate it more, if it could back up my pictures and videos into the folder, exactly as my device storage. Its impossible to find a picture you saved long back into a folder on your device, because there's no folder! Will be looking forward for this upgrade.",https://play.google.com/store/apps/details?id=com.google.android.apps.photos&reviewId=a3488c84-d0cb-4e9d-9fca-0d37fe782d77,cannot_find
Google Play Store,2024-03-03 18:07:49,3,"It's a decent app, I for one appreciate it's really clean UI when consuming video content, but when I play media with inbuilt audio for different languages, I can't find a function to swap from one language to another, so I'm stuck with whatever language comes up first. I can't hear Korean, and it's really annoying.",https://play.google.com/store/apps/details?id=com.google.android.apps.photos&reviewId=c8c367df-91b2-4817-a041-b6e8abb98cf8,cannot_find
Google Play Store,2023-06-28 01:56:22,3,"It's very difficult to use photos with other apps. I can't find my photos easily (unless I can download them, that way the photo appears at the beginning of any search in my phone) but, not all the photos have the ""download"" option (cause they're pretty much in my phone already) but there's no way to look for them or to share them directly (and that works) from photos with other apps (Eg. Snapseed, Instafit, SquareFit, OurPhoto). Trying to find a photo in any other app it's simply frustrating",https://play.google.com/store/apps/details?id=com.google.android.apps.photos&reviewId=5276159e-c324-4740-8647-efe6096efacc,cannot_find
Google Play Store,2020-07-22 14:50:11,3,Good but still lacking some critical features to assist organising your photo collection. Still no way of only showing photos not in an album. I also can't find a way of seeing what albums a photo is in. It's also almost impossible to correct the incorrect labelling of people in photos.,https://play.google.com/store/apps/details?id=com.google.android.apps.photos&reviewId=78e961d3-2653-4b11-9ad5-a4f026454d90,cannot_find
Google Play Store,2024-11-26 07:09:23,3,"Can't find my pictures older than 4 years. @developer, thanks for the reply and for anything you might have done. The photos are back. Just an FYI, I had already checked everything you suggested (right account, backing-up, not in archive, or locked folder), and the photos were not there. I'll increase my review two stars because I am grateful they are back! If I can successfully download the important ones to me, I might come back to update.",https://play.google.com/store/apps/details?id=com.google.android.apps.photos&reviewId=b2fdd364-75b4-4edf-be54-c2ccee1dd4a4,cannot_find
Google Play Store,2020-07-22 22:56:15,3,"Can you PLEASE put the layout back the way it was, where it showed the regular photos, downloads, screenshots, edit categories SEPARATELY, PLEASE?? Since the last update or 2, it's not even showing ALL of the pics I've taken, edited, etc.!!!! Most of the time I can't find pics I've saved to any gallery either. IF I find the other pics, they MIGHT be in the files, rather than the gallery!!! I have a Moto Z4 that is undamaged, not defective &is only a few months old, so those are the problems",https://play.google.com/store/apps/details?id=com.google.android.apps.photos&reviewId=11a0f5e9-af4e-4153-a431-6336f38e148a,cannot_find
Google Play Store,2024-10-08 07:28:27,3,"This used to be a great photo app. The recent changes have caused more steps to get to albums and confused the whole process. Why does everything good have to keep getting messed up?! Now, on top of that, Verizon's great Message+ texting app is being discontinued so I had to switch to the horrible Google Messages app 😡! I'd expect both Google apps to work together but apparently trying to save a photo from a text doesn't even put in Google Photos! This is madness!! Now I can't even find it!",https://play.google.com/store/apps/details?id=com.google.android.apps.photos&reviewId=3167c201-116e-4f3a-8f55-fe0ad92a1cff,cannot_find
Google Play Store,2021-03-10 17:10:18,3,"Google photos had no right removing photos from my device. Those were my photos being stored on my device. Not using up anyone else's storage and are my private content. If I can't find all my photos that are missing easily, which I haven't been able to find them yet, I will be forced to go to move as far away from google products as I can.",https://play.google.com/store/apps/details?id=com.google.android.apps.photos&reviewId=453a51db-46bb-4e95-b870-9baa7b928c3b,cannot_find; photos_missing
Google Play Store,2019-08-18 20:28:09,3,It has this Waiting for Wi-Fi issue which doesn't back up my photos on time even when I'm connected to a very fast Wi-Fi network... I have over 4000 photos now waiting for back up I can't find the solution to back them up all at once. PLEASE FIX THIS ISSUE IT'S SO ANNOYING AND TIME TAKING I don't want to lose all my pictures and videos because of this issue... Just fox this as you can or tell a way how to back All the pictures at once.,https://play.google.com/store/apps/details?id=com.google.android.apps.photos&reviewId=7e1a74ed-cc3e-47ff-8d1b-bb9a6e06b7d0,cannot_find
Google Play Store,2021-02-22 17:18:57,3,"""Best photo app I have had, easy to use and very organized makes finding your pictures almost effortless, love the collages 😍"" - me 2018. Used to really love this app now i can't find old pictures they just mysteriously disappear 😪 and how is my device too hot when it's not even hot? Keeps telling me i can't back up dsome pictures because my device is too hot and it's not",https://play.google.com/store/apps/details?id=com.google.android.apps.photos&reviewId=d01f5b55-49a4-46cf-96a0-bf9f6f78f5f7,cannot_find; photos_missing; about_old_content
Google Play Store,2021-08-05 21:01:51,3,"unpredictable, hard to find features. When I take several in line photos, the app may or may not bother to stitch them together to offer a Panorama, when I take a beautiful shot of nature it's very unpredictable whether the app will specialize it or whatever that is called, where photo is of higher quality, and can happen days after i take the photo. When I get the notification for this update and am busy, I have found no way to get BACK to list of special photos until I get a new notification.",https://play.google.com/store/apps/details?id=com.google.android.apps.photos&reviewId=62dd044a-8863-4730-8675-8120b783d2f5,cannot_find
Google Play Store,2020-10-23 23:08:24,3,I find it a little frustrating and hard to locate pictures. I also don't like the fact once I have deleted photos there icons are still visible but the photo is deleted so the space is still being used up in the viewing feature. How to access the Cloud yet so I don't know what mine looks like but if it's anything like that really stick to using the gallery on my phone.,https://play.google.com/store/apps/details?id=com.google.android.apps.photos&reviewId=7f51d0b1-deb9-4e0c-84b5-58c136983b59,cannot_find
Google Play Store,2025-05-12 00:29:18,3,"The ""new"" albums layout is terrible. No photo would fit in the album cover and it now blends in with the album, what I don't like. They made it so much more difficult to find simple stuff. The memories tab is now chucked away in the meaningless collections section. It used to be much better. Face recognition sucks too.",https://play.google.com/store/apps/details?id=com.google.android.apps.photos&reviewId=47f463bd-c14b-4c07-86cc-348ba86a362d,cannot_find
Google Play Store,2020-05-15 14:49:39,3,"It's an okay app. Not bad, not good, just in the middle. You guys should probably add a way to see the percentage in number of you uploading every each single and overall photos to the back up. It will be very useful since as I don't know what percentage at it is when uploading my photo, whether it's actually uploading or not uploading. I hope you guys actually add it. Cheers",https://play.google.com/store/apps/details?id=com.google.android.apps.photos&reviewId=90b02e61-bda8-4880-8262-e2922b3690bf,forgot_details
Google Play Store,2024-08-28 09:13:25,3,"It gets the job done and integrates seamlessly with the web version of Google Photo. However, they recently replaced ""Library"" with ""Collections"" which makes it hard to find things. With Library you'd everything in one place. but now with ""Collections"" it's all hidden down another layer inside ""On this device"". I guess they want to strongly delineate between what is backed up and not. I prefered the old ""Library"" flattened structure with the ❌☁️ icon indicating what's not backed up.",https://play.google.com/store/apps/details?id=com.google.android.apps.photos&reviewId=5babaea1-99af-421f-bf2b-41d2c94d8d1d,cannot_find
Google Play Store,2020-07-12 19:38:26,3,"Super upset with the new ""update"" it's more complicated to navigate, I can't find the suggestions or how to make collages. The update only gave one to e to review the changes and it of course was not a good moment . Never had a chance after that. This is terrible. It went from a great app to I'm only using it until I can find something better. Very disappointed.",https://play.google.com/store/apps/details?id=com.google.android.apps.photos&reviewId=e080c184-deb3-49f9-8f53-82303a1c6403,cannot_find
Google Play Store,2024-09-05 13:11:21,3,"Was the best photo management tool available for an android phone. Recent update has ruined the search function though. It just doesn't work. Where has the map view gone too? This was a very handy tool when you want to search for photos by location taken but it's now gone? Thanks for the reply - indeed the map function is now there under Collections. The search function is still not as good as it used to be. ""Campervan, T4, Mini, Evo"" don't bring back any results now but they used to.",https://play.google.com/store/apps/details?id=com.google.android.apps.photos&reviewId=866d2028-c90e-4bf8-b568-9aadc7a924ed,where_did_they_go
Google Play Store,2025-03-03 04:32:43,3,"Used to love google photos. But the last few months it just sucks. Idk what happened. Search function doesn't work properly. If I add notes to pictures it just doesn't save the notes. And worst of all, the face recognition! This used to be near perfect. But first it stopped recognizing my cats and now it just doesn't recognize any faces anymore. It won't even acknowledge there is a face in the picture. This really sucks!! Please fix this",https://play.google.com/store/apps/details?id=com.google.android.apps.photos&reviewId=070e0b5a-14b7-4ab1-acab-00e0d703c24b,search_broken
Google Play Store,2020-10-04 21:00:53,3,"Thia app was good! But with the latest uptade i was unable to find out the various collage,then and now,animations created by Google photos anymore. It is visible while browsing though my laptop but on mobile i wasn’t able to find those option. Hoping for getting those thing back on my phone.",https://play.google.com/store/apps/details?id=com.google.android.apps.photos&reviewId=9556da9e-5147-4e7b-a80e-9dd008f78d17,cannot_find
Google Play Store,2020-08-12 15:22:39,3,"Why did you get rid of suggestions and memories? The stories and memories now are fine, but why get rid of that feed of Google creations of automatically generated albums or stylised pictures? Now if I miss a notification and don't save it immediately I just miss it completely. When I actually used to go back to my feed and save things from the past days/weeks. And where did the notifications go to? Very not useful. Other improvements to the app are great, the division of sections and folders.",https://play.google.com/store/apps/details?id=com.google.android.apps.photos&reviewId=7f5e3afc-58ed-4d53-aaa2-e564d307b220,where_did_they_go
Google Play Store,2020-08-05 18:24:59,3,You change the app recently and it's very difficult to find pictures that were taken by location used to be able to pick a city and it would show you every image that was taken or edited in that area and now it doesn't seem like you have the ability to do that. That was a very big feature of Google photos that was incredibly functional. I would have given it a five-star if this was a few months back before you made the change,https://play.google.com/store/apps/details?id=com.google.android.apps.photos&reviewId=cd869f57-8546-4a2a-aa19-bfa5c9531c06,cannot_find
Google Play Store,2022-11-13 01:28:28,3,"It's okay, but doesn't allow you to save photos, only create links to them, thereby forcing you to stay in the Google loop, which I find unnecessarily and intrusive controlling. On the good side it finds photos I didn't remember I had-- or didn't know where I had-- so that's nice.",https://play.google.com/store/apps/details?id=com.google.android.apps.photos&reviewId=de84edee-ed29-40fe-970e-4dd17fba6dfc,forgot_details
Google Play Store,2024-03-19 00:25:53,3,"Gets more complex and less useful with almost every update. Stupid features like ""similar photos"" are useless (doesn't even recognize exact duplicates), while good features like gif maker are gone, and I can't search my own pics for duplicates. App is OK, but it used to be better. *Thanks for comment, Google, but not what I'm talking about. We often take 2 of the same photo. Your app can't detect this.",https://play.google.com/store/apps/details?id=com.google.android.apps.photos&reviewId=d1939a6c-26f4-4878-9046-4c15a7db6e76,cannot_find
Google Play Store,2025-10-16 11:00:31,3,The functionality to download large files from app to phone storage is not available. Would help clear my storage. It simply shows the trash option. One has to go to the PC and then download the large files. Tried the solution option but the problem is after copying say 100 photos it is problematic to remember which photos were copied and which to delete from the storage. If the move option was available then it would automatically delete the photos present in storage.,https://play.google.com/store/apps/details?id=com.google.android.apps.photos&reviewId=1c07b372-ed66-4694-b3d3-e00ec26239cc,forgot_details
Google Play Store,2021-05-13 14:35:30,3,"It was all great until they deleted ""download"" option. I don't want to share any links, I want to have photos on my phone to send them to someone in normal way. Also, there should be added ""delete"" option for pictures in albums. They're all segregated, but when I want to delete something permanently I have to look for it on the main page. It's so hard to find the same picture in so many of them, when you literally had it in album, but you can't delete it. I hope it will be changed.",https://play.google.com/store/apps/details?id=com.google.android.apps.photos&reviewId=42d526d0-8cf9-415e-ba68-51efd88c422b,cannot_find
Google Play Store,2023-06-19 04:02:03,3,"It displays photos. It's very annoying at times as well. Thousands of photos, I always find it difficult to locate a specific picture. I upgraded to Google one and the app still prompts me about the added features that should be enabled from Google one premium. It's very annoying. Scrolling through pictures can be a chore, it's not smooth. I may randomly unintentionally select images while scrolling. Other apps do not integrate the same photo browser, there is always different functionality.",https://play.google.com/store/apps/details?id=com.google.android.apps.photos&reviewId=30ed70b1-5bde-40c1-a414-ac5ad2564d6c,cannot_find
Google Play Store,2023-05-04 20:27:54,3,What I would like to know is why some photographs don't go to the SD card when I want to save all. I can't find how to save videos to the SD card. Why is it so difficult when it ought to be simple? Pointless answer. Tried. Doesn't work. It simply ignores some of my ohotos when I have them all on the device. REGARDLESS OF THE REPLY IT STILL DOESN'T WORK. SOME PHOTOGRAPHS JUST STAY ON THE DEVICE. IT APPEARS THAT IT IS TOTALLY RANDOM.,https://play.google.com/store/apps/details?id=com.google.android.apps.photos&reviewId=b02acb0a-258b-47de-9e20-946532adfcdd,cannot_find
Google Play Store,2024-10-28 08:08:01,3,"Best. App. Ever. Update 10/27/24: each update keeps making getting to my photos that I have shared with people harder. Now the ""Sharing"" button is gone entirely. I can't seem to find it and Gemini can't help me find photos I've shared with a specific person. Please help!",https://play.google.com/store/apps/details?id=com.google.android.apps.photos&reviewId=48c45ca0-87e0-4c30-8e8d-b93bee570072,cannot_find
Google Play Store,2019-12-12 02:52:24,3,6.. ..... 5 this is indeed a great app for free storage but it's hard to understand how to organize your photos okay... For example the videos and photos that I favorite a not always in my favorites folder and I had a whole folder8 disappear like I can't find it anymore if this is not a conspiracy 2 delete my photos then is playing@@@@ hard to understand how to get your phone your pictures organize in this app,https://play.google.com/store/apps/details?id=com.google.android.apps.photos&reviewId=d902b5d6-9e22-44b3-9596-43b595dffa4d,cannot_find; photos_missing
Google Play Store,2020-03-09 09:19:35,3,"Why is this interface so confusing? Or am I missing something? I have no idea which images are already uploaded to Gphotos, there is no indication whatsoever. Also if I upload photos via desktop, my phone app fails to recognize any updates despite numerous cache deletes and reboots. Otherwise this is a decent sharing app and maybe my problem is isolated but it's severely limiting my file sharing capability.",https://play.google.com/store/apps/details?id=com.google.android.apps.photos&reviewId=9bbd20f6-d377-4050-80cc-c3636a6a16e1,photos_missing; forgot_details
Google Play Store,2021-05-14 21:07:59,3,"There are a lot of good things about this app, however, I feel they are overshadowed by the frustration in trying to organize my photos. I don't understand how hard it can be to alphabetize them. When moving photos into an existing album, it is very time consuming to have to scroll down through 50 plus albums to find the one I want. This makes me not want to use the app at all. Please change this Google!",https://play.google.com/store/apps/details?id=com.google.android.apps.photos&reviewId=7cfb2396-8907-4019-b8ea-f4f6b7b066fb,endless_scrolling
Google Play Store,2020-06-10 21:52:05,3,"The app isn't very intuitive, design could be better to improve user experience. Can be hard to find recently uploaded photos, would be nice to have a better sorting system. Being someone who takes a lot of photos, was honestly the main reason I was hesitant switching from apple. I'd love to see some better communication between this app and google drive, it's a very tedious task to get photos from one app to another.",https://play.google.com/store/apps/details?id=com.google.android.apps.photos&reviewId=2690f839-5068-4666-8185-b5b1d4713e26,cannot_find
Google Play Store,2024-11-16 03:45:09,3,All of a sudden I can't find my screenshots easily and I'm not sure why. I've had Android phones for a long time but all of a sudden with this new update I cannot find my screenshots without spending time and trying to do search and eventually I come across the but I have no idea where they're being stored so I can't find them very easily ever. Why can't it be more simple? Please help.... If someone knows the trick to this I would be ever so grateful!,https://play.google.com/store/apps/details?id=com.google.android.apps.photos&reviewId=1fafaf71-4310-4773-86a9-daeefa810dee,cannot_find; forgot_details
Google Play Store,2022-03-30 01:00:22,3,"Lost all my pictures. Can't find them. Can't find albums I had just yesterday, 20/2021. Am in midst panic to see if I can undo whatever was done. I'll be sobbing soon. 3/2022: Found photos. I preferred some things they have removed from editing, yet overall it's a decent beginner level program.",https://play.google.com/store/apps/details?id=com.google.android.apps.photos&reviewId=3f151b4c-dcab-4879-b0a0-e8eb10b21bb9,cannot_find; photos_missing
Google Play Store,2020-09-06 13:46:42,3,Since the last layout update I find this app more difficult to find what I want. Ie when notifications tell me there are animations I can follow the notification but cant find them through the app UI. Also cant find photos that have been shared with me through partner sharing. Would prefer the old version back.,https://play.google.com/store/apps/details?id=com.google.android.apps.photos&reviewId=ef5947a5-0c8c-4c79-8264-fe4d89a2445f,cannot_find
Google Play Store,2023-03-08 05:46:18,3,I'm sorry this app started off good with people & pets and like memories and such but now I don't have that stuff and idk if it's an age limit thing or what but it's REAL annoying that I can't just look up someone's name and find them I mean you can make collages and other things but you can't choose the order of the pictures:(( I'm just sad about half the stuff I loved to be gone 😕,https://play.google.com/store/apps/details?id=com.google.android.apps.photos&reviewId=c306b8df-96fe-461b-b4ff-56d23bbdd325,cannot_find
Google Play Store,2026-01-02 16:32:58,3,"I might have an issue about this app, because days ago, my pictures doesn't show up to the top even though its recent. And, when I need to post some pictures it doesn't show the past pictures, it only shows some, but not all. And my recent pictures goes to the bottom, and it's hard to find. Especially when im posting, when im finding it it only has 250+ when I have 5k+ of pictures. Idk what's happening, but please fix it. Thank you.",https://play.google.com/store/apps/details?id=com.google.android.apps.photos&reviewId=6d0f2722-23f1-4ff0-a382-19d96fc871c9,cannot_find
Google Play Store,2020-10-31 10:52:30,3,I backed up many folders and those photos got deleted from the device now All photos are showing in a que .....there should be same management as was in gallery app. Now I can not find a proper file that I saved in different folders in gallery due unavailability of folders option in this app by Google.Please arrange the photo as they were in my device. How to separate photo and videos?,https://play.google.com/store/apps/details?id=com.google.android.apps.photos&reviewId=f02461da-b478-491e-983d-6f7f2eb55285,cannot_find
Google Play Store,2020-08-24 18:29:17,3,"The service itself is amazing, but I don't know what Google has done with the most recent updates, but aside from a few questionable decisions on design, the biggest issue is that image search is effectively broken in the current version. I have thousands upon thousands of images of my kids, wife, family members, friends, etc. All are beautifully tagged by Google with its algorithms...and all of these images are searchable when I'm in the web interface, and all of the tagged images come up. On the app, though? The recent update shows maybe 10% of tagged images when I search for a specific person. Even manually bringing up that photo doesn't show the tag on the photo...but if I go to the web, that photo is available when searched. PLEASE fix this. Being able to quickly find images on the app is essential, and I don't know why the recent app has broken this functionality.",https://play.google.com/store/apps/details?id=com.google.android.apps.photos&reviewId=039ad255-e6f2-4e63-8c92-feb2074f7aa3,search_broken
Google Play Store,2021-01-08 12:02:22,3,Honestly I prefer the old version it become so minimalistic that it looks like a LITE version. Also I hate that when you transfert your pictures on the cloud. It all become part of one album so you can't search the picture you're looking for by album..,https://play.google.com/store/apps/details?id=com.google.android.apps.photos&reviewId=5b620d22-88bc-4bdc-8fa0-a6a66fdd1559,cannot_find
Google Play Store,2020-10-21 15:25:56,3,"I've never liked Google photos. It's often difficult to find my photos unless I captured them with the device I'm using. It doesn't show me my full library and I have to search through my file folder app to find some of my images. There are also times when it won't give me an option to delete/share a photo I'm looking at in the app, which again makes me have to search through my system folders.",https://play.google.com/store/apps/details?id=com.google.android.apps.photos&reviewId=9a778d72-7f3c-439b-a9fa-982530935a1a,cannot_find
Google Play Store,2022-04-13 11:03:28,3,"Trying to upload photos to amazon as I get free storage but when I do it said it can't find the photos to upload, even though I'm looking at them! I can't upgrade your App as the phone memory is full which I can only solve by uploading them deleting from Google app. Help.",https://play.google.com/store/apps/details?id=com.google.android.apps.photos&reviewId=a70c81f2-d156-46f6-98e4-b7e56772d2f2,cannot_find
Google Play Store,2020-10-01 06:45:33,3,"I used to love the color pop, animations, videos, collages, etc. that this app created for me, but after this last update, I cannot find those special things any more. I hate the new layout and miss the daily creations it would make from my photos.",https://play.google.com/store/apps/details?id=com.google.android.apps.photos&reviewId=d9c8e706-d570-48fd-b4e7-fcbcb88bb17e,cannot_find
Google Play Store,2023-04-06 06:57:17,3,Who is developing this lately because this app seems to be getting worse and worse every update seems to mess it up more now after editing it just freezes instead of saves. The search engine is horrible! It can't find most of the keywords typed in. So frustrating searching photo by photo when it could have just pulled it up.,https://play.google.com/store/apps/details?id=com.google.android.apps.photos&reviewId=a9ff62c7-2279-4986-b2c9-89ba356a14d0,cannot_find
Google Play Store,2020-02-02 23:38:28,3,"Hey, i really loved this app. It always saved my back whenever i deleted my data. But last time i changed my phone. I took backup and all the data was there, but in album->people & Pets photos are not categorized perfectly, i mean i can see those in photos but not in that particular folder, even thumbnail photo is not in the folder. I think you know what i mean, i causing me a lot of trouble coz i have a lot of backup data and it's hard to find one person's photo in whole data.",https://play.google.com/store/apps/details?id=com.google.android.apps.photos&reviewId=363c7cfb-f4fe-4dde-8752-a23b34d7289f,cannot_find
Google Play Store,2020-06-05 15:32:35,3,"As I've stated in a previous rating I would really like to see a finger print/passcode option to get into the app. Also I would like to see a feature that can recognize and suggest to delete duplicate photos. Other than that and the data sharing issues that I dont know where to begin with, I love this app lol blessings and respect to you all and thanks for doing your thing.",https://play.google.com/store/apps/details?id=com.google.android.apps.photos&reviewId=c0d9e373-ce2e-4e7d-b621-9cc915e33c51,forgot_details
Google Play Store,2020-01-27 17:17:12,3,My favourited photos have disappeared. They're still on my account but I can't access them through the app there's no option for it anymore. Search option also does not work. I have thousands of photos and the search never has any results when it used to.,https://play.google.com/store/apps/details?id=com.google.android.apps.photos&reviewId=dc389436-62e5-4776-8cbd-482a4f331fa5,search_broken; photos_missing
Google Play Store,2020-04-23 10:01:22,3,"Please add a feature to detect duplicate photos. I was going through my pics and saw many duplicates. And also please add a separate category for cartoon/anime photos, it actually gets mixed up in my photos which then hard to find my pictures.",https://play.google.com/store/apps/details?id=com.google.android.apps.photos&reviewId=8838e390-5ace-47c1-9ae5-093c597e0287,cannot_find
Google Play Store,2021-11-16 01:44:53,3,Photos has a notification DOT that appears next to the Photos icon. There is no way to figure out the source of this DOT. When you get an email a dot appears to inform you that an email has arrived. In Photos that same dot appears but you can not find out what it is associated with. You may have gotten a shared picture. But you didn't. It's really annoying. Having to waist your time and search the app for source of this misterious dot. Then it becomes useless and you ignore it all together,https://play.google.com/store/apps/details?id=com.google.android.apps.photos&reviewId=e116df77-92f4-459a-84bd-5a99e0905bb3,cannot_find
Google Play Store,2019-02-22 06:38:32,3,"It's nice to have the storage synced up with my Google account, but no folder system!? So when I get a new device/phone I lose all my organization and everything goes into a big pile by date. Great to store my photos, but difficult to find any of them.",https://play.google.com/store/apps/details?id=com.google.android.apps.photos&reviewId=2f45e25d-e6a7-4122-a15b-63e7cc482132,cannot_find
Google Play Store,2024-04-30 23:39:44,3,"-The file system is honestly quite bad. Why can't I just search for pictures and videos by file name? It expects having to search by automatically recognized things is in your favor. -The auto backup function is unreliable. -The app constantly ""suggests"" pretty dumb animations, also through notifications. Without turning them off, you're flooded with them. =All of this just shows this app is for people not at home with electronic devices. Of course it's still just fine overall though ;)",https://play.google.com/store/apps/details?id=com.google.android.apps.photos&reviewId=48e91cc9-ddee-4417-b2ba-aa4c1cf7c5ad,cannot_find
Google Play Store,2019-01-30 00:51:33,3,"When I attempt to move photos or create a new album with photos, not all of the photos selected get added. This creates a huge problem once the photo is deleted from your device. Started out good, now I have no idea where my photos are!",https://play.google.com/store/apps/details?id=com.google.android.apps.photos&reviewId=073e0908-049e-4372-8668-08bc4c492560,forgot_details
Google Play Store,2024-09-26 06:58:34,3,"Disappointed with the update 9/15/2024 it seems to have bugs it didn't have b4 now it no longer puts pictures that I take with the camera on my Galaxy s10e in my Google Photos on the phone. Although they go to ""S"" Gallery, I cannot search for text and make copies of addresses or anything else that may appear and screenshots or anything else that I have saved using the screen capture . We will see it seems to have fixed itself in the last 8 hours.",https://play.google.com/store/apps/details?id=com.google.android.apps.photos&reviewId=a3563981-9786-4550-ba9b-6e17dd31ef91,cannot_find
Google Play Store,2023-04-03 12:06:02,3,"They introduce secure folder and don't clearly mention that if your sharing photos in an album, it will remove them from said shared album(s)... More importantly, the secure folder is extremely hard to find. I have no idea how to navigate to it.",https://play.google.com/store/apps/details?id=com.google.android.apps.photos&reviewId=15d4ee35-5aa5-4857-abd1-97cf15cc2f5c,cannot_find
Google Play Store,2020-06-18 13:10:16,3,"Honestly, I love the app, but since a few days it is having all these bugs that I have to back up every single photo every time I open the app, it is frustrating because I don't use any other app and I cannot find pictures without it having backed up and I have to wait for that to happen. Please resolve the issue",https://play.google.com/store/apps/details?id=com.google.android.apps.photos&reviewId=038138f9-bb3a-4b14-b54c-f829c9d58b88,cannot_find
Google Play Store,2024-11-20 12:38:51,3,"This app is so bad, I actually wonder if devs use it? Recommended contacts are people I've not spoken to for 20 years!? Shared albums and photos are now nearly impossible to find. Photos are getting deleted by Google, as I'm finding blank albums. Could someone with a half a brain product manage this app!",https://play.google.com/store/apps/details?id=com.google.android.apps.photos&reviewId=caf363d7-6a3f-4915-b532-844d5f1b6733,cannot_find
Google Play Store,2024-12-10 08:35:53,3,"Meh. It's fine. Still no way to rotate photos as your Android wallpaper, despite them introducing that feature a few years ago, and then quietly killing it. They have recently buried the sharing feature, so that it's hard to find your old conversations. You actually have to go to search and type in the word sharing. I feel like the only features they get added our features for managing your storage or getting you to purchase storage",https://play.google.com/store/apps/details?id=com.google.android.apps.photos&reviewId=bf50ba7b-88ae-4b35-93bd-87fcd0588b99,cannot_find; about_old_content
Google Play Store,2024-07-11 19:29:26,3,the new format I upgraded it I can't find my videos as easily and it's not as organized as it used to be. Don't Give Them Enough text space or write story and some of my order photos when I try to look at them they let's and send me back to the main screen and for some reason it multiplies my picture sometimes and sometimes it copies couple.,https://play.google.com/store/apps/details?id=com.google.android.apps.photos&reviewId=b612f62e-c0ea-42ff-bfd5-693e562ab86a,cannot_find
Google Play Store,2021-08-11 10:37:01,3,"Its hard to find and get my photos back !! I've got 1,668 pictures and have to go to 3 places to find half of my pictures and the other half I have NO FLIPPING CLUE WHERE THERE ARE AT.. As soon as my buddy can find them I will be definitely deleting this app. IT'S TO MUCH OF A HEADACHE AND TIME CONSUMING EFFORT TO USE.",https://play.google.com/store/apps/details?id=com.google.android.apps.photos&reviewId=8d3b88d1-9197-487a-9a9f-aeb0726f316e,cannot_find
Google Play Store,2020-09-05 22:20:01,3,Once I make a movie or collection I can no longer see it. What good is that? I have made three different movies complete with music 🎶 and I can't find any of them. onece I hit save it disappears. There is no file to go to nor instructions on how to get back to it..,https://play.google.com/store/apps/details?id=com.google.android.apps.photos&reviewId=580cec6b-31a9-430b-9ba2-b2c5ca965463,cannot_find
Google Play Store,2021-06-07 21:34:54,3,"Not entirely user-friendly yet. I'd like to be able to delete photos directly from the albums because I don't even remember the date of some photos. I'd also like if you could write directly in the app for your drafts intead of redirecting to the phone gallery. Overall great app, good face recognition.",https://play.google.com/store/apps/details?id=com.google.android.apps.photos&reviewId=a2abe8fc-e75b-4cb3-b425-43374eb0751a,forgot_details
Google Play Store,2024-10-21 02:28:22,3,Used to be fab but lately it's starting to play up . For some reason if a crop an image it won't save it as a copy on gives you the save option . Says it can't save . Some photos it won't save it at all .. in people and pets search it refuses to recognise some people and they are not in my hidden list . And you can't manually force it to search for a face and then creat a folder . Bonkers,https://play.google.com/store/apps/details?id=com.google.android.apps.photos&reviewId=efd55c19-1852-4918-9703-7d1df2e8eb17,cannot_find
Google Play Store,2025-10-05 11:26:52,3,"Since the new update the move to trash feature in albums is gone! now it only allows me to remove a picture from the album, then I have to scroll thru hundreds of archived pictures to try and find the picture I wanted to delete from the album because it only removes it now, please bring back that feature! I sell items in groups on Facebook and make specific albums so when an items sells, I just go to that folder and click move to trash and it not only removes it from the album but also my phone",https://play.google.com/store/apps/details?id=com.google.android.apps.photos&reviewId=6ea9e59c-442e-4cdb-a3c9-6c427f928bff,endless_scrolling
Google Play Store,2020-04-21 01:14:44,3,I am never sure what photos are backed up and I can not find old photos easily or at all seems like the only way I can see photos is if I upload directly to drive otherwise it is not accessed directly where do the Google Photos go vs Drive uploaded photos clarify and make that view and storage easier better investment than making photo books for me,https://play.google.com/store/apps/details?id=com.google.android.apps.photos&reviewId=9acb6814-0def-41a3-af64-fc737bebd989,cannot_find; where_did_they_go; about_old_content
Google Play Store,2022-06-22 15:18:35,3,"It's an ok app but there seems to be a lot of features missing from the original app. Files get moved, often I can't find my pictures I windup making duplicates and duplicate folders all the time - changing the names and yet when I go back in I can't find the folders AGAIN!",https://play.google.com/store/apps/details?id=com.google.android.apps.photos&reviewId=388359e6-016d-4985-9e99-6c33cd07321a,cannot_find; photos_missing
Google Play Store,2024-11-21 06:50:32,3,"I lost vides and photos in this app. I want to know how. I don't remember I deleted them. Ihot notifications that my 100GB storage almost full, several times. I tried to deleted some photos but not many. I also deleted some old emails with documents. Then suddenly I realize that my storage is now decreased down to 15GB only?? Where did the contents gone?? Please help. Thank you.",https://play.google.com/store/apps/details?id=com.google.android.apps.photos&reviewId=d3dc60a1-6af0-4af8-b018-42903ba48f71,where_did_they_go; photos_missing
Google Play Store,2021-11-26 21:16:31,3,Google Photos is okay but I really wish there were a better way to organize photos on Android. I have a lot of duplicate photos but no way to find or remove them except manually. Also I really wish I could organize albums into sub folders and search metadata to find all photos that are missing GPS data. Also I wish scrubbing through videos was frame accurate on Android like it is on Apple Photos.,https://play.google.com/store/apps/details?id=com.google.android.apps.photos&reviewId=7b288717-0ae9-4f75-b52e-0a70e0a6685b,cannot_find; photos_missing
Google Play Store,2022-10-07 18:22:58,3,"I'm so disappointed in the changes to the memory feature. All I want is to look at memories from this day in the past, but it's so cluttered now that I can't find them. I ended up turning there function of entirely because I was getting too frustrated.",https://play.google.com/store/apps/details?id=com.google.android.apps.photos&reviewId=96530e31-3729-4903-a962-3c4723b5045e,cannot_find
Google Play Store,2022-03-11 18:32:31,3,It is very difficult to find certain images..it would be nice if you could provide a folder wise backup feature..so that we could find the pictures by the folder name from which the photos were uploaded from the phone gallery. It is extremely difficult to delete an entire album since there Isn't a select all feature.,https://play.google.com/store/apps/details?id=com.google.android.apps.photos&reviewId=9013a688-482a-42f0-ae7e-916eed3d5b1c,cannot_find
Google Play Store,2020-07-16 18:50:46,3,"The automatically created photos are now hidden away so you can't easily find them in the app any more. Still not as good as Google Stories used to be; that was the pinnacle of Google Photos. Otherwise, it's a reasonably serviceable product.",https://play.google.com/store/apps/details?id=com.google.android.apps.photos&reviewId=a668e6f2-5273-48d4-8e88-d50d8855cb43,cannot_find
Google Play Store,2022-02-20 22:40:25,3,Its ok but i find it difficult to search my vidios because photos and videos are not sapareted in this app. i think it would be more good if goolgephotos could make photos and videos easy accessible. If you wat videos you select videos ....photos you select photos just like that not to put it all together,https://play.google.com/store/apps/details?id=com.google.android.apps.photos&reviewId=a4139cb3-e603-4658-a9e0-922ea4890f75,cannot_find
Google Play Store,2020-02-27 05:10:11,3,"Please give an option for an album with all pictures/videos on the device. It's annoying trying to remember if a certain picture is from snapchat, screenshot, or your own. It's a lot easier to remember the rough time it was taken. Otherwise it's face recognition is very good.",https://play.google.com/store/apps/details?id=com.google.android.apps.photos&reviewId=df07b3fd-3688-440f-8f5f-590142e4d1ce,forgot_details
Google Play Store,2025-07-28 05:48:13,3,"Daily slideshow doesn't show date/location anymore after recent update. How can I ""Remember This Day"" if I don't know when the photos were taken? how can I differentiate between ""Similar Shots"" if I don't know where they were taken. I look forward each day to my slideshow. Many wonderful memories, but date and location are integral to them. Please bring that back to the slideshow!",https://play.google.com/store/apps/details?id=com.google.android.apps.photos&reviewId=441425fc-3279-4387-98d9-518b5967bcb4,forgot_details
Google Play Store,2020-07-12 01:37:23,3,Getting better but still missing some useful features from Picasa. Organization is challenging as well. Once you've set up a bunch of albums it becomes very hard to find them! Some album list-and-sort options would be very helpful.,https://play.google.com/store/apps/details?id=com.google.android.apps.photos&reviewId=15f4baf1-270f-4019-b2b1-ea3792913598,cannot_find; photos_missing
Google Play Store,2021-06-10 22:28:25,3,"This program is absolutely flawless, I have not yet one thing to say that's bad. I'm over here looking around with binoculars and still can't find one bad thing The only thing I wish is that the unlimited wouldn't go away, or at least consider using one of the Google ones tiers for unlimited photos they may call it pressure, I call it profitable incentive. I'm going to dread the day that run into my storage cap even if I buy the two terabyte tier.",https://play.google.com/store/apps/details?id=com.google.android.apps.photos&reviewId=3a4722ce-1a8b-48bc-9e88-f678edaa3397,cannot_find
Google Play Store,2022-10-19 08:16:00,3,"I'm adding to post. I don't know what happened but the date on my pictures end March 30, 2017, so now none of my pictures before that date are right. Thanks Google. Don't really care for this app anymore. I would give it five stars if when you added pictures to an album it was no longer in photo section. Would make it much easier when going through pictures. You wouldn't have to go through all of the pictures every time.",https://play.google.com/store/apps/details?id=com.google.android.apps.photos&reviewId=ec092864-e830-4d61-a4a3-02c70f414d24,forgot_details
Google Play Store,2020-09-04 01:11:15,3,App is fine but the shared albums are hard to find now. The icon was moved to upper left corner and looks like a chat icon instead of the standard sharing icon. I have personally helped 3 people to find shared albums. It seems to be a too clever design move to choose the location and icon.,https://play.google.com/store/apps/details?id=com.google.android.apps.photos&reviewId=1958fe60-be5f-46c1-b79d-83c454b5f5bc,cannot_find
Google Play Store,2019-06-25 14:44:05,3,"This is a first time for me to graduate to a smartphone with more features and memory capacity. With the condescending attitude towards me by the female tech at cosumer cellular it quickly became a nightmare. The advertising should not hamper the customers initial setup, but for me it was a horrible. I don't recall seeing the advertising when I was trying to setup my last smartphone.",https://play.google.com/store/apps/details?id=com.google.android.apps.photos&reviewId=13bc08e2-9056-4213-ba8c-488436eb20a6,forgot_details
Google Play Store,2024-06-26 01:43:42,3,"I don't use most of the features but it's a great app, I don't usually write reviews but I didn't know what else to do, usually back every thing on my phone. Recently someone else deleted photos on my phone but knowing that I have everything backed up I didn't have a problem but when I tried retrieving them I couldn't find them, i tried everything the help service said but I still couldn't retrieve them.",https://play.google.com/store/apps/details?id=com.google.android.apps.photos&reviewId=15f71043-831f-4aac-8923-d4f6beecd31f,cannot_find
Google Play Store,2021-11-17 15:45:39,3,Love it over all. Wish that after you move photos to an album the stay selected after word so I can archive them or automatically do so. Or give me the option when I move them to go ahead and archive them. My only complaint. Trying to remember which ones I have moved and have not move to archive them is a pain. Accidentally made extra albums with same names and can't delete them. No photos or anything but they are only a thing on the list to move photos there. No complaints other than those.,https://play.google.com/store/apps/details?id=com.google.android.apps.photos&reviewId=08180109-17bd-4280-80bd-85767b3e9a2c,forgot_details
Google Play Store,2021-07-22 15:30:43,3,"The new update gets very irritating. I used to be able to see if it was a video or not by just opening the app and it had the video icon. Now it says ""you have got 2,098 photos and 7 videos"" and I don't know know what is a video or not! And I have to scroll through my 2098 photos to find my video, and then after all that, I still can't see them! Please someone tell me if this is a setting and if I can turn it off! 🙏",https://play.google.com/store/apps/details?id=com.google.android.apps.photos&reviewId=f6e0e869-7746-4fc6-9184-b918df158bda,endless_scrolling
Google Play Store,2019-06-01 09:26:20,3,it is a decent cloud storage as compare to other counterparts. the only problem that I faced and that's a big one is that when you want to upload a profile photo on some other websites account which has the option to upload through google photos then this app doesn't shows albums at that time. and it is so difficult to find out that one photo between so many photos. google should provide album option availabe in that condition too.,https://play.google.com/store/apps/details?id=com.google.android.apps.photos&reviewId=53e8c497-9480-4490-a6bc-2f8e65c9fc56,cannot_find
Google Play Store,2023-07-19 23:17:10,3,I went from an LG phone to a Samsung. I had my photos set up in folders only to discover that they are now listed according to month and year. I now have to scroll through several years worth to find the one I want. This is extremely annoying and will take me some time to put things back the way they were. I want it back the way it was!,https://play.google.com/store/apps/details?id=com.google.android.apps.photos&reviewId=8890eab0-e2ab-49db-9cb3-103bfd3e5eb0,endless_scrolling
Google Play Store,2022-05-03 11:53:30,3,"This is a very good app. It provides memories and backup. However the app kept deleting my pictures both from the gallery and the app while tellng me that the pictures were backed up, however, I couldn't retrieve same. Please how do I stop the app from deleting pictures from my gallery and also retrieve the ones that were deleted before?",https://play.google.com/store/apps/details?id=com.google.android.apps.photos&reviewId=d7101b3f-dd62-419f-aa75-36887204d247,cannot_find
Google Play Store,2023-02-09 01:48:34,3,It is almost impossible to find my backed up photos. And that's why I don't like when Google tells me I need to free up space by getting rid of the pictures that are on my phone. Because after they're gone I have absolutely no idea how to access them. It shouldn't take a million steps and a YouTube video of 15 minutes on how to find my backed up photos. And your reply on how to back up devices shows that you paid NO attention to what my issue was. Why don't you do me a favor and reread.,https://play.google.com/store/apps/details?id=com.google.android.apps.photos&reviewId=62125e4d-5e31-4394-a4b4-58c0921e3a9a,cannot_find
Google Play Store,2023-10-20 09:50:09,3,I wish that when I downloaded an image it was saved to a download folder or at least give me an option to download it to any album I've made instead of having to manually move images to the album I want. It's really hard to find images through apps when uploading them elsewhere or even changing my phone's wallpaper because I have to dig through all of my photos unless I manually add them to another album. I know I could just do this but I've used other galleries that automatically do this.,https://play.google.com/store/apps/details?id=com.google.android.apps.photos&reviewId=1f9f65a3-9656-4447-b0c7-c5df06b7cecf,cannot_find
Google Play Store,2021-06-06 10:19:01,3,It was a great app but here lately every now and then when I move a video or a picture into a folder it either says it is having trouble moving it or it moves it into the abyss! Like it's just GONE! Like I moved a video a couple of hours ago and it vanished! I scrolled through the whole this for an hour and can't find it!!! Please fix this if u can it's getting a bit annoying...,https://play.google.com/store/apps/details?id=com.google.android.apps.photos&reviewId=ec244d8d-cd7d-4087-b675-7489320cba3b,cannot_find; photos_missing
Google Play Store,2021-04-19 14:21:50,3,"Used to be good before the latest update. Now you cannot find photos of people in your contacts by searching their name. There's no real organisation to your photos besides if you search for a specific year. There's kind of no point in having it unless you want to chromecast pictures that may take you ages to find, or if you want a bunch of photos and screenshots you've taken to search through until you find what you're looking for. The good thing about it is literally that is stores photos.",https://play.google.com/store/apps/details?id=com.google.android.apps.photos&reviewId=00b602a7-e4a7-4a2f-911c-5934892ea0b7,cannot_find
Google Play Store,2018-12-08 19:33:41,3,"What the hell, where did all the photo editing options go??? Very dissatisfied with the update... Update: Since the editing options are all available on Snapseed, Photos is merely for organizing and syncing your gallery then, for which it is okay enough.",https://play.google.com/store/apps/details?id=com.google.android.apps.photos&reviewId=1e264689-94b4-48a4-bef4-0e606251aa7f,where_did_they_go
Google Play Store,2019-01-11 21:48:09,3,the app is very good but the only concern I have is with the sharing photos. When you share or receive a share it doesn't show up and its a hard to find the photos and get them into your gallery but other than that nothing else is bad.,https://play.google.com/store/apps/details?id=com.google.android.apps.photos&reviewId=fe99085d-80ec-4c47-b22c-31d60da8fc07,cannot_find
Google Play Store,2025-12-22 03:57:22,3,"Easily the best photos application. But the categorization is confusing. It is still hard to find shared albums and especially Memories!!! There is no way to save the video of a memory in Google photos, I need to share as a video to Drive and then upload it 🤷 Also the conversations where I can find what I have shared with who, are nowhere to be found! Please make the Memories part of the Collections tab!",https://play.google.com/store/apps/details?id=com.google.android.apps.photos&reviewId=d8de7e55-615c-4936-a996-102fb9a789c2,cannot_find; photos_missing
Google Play Store,2022-10-05 07:58:42,3,Too quick to say you're out of storage buy buy buy some storage . It suggested today that I archive some photos all of which I wanted to delete but I couldn't find out how to do anything but archive or not to archive. There should have been other choices.,https://play.google.com/store/apps/details?id=com.google.android.apps.photos&reviewId=e217d12e-90ba-4cf8-8ff7-b2de788b7384,cannot_find
Google Play Store,2025-11-19 12:31:55,3,"What is happening to this app? It was great, then meh, now it's getting worse! As others have said the AI search tool is really bad. But today I'm really peeved at the disappearance of a delete or share button when multiple photos are selected......??? What is going on?",https://play.google.com/store/apps/details?id=com.google.android.apps.photos&reviewId=68f076fd-3b1b-4177-a08c-6f0102df0919,search_broken
Google Play Store,2021-07-28 15:03:33,3,"Google Photos is a great idea with some significant problems in execution. The mobile app and browser app seem to be developed by different teams since certain options are available in one but not the other. Face recognition is very nice, but only when it sees a face. The app also isn't well integrated into other Google apps. If you want to use a face group for someone in another app, have fun scrolling through thousands of photos. And then there's the evil bait & switch they pulled on storage.",https://play.google.com/store/apps/details?id=com.google.android.apps.photos&reviewId=3a757d66-7a79-4c7c-884b-eaa76e5a80b8,endless_scrolling
Google Play Store,2019-05-18 09:58:15,3,"It's good, but... When we add more pics to shared photos, we have to scroll all the way down to see the new photos. It doesn't back up phone's downloaded photos automatically. It's nice that we can share the photos with selected people, but new notifications are hard to find.",https://play.google.com/store/apps/details?id=com.google.android.apps.photos&reviewId=5b2000e0-b9d0-4b48-9994-7a48d728d8f6,cannot_find; endless_scrolling
Google Play Store,2025-06-02 12:18:05,3,"Should have the ability to rename photos using this app Please add ""view original size"" and rename option on this app. Google Photos is still so lame. I couldn't find a way to see my favorite photos in one place. Please add a 'favorites' tab. And view 100% or view original option. It's version 7.31 on OnePlus 7T Pro and there is nothing like COLLECTION! only photos and search icon at the bottom.",https://play.google.com/store/apps/details?id=com.google.android.apps.photos&reviewId=53547ea7-9f67-4fd8-8023-a6d38d762a02,cannot_find
Google Play Store,2025-10-10 12:41:00,3,"It's harder to use than the default photo app for iOS. I'm not a fan of the lack of customizations for how photos are displayed on the grid, alongside the lack of customization in general. I also really hate how, despite having a cleanup tool (which is wayyyy too hidden) it cannot find duplicates...",https://play.google.com/store/apps/details?id=com.google.android.apps.photos&reviewId=2738695d-875b-4ba6-b6f1-be1a9f34afb8,cannot_find
Google Play Store,2020-12-04 18:06:11,3,"When choosing multiple photos to add to album, can the album be organized alphabetically too. So hard to find an album when there's so many. Also, in the app I cant tell which photos are already in an album, please include album info in the details section.",https://play.google.com/store/apps/details?id=com.google.android.apps.photos&reviewId=d0e14e8f-e6fa-4190-8bfc-749a1aa761d1,cannot_find
Google Play Store,2019-12-30 21:02:24,3,Con: Nearly impossible to find and delete duplicates. The software does a horrible job screening photos when syncing with other devices to prevent reloading the duplicates. Do it manually and watch your work thrown away at the next sync. Ridiculous. Pro: Facial grouping,https://play.google.com/store/apps/details?id=com.google.android.apps.photos&reviewId=663dc741-193f-4f8a-b3f5-9944774bb7d3,cannot_find
Google Play Store,2023-04-12 19:09:05,3,"Difficult to navigate and organize photos. Can't find them to download direct from the phone so have use the drive which is a pain and clunky, and filling up my drive. Keep making collages to save space but no idea where they are being saved. Wish I'd got a Samsung again which is much more intuitive but I'm stuck with this for years now.",https://play.google.com/store/apps/details?id=com.google.android.apps.photos&reviewId=09b45ae3-6cb3-4798-ae10-a5a16fee8223,cannot_find; forgot_details
Google Play Store,2020-12-12 12:26:32,3,"Edited rating: I used to really like this app. Many good functionalities. But now it's getting too messy. The main thing is if you sort picture in the album they are still in the main folder and you don't know which one is where. Then the space issue. Doesn't matter how many o delete, still there isn't enough space... :(",https://play.google.com/store/apps/details?id=com.google.android.apps.photos&reviewId=2e7d8404-39f5-4e45-be25-0758e071a7eb,forgot_details
Google Play Store,2019-12-20 08:42:09,3,I am recently having 2 problems. I can't pull up the pictures I want to print at the kiosk at Walgreens even from this year. It was fine one week and then this issue arose. The other problem is that I can only send one picture at a time now. Before I could select more than one. The pictures are the main reason I got this phone. These changes are not good. It was perfect before.,https://play.google.com/store/apps/details?id=com.google.android.apps.photos&reviewId=104ba1f7-5bd8-4da2-900e-27d118e18c93,cannot_find
Google Play Store,2021-04-09 20:53:24,3,"Pictures you think you've deleted show up when you're posting and sharing, I guess because they're in other folders so it makes it really difficult to find the picture you're actually looking for... And it looks like archive doesn't really move them out of your phone, so you're not sure of you deleted them or they're stored somewhere else... I feel the need to back up my important pictures to OneDrive because I never know when I delete them off my phone if they're deleted forever or on google",https://play.google.com/store/apps/details?id=com.google.android.apps.photos&reviewId=76b1ade5-7827-46c8-972a-e27c17710a62,cannot_find
Google Play Store,2021-01-04 22:50:37,3,"I used to love the app minus not being able to copy all of my photos to my gallery, but after latest updates everything is frustrating. I can't find photos. I have to say yes way too many times to alter my photos and then I still can't find them to share them. How do I undue the update so I can find my photos?",https://play.google.com/store/apps/details?id=com.google.android.apps.photos&reviewId=abdda0f6-2079-4b4b-98d6-f5d446e2f2ed,cannot_find
Google Play Store,2022-07-01 02:00:10,3,"I often can't find old photos. If I delete them off my phone, they do not show in google. If the photo was taken on an old phone, same situation. I know they are there though, because when it prompts ""memories"" I suddenly can access everything.",https://play.google.com/store/apps/details?id=com.google.android.apps.photos&reviewId=434a4b98-a085-4ee0-abab-2d4b479251a9,cannot_find; about_old_content
Google Play Store,2022-07-11 01:09:24,3,"Backs up photos instantly, that's a relief. But searching for photos to look at later is very confusing, even in albums, some photos I still can not find. In general, it's frustrating. But honestly, I don't know any cloud app that is better.",https://play.google.com/store/apps/details?id=com.google.android.apps.photos&reviewId=6c39bb15-8574-4ee7-a678-577cfed6974f,cannot_find
Google Play Store,2024-01-19 05:21:36,3,"Need a tool that allows me to select pictures either on my device or the stuff stored on line, I need to know that I'm deleting stuff that is online only! Currently I don't know which one I'm deleting or possibly both? That would be a disaster! It seems like you guys have been working on this issue, just updated the app, hopefully it's a lot more intuitive!",https://play.google.com/store/apps/details?id=com.google.android.apps.photos&reviewId=4a1ac081-c406-4bb4-8032-3c930ccd56f7,forgot_details
Google Play Store,2020-04-24 23:36:42,3,"Great for photo storage but poor as a gallery on the phone. Can't find a way to only show device photos and all device photos. Always photos missing from folders, even something like screenshots. See some, not all. Needed to download a 3rd party gallery for my pixel",https://play.google.com/store/apps/details?id=com.google.android.apps.photos&reviewId=ca85dcea-32a9-4236-bd5a-abcccea3a9a0,cannot_find; photos_missing
Google Play Store,2021-05-02 19:46:38,3,"Decent photo app, but used to love it more. Creates stylized pics (panoramas, b&w, etc) but now can't find them unless you go from a notification. And if have more than one notification, good luck.",https://play.google.com/store/apps/details?id=com.google.android.apps.photos&reviewId=bda6d2e2-8e37-42a8-b58c-586fb9e52d31,cannot_find
Google Play Store,2021-05-15 00:27:04,3,When backing up photos it would be nice if the app kept them organized in folders like they are on my device. Search can only help so much. Hard to find certain photos when they're just all lumped together. That doesn't solve the problem.,https://play.google.com/store/apps/details?id=com.google.android.apps.photos&reviewId=ebb92895-65c3-4567-90c1-dce183888ffa,cannot_find
Google Play Store,2019-08-04 15:07:09,3,It's actually a good app because it organizes your photos well but everytime I download photos and videos I couldn't find it. Even if I redownload it nothing happens it will only work if I screenshot it. I think you need to fix that because it's such a hassle because all photos i need to save can only be viewed on the app if I screenshot it.,https://play.google.com/store/apps/details?id=com.google.android.apps.photos&reviewId=188f2d97-316a-4139-b906-5a9fbbeb5a2c,cannot_find
Google Play Store,2020-07-11 19:05:54,3,"I do not love the new update! The ""for you"" tab at the bottom is gone and now it's really hard to find all of the photos and movies created by the Google Assistant. I do love that I can scroll through all of my old photos and not have them stored on my phone and the new memories tab at the top is fun. But I really want the ""for you"" tab back!",https://play.google.com/store/apps/details?id=com.google.android.apps.photos&reviewId=7ca957a7-156f-433b-8597-3e68a0e6c038,cannot_find; about_old_content
Google Play Store,2019-03-20 09:59:46,3,The app is great for saving special moments. I wish that it was viewable for offline because I have a lot of photos that I wish to remember when I do not have internet connection. i also have a problem withall my photos uploading then not recognizing my sd card afterwards.,https://play.google.com/store/apps/details?id=com.google.android.apps.photos&reviewId=75ccbe58-f637-4917-bce8-193f6d1f58ba,forgot_details
Google Play Store,2019-04-23 00:04:04,3,Just got Google Chromecast so i could do a slideshow to our TV. When i called for support before purchasing they said i would be able to do that. But lo and behold........i got the device and you have to scroll through the photos for them to change on your TV. Please fix & 5 stars back. My brand new 64GB memory card got corrupt on my phone and I thought I lost all of my photos. Thank God for Google photos! I got everything back all the way to the early 2000's. No more memory cards for me......,https://play.google.com/store/apps/details?id=com.google.android.apps.photos&reviewId=0794f128-b374-4bd2-a2a9-3e6bc1ab0edb,photos_missing; endless_scrolling
Google Play Store,2022-10-30 23:13:27,3,"Recently implemented a ""feature"" I hate with a passion: slideshows have a slow zoom on each image. I can't find a way to disable this, and the official response is ""contact us with feedback!"" Well, here's your feedback. Please make this optional. Some of us aren't entirely neurotypical and find that sort of zoom immensely diatracting and irritating.",https://play.google.com/store/apps/details?id=com.google.android.apps.photos&reviewId=a9c95dcf-1214-45b0-afb1-d0beeba31e59,cannot_find
Google Play Store,2021-06-10 13:47:05,3,I was under the impression that all my pictures automatically got stored in Google as well as my other photo galleries which were being used as default. Now when I go back through google I can't find many things I thought were saved.,https://play.google.com/store/apps/details?id=com.google.android.apps.photos&reviewId=dfcedfc1-2aa9-4756-81fc-f180c561e45a,cannot_find
Google Play Store,2021-10-07 19:37:41,3,"I can't find or share photos easily. I can't seem to access my photos on Drive easily, and when I do, it seems impossible to share them unless I copy them into a local folder on my phone where other programs can access them. Google seems to want to own and control my pictures.",https://play.google.com/store/apps/details?id=com.google.android.apps.photos&reviewId=8caa9378-10b3-46b9-87a1-dbc5822db046,cannot_find
Google Play Store,2020-09-09 21:54:35,3,"Navigation worse with recent ui update. I like the ""this day x years ago"" feature but the navigation ui in that view is incomprehensible. I still don't know what happens when I tap or swipe. And while I try to figure that out, the pictures change automatically every few seconds and I can't go back. Worst is that the place where back button should be (bottom right) is now a share button. Back button is in the top left corner where it is hardest to reach (don't copy this from iphone please)",https://play.google.com/store/apps/details?id=com.google.android.apps.photos&reviewId=8eabc508-932c-4765-9572-eeb095430fac,forgot_details; about_old_content
Google Play Store,2021-01-09 04:29:53,3,I am so disappointed. For years I have kept a gallery with all the photos I have taken over a long period. All of a sudden I cannot view or even find photos before August 2018 and albums totally disappeared. I am upset and annoyed about this. My life in pictures gone.,https://play.google.com/store/apps/details?id=com.google.android.apps.photos&reviewId=e43ab033-a3fa-4ed6-a334-01ac2473303e,cannot_find; photos_missing
Google Play Store,2023-05-31 02:49:56,3,"1) difficult to navigate/organize pics, e.g., when the app asks if i'd like to archive photos, i can't find a simple way to indicate that i'd delete some of the items... grrrrr 2) however, very easy to alter photo size/crop, adjust hue (tone) & brightness, add text or highlight sections!!",https://play.google.com/store/apps/details?id=com.google.android.apps.photos&reviewId=5199e6e5-6072-4ad6-af66-73a07fb2be35,cannot_find
Google Play Store,2021-09-02 23:03:39,3,All of a sudden my photos are out of order according to date on the app but viewed on a desktop or browser they are in correct order. I have tried so many ways to fix this and it is really frustrating because I can't find photos!,https://play.google.com/store/apps/details?id=com.google.android.apps.photos&reviewId=267a7486-e150-42b4-a2bb-82df943df4c0,cannot_find
Google Play Store,2022-07-13 17:19:46,3,"Love the app but needs some tweaks. Why sort photos oldest to newest, bottom to top and then any folder with added photos, (oldest to newest) top to bottom! Why not allow some sorting of how to view photos in folders - like say any other app - by date, reverse date, by stars....etc. These minor changes would make a huge difference. I add sketches to my folder, but every time I open the folder I get the oldest sketches at the top...so have to scroll all the way to the bottom...ahhh! Please fix",https://play.google.com/store/apps/details?id=com.google.android.apps.photos&reviewId=668eded6-9057-4b03-92da-22325b787407,endless_scrolling
Google Play Store,2024-12-01 20:03:14,3,"New review 3 down from 5: Your search options keep frustrating. People who use many albums over the years cannot search for album names from a long list of albums. Is there a way? Old 2017 review was 5 stars: I miss Picasa but you are doing a good job getting features from Picasa to Google photos + adding new stuff I like, for example cleaning clutter, suggested ""then & now""",https://play.google.com/store/apps/details?id=com.google.android.apps.photos&reviewId=bc7b7f69-e8a4-43b7-81cd-19ce6be330e8,cannot_find
Google Play Store,2024-04-01 09:30:23,3,"I've lost backed up photos because I had to clear space from my phone. I've found directions on how to fix this by disabling sync for device photos, but I cannot find where to do this. All the directions say to go to app settings (in Google photos) and find option to manage backup AND sync settings... but there is no option for this, only for backup, not syncing. Within backup there is no option that mentions device photos. 😭😭😭",https://play.google.com/store/apps/details?id=com.google.android.apps.photos&reviewId=15a6d15a-c1e6-4a58-96be-a0707ea60fa7,cannot_find; photos_missing
Google Play Store,2019-11-24 15:28:23,3,Only issue I am facing while using the app is when I move some photos from system memory to SD card (external memory) the photos doesn't show up then I have to restart my phone. I don't know whether it is issue with my device which is Nokia 6 series or it is with the app?,https://play.google.com/store/apps/details?id=com.google.android.apps.photos&reviewId=cab8d79f-d6dd-40c6-9ae8-83077866eb61,forgot_details
Google Play Store,2025-12-27 23:21:07,3,"long time ago android was a synonym for infinite options in os and apps. now it's all very basic, limited, and kinda pathetic. where is my manual stack option? where is my sorting of photos by ANY criteria? where is my editing or applying filters to multiple photos at once? is everyone at google vaccinated from usability and creativity? take a leap and just make it better, i bet it's easier than you think. tnx.",https://play.google.com/store/apps/details?id=com.google.android.apps.photos&reviewId=ea80c361-b9d7-4fb3-a49b-231c63462ebe,where_did_they_go; about_old_content
Google Play Store,2024-10-23 05:03:37,3,"Can't figure out why the sudden change and my downloaded photos are going into the Google files app instead of Google photos app. I can't find any way to share photos from my two phones right now. Send it through Google message or Facebook Messenger or download it from my Facebook albums and it does not show up in my Google photos gallery, on my Android Samsung, like it did last month.",https://play.google.com/store/apps/details?id=com.google.android.apps.photos&reviewId=1e509906-0b74-41dc-8d31-1a8c2e2e41f4,cannot_find
Google Play Store,2022-09-10 19:47:37,3,This app needs WORK...if you can't find pics you took two days ago with this app..well then..it NEEDS WORK! I seemed to have misplaced the entire months of July and August because the only pics I can find are from June. There is an UPDATE that I have not installed yet..I'll try that The app is not bad but like too many other apps it tries to reinvent the wheel. This makes it hard to understand and use Please make it simple direct and let us find our own pics on our own phone. That = 5 stars,https://play.google.com/store/apps/details?id=com.google.android.apps.photos&reviewId=3d871cf6-d1ff-49e7-bca0-2321415924b9,cannot_find
Google Play Store,2020-03-02 15:40:19,3,"After I was asked to clean up some space, photos disappeared from my phones galary as well? Why do Google Photos delete photos on my device after cleaning it up in GP?? Isn't Google Photos surpose to be a backup?? Honestly very upset about this as I can't find the photos??",https://play.google.com/store/apps/details?id=com.google.android.apps.photos&reviewId=f3533fce-0f3d-48fc-96f2-3418b13113c4,cannot_find; photos_missing
Google Play Store,2021-09-07 19:53:16,3,I love how many pictures I can save on my phone. The biggest frustration I have is that after I placed my photos in an album they still remain in the main gallery making it difficult to know which pictures I have missed and therefore difficult to find them later,https://play.google.com/store/apps/details?id=com.google.android.apps.photos&reviewId=49cf0f74-5b91-47bb-a201-0cc942c3d4e8,cannot_find
Google Play Store,2022-01-27 15:41:08,3,"The 'Memories' feature is an annoying waste of my time, but I can't find any way of turning it off. They arrive with a sound alert making me think someone's sent me a text, but it's just another irrelevant, computer-generated grouping of photos I don't need or want.",https://play.google.com/store/apps/details?id=com.google.android.apps.photos&reviewId=be219057-e835-44f8-8cc8-316452bbae83,cannot_find
Google Play Store,2020-07-28 20:44:22,3,Over all ok. Hard to find photos with my photo print provider. A date range does not find all my pictures. Also I would like to be able to delete suggested archive photos instead of archiving . I do like the photo shows and special photos that the app generates.,https://play.google.com/store/apps/details?id=com.google.android.apps.photos&reviewId=7fd6f304-0b5d-4d28-bbb4-979d7d606c2a,cannot_find
Google Play Store,2020-12-22 03:12:17,3,"Can't find my old pictures that were on Google photo library, also I don't think its fair to have just anyone who has the app to view my photos. It should be if I want to send a picture then they can see it. I have had pple on my photo share contact s that I don't know it was a person who sent a spam email that I had to block",https://play.google.com/store/apps/details?id=com.google.android.apps.photos&reviewId=182d8190-aa86-4233-bfd9-424910961297,cannot_find; about_old_content
Google Play Store,2023-08-19 11:08:11,3,"Yay for storage and thank you sooooo much, but not beyond. I'm displeased to say that organizing my gallery images and videos is not user friendly enough for a MacBook fanatic. I'm trying to get into Windows and this is quit literally killing me. Hahaha. Okay so aka queso... I also saved some videos and don't know where they are in the gallery. just lost my $40 moto phone g pure. WITH NOTHING MUCH ON IT THOUGH. AND SOMEONE SOLD ME THIS. I THOUGHT IT WAS A LEGIT FROM BARTER. NOW IT SEEMS STOLEN!",https://play.google.com/store/apps/details?id=com.google.android.apps.photos&reviewId=0fc3ef86-83f2-4a5f-8fb8-61f95cfa76bd,photos_missing; forgot_details
Google Play Store,2025-04-08 18:18:44,3,I liked how the old phones had a drag & drop feature wherein you drag & drop a photo from one album to another & the photo would be transferred to that album in the phone itself. Here many a times I can't even locate an old album or add new photos.,https://play.google.com/store/apps/details?id=com.google.android.apps.photos&reviewId=ef0e570d-8f23-4d75-b5e3-12ecde94823c,cannot_find
Google Play Store,2018-12-30 23:16:04,3,"It looks dull. 90% of the videos don't have thumbnails which makes it hard to find the videos you are looking for. Moreover, there isn't anything like personalization, it is as it is.Kindly fix it in your next update.",https://play.google.com/store/apps/details?id=com.google.android.apps.photos&reviewId=fb4b52eb-8979-41e0-bc56-05fd7899b687,cannot_find
Google Play Store,2024-03-19 01:01:23,3,"I am giving three stars as there was an option previously which is missing now and that was the face search option, by clicking on a face I could find any picture related to that particular people and that's what I cannot find anymore, so please bring that option again and make it available, I assure you, I will increase the stars to 5 stars on that particular day when I will have that option available again.",https://play.google.com/store/apps/details?id=com.google.android.apps.photos&reviewId=39dd5afe-725b-461f-b748-91af492f837f,cannot_find; photos_missing
Google Play Store,2024-03-26 17:19:33,3,"After doing the latest update now I can't edit a photo. It tells me ""unable to edit, check your connection."" What connection? I googled the problem and other people have experienced the same thing and can't find a solution. Wish I hadn't done the update.",https://play.google.com/store/apps/details?id=com.google.android.apps.photos&reviewId=7a7ab734-8705-4917-8544-6be845abcd17,cannot_find
Google Play Store,2024-10-17 23:29:45,3,"It should be easier to create , add & remove photos in albums.Why can't I find picture details? At least a photo date??? What good is all this technology if I can't find my pictures? It seems Google has turned a page, I was actually elated. Thanks Google. Now teach me how to use all this technology . j/c",https://play.google.com/store/apps/details?id=com.google.android.apps.photos&reviewId=38562c24-0f67-40dd-8a36-5a375835bfc2,cannot_find
Google Play Store,2022-04-29 05:22:24,3,"Needs upgrade. There was a time that I was told that I can archive some pictures in 2019/2020 and I did. Up till now, I cant find those pictures. I've checked my archives over and over again but no way and I'm more than 100% sure that it wasnt d delete button that i pressed .I only saw about 7 pictures out of over 300 photos and videos that I made during my Winter Vacation in 2019.I'm really hurt about it and really wish I can do something about it.I'm ready to do anything just to recover them",https://play.google.com/store/apps/details?id=com.google.android.apps.photos&reviewId=ce157c45-4371-4d8e-a2c1-3c68c23ef83c,cannot_find
Google Play Store,2019-06-22 23:01:34,3,"Right now it's ""ok"" and reason is I cant locate the pics I had backed up to the then Cloud about 2yrs ato and earlier. Where the heck is it?! Im hoping I can locate them in my old phone. I thought the cloud and ""back up"" was suppose to relinquish your pics when summoned. ☹️😔 I'm hesitant to update.",https://play.google.com/store/apps/details?id=com.google.android.apps.photos&reviewId=45cef922-d6ef-4c1f-adb2-3642fcd0c65e,cannot_find
Google Play Store,2022-04-09 01:57:00,3,"Why does the camera album has no compressor, I have to view the pictures one after the other, I can't even search for any picture that way... Only the camera aspect though, every other album has a compressor. And why can't I see the pictures I want to edit?",https://play.google.com/store/apps/details?id=com.google.android.apps.photos&reviewId=d160a779-1340-4dd9-9cbf-40469f35ef08,cannot_find
Google Play Store,2020-08-01 06:50:29,3,"Redesign is terrible. Still not used to it. Confusing layout, not intuitive. Desperate for a revert. Harder to find almost every action, many sharing or editing features are straight up hidden, a lot of it seems to push social stuff more, but if I can't edit or find my photos well enough, I'm not sharing them through the app.",https://play.google.com/store/apps/details?id=com.google.android.apps.photos&reviewId=14e9352f-6ea9-47c6-b019-aa2e8494154e,cannot_find
Google Play Store,2025-10-14 04:33:14,3,"Until this last update I would've given this app 5 ⭐'s... But now, I'm really NOT LIKING the layout when trying to edit a photo or screenshot!!! I took a pic of a card today, but needed to increase the black point in order for it to be accepted (reable). But, I COULDN'T FIND IT!!! Like seriously WTH?",https://play.google.com/store/apps/details?id=com.google.android.apps.photos&reviewId=aff8a451-3b75-4788-a6ca-36a5d077a36c,cannot_find
Google Play Store,2024-12-29 02:10:18,3,"I used to like this app. But it changed for the worse. Now harder to find screenshots.Today all of a sudden all my screenshots were jumbled out of order and I could not view a screenshot that I just took. Then got lucky and was able to view the screenshots but then later again , where did they go?.. I click screenshots , the screenshots do not show up. After much digging, figured out that screech shots are in "" collections"" now.!!! Why complicate it? Seeing all in one place=faster simpler, etc.",https://play.google.com/store/apps/details?id=com.google.android.apps.photos&reviewId=1249a5c5-36b2-4dd9-bc35-875d2ae7ddcc,where_did_they_go
Google Play Store,2020-09-24 13:46:29,3,"Great app.But when I save photos from facebook,it is stored in camera folder.So all the photos from facebook and camera are mixed together, and some times its very hard to find something I am looking for. Fix this and I will give it 5 stars.",https://play.google.com/store/apps/details?id=com.google.android.apps.photos&reviewId=eb294f72-0579-400d-8513-d65a6da2136e,cannot_find
Google Play Store,2022-07-15 07:10:37,3,Usually I have no problem with this app but the one thing I do wish they would make better is explained keeping your photos private or sharing them. Also I just moved a few photos out of archive and now I can't find them and I don't understand that. I've done this many times before and had no problems but they're gone. I done this earlier and they still have not appeared anywhere. I'm really going to be mad if they are gone.,https://play.google.com/store/apps/details?id=com.google.android.apps.photos&reviewId=102c131f-5da6-4e3d-a3de-cd7fe3d4f8d1,cannot_find
Google Play Store,2021-12-16 20:45:40,3,where has the google photo drive download button gone .it is no longer on th 3 dots at the side of the files. it is very time consuming having to open one photo at a time to down load. please fix the problem. so we could all be able to multi download photos.,https://play.google.com/store/apps/details?id=com.google.android.apps.photos&reviewId=4dfd2f7e-5f93-4292-a54d-34aae8a92a5e,where_did_they_go
Google Play Store,2020-02-18 07:54:17,3,"Right now, I'm giving a three, why? I've got photos missing. Got no idea where they are at. I do know, Google has made up albums with pictures I took, now Google is trying to sell me back my pictures. I don't know what to think about that, other than it's not right. If anybody has any answers, please let me know. Also, what's with deleting certain words?",https://play.google.com/store/apps/details?id=com.google.android.apps.photos&reviewId=830261e5-0ce6-4603-941b-9880c1092f33,photos_missing; forgot_details
Google Play Store,2021-08-04 17:41:20,3,The app's different now since I got my new phone I don't like the way it is when I take pictures of something and I have to scroll through and it takes 10 minutes to find a picture that I took a day ago but pictures that I took 3 years ago are right at the top makes no sense to me it makes me look bad in front of a client and could possibly cost me a client which is taking money out of my pocket I look for different app but don't really have the time and I'm sure I'd end up losing pictures .,https://play.google.com/store/apps/details?id=com.google.android.apps.photos&reviewId=718078e2-fd14-40ef-b4f9-e62c2e7b3f9c,photos_missing; endless_scrolling; about_old_content
Google Play Store,2021-02-01 14:58:16,3,"The app is great just some recomendation regarding the face recognition in the photos. Sometimes it doesn't recognize the faces, even more now days with the masks and everything. But also the user should be able to tag a person or animal in the photo. I don't know which engine you're using for face recognition but there's a pic in which I appear with the eyes closed and it doesn't recognize me. Everything else es fine for now. Thanks",https://play.google.com/store/apps/details?id=com.google.android.apps.photos&reviewId=bd70a2d7-0f76-4c51-ad09-5b80f3bec0da,forgot_details
Google Play Store,2022-08-01 01:02:13,3,Not able to select more than one photo to upload. Just gone. Can't find a workaround or something new added just one at a time now. Only happens when I try to share on a social media platform.,https://play.google.com/store/apps/details?id=com.google.android.apps.photos&reviewId=36ed50aa-2a3e-4779-b018-7f446d52c950,cannot_find
Google Play Store,2019-07-03 15:15:16,3,Google photos keeps giving me a message that says Google photos has stopped working and then the app forecloses. i have submitted feedback many times with no resolution. not happy with the organization. unable to locate photos in a timely manner. i have to scroll through all photos.,https://play.google.com/store/apps/details?id=com.google.android.apps.photos&reviewId=d11a612e-ef2a-4ad5-892c-9b9e9dfa02b7,cannot_find; endless_scrolling
Google Play Store,2020-08-07 21:22:20,3,"Everything is good but the main thing I am feeling is I cannot find photos of the people only in which I type names in the search bar. Like if I have to search photo of me and only two of my friends, I type me and my two friends name. It shows the photos including the photos of the faces I didn't type.",https://play.google.com/store/apps/details?id=com.google.android.apps.photos&reviewId=9e535d42-6819-4312-9b37-3a16fc9b2039,cannot_find
Google Play Store,2025-08-05 05:54:26,3,"1. Ive arranged my photos in particular folders, when i backed up it didn't consider that foldering. Why it can't consider the same foldering? Now I'll again have to folder them 😮‍💨. 2. Why can't I search photos with their file name (description) as highlighted by other users as well. Please fix these things. thankyou.",https://play.google.com/store/apps/details?id=com.google.android.apps.photos&reviewId=085953e1-51da-47fe-9fcd-1f9883255c33,cannot_find
Google Play Store,2020-07-06 18:55:54,3,"It's kinda obvious that your designers didn't have Photos and Slack icons next to each other... so yeah, Photos just became super difficult to find by scanning, it defeats the purpose of having an icon.",https://play.google.com/store/apps/details?id=com.google.android.apps.photos&reviewId=19417003-4537-42f4-a907-dfb59c941b41,cannot_find
Google Play Store,2020-04-14 02:24:28,3,"All in all a very decent app... However, it gets a little confusing when backing up photos! Once backed up I can't find them anymore. It is unclear within the app how to access backed up photos!",https://play.google.com/store/apps/details?id=com.google.android.apps.photos&reviewId=850de991-ca5d-4e5b-92f3-701d9d36e0b3,cannot_find
Google Play Store,2024-11-05 18:04:40,3,"It's way too difficult to find the photo sharing feature. I swear every update changes the location and functionality. The current release doesn't have any way to view what you've shared with someone without sharing another pic. It's a nice app otherwise, but this inconsistent feature is a huge pain.",https://play.google.com/store/apps/details?id=com.google.android.apps.photos&reviewId=387db637-5b10-4ad6-bb12-ad417192c15a,cannot_find
Google Play Store,2025-06-02 17:21:26,3,"Wish you were able to scroll through the gallery and shows you specific dates rather than the entire month. it's hard to find thing when categoried as a month. would be very helpful if they were organised into days, exactly like how Samsung gallery does it.",https://play.google.com/store/apps/details?id=com.google.android.apps.photos&reviewId=1c31f3b6-ae0f-4106-9aa9-ae8b48732461,cannot_find
Google Play Store,2019-05-21 19:13:33,3,I wish there was an option to delete photos from all images once you put them in an album. it's hard to remember which ones have already been put in an album and frustrating to search thru hundreds of photos to find what you are looking for,https://play.google.com/store/apps/details?id=com.google.android.apps.photos&reviewId=5b04242f-dc65-4649-ae8f-60d82e87ecb9,forgot_details
Google Play Store,2024-11-26 19:58:02,3,"The app is good. But recently some problem is occurring like the options of whatsapp images, whatsapp documents and whatsapp videos are missing just like those files have been disappeared. It is really problematic as I can't find my medias in Google photos. Suggest something what can I do to fix this problem 😭",https://play.google.com/store/apps/details?id=com.google.android.apps.photos&reviewId=6cc6cae5-ea6f-4f12-b5b9-49615bf9ece9,cannot_find; photos_missing
Google Play Store,2022-07-10 16:25:18,3,Nice aap all photos are arranged in a systematic way & all people's album creates separate but some people's album are not created & if i want to create them i couldn't find how to create it but overall nice features are given in the aap & we can see the highlights also☺️👌🏼& many options are tgere to save photos in a different ways very nice features are there 👍🏼,https://play.google.com/store/apps/details?id=com.google.android.apps.photos&reviewId=c7e5521a-8b2f-4a6f-bed0-0fca64f3d687,cannot_find
Google Play Store,2022-12-23 23:20:58,3,"Can't save photos, after editing a photo, the app toast shows ""Saved"" but I couldn't find that edited saved photo, tried many times with different photos, not sure what happened!! It was great earlier, please do fix, thank you",https://play.google.com/store/apps/details?id=com.google.android.apps.photos&reviewId=9716f33c-14ee-4508-9834-f77615f968f9,cannot_find
Google Play Store,2020-01-30 15:43:34,3,"I have Lost all my data , backups as well as the albums I created on Google Photos. It was alright 2 days back but as ssin as i opened every device foleer was unticked and i couldn't find my old photos. As well as in albums , I had a Album wher people and pets , now that thing is invisible.",https://play.google.com/store/apps/details?id=com.google.android.apps.photos&reviewId=9c190374-f973-4bbe-ad0c-02d6cb990e9f,cannot_find; photos_missing; about_old_content
Google Play Store,2020-04-10 19:26:04,3,I really like this because a lot of times when I think I erased some of my pictures on here I can come back to here and recover them because I'll be done made the mistake and erase the wrong ones and plus it's very accurate when I want to look at some pictures I can forget the date when I took them and put the dates be on there I like that this is wonderful thank you so much,https://play.google.com/store/apps/details?id=com.google.android.apps.photos&reviewId=986d9628-171b-4c5b-97f7-b6d1d63bf01a,forgot_details
Google Play Store,2025-10-02 04:24:59,3,"It's a great app, but a few features are missing, which are essential. Like, many identical/duplicate images are uploaded repeatedly with different time slots, which take up space. It is very difficult to find and delete these images while cleaning them. > and also put the delete option in album",https://play.google.com/store/apps/details?id=com.google.android.apps.photos&reviewId=b4cac184-159f-4f98-b147-9df52f172aa1,cannot_find; photos_missing
Google Play Store,2023-08-16 02:25:33,3,"I can't really trust the app. I wanted to free space and it gave me a quick option to do so, but after I clicked 'free space ' it removed some of my photos and videos, and now I cant find or see them.",https://play.google.com/store/apps/details?id=com.google.android.apps.photos&reviewId=2cb5207b-e106-410f-881c-a65f6a3489d6,cannot_find
Google Play Store,2022-08-25 20:50:44,3,I used to love using this app to backup pictures and videos..but lately the backup feature hasn't been working...i even had some pictures i backed up a few years ago..i can't find them again..it shows in the cloud storage that part of the storage has been used but i can't see the pictures i backed up ☹️,https://play.google.com/store/apps/details?id=com.google.android.apps.photos&reviewId=3cf09545-ad54-4a4f-9d18-580dd2f87697,cannot_find; about_old_content
Google Play Store,2019-08-12 13:41:47,3,"The app is okay but it creates multiple thumbnails for pictures and videos backed up or not , which in my opinion, is unnecessary, takes up too much space and makes it hard to find the actual picture.",https://play.google.com/store/apps/details?id=com.google.android.apps.photos&reviewId=a7bcc557-f6d9-46ec-8a0f-66cbf2e94b3a,cannot_find
Google Play Store,2021-10-06 22:43:14,3,"Okay overall but it really bothers me that ""putting"" something into a folder doesn't actually move it but just makes a shortcut within the folder. As such, if you are searching through your pictures, all the pictures that you put in folders are in the way, cluttering up and making scrolling take forever",https://play.google.com/store/apps/details?id=com.google.android.apps.photos&reviewId=4526d764-4aae-464d-86fd-11929116cce4,endless_scrolling
Google Play Store,2021-05-16 22:09:15,3,"When you add photos to an album, you need to be able to know what is and is not in the album. I have tons of pics and dont know which are in and whoch are out. Also, make a delete duplicates and then I will rate higher.",https://play.google.com/store/apps/details?id=com.google.android.apps.photos&reviewId=9971bf47-df17-472b-a890-ccc68512d43c,forgot_details
Google Play Store,2020-10-22 08:19:26,3,"I have lost almost all my photos i had in google photos 2 times.when i opened the app It showed that there was photos there but 3/4 of them stayed black squares when I tried to open them it told me oops something when wrong these files are corrupt and there's no way to retrieve them of course i never back them up so they where gone for ever wedding photos, baby photos gone",https://play.google.com/store/apps/details?id=com.google.android.apps.photos&reviewId=e533b329-73ca-4a3b-8e44-0941168c7bbd,cannot_find; photos_missing
Google Play Store,2021-04-11 20:30:11,3,"I don't need a complex, spend hours figuring it out, compartmentalized photo gallery. Just the basics and the ability to add what I desire. This app is unwieldy and confusing....and it makes it hard to find your photos.",https://play.google.com/store/apps/details?id=com.google.android.apps.photos&reviewId=a9b29a96-2c1c-488d-8f69-28141894c9c4,cannot_find
Google Play Store,2020-10-31 00:15:05,3,"I'm a senior so find this app not quite user friendly for my abilities. In particular can't find an easy way to delete unwanted photos. Also for the questions below there should be a choice box for ""yes""",https://play.google.com/store/apps/details?id=com.google.android.apps.photos&reviewId=4f4bcbc2-b677-4623-a2bc-534b1c2f3ecf,cannot_find
Google Play Store,2023-09-10 19:31:56,3,Needs more options. Can't upload photos from device to albums. This makes it nearly impossible to find them once uploaded. They get mixed in by date with all of your other photos. Would work if it had a recently uploaded feature.,https://play.google.com/store/apps/details?id=com.google.android.apps.photos&reviewId=3c2ff73a-2531-43ce-83b8-2db1bf17ce12,cannot_find
Google Play Store,2023-10-27 11:05:56,3,"Not sluggish. Does not crash. Unable to locate files that take quota space. Size reduction doesn't help. I have unquoted photos and also with quote. Can't identify. Private folder is NOT cloud based, data will be lost if phone lost.",https://play.google.com/store/apps/details?id=com.google.android.apps.photos&reviewId=337b3ee5-aa66-494b-96f8-8aa4b7b7f4a7,cannot_find; photos_missing
Google Play Store,2022-10-15 17:05:11,3,Good app only thing stopping it from being 4.5 stars is that when Adding A photo to an album its not in alphabetical order so Its extremely difficult to find what album your looking for If you have over a dozen albums.,https://play.google.com/store/apps/details?id=com.google.android.apps.photos&reviewId=b9d46767-46bb-4f80-99de-d9a8d653d3a9,cannot_find
Google Play Store,2019-12-24 03:00:31,3,The pictures are so confusing to find aometime especially if i download them from another app. They arent in the order i saved them and then when i search for recently added it still doesnt show up.,https://play.google.com/store/apps/details?id=com.google.android.apps.photos&reviewId=e936e4d3-d59c-4f9a-9d18-8668cbd94b0d,search_broken
Google Play Store,2020-07-23 22:18:47,3,I love that it saves my photos and no matter where I am I have access...I wish I was able to create folders and organize them better the upgrade made things a LOT more difficult to find and isn't as user friendly for me,https://play.google.com/store/apps/details?id=com.google.android.apps.photos&reviewId=84645bba-ad8b-4fbc-9108-461772629e6b,cannot_find
Google Play Store,2024-10-01 04:34:12,4,"The newly updated interface is much better than what it was before — particularly the Collections area. Albums should be labeled as 'On the cloud'. Allow us to customize the view in Collections. I'd rather have Documents & Places in the list below as well as Trash. For Photos area, allow us to view by either date or last added. Every time I dump photos taken from years ago, they don't all show as most recent. Many are placed by date which can be impossible to find if you wanted to categorize.",https://play.google.com/store/apps/details?id=com.google.android.apps.photos&reviewId=384c62b0-e23d-4e01-944e-b71341dfbdab,cannot_find; about_old_content
Google Play Store,2023-07-28 21:51:01,4,"Awesome, long time user. The only issue I have is that, because I've used this app for such a long time, I have A LOT OF ALBUMS, which is a headache when orgaizing pics. For some reason, in the app, when adding a pic to an album, it lists the albums in a weird algorithmic order which makes it really hard to find what youre lookin for. Only the last 3 you've modified show up on top of the list. Hoping to see that fixed!",https://play.google.com/store/apps/details?id=com.google.android.apps.photos&reviewId=f8e6f8fd-523e-4525-8cb1-b37178636b3b,cannot_find
Google Play Store,2021-10-12 12:06:57,4,"I wish when you go through your photos and place them to the different albums that that's the only place you would see them. It's impossible to sort all of my pics because I don't know where I left off. I'll have to start over again and again. It's too much work.... Other than that, its got pretty good features like facial recognition and putting each person in their own album etc. I will try to update after I see how this current update works. I need to spend every minute sorting all of my pic",https://play.google.com/store/apps/details?id=com.google.android.apps.photos&reviewId=f107c30e-6db0-40f3-a5ac-fc33a7ceba7e,forgot_details
Google Play Store,2021-12-05 22:42:54,4,"While you can't save unlimted photos at full resolution, the compression quailty is not noticeable in cell phone pictures. The assistant that creates movies, gif animations, and collages works great once you uploade the files. Update: I removed one star because there is not a way to sort files that are being counted as using disk space, and files that are unlimited high res. This makes it difficult to try and delete files when you dont know which if which.",https://play.google.com/store/apps/details?id=com.google.android.apps.photos&reviewId=0809c29e-a8db-4f7d-bc20-5a1a57bf9084,forgot_details
Google Play Store,2022-10-01 00:45:55,4,"I really like this app, it helps me enjoy my photos years after they were originally taken and gives me access to my entire photo library so easily. I do wish that the highlights/stories feature would remember which photos I looked at the previous day when I come back after new photos are added to them. It would be better if it picked up where I left off.",https://play.google.com/store/apps/details?id=com.google.android.apps.photos&reviewId=913f7358-c464-4c56-afd1-48911c9f1c11,forgot_details
Google Play Store,2018-12-11 07:30:31,4,"Pretty good, stores photos in weird places that can make them hard to find sometimes. For instance, downloading an image, gif , video etc. From the internet and trying to post on FB or text to a friend and then it doesn't show up through the afore mentioned apps but when you go to G Photo app it's there, just not in the other apps... Kind of annoying",https://play.google.com/store/apps/details?id=com.google.android.apps.photos&reviewId=ab784395-e548-4fce-8925-f4b43ccafcd8,cannot_find
Google Play Store,2018-10-07 16:33:25,4,"Hi, I'm filling out this review to hopefully be of some help to y'all. I love the concept of the Google Photos App, however there are some 'Major' issues that just need a little tweaking so it's alot easier to use. I have the app because it came on my phone, I started using it and decided to take advantage of the 'Share Album' option with my relative who I sent a link to which shows only the new pictures that were just added, not the entire body of the album. I also allowed them to be able to add photos, comment & ect on the options list, but with just the link I sent she couldn't do it so in turn she downloaded the Google Photos App. And although I knew it took me awhile to get the hang of how to use it, I was quite dismayed wen she told me ""Ok, I have got it DL, as soon as I figure out how to use it I will start adding photos too"". The trouble is with the way you have formatted the options menu, there are No Clear, easy to understand options except for the Trash & Empty Trash options. It's really hard to know if you have actually Backed up successfully the photos chosen because the main screen doesn't just show those, it shows all of them together. Also, for a 'Lay-person I have no clue what the differences in the options are, wat the sizes mean to me if I decide to print a pic. Another confusing thing is the 'Archive' option. I don't know why it is that when I Archive a photo it seems to disappear from my album. Then I'm trying to figure out if the photo I just Archived can still be seen in my 'Shared Album' or not. I don't think it can be viewed by the person who I am sharing the album with. Well, I sure hope this helps all you fine people at Google. I do really like the app, but its just sorta confounding to Beginners like me,Thank you.",https://play.google.com/store/apps/details?id=com.google.android.apps.photos&reviewId=bccdcce7-f849-47b1-8252-f0d58fb83a05,photos_missing; forgot_details
Google Play Store,2021-04-13 00:38:53,4,"Functionally it works well, but it does not take your time into consideration. No option to turn off auto-generated albums; Placing those right at the top means we have to scroll past unwanted interface nonsense to get to the our own photos every time the app is accessed. No option to turn off. From a photo viewing app, I want quick access to my pictures, my way, not your way. At least offer a choice.",https://play.google.com/store/apps/details?id=com.google.android.apps.photos&reviewId=ffb72d8e-02c9-4a2f-9989-ca26b378580b,endless_scrolling
Google Play Store,2019-03-15 14:46:37,4,"Cannot search the one info field you can add tags to photos?! Doesn't save the file paths and filenames. So very hard to catagorise photos, the main downside with this application. Too much effort to regroup them later in the app into folders. For everything else unlimited storage across devices its a must have. Amazed by its good points but has seriously silly drawback for a search company!",https://play.google.com/store/apps/details?id=com.google.android.apps.photos&reviewId=d077f7a2-0074-4f50-adca-e79d02e21085,cannot_find
Google Play Store,2023-08-07 04:38:43,4,"I've used the app for about seven years now on multiple devices. It's been good for the most part. But recently on my current phone , the app has been constantly saying "" Setting up your photo library"" and when it says that I can't find photos from months and years back. Albums I made not there at all. I have already gotten the current update , so it doesn't make sense to why it's doing this. I've tried restarting my phone to see if it would stop but it hasn't for whatever reason.",https://play.google.com/store/apps/details?id=com.google.android.apps.photos&reviewId=aa7ab617-37fd-4a30-8e00-165d81f0a131,cannot_find
Google Play Store,2021-11-25 23:07:27,4,"I have many albums. When i want to more a photo to an album the albums are not alfabeticale displayed. That mean i have to read each and every name and that take some time if you have about 200 albums. Furthermore it donot move the photo to the album, it Just duplicate it to the album and does not erase it from the photo List. So you dont know which ones are sorted and not.",https://play.google.com/store/apps/details?id=com.google.android.apps.photos&reviewId=e3b7d8aa-936e-447d-bf99-c3f83d90ea5d,forgot_details
Google Play Store,2022-04-20 05:24:37,4,"Im only giving 4 stars just for the fact that you have to pay monthly for your storage.. I remember when you just paid $1.99 one time for the GB... But now its either $1.99 a month or you can pay all at once for $19.99. Other then that I really enjoy using Google Photos. I really love how it gives you reminders of through out the years. And I also like how you can make an actual photo album and you can also put pictures on a blanket, cups you name it.",https://play.google.com/store/apps/details?id=com.google.android.apps.photos&reviewId=cd448410-7a42-4f9b-9d34-2b4616b7e230,forgot_details
Google Play Store,2022-04-10 04:47:47,4,"I think the app and the backup and the library are all awesome. But it still backs up my photos even when I turn off back up. And when the photos back up, I can't find them on my device anymore. So I have to go back and download every single one I want to keep on my device. I do wish there was a mass download option with selection.",https://play.google.com/store/apps/details?id=com.google.android.apps.photos&reviewId=38bfc2cf-def7-42b3-9f67-db173dffe9ad,cannot_find
Google Play Store,2019-10-31 22:17:31,4,"Feature request: make it possible to automatically import photos from certain device folders into an album. For example, the Instagram photos folder on device, should automatically go into an Instagram album in my Google photos account. The reason being, is that if I just set the Instagram device folder to be backed up, when you free up space, these photos get deleted from the device, and it is almost impossible to find 2 years worth of Instagram photos now, because they re jumbled in main album",https://play.google.com/store/apps/details?id=com.google.android.apps.photos&reviewId=b8e915e7-5c2b-4a78-9d44-c115b03fa0fe,cannot_find
Google Play Store,2024-10-31 20:15:52,4,"Great app,one of the best I've used if not the best,but I had a problem with the locked folder of the app.I moved my pictures into the folder and everything was gone,I couldn't find it anywhere on the app.I don't know what to do,its like everything got erased from my phone's memory similar to my other phone. Edit-Problem has been resolved,thank you guys",https://play.google.com/store/apps/details?id=com.google.android.apps.photos&reviewId=76e8eae0-8caa-453e-98d9-40cc3980d51c,cannot_find
Google Play Store,2019-06-08 01:47:57,4,"When I use Google Photos, I often search for photos I can't find, because the app chooses the 'best' shots, which don't always include the ones that are important to me. And I'm wondering, if I share an album, does it mean others can delete things from it or not? I'd like to be able to share photos without having others change the album. Please let me know if this is possible. Thanks. Otherwise, I think it's a great app.",https://play.google.com/store/apps/details?id=com.google.android.apps.photos&reviewId=e57d5ae3-417b-4f34-8fc1-8833ee79ec15,cannot_find
Google Play Store,2024-01-22 04:24:32,4,Good app; it's nice to have my photos and media backed up like this. One thing I would like to see in future is easier navigation to months and years. Whenever I want to get to a particular day I have to scroll down - it's so hard to stop exactly where you want to!,https://play.google.com/store/apps/details?id=com.google.android.apps.photos&reviewId=d090c6cd-f6a0-4020-8202-e79a9d5a5689,endless_scrolling
Google Play Store,2019-09-23 05:37:12,4,"Google app is good because of the accessibilty of my photos. I am never afraid of losing my memories because of how they are stored. I love being sent videos and collages made by Google. I didn't give it 5 stars because when I try to organize my photos by adding them to a folder, the pictures still remain in a general location. This makes filtering and organizing photos difficult as the number of photos increase. I have to constantly recall which photos are already in folders and which are not.",https://play.google.com/store/apps/details?id=com.google.android.apps.photos&reviewId=065f8cfa-6e78-4044-b30d-a7582ae030e6,photos_missing; forgot_details
Google Play Store,2019-09-01 15:24:53,4,"One of the best app on play store the very best, really smart and helpful Google has given all that it needs in it but, there is always a but, so sometimes it doesn't recognize certain pics and videos and kinda never show them so you will be like, i just had that pic where did it go! And then you will have to again save the picture to another location try that a few times or open it on drive then save it, that's a hell of a work to do, well other than that the app is just awesome keep it up!",https://play.google.com/store/apps/details?id=com.google.android.apps.photos&reviewId=12c46d28-1f3d-405d-a57b-cd4dd108ccec,where_did_they_go
Google Play Store,2018-10-15 23:31:18,4,Great app from Google to manage your photos but I do have one problem with the app which is really annoying. Face recognition is supposed to be working in background to group photos of the same person but I have plenty of photos of people that aren't recognized so I can't quickly pull up their photos.,https://play.google.com/store/apps/details?id=com.google.android.apps.photos&reviewId=143b69bf-8332-468a-9c0b-a37d2525c375,cannot_find
Google Play Store,2021-05-02 20:40:14,4,"Very good app. One missing feature (from the functions, or from the description...I can't find it..) is the ability to download a block of pictures rather than individually. I've lost a few months from a failed phone. It's great to have them backed up but a pain to select and download individually. 👍",https://play.google.com/store/apps/details?id=com.google.android.apps.photos&reviewId=0e1a6a25-6356-4677-ac96-301364fd050e,cannot_find; photos_missing
Google Play Store,2020-11-16 09:55:35,4,"I can't find any of my photos, but with this app, compared to othersI Google has done a great job at making an app that lets me back up my photos for free. It's the best way to backup my photos and the amount of photos I have backed up for free... You can't beat it, I've changed my mind completely about this one. Thanks for the great work, I'll continue to use Google Photos to organize my photos.",https://play.google.com/store/apps/details?id=com.google.android.apps.photos&reviewId=78ea9693-06ba-4318-b99f-c4fce6987ce2,cannot_find
Google Play Store,2020-05-27 19:52:54,4,"After the latest update, the shared albums don't remember when I've seen an update. Anytime I look for a single new notification, I get reminded of the notifications (in bold, as if I hadn't acknowledged them) of every other album that has been shared with me. Annoying, but not exactly earth shattering for usability.",https://play.google.com/store/apps/details?id=com.google.android.apps.photos&reviewId=91789212-a976-469f-a878-ed59c5452535,forgot_details
Google Play Store,2023-01-10 18:02:07,4,Good app for the most part. Disappointed that it changed dates of when photos were actually taken. I have to go into the photo info to see the correct date. The frequent updates shuffle the photos around and makes it hard to find them where I last saw them.,https://play.google.com/store/apps/details?id=com.google.android.apps.photos&reviewId=3d515551-e6cc-49e0-8766-ab6502f3df44,cannot_find
Google Play Store,2022-01-28 13:01:27,4,"I couldn't find how to align video axis with horizon for videos that were shot crooked. But, it did a good job of stabilizing a very horizontically-shaky commercial VHS video into one whose vertical borders bow in and out a bit while video is playing...much easier on the eyes. File doubled in size, and audio remained in synch, unlike another well-known app that saved in GB's size, with out-of-synch audio that had to be corrected in VLC Player. Google Photos video was also enhanced in editing. 👍",https://play.google.com/store/apps/details?id=com.google.android.apps.photos&reviewId=36fad43d-423e-429e-966d-7a1d55cbe233,cannot_find
Google Play Store,2020-07-15 18:34:47,4,"I've loved Google Photos for a while now, but I'm downgrading my rating from five stars because you've managed to make it harder to use while trying to simplify it. I really like seeing stylized photos, but you've made that hard to find. And albums are nowl buried inside something else. And that is just the tip of the problematic future storm. It is not simpler. I truly preferred the old version.",https://play.google.com/store/apps/details?id=com.google.android.apps.photos&reviewId=614536fc-7625-4f57-8b68-9197b1566954,cannot_find
Google Play Store,2025-05-06 19:06:34,4,"It was working fine until recently, now photos are not getting backed up on my wifi connection. It keeps getting piled up. I'm not sure how to get it working again Edited: It seems it has been addressed. I'm back loving this app again. The way it reminds you that beautiful memories from the past of your loved one have become part of daily life. Search has become better but AI search isn't that effective still. I couldn't find find what I needed by describing it, still classic search works better",https://play.google.com/store/apps/details?id=com.google.android.apps.photos&reviewId=0ff5d7af-5b1a-4b25-8583-8638492149ab,cannot_find
Google Play Store,2020-10-20 15:14:27,4,"Astounded by the value for money service given by this App; easy of use; enjoyment of current and historic moments; conversation openers etc etc. Only disappointment is persons I used to send my albums to suddenly couldn't receive. Lost in the midst of time I think Google warned me about restrictions coming in, but I can't remember when or why!",https://play.google.com/store/apps/details?id=com.google.android.apps.photos&reviewId=05ee816c-babc-4a02-8634-801269cd3c6b,photos_missing; forgot_details
Google Play Store,2026-02-16 11:40:05,4,This app is really changed a lot doesn't allow you to edit zoom in like I used to be able to I don't like it I don't know what the developers are doing but they need to get it fixed. I don't like it you have now deleted my photos and I cannot find a way to retrieve them I need some assistance but I can't find the link for anyone to help all the photos I had are now black screens where the photos used to be this is a terrible app. Fix the problem before you release a new version. Fix it now.,https://play.google.com/store/apps/details?id=com.google.android.apps.photos&reviewId=8de8b878-b3fe-422d-830c-6d85f075ee80,cannot_find
Google Play Store,2021-05-24 16:01:24,4,"Great app for cropping and editing videos, may be the best app in this category, can't find one better for this purpose. Google play sends me a notification saying update the app there's a new version available. So I stopped what I was doing to update the app and went to see what's new and the only thing that is new is starting June 1st what ever you upload will count against your 15GB of storage. Hey I've been knowing that for months that's not new and not a reason to update anything. Stop it",https://play.google.com/store/apps/details?id=com.google.android.apps.photos&reviewId=aa34087a-b982-48c8-91b5-c697d63f02a0,cannot_find
Google Play Store,2023-10-02 18:34:21,4,"I like much about this tool, but I can't find any way to display captions/titles where viewers will see them. My name shows up on each photo; can't I display captions there instead? This is really important to me (and others, I presume).",https://play.google.com/store/apps/details?id=com.google.android.apps.photos&reviewId=9e5d21c7-6dde-49ff-aaf4-a5b15b921ffa,cannot_find
Google Play Store,2020-07-26 23:13:51,4,"Its all good. Just one issue it doesn't save the pictures folder wise like there should be a folder which saves all the camera pictures and videos, then other folder like instagram..... Like it should save as it is from the phone. The pics get all mixed up... For example all the camera pictures and screenshots get mixed up. It is really hard to find. Please rectify this issue. This is still not sorted.... Please rectify it.",https://play.google.com/store/apps/details?id=com.google.android.apps.photos&reviewId=e6dfa49b-d174-40ec-a5e7-06b276488fac,cannot_find
Google Play Store,2021-08-27 13:41:53,4,"Does a pretty good job saving photos... I can't think of any thing bad to say about the app.,. Well one thing I remember when I got my pixel 4 it said I would have unlimited photo storage for buying and using the pixel 3 well it's 4 years later and I'm not seeing unlimited photo storage I'm out of space can I get an answer to that please",https://play.google.com/store/apps/details?id=com.google.android.apps.photos&reviewId=9bc03100-f9c5-4361-a45b-cdf9ad885923,forgot_details
Google Play Store,2020-03-22 08:04:09,4,"Does exactly as it says and more! I don't know where I'd be without this service. One point of interest though is maybe adding the function of reordering albums? As in moving the positons of albums in the list, because when I make a new one it'll go to a random place and I wish I could move them around to have ones I look in more often to be on top.",https://play.google.com/store/apps/details?id=com.google.android.apps.photos&reviewId=65c22c44-d464-4c1a-a85f-89d67e7b15a3,forgot_details
Google Play Store,2020-08-18 09:42:44,4,"Google Photos,A wonderful app for organizing photos. Before writing this review I don't know much about Google photos but when I used it is way more better than other Galleries. This app has many features and that AI is super awesome. But it had its mistakes the image recognition technology should be updated and it should handle more uploads at the same time and it should handle the uploads other photo and video formats such as RAW(NEF),JPG,MKV,WMV etc. But it's the BEST GALLERY EVER.",https://play.google.com/store/apps/details?id=com.google.android.apps.photos&reviewId=00d85691-cfeb-438b-8341-ac7bd4c8ac6a,forgot_details
Google Play Store,2020-07-12 20:24:01,4,"Great app! Must have... always!!!! But, why is it so hard to find photos I've saved for years...the photos I saved before I got this phone. I can see them pop up in my memories...There was no reason for them to be gone, as in I didn't delete or archive them...Memories can retrieve them, a days worth at a time, but I can never seem to find them. My photos only go back to Dec. 2019 which is when I got this phone. Every picture that really matters to us is from before we got this device.",https://play.google.com/store/apps/details?id=com.google.android.apps.photos&reviewId=3c773996-283e-40e0-808e-3bbb74b1747d,cannot_find
Google Play Store,2022-08-12 16:18:59,4,"My pictures are not well arranged under the various dates i took them and i obviously don't like it that way. I lost my phone, and then reinstalled Google photos on my new phone I mistakenly deleted the app due to lack of space on my new phone months later, and most pictures I was happy I got back after the lost of my old phone magically disappeared I couldn't find them when I reinstalled the app which is really heart breaking. Though it's still part of my best apps it helps me keep my memories",https://play.google.com/store/apps/details?id=com.google.android.apps.photos&reviewId=32fade94-2bd1-4c8f-8468-fc9b83065474,cannot_find; photos_missing
Google Play Store,2022-07-06 11:14:40,4,"I was close to rating a 3 because for one half the time GP says they are backing up my pictures I am unable to find them, then I found the picture creature tool which I loved. Wouldn't let me download unless I had wi-fi so I did it the way it gave me the option to do but the creation waiting to be downloaded stayed at the top of my screen and kept popping up saying waiting for Wi-Fi. There is no way to cancel it or go back and delete the creation, unless I didn't try hard enough.",https://play.google.com/store/apps/details?id=com.google.android.apps.photos&reviewId=4f00bf94-42c7-46ce-a20c-0010d9af4d95,cannot_find
Google Play Store,2019-10-23 07:52:17,4,"A very important requirement is folder and sub folders for organizing albums... otherwise we end up with numerous albums which are very difficult to locate or sort... Besides when we add a pic,.. . we need to scroll all the albums... whereas there should be a search button so that we search the album and place pic there instead of scrolling all the albums to locate the required one...",https://play.google.com/store/apps/details?id=com.google.android.apps.photos&reviewId=1eba184e-ea9a-4105-a1b4-c227d4d46969,cannot_find
Google Play Store,2019-07-01 08:24:00,4,"this app is great, excellent for sharing pictures, edit pictures, creating albums and sharing them even with iPhone users.the only issue i find is when creating a movie from the photos saved in this, i have no clue where the movie is stored. unable to find it. fix that issue and you will get 5 stars from me.",https://play.google.com/store/apps/details?id=com.google.android.apps.photos&reviewId=7f5e7ff7-9ed2-41cd-a18d-7746de467001,cannot_find
Google Play Store,2023-01-09 09:52:32,4,"I am using Google photos to backup my Samsungs photos gallery and iphone too. but I am seeing all mixed up... iphone photos , samsung device photos , backed up photos...no option to sort by device... plz give an option to sort for viweing only backuped or device photos only and please allow more zoom out option.. Only 4 photos max in a row makes it hard to scroll along thousands of photos atleast make it 7 in a row max ....",https://play.google.com/store/apps/details?id=com.google.android.apps.photos&reviewId=82976773-6903-42b7-8423-c3e21001004d,endless_scrolling
Google Play Store,2019-03-24 20:16:36,4,"Update march 2019: situation still the same. Great app but hard to organise your photos. Come on, Google, this can't be too hard? Update may 2017: same remark still holds: we need better ways to organise albums. Once you get many albums these become hard to find.///// 2015: Very nice programming but to little options to organise photos if you have thousands I'll pictures. We need multi level folder organisation or collections of collections of sone sort.",https://play.google.com/store/apps/details?id=com.google.android.apps.photos&reviewId=658a6f3f-d993-4f3b-bc91-61db5496f83f,cannot_find
Google Play Store,2022-08-19 21:55:23,4,Overall experience has been good. I would like to be able to create folders that I can sort my photos in to... I have created albums.. but that is only a duplicate place to put the photos.. I still have to scroll past those photos when I am looking for something that I have not sorted out...,https://play.google.com/store/apps/details?id=com.google.android.apps.photos&reviewId=b0e9846d-27ec-4cfb-b895-a500e11fdae0,endless_scrolling
Google Play Store,2018-11-14 06:27:28,4,"I really like it, I just can't always find all my pics and videos and for awhile I thought they were lost. So I used different apps to save pics for a little while, C and while i switched between them I did lose a lot of memories that can't be replaced.",https://play.google.com/store/apps/details?id=com.google.android.apps.photos&reviewId=db48dc08-0245-4c95-a9cc-705ae3cf0f09,cannot_find; photos_missing
Google Play Store,2021-06-20 19:36:26,4,"Mostly great. With the newer changes, I do not like that you can't find stylized photos. If I miss saving them when suggested, they disappear. There used to be a folder. That is gone or buried so deep I can't find it.",https://play.google.com/store/apps/details?id=com.google.android.apps.photos&reviewId=88039c51-4103-4cf0-b781-e524d2993080,cannot_find; photos_missing
Google Play Store,2024-10-21 17:28:05,4,Overall it's a really great app for photo storage but I wish we could get more GB in free plan and it's really frustrating that any photos not taken from the device aren't transferred to this app. I've had many photos that I could not find on here,https://play.google.com/store/apps/details?id=com.google.android.apps.photos&reviewId=7afb6b29-bd3e-41cd-beac-3a7111662e6e,cannot_find
Google Play Store,2021-01-10 19:10:47,4,What functions do work are great just not enough functions and not enough you can't do enough with the pictures got to find another program to make up the difference if they included a bigger variety and a more choices to pick from in the original package it would be a lot better,https://play.google.com/store/apps/details?id=com.google.android.apps.photos&reviewId=6fd4b939-722b-47ee-814c-1967c777b61f,cannot_find
Google Play Store,2022-06-07 00:35:34,4,"If we search photos of many people at a time and when we type the names of the second person, the auto fill option should be there, rather than typing the full name as it is. We may forget the name as given already. Thanks for your understanding and favourable action.",https://play.google.com/store/apps/details?id=com.google.android.apps.photos&reviewId=756fd4d1-35d9-4ac2-bfaf-26de38f403ed,forgot_details
Google Play Store,2020-08-04 22:46:39,4,"The new application UI is not very productive; It makes your search to difficult and is not offering a quickly accessible screen for the most important areas: photos album, assistant that you can search independently. The app suggested an animation via notification but for some reason it behaved like a FB story. Once played I couldn't return to save it and I couldn't find where the suggestions are in the app.",https://play.google.com/store/apps/details?id=com.google.android.apps.photos&reviewId=696c04fc-29a7-4105-a495-1edf4c1ea68a,cannot_find
Google Play Store,2024-06-06 22:09:28,4,"works as you would probably expect, although some photo editor features are locked behind a Google one subscription. my only real issue is that it doesn't search all the image folders on your phone. as far as I can tell it's either impossible to add a folder to check or difficut to find the setting.",https://play.google.com/store/apps/details?id=com.google.android.apps.photos&reviewId=6ec9f6ce-318e-46b0-b923-853735ca7618,cannot_find
Google Play Store,2021-08-23 13:56:39,4,"Good app, but can be a great app! My suggestion is when you make a folder in the library, photos and videos that are added should be removed from the general view. Too much clutter otherwise. Hard to remember which photo/video is already in a library.",https://play.google.com/store/apps/details?id=com.google.android.apps.photos&reviewId=4d7562bc-29f4-4b05-ac9c-679236d5f35a,forgot_details
Google Play Store,2023-06-09 09:28:25,4,"I'd like to give it 5 stars since it helped me backed up my photos, but i don't! Why? Because it doesn't have select all option so i can't select all the photos i have in device album to the album i create in the app (my purpose of making an album from the app so i can open the same album picture from other device without have to scroll back an old photos) Please the ""select all"" is basic but also very important for people with many photos Thank you",https://play.google.com/store/apps/details?id=com.google.android.apps.photos&reviewId=5212bb5b-e63c-49d9-b64c-af73f973cffd,endless_scrolling; about_old_content
Google Play Store,2019-07-19 18:13:14,4,Great for photo sharing and cloud backup. No tention. Collecting photo for a perticuler event from friends in a single album is fun. Only issue is that sometimes backup/upload is halted for few day in a row instead of highspeed corporate wifi or 4g connectivity. Unable to find the cause... edit: 2 years gone still the problem persist. Clearing cache did not help. Last time solved it by erasing whole storage of photos app and syncing by signing afresh. Wasted lots of 4G data ballance due to this.,https://play.google.com/store/apps/details?id=com.google.android.apps.photos&reviewId=5d4286fa-968e-4b5d-b7c3-0a6e14bdb428,cannot_find
Google Play Store,2024-05-15 23:27:03,4,"I love playing around with my pictures, I have too many, but great app. I wanted to make a suggestion, is there anyway to make a space for like 20 or 50 photos that a person uses often? If I'm on Facebook and want to post a photo of my cat or dog, I have to dig forever and a lot of times I can't post because I can't find it and I can't just go to albums because that option isn't there, I have a lot of photos but I wish there was a place to put certain photos easy to get to and post.",https://play.google.com/store/apps/details?id=com.google.android.apps.photos&reviewId=a4eabc5f-5f05-407d-8831-ad9a278a4964,cannot_find
Google Play Store,2023-02-28 21:04:08,4,"I like the app but google needs to make it easier to delete things from tablets or phones vs using a computer. 7k of emails prevents me from having enough storage for photos yet there is no way to ""select all"" from a search and delete. I hope these improvements in google photos will help me delete a lot of bad shot photos much easier as mentioned in the update.",https://play.google.com/store/apps/details?id=com.google.android.apps.photos&reviewId=1e1535e2-ece1-48fb-b570-3d7ebbee2777,cannot_find
Google Play Store,2024-10-19 02:48:55,4,"hello. I have been using this app for a long time and it is great, but recently I had a problem. Last week I moved some photos and videos to the locked folder and now when I open the app I can't find the locked folder and access my photos and videos. This happened before but I ignored it. But now I really need those photos and videos Is there a way to get them back?",https://play.google.com/store/apps/details?id=com.google.android.apps.photos&reviewId=1ae3aef3-535f-4e71-b840-1f612ec3245e,cannot_find
Google Play Store,2019-02-12 14:01:21,4,"Delete already saved photos? I used to be able to click on a tab that would delete already saved photos from my gallery, via Google Photos, but I can't find that tab anymore. I just find an archive button. I don't want to archive them. I want an easier way to delete them, knowing they're backed up in the cloud.",https://play.google.com/store/apps/details?id=com.google.android.apps.photos&reviewId=49bff9c1-3b3a-4de1-b472-0e87b46d23a0,cannot_find
Google Play Store,2018-10-18 06:24:18,4,"It would be so much nicer if when you select a number of images to add to an album that you could have an option to say ""move and archive"". If you select the max number of photos to move (200) and add to an album, you have to then select them all again to archive them. As well it's rather astonishing that you can't sort the album's. Regardless of what you name the album they are sorted by date. So when you select a few pictures to add to an existing album you have to scroll through all of your album's to find it. Them when you select more photos to add to another album the order of the almbums has changed due to the date of the photos you added previously.",https://play.google.com/store/apps/details?id=com.google.android.apps.photos&reviewId=987200a7-70ff-433e-9eba-906bf34eded4,endless_scrolling
Google Play Store,2025-01-26 21:58:01,4,"Excellent. One think that bothers me, is that I'll get a notification with a memory, and if I interact with it the wrong way it's hard to get back to. I would think the notification would appear in one of menu options or a history of the notifications should be available.",https://play.google.com/store/apps/details?id=com.google.android.apps.photos&reviewId=3d683c1c-b020-4494-9a9f-020254fa5447,cannot_find
Google Play Store,2023-06-03 15:30:24,4,"I'm using this only because it was loaded on my phone already. When I take photos, video or screenshots it saves to Google photos. It confuses me though if I am looking for a certain pic. I turned the backup option off. Too many albums and hard to find saved items. I'll be using a different app to replace this one.",https://play.google.com/store/apps/details?id=com.google.android.apps.photos&reviewId=b470c41d-8208-40db-b8df-d01bd9911812,cannot_find
Google Play Store,2020-08-22 14:23:09,4,"It's not good idea, turn on motion photos while I don't like see this! Now I can't search photos quickly, because I have to wait when motion photo stop! It's not good! In old version I can turn on/off motion photos, in new version while I turn off — motion photos start viewed one time. It's not good. I want to be able to customize it as in the old version.",https://play.google.com/store/apps/details?id=com.google.android.apps.photos&reviewId=f99a0fa4-24c2-43ad-9062-83ebbd42baf4,cannot_find
Google Play Store,2019-05-06 08:33:15,4,"Please see while adding photos in an existing album, now we have to scroll through all the albums and get the desire one, whether we can search for the album and then add the photo in it. Another issue is that, every time the photos saved in the google photos have to be archived separately in order to clear the clutter, even after adding it to albums. Can't it be auto archived after adding into albums. This will help to segregate which photos have been added to album and which not.",https://play.google.com/store/apps/details?id=com.google.android.apps.photos&reviewId=01f5d3fd-b480-4e3e-9449-bcada294ad19,endless_scrolling
Google Play Store,2021-04-01 07:35:07,4,"I guess that this app is overall good but it doesn't have much capacity to fit many photos as I have important pics to keep in , i tried updating it but it says the new feature will be available on June 1 2021 , I don't have time .. I must keep the pics all , the filters are good , it seems like it may get bugged or crashed while saving ..my photos from 6 years are in google ,1 day I opened the app and I see nothing! Where are my pics? , those were so important , DON'T TRUST GOOGLE SO MUCH! DUH!",https://play.google.com/store/apps/details?id=com.google.android.apps.photos&reviewId=dfe1b660-ca2f-43b7-b921-fc989d6251d1,where_did_they_go
Google Play Store,2020-02-27 10:45:52,4,"Best of a myriad of different photo storage apps out there. The only big negative- constant creation of new subfolders, so it's impossible to search intuitively in list format by date (as many are used to in Windows).",https://play.google.com/store/apps/details?id=com.google.android.apps.photos&reviewId=8cfae7ac-3c34-454e-9634-b29837dc7ecc,cannot_find
Google Play Store,2025-08-05 17:26:36,4,love it but finding missing random periods of no pictures. also can't find pictures that are either edited or the original pictures saved somewhere. lol still trying to sync phone and tablet to a point but love the memories and the collages they send me. once I play around more and figure out where chunks of pictures went and recover n sync things I will happily give 5 stars! 🤩,https://play.google.com/store/apps/details?id=com.google.android.apps.photos&reviewId=d17e1dc0-1748-45c1-aa29-da518e0db879,cannot_find; photos_missing
Google Play Store,2023-05-26 22:52:49,4,Everytime I opened the app it would pop up a fullscreen notification to update which I didn't want initially because it might screw up the app. Unfortunately couldn't find a way to bypass this as I don't want to use 3rd party galleries because of the ads and Google Photos is my default photo viewer as I'm on Android One. Hance the one star. SHAME ON YOU Google by forcing your loyal customers to do something they don't want!,https://play.google.com/store/apps/details?id=com.google.android.apps.photos&reviewId=751e601e-acb6-4c87-beaf-2769e4db5c80,cannot_find
Google Play Store,2021-12-01 17:43:25,4,"It's difficult to find the folders where photos originated. Screenshots don't end up in a screenshots folder, for example. They're all just mixed in together by date. Annoying. But otherwise, decent storage app and I love the automatic backup.",https://play.google.com/store/apps/details?id=com.google.android.apps.photos&reviewId=6236451a-67c4-47f1-a1b8-555cde11a2b2,cannot_find
Google Play Store,2021-06-15 02:17:40,4,"New Google Photos Map Search is the best upgrade of any since the original Google Photos. The question "" remember when we were at xxx? When was that? Google Photos knows. Go to the Map put the Search bubble near the location of xxx and all the photos taken there appear. Keep location on at all times to access this feature! AWESOME! However Photos is squirrely when it comes to working with Googles eblog. Frustrating isn't a strong enough word!",https://play.google.com/store/apps/details?id=com.google.android.apps.photos&reviewId=25caa172-fa06-43dd-83a4-f75a9ede5054,forgot_details
Google Play Store,2020-04-01 09:41:04,4,Having pretty good luck with this app. Getting this in order so you can find them is a snap. I do have a little problem losing a file somewhere. And or google cant find where that file went or cant read. Other than that im happy with photos.,https://play.google.com/store/apps/details?id=com.google.android.apps.photos&reviewId=5dc79ad2-bdef-431c-90d6-399677ab73e7,cannot_find; photos_missing
Google Play Store,2019-01-19 21:20:17,4,"I absolutely LOVE Google photos, a safe place to back up all of my pictures together. Only problem is sometimes it can be hard to search and find pictures I am looking for since the albums it keeps creating are by the day.",https://play.google.com/store/apps/details?id=com.google.android.apps.photos&reviewId=2a0f90f5-6661-4e9d-a4cb-fce4ca4d34f7,cannot_find
Google Play Store,2020-08-24 10:00:36,4,"Everything works excellent, But my suggestion is if you could please add 'mark as Favourite ❤️' or 'mark as Important ⭐' something like that as a feature it would be great because sometimes it is very hard to find an important picture from thousands of picture... Take it as suggestion or request but please add it...🙃",https://play.google.com/store/apps/details?id=com.google.android.apps.photos&reviewId=3cc4e502-540c-47bf-accc-986b70a95bea,cannot_find
Google Play Store,2021-11-03 04:01:59,4,I wish Photos can be arrange in different folder as in my phone. It is so hard to find the photo i want with a million photos all over the place. And i wish there is still unlimited storage like before. I dont mind my pictures and videos be lower quality. I would rather have every photo back up.,https://play.google.com/store/apps/details?id=com.google.android.apps.photos&reviewId=81e5ef4d-133d-49b9-8987-186d22d16a64,cannot_find
Google Play Store,2020-02-13 22:07:36,4,"Awesome app that stores photos withour any problems. It is possible to sync phone gallery with google photos but it was a little difficult to find. Some of the notifications are annoying for example ""stylized photos"" that I don't recommend but overall great app",https://play.google.com/store/apps/details?id=com.google.android.apps.photos&reviewId=de01bdf4-905f-4261-ad3d-8f354d48f0eb,cannot_find
Google Play Store,2025-12-05 11:23:02,4,"Since last month I am facing the issue of sudden crashing of Google photos within a minute of opening the application this is frustrating now I can't see my photos and documents, can't search anything on the app. I updated, cleaned cache but nothing worked. Such important application should work smoothly. please resolve the issue.",https://play.google.com/store/apps/details?id=com.google.android.apps.photos&reviewId=47fd0c47-d4a8-4b7a-adfb-99c5b37cbd44,cannot_find
Google Play Store,2024-05-25 18:41:51,4,I'm having a problem were when I open I photo it automatically view a different one and my other problem is some of my photos disappeared and those were very important and I couldn't retrieve it anywhere because it's nowhere to be found it's not in the trash I hope it can be fixed 😔,https://play.google.com/store/apps/details?id=com.google.android.apps.photos&reviewId=597eeb27-9dbd-40d4-9102-49aca6e8ce90,cannot_find; photos_missing
Google Play Store,2019-03-16 07:46:47,4,I like the app. I can finally make space on my phone after backing up to my drive. I can't find a way to move photos to folders so I can organize them though. I can make albums but would like to be a le to do this from the app so I can better organize my files.,https://play.google.com/store/apps/details?id=com.google.android.apps.photos&reviewId=a912f86f-2a99-4390-9574-ee4931a8afe5,cannot_find
Google Play Store,2024-11-14 15:39:27,4,"Was there an update that I can't find my shared albums anymore? Now I see shared photos under updates. That's fine, but why remove an overview of the shared albums? A really bad decision in my opinion. Too bad. For the rest, the app is brilliant.",https://play.google.com/store/apps/details?id=com.google.android.apps.photos&reviewId=096ca269-6abd-4b20-8b71-d06d45ea93c8,cannot_find
Google Play Store,2023-07-30 10:11:08,4,"Overall, I think this app is fantastic, but I am having an issue with it. Whenever I try to save more than two photos, I notice that some of them do not appear in the ""today"" section. This means that I have to scroll down to find the missing photo(s). Unfortunately, when I do find them, they are often located on a random date in the past, such as January 3rd or May 20th. This can be frustrating and time-consuming. I would greatly appreciate it if this issue could be resolved.",https://play.google.com/store/apps/details?id=com.google.android.apps.photos&reviewId=a7068bdc-1b96-4763-a540-805150887ad4,photos_missing; endless_scrolling
Google Play Store,2020-01-19 06:11:11,4,"I really enjoy this app . At 1st I got alil confused cause one day I turn my phone on looking for photos and I couldn't find them , now I know exactly where to look . It even makes collages for you takes you back 6 5 4 3 21 years back an it also recognizes people's photos and put them into one album .",https://play.google.com/store/apps/details?id=com.google.android.apps.photos&reviewId=9c31cabb-5f91-4585-abf4-a115f89a7aa1,cannot_find
Google Play Store,2025-08-08 20:51:34,4,"This is a great app it only has a few issues like: removing duplicates and It still has difficulty telling faces apart, I feel if G Photos it's not who are individual is...Then it shouldn't guess, due to this, it makes it difficult to find some people because they've been mis-grouped.",https://play.google.com/store/apps/details?id=com.google.android.apps.photos&reviewId=8f1dd20f-e66b-4bae-adc4-502dcc5d301d,cannot_find
Google Play Store,2021-07-11 19:32:03,4,Its awesome app. U can store as many pictures as u want without loosing any. But still some more features should be added to it like creating album by selecting a person only etc. Its very difficult to fìnd some specific its like finding pearl from ocean.,https://play.google.com/store/apps/details?id=com.google.android.apps.photos&reviewId=ab768a49-ab89-4dfd-a3da-fb6d9e70fc43,cannot_find
Google Play Store,2024-11-06 02:47:18,4,"I have been using Google Photos for a long tim and love it. However, I have noticed that the ""Sharing"" is gone. It's really confusing. What happened? I share a lot of photos and now I can't easily find the history and the groups I have used in the past. This is disappointing.",https://play.google.com/store/apps/details?id=com.google.android.apps.photos&reviewId=fa56b2b7-0c1a-4589-8625-ad3afde498a8,cannot_find
Google Play Store,2024-06-25 22:52:41,4,"Hi Google Photos® App Developers! My request: ◾To have Albums in 'alphabetical order': -- Although the ""Library Albums"" are in alphabetical order, they are not in alphabetical order at the point of ""+Add"" Photos➡️to Library/Albums."" When ""+Add"" photo to my Library/Album,--make that [various list of Albums that i scroll through], also be in 'alphabetical order'.◾Secondly, make [the various list of Albums that we have to scroll through], be multi-selection/check box, when Add to Library. Thanks!❤️",https://play.google.com/store/apps/details?id=com.google.android.apps.photos&reviewId=955ec64d-8bb4-4ce0-910c-9e542a04de08,endless_scrolling
Google Play Store,2021-02-22 06:53:52,4,"Awesome, bt i wish it can keep photos exactly as per the phone,each folder seperate.E.g screenshots, camera, whatapp. If you backup a new photo, should update on this app as per the original source. Example, if the photo is from the whatapp folder, should update on this app to whatapp folder as well and so on. But how the photos are scattered in this app becomes difficult to find. Am giving 4 star, till you adjust this arrangement.",https://play.google.com/store/apps/details?id=com.google.android.apps.photos&reviewId=6cb54f67-dd08-4404-b2b5-2b0e3a6f5468,cannot_find
Google Play Store,2020-01-28 22:03:31,4,"The app is actually great to back up pictures and videos, but it would have been better if while backing up the files the pictures from different folders gets synced just by date and is difficult to locate a file",https://play.google.com/store/apps/details?id=com.google.android.apps.photos&reviewId=513374af-82a1-4cf1-a91d-306a4476544a,cannot_find
Google Play Store,2022-12-09 04:35:05,4,"Excellent app, but it's really frustrating that the can't find a way to migrate the locked folder. Moving the files out would be fine if there was a way to easily find them again, like automatically add them to a special album so you can easily put them in the locked folder on the new device",https://play.google.com/store/apps/details?id=com.google.android.apps.photos&reviewId=caa73148-fe09-444c-8a2f-fb240bd1f31a,cannot_find
Google Play Store,2023-03-25 11:38:03,4,I just wasn't there wasn't so many subgroups because when I flipped through sometimes I can't find the photos that I'm looking for besides that the app so awesome I just wish they would limit the amount of subgroups that everything is categorized into,https://play.google.com/store/apps/details?id=com.google.android.apps.photos&reviewId=55588037-b05a-439b-9393-7ab09e3fcc66,cannot_find
Google Play Store,2020-10-25 17:05:14,4,"Great app. It's becoming more and more decent gallery app. I regularly reset my phone, once in a while, to get rid of all the files I don't need anymore and I know that none of my photos and videos will be lost. Only problem is, I cannot download multiple photos at once. I have to scroll through all the photos and download everything I want to access offline one by one. And that's really frustrating. Hope it will be fixed in the close future. Then I'll give it 5 stars definitely.",https://play.google.com/store/apps/details?id=com.google.android.apps.photos&reviewId=a2e3c01d-541b-4d83-9cef-5afa5f93e1e6,photos_missing; endless_scrolling
Google Play Store,2021-12-02 15:23:53,4,"Very good apart from if you make a movie etc in utilities. If i use old photos, I can rarely find where they have saved it. Have to scroll all the way back to the date of the photos as far as I can tell. Great with newest photos though. Best I've found for that",https://play.google.com/store/apps/details?id=com.google.android.apps.photos&reviewId=5f6a34ac-ff16-42ca-8d6a-044bfee38716,endless_scrolling; about_old_content
Google Play Store,2022-01-01 03:35:12,4,"Very good photo backup; however, when switching to a new mobile, photos from some of the apps got re-uploaded as new photos & difficult to find photos afterward. Can't rewind or select particular photo highlights generated by Google.",https://play.google.com/store/apps/details?id=com.google.android.apps.photos&reviewId=3d787b08-ded2-4186-830d-a852c7fa6e15,cannot_find
Google Play Store,2024-06-24 14:18:26,4,"It consumes too much data nowadays, I'm not able to fix this problem.. too horrible to use these days.. getting my all the mobile data off due to auto backup of photos.. does all the settings but still couldn't find the solution.. Plz do something!",https://play.google.com/store/apps/details?id=com.google.android.apps.photos&reviewId=3a671ca9-cef2-4fb4-ab09-43d17f90e681,cannot_find
Google Play Store,2018-11-27 05:31:33,4,Love the app but if your creating a photo album you can't pick through albums to select photos for the book. Takes forever to find all the right pictures. Same thing wit creating collages in the book.,https://play.google.com/store/apps/details?id=com.google.android.apps.photos&reviewId=e0190480-1f01-4e83-9a4a-2013122f2b01,cannot_find
Google Play Store,2020-06-04 02:57:47,4,"can you optimize the user interface more? it is really hard to find what i want. the old design was better, it actually had folders. when using this app to choose an mage in a third party app, i cant see folders. sort by time is nice, when the user wants it. please fix, this is the only app that properly displays thumbnails for transparent images",https://play.google.com/store/apps/details?id=com.google.android.apps.photos&reviewId=ae11179e-cc87-4e99-b016-1a09c00f0660,cannot_find
Google Play Store,2019-05-26 05:46:44,4,"great app but for all the updates that come along I havent noticed any difference and cant seem to find how to access any of the new features ,... finally,... isn't there any way to undo any edits to photos and get to the original image before anyone had edited it???!! Ive had a crop of photos sent to me ghat are totally pixelated or blurred and I cant undo them to see what the original picture was.... n they hint as if they're pictures of a gf possibly cheating on me",https://play.google.com/store/apps/details?id=com.google.android.apps.photos&reviewId=bd97d570-bcd1-49eb-b7b0-c7572060dab9,cannot_find
Google Play Store,2020-10-17 22:17:22,4,I loved this app until some days before I just opened this app and found that all my photos of 1 year has been completely washed up . I couldn't find it any where . I had so many important photos which I lost . Can't find any solution to get it back . ☹️,https://play.google.com/store/apps/details?id=com.google.android.apps.photos&reviewId=7ddd9de8-d50a-468a-9ef1-d8462ae0d7a7,cannot_find; photos_missing
Google Play Store,2022-10-24 21:55:58,4,"Could you please make an option in shared albums for choosing to see photos listed by newest by date, or other types of order. Pretty please. When album has 1000+ items its real pain to always have to scroll down to se latest x",https://play.google.com/store/apps/details?id=com.google.android.apps.photos&reviewId=9035bc3b-d0fc-4957-8ccf-2c7ed568b218,endless_scrolling
Google Play Store,2020-03-07 00:12:33,4,"Everything is good...bt please give search folder option while moving photos to another folder...its hard to find any particular folder from that big list of all folders ... Developers please add this option...🙄🙄 not only me, every mobile photographers face this problem while shorting & arranging photos in internal storage..plz rply ASAP",https://play.google.com/store/apps/details?id=com.google.android.apps.photos&reviewId=9d9d26f7-030f-4b74-b707-eac4db340975,cannot_find
Google Play Store,2020-03-27 23:33:37,4,"Over all good.. but 1.can't find some people, some place images through searching option. 2. Not showing images and video names. 3. Can't add or remove images manually in people's automatically added images. Please improve it",https://play.google.com/store/apps/details?id=com.google.android.apps.photos&reviewId=1cc338e9-224a-486d-95d2-ede8ec2ee5f1,cannot_find
Google Play Store,2020-07-24 08:21:40,4,"It's really difficult to find my pictures, sometimes they randomly get put in a different album and it takes forever to find them. Other than that it's a great way to store photos",https://play.google.com/store/apps/details?id=com.google.android.apps.photos&reviewId=1b5886b6-0d1a-428a-88b3-9bbedf8132f1,cannot_find
Google Play Store,2020-02-18 00:59:45,4,"UPDATE: To 4 stars, up from 2. I'm happy see that the App now allows us to set its cached photo data location to the SD card. 4-stars because earching and organizing features still pale compared to Picassa. Remember when Google promised to bring all Picasa features to Photos? ORIGINAL 12/2018 REVIEW Google Photos is consuming over a gig of my precious, dwindling built-in device storage, but the app won't let me move these 500MB of data to my big, fat SD card.",https://play.google.com/store/apps/details?id=com.google.android.apps.photos&reviewId=524b6e4a-db3c-4a17-a9e4-abb2e0dd36b7,forgot_details
Google Play Store,2020-06-09 11:37:58,4,"For some reason, some of the photos will not transfer to certain folders and some photos won't even show up in a folder or my gallery when trying to post said photo onto Instagram, Twitter, etc. There's some old old photos that I would really like to post on Instagram that I can't find because of this issue and it upsets me, same with the photos/videos that will not move at all and deleting and then restoring the said item doesn't help, it does it again and I don't want to delete them of course",https://play.google.com/store/apps/details?id=com.google.android.apps.photos&reviewId=40d79d92-fc39-421b-b7fb-49f840f2700d,cannot_find; about_old_content
Google Play Store,2018-12-29 20:07:31,4,"I like the auto-awesome feature. The backup settings work well with my Moto X. I only give four stars, cause I name all my photos with precision and yet I cant search for them by name. (ex: bon jovi 1986 slippery when wet Japanese ver 02) For those people who say I'm supposed to search by item in the picture, ie; chair car etc, I ask what would I type in for the US version of ""slippery when wet"" album cover? rain? dew? moisture?",https://play.google.com/store/apps/details?id=com.google.android.apps.photos&reviewId=fb714220-20ba-4eb6-8a25-837c2a31fe43,cannot_find
Google Play Store,2020-08-06 19:09:59,4,"Really love this app, with one exception. My only problem is when the photos sync from my phone to GP, I wish it would sync to a folder on the app with of the same name. I have all of my photos organized on my phone and I like the organization, but when it syncs, it's like a free-for-all. Everything is everywhere. I have around 700 photos for phone wallpaper. I have them even organized on my phone by content. I have no idea where to even start to get that level of organization on Google Photos.",https://play.google.com/store/apps/details?id=com.google.android.apps.photos&reviewId=a68658aa-2d8b-4ad6-b822-520fe3a8403b,forgot_details
Google Play Store,2019-09-09 18:22:55,4,"I love how it holds and collects my photos. Each are nicely organized. It asked me to clear the clutter once, but I was under the impression they were duplicates. Now I can't find certain older photos.",https://play.google.com/store/apps/details?id=com.google.android.apps.photos&reviewId=3252ae10-ca3c-468d-b83d-2d4e8b452009,cannot_find; about_old_content
Google Play Store,2026-02-03 07:53:37,4,"the new search is awful, but I appreciate that I can save so much media without taking up space on my devices and I like the extra features such as movies and stories. I do wish it included a better editor.",https://play.google.com/store/apps/details?id=com.google.android.apps.photos&reviewId=1d636813-8b7d-432f-9c54-78c475c8fb5a,search_broken
Google Play Store,2021-10-09 05:54:43,4,One last thing that would make this app great - allow you to hide photos from certain albums when organising your photos into albums. At the moment you need to scroll through years and thousands of already organised photos each time you're adding photos to a new album.,https://play.google.com/store/apps/details?id=com.google.android.apps.photos&reviewId=7df40a93-bf33-4023-942c-f2ddb65f8464,endless_scrolling
Google Play Store,2021-06-18 09:41:51,4,"No library, unable to retrieve vids( its getting better.) like I said as I learn more it's getting better. All optional answers are yes but you only have no and not sure.i need external storage. Well I'll try what the developer said to maybe find some of my missing vids and pics , not holding my breath.wish i could get some of my old Google accounts which may have what im wanting ,but i have tried that for 2 years ,i believe there are other entities that do not want this pics or vids to be seen.",https://play.google.com/store/apps/details?id=com.google.android.apps.photos&reviewId=e4e76afc-656c-49c8-bbb1-39f2091d0b93,cannot_find; photos_missing
Google Play Store,2020-09-07 06:55:45,4,"I'd like a slider bar with ""day increments"" instead of year wide clicks. Hard to navigate and search still. Other than that this is much better than the original. Gallery Go is good.",https://play.google.com/store/apps/details?id=com.google.android.apps.photos&reviewId=f6a3fbbf-8643-45f7-89c8-cad9e490d934,cannot_find
Google Play Store,2019-08-22 20:54:22,4,"Oh please, let me delete my photos directly from the album... Instead of just ""removing"" it from the album without ""deleting"" it, because after that I have to scroll the hell of my photos down just to find it then delete it...That's just a simple feature actually, come on.",https://play.google.com/store/apps/details?id=com.google.android.apps.photos&reviewId=c3323adb-82e4-45c6-9dbd-7529d75685bf,endless_scrolling
Google Play Store,2021-07-31 02:06:50,4,It is good and secure but the app doesn't appear on the screen to locate my gallery direct. I can only locate app gallery when I go to play store with data connection and very difficult to find my pictures etc for it will take me time . please can you revisit this of my gallery app or you tell me what to do.Thank you in advance.,https://play.google.com/store/apps/details?id=com.google.android.apps.photos&reviewId=947c493f-81d6-4378-afee-98cf409fa0b7,cannot_find
Google Play Store,2019-11-02 01:23:50,4,I love this app and whole idea the only thing is once in awhile some of my pictures (2-6) disappear and I cant find them anywhere or ever again or sometimes a video uploaded will randomly turn into a single photo and I cant find video anywhere but other rhen that I love this it saved photos of my kids I can longer see,https://play.google.com/store/apps/details?id=com.google.android.apps.photos&reviewId=f4713dd1-94d8-4264-a2b2-dffe540a1673,cannot_find; photos_missing
Google Play Store,2020-08-19 17:35:44,4,In Previous versions.. This app captures exact date of the photos from the gallery or backup.. But now it bugs up... It's not capturing the date and months correctly.. Please fix this bug at earliest. It's really difficult to find any photo.,https://play.google.com/store/apps/details?id=com.google.android.apps.photos&reviewId=2027af10-98d9-4d90-a5d1-2b7f3d5823a1,cannot_find
Google Play Store,2023-03-08 18:42:54,5,"Reading the reviews disappointed me. This app is amazing!! The search bar, I've learned you just can't search derogative language and it literally will find anything for you. It saves your significant people. You can add people if they're not recognized. I love the map !!! With traveling, it's easier to search the map. Editing photos is easy. If you have premium the other features are great as well. It's not perfect, but I myself can't point out any flaws.",https://play.google.com/store/apps/details?id=com.google.android.apps.photos&reviewId=f5c979e5-635f-43d8-8b75-d08326a57b3a,cannot_find
Google Play Store,2025-03-23 14:31:44,5,"Everything is perfect, so far I haven't had a single inconvenience except that when I want to search for a video and it's from a long time ago (4 months or 1 year) I struggle to find it among so many photos.I wish it had the option to pin one or more photos on top of the photos in general, but other than that everything is fine, so far no problems 🙈🙈",https://play.google.com/store/apps/details?id=com.google.android.apps.photos&reviewId=959581ac-b686-4510-8d75-1c369a4d632c,cannot_find; about_old_content
Google Play Store,2018-12-18 13:25:08,5,Love that it saves all my fotos. Just make sure u allow your phone to do so under Unlimited Storage in the settings under your chosen gmail. I forgot to do that in the settings when I had gotten a new phone and lost all my photos you have to allow each phone individually under whatever email you chose to save your pictures. I love Google photos,https://play.google.com/store/apps/details?id=com.google.android.apps.photos&reviewId=3bb3252f-e4a3-412f-90f4-80a9e1c6ca44,photos_missing; forgot_details
Google Play Store,2026-03-03 08:59:12,5,"I love this app again. So many great features. And the Ai search is working better. This used to be my favorite app. The recent update removes the shared folder access on the landing page. Now I can't find the shared folders. Response to dev: yes, but it's not the same. There's even still room at the top for the old shared album icon to go right back where it was.",https://play.google.com/store/apps/details?id=com.google.android.apps.photos&reviewId=1cb5a718-4027-42ba-b0d2-46d6d16163f3,cannot_find
Google Play Store,2020-11-01 00:19:58,5,"I don't have enough fingers on my hands to count the amount of times that I've lost a phone, or had to format my SD card..!?? But that's why I luv this app....coz, no matter what, all my pics & videos will Always be kept safe & readily available..I especially luv the ""do you remember"" part where you get to reminisce on days gone by... Absolute Awesome app...5 star rating No doubt..!!!",https://play.google.com/store/apps/details?id=com.google.android.apps.photos&reviewId=19a4f09f-ec3c-411f-b7fc-e28fc6502d36,photos_missing; forgot_details
Google Play Store,2021-05-09 00:30:12,5,"optimum usefulness. near little editors (could use a few more options), but overall great. I would love it if you all made it possible to rotate an entire video in editor. I cannot seem to find anything that will let me do so. I wish that when making a collage that I could pick which photo to put in which spot",https://play.google.com/store/apps/details?id=com.google.android.apps.photos&reviewId=72ec8b2d-b158-41d9-8340-2e2e1d4b5d83,cannot_find
Google Play Store,2021-08-25 19:15:39,5,The only thing I don't like about this app is after you hit the max storage you loose the older photos. It says they are saved but i have no idea how to retrieve them or where exactly they went. But i still like the app. I do wish we could adjust the photos a little bit more.,https://play.google.com/store/apps/details?id=com.google.android.apps.photos&reviewId=9fb26668-2889-4229-a0c7-eb56b1ee9d40,forgot_details; about_old_content
Google Play Store,2020-11-14 22:03:49,5,I really like this app and how its setup although I can't find my pictures very easy and some of them seem to disappear this is been added on November 14th I noticed that I have alot of duplicate photos that is taking up a lot of my space I know I didn't purposely have duplicate photos! I will investigate further or manually get rid of those but I still give you a 5-star rating because it's an excellent photo app!,https://play.google.com/store/apps/details?id=com.google.android.apps.photos&reviewId=347155b3-6a9f-4231-a414-907ec22efef3,cannot_find; photos_missing
Google Play Store,2019-03-05 18:54:00,5,All my 1st grandchilds FIRSTS were on my old phone which out of the blue just quit working one day. Was told couldn't retrieve any of my photos/info if phone wouldn't power on. Needless to say was a hard loss to bare but got new phone n one evening after she'd turned 3yrs old n she'd been pushing buttons n I read the screen it says 'waiting to initiate back up' I at some point had started the Google Photos app n with the touch of a button I had ALL of her 1st photos back!! Thanks Google!!!,https://play.google.com/store/apps/details?id=com.google.android.apps.photos&reviewId=a063ba8f-578d-4ca6-bf24-93eb623e3cd5,cannot_find
Google Play Store,2019-10-09 16:34:09,5,"Who doesn't love the features and ease of Google Photos? I download and delete apps regularly; not because I no longer need them but because they fail to meet my app needs. These same apps also fail to evolve and improve. Not Google and Google Photos. You can't find a more comprehensive photo app available. You also won't find one more stable. Don't think, download!",https://play.google.com/store/apps/details?id=com.google.android.apps.photos&reviewId=2802a843-916c-4312-a30f-80738b9b053e,cannot_find
Google Play Store,2018-11-24 15:14:31,5,"I cant ever find how to seamlessly turn a group of photos recognized via quick shutter into an animation. On my old LG phone it was an option at the top of the photo- now nothing. Other than that, it is great with editing options and filters- which can overlap.",https://play.google.com/store/apps/details?id=com.google.android.apps.photos&reviewId=2a9e3a89-f807-4512-9dbd-f7d91e337bc6,cannot_find
Google Play Store,2019-02-21 19:17:13,5,I love Google photos so much it saves a lot of Heartache when you realize that you can't find older photos this automatically allows photos to be thrown directly in as soon as you snap the picture I love you Google photos please never change they could allow a little bit more free space but I think that there's so much I don't know nothing about megabytes and stuff like that so I know I was in using it for years and I've never had to purchase any additional storage it's awesome best out there,https://play.google.com/store/apps/details?id=com.google.android.apps.photos&reviewId=2863b0b3-497c-42ba-b528-762549b64e6a,cannot_find; about_old_content
Google Play Store,2025-08-10 18:12:07,5,"Google photos really is a fantastic, reliable app and the free 15g's of storage w/the lesser resolution pics not counting towards this total is more than fare (although, I liked it better when the high res didn't count either 💁🏼‍♀️🤭). Thank you Google for the serenity of knowing my pics are safe no matter what! Bc I remember the heartache and anger I felt when I stored all my pics in my Sprint acct and they deleted them all! Hundreds of memories gone in the blink of an eye! 🤬Ruthless!",https://play.google.com/store/apps/details?id=com.google.android.apps.photos&reviewId=cfa37723-d932-4c3f-be06-a4f2559b0f26,forgot_details
Google Play Store,2019-10-11 11:00:41,5,I am surprised at how Google gives back for free. I like: • Is very light weight. • Sorts pictures very well. • Makes everything searchable. • Provides useful photo edit suggestions. • Gives me a sense of security to my privacy. • Makes photos accessible via multiple devices. • Unlimited photo storage with no noticeable photo quality reduction. • Ran out of space to write. I just cannot find flaws to mention here. I really love your products and what you do; please never join the dark side :),https://play.google.com/store/apps/details?id=com.google.android.apps.photos&reviewId=89179f15-1e8c-43ff-9375-4016108479cb,cannot_find
Google Play Store,2018-10-02 09:17:23,5,"This is a very good working app. Only issue is when needing extra photo storage the SD card location needs to also come up as a first option on Gallery drop down menu before other apps costly extra storage options come up. Nowadays people use large SD capacity or SDHC cards AND DSLR and Digital cameras load instantly to mobile phones. Instantly using lots of internal storage if photo data transfers are large. Please add a setting in Samsung Gallery menu with more options : for camera tranfers to mobile SD storage locations : for other app photo, video, movie data transfers ; not just the present. File Commander should work with Samsung Gallery as It is a total file manager AND can help avoid loss of important life photos to important work documents. When internal storage is full trying to transfer to SD card rewuires another app for android file transfer to SD Card. Drive etc mean having to buy extra computing data storage and doesnt work wuth Samsung Cloud. Why are consumers encouraged into buying higher and higher pixel and GBs devices and free storage on Samsung Cloud is like Google and Drive, set at 15 GB. It takes over 8 G just to operate a phone device, backups, monthly with no added apps. Computers now usually have TB's storage, portable and SD/ USB and internal TB's storage. Why force mobile phone customers to use apps they dont want or need. 15 GB free storage is minimal, set up before people made their own continual family movies and record movies. Consider upgrading free storage amount in Cloud and you will have many more customers. Gallery is the best and Google Photos is close also. The app with best largest free storage will be the one customers use. I know Samsung free storage amount is meant for operation and backups as well. When large photo video files are storaged internally setting up SD location option means its hidden somewhere very hard to find. Even when it finally shows up in device settings list its down in ""looking for other settings"". On Samsung Cloud italso quickly fills and stops enough back up space being available. People are forced wither to delete files or pay for more storage. I dont like being forced into either option without my wanting to do either. Photographers do not like being forced to delete items nor pay large amounts when SD and USB exist. I have never even seen the option of USB until I attached an old flash drive. USB storage should be in drop down menu. Customers are now putting their total lifes photos into smart mobile phones and dont have or need computers with Microsoft Storage. Drive, OneDrive. Its a pavlava getting apps that ensure the SD Card is accessable, protects important data from being accessed or hacked as internal storage can be. Only people like me who try out many apps to find the best and safest and put on enough security can set that up. Please consider peoples needs now and in the future and increase the free storage amounts, put options in menu for Samsung Cloud to Gallery and visa versa transfers as well as using SD card option as well as internal free storage in actual menu.",https://play.google.com/store/apps/details?id=com.google.android.apps.photos&reviewId=78c4af41-5471-4742-bac2-4bb4d6ddef6e,cannot_find
Google Play Store,2022-01-04 19:23:02,5,"Hands down one of my most used apps on my phone (even when I had iOS) and mainly because it's so intuitive and functional. I miss being prompted to create more videos using intuited people in my life. The search function for something like ""cars"" for pictures I've taken that had cars in them is so damn helpful when trying to remember when something was but not remembering the full details of the day.",https://play.google.com/store/apps/details?id=com.google.android.apps.photos&reviewId=a25a9da6-2b53-40c9-93f8-2ccb88036b84,forgot_details
Google Play Store,2019-09-13 21:19:01,5,"Shared Albums is useful, and I love the machine learning that groups people, subjects, etc. However it's inconvenient that it's hard to easily find items that have been shared with me . Other than that it's almost perfect!",https://play.google.com/store/apps/details?id=com.google.android.apps.photos&reviewId=c2825b92-455e-42e1-aabf-40c15c068932,cannot_find
Google Play Store,2023-04-01 02:03:18,5,This is a great app to handle and make corrections to your photos. Easy to manage and easy to make any changes needed... I just wish you had a really good program that erases duplicate photos. You don't have anything that deletes when they duplicate especially if dated a different date. My pics have atleast tripled and I can't go thru all of them to find all the duplicates and it's really frudtrating,https://play.google.com/store/apps/details?id=com.google.android.apps.photos&reviewId=62a44068-2960-4ed2-84eb-d634bda34d63,cannot_find
Google Play Store,2019-10-25 19:57:41,5,"When I try and save photos created by assistant to library, I can't find them anywhere. Google suggestions don't work. Not diggin' it. Edit... I really do appreciate having my photos saved and accessable. I enjoy this very much.",https://play.google.com/store/apps/details?id=com.google.android.apps.photos&reviewId=c4bad40d-c9ea-4c30-afbb-288f045828da,cannot_find
Google Play Store,2022-04-12 08:46:00,5,"Sometimes. It'll change format on me just when I need something urgently, then I cannot find the photo. Additionally, I don't know without consulting a younger person, lol, how to retrieve archived photos!! Aaagrh!!!! Can someone please make that easier for seniors? TY! It's not good for me because I don't know where my photos are and I panic. Don't trust that I won't lose them.",https://play.google.com/store/apps/details?id=com.google.android.apps.photos&reviewId=1db163b6-3bd1-4b93-a1c7-53b7726c96ba,cannot_find; forgot_details
Google Play Store,2020-12-12 03:36:54,5,This app is so cool & helpful! I am editing my review because for some reason I can't find my pictures after 2019! I know I'm a airhead some times but if someone could explain how to access my photos & where they are being stored I would greatly appreciate it.,https://play.google.com/store/apps/details?id=com.google.android.apps.photos&reviewId=6f66af8a-35d3-45cc-bd55-781e9301e148,cannot_find
Google Play Store,2019-09-19 06:00:05,5,"This app is very useful for reminders and updates on your schedules. I almost lost my stuff in storage. I couldn't find the pictures with my stuff inside. But luckily, I had to look on the specific date on when I took the pictures. So I found my pictures!!",https://play.google.com/store/apps/details?id=com.google.android.apps.photos&reviewId=7c9b2022-2c6f-4794-80d3-f90df8d2c484,cannot_find; photos_missing
Google Play Store,2019-08-14 05:15:04,5,"Facial recognition tools need to be improved. Photo's with incorrect facial recognition are difficult to find. Should have a tool under ""info"" when looking at an individual photo indicating who it recognized in the picture. Also, some older family scanned photo's don't get recognized at all. Need a way of manually adding these.",https://play.google.com/store/apps/details?id=com.google.android.apps.photos&reviewId=e4efb3c1-5693-49d5-90a7-f88af5dd25d1,cannot_find
Google Play Store,2021-11-15 21:29:54,5,"I never have to worry about losing my photos, and I always get highlights. It's great to see what happened one year ago or four. And then it finds photos similar and makes a slide show... like it did tonight of all the sunset pictures iv taken. Can't find fault, touch wood 😆",https://play.google.com/store/apps/details?id=com.google.android.apps.photos&reviewId=8c4a0167-fd63-4aba-b3bf-6cf18fdc194e,cannot_find; photos_missing; about_old_content
Google Play Store,2022-05-22 09:55:12,5,"A true gallery! Much more than just a place dumped with all your photos. Few Improvements: 1. While adding photos to existing album, there's no way to search for the album. Have to scroll through the entire list of albums to find out the one I'm looking for. 2. Would be great if ""Hide People"" option really hides ALL the photos they're present in. 3. App displays all the info about a photo (date taken, people, location, etc) - would be great if it also shows the album(s) it belongs to....Thankyou",https://play.google.com/store/apps/details?id=com.google.android.apps.photos&reviewId=c9ad8688-af31-4aed-9004-f7dfacd33abf,cannot_find; endless_scrolling
Google Play Store,2022-04-30 02:38:34,5,"LOVE!! My FAVorite=Face recognition/organization!😁GP is great in most ways BUT BIG issue:Personally, I have TONS OF PICS/devices! So, attempting 2keep them organized is a task in itself, esp. the ones I use 4work & esp. when searching 4albums 2place photos in. There is no way to search w/in the ""+"" to album button! So I have 2seemingly endlessly scroll & use emojis in front of titles 2find em ""easier!"" Adding a ""search"" option w/in the ""+"" to albums spot would be FABULOUS!!😊TY! 🙏",https://play.google.com/store/apps/details?id=com.google.android.apps.photos&reviewId=ec494871-dc03-4e57-940e-d34b0104fb90,cannot_find
Google Play Store,2022-10-15 21:05:19,5,"I love how Google photos sends me special little photo collages that they put together for me each day. Also the photos that move forward in 3d, love those! The special videos/ movies they make for me are wonderful too! I also get pictures that day "" Remember the Day"" and ""Way back when"" as well as "" Spotlight on ( name inserted). All of this is free and it's like a gift every day! Thank you Google!",https://play.google.com/store/apps/details?id=com.google.android.apps.photos&reviewId=926d4fb1-c891-482a-98fb-1e4090813e80,forgot_details; about_old_content
Google Play Store,2020-05-23 13:10:48,5,"I was once satisfied with the Photo App from Google Photos. On last week. I clicked on photos App 6 times and none of my photos would appear. Hopefully, my updating the App will update Photos so I can enjoy the memories from my pictures again. Until I'm able to recover and can see my photos again, then I will rate this Pin Wheel App on 3 rather than 5. Where are my photos? Unfortunately, I was worried that my vivid memories were gone. I still have memories to behold from the Pin Wheel!",https://play.google.com/store/apps/details?id=com.google.android.apps.photos&reviewId=2c9b4d0a-a2a8-444a-8b61-d0e69e2674e9,where_did_they_go
Google Play Store,2019-10-15 20:25:43,5,It gives me everything I'd want for my saved pictures. I'm glad Google has it built in to their ecosystem. Been using it for over five years and counting and I couldn't be happier being able to find old pictures easier than anywhere else.,https://play.google.com/store/apps/details?id=com.google.android.apps.photos&reviewId=c353f1cb-9673-490a-88dc-a8a63e8f5c72,cannot_find; about_old_content
Google Play Store,2019-02-22 12:37:18,5,"great, would like to have the backed up albums on the phone as albums in the app and not just all the pictures combined. I used to go to the lightroom album I the gallery and it's now backed up and spread amongst ALL the pictures and videos. ‏ can't find anything easily. thank you.",https://play.google.com/store/apps/details?id=com.google.android.apps.photos&reviewId=3fcc20ec-c10e-4e43-a607-7aa9c2d6f60d,cannot_find
Google Play Store,2022-08-20 20:34:08,5,Well I still stand by my conviction that this app is the far best and reliable to me as over the past years never had to own one brand phone type but various brands and each time whether the phone broke or discarded switched to new accounts I've always find all photos sometimes I didn't even remember some I've taken and the app will take me through the memory lane!!! What more I want from an app Big Up! Most reliable and photo & video mix options!! New options available - WELL DONE TEAM!!,https://play.google.com/store/apps/details?id=com.google.android.apps.photos&reviewId=ab1a4732-ad82-4533-bdc9-62be251fc0ac,forgot_details
Google Play Store,2022-11-04 00:12:53,5,"I really like this app, only disturbing thing is the lack of sorting options in the shared albums... It is very annoying to have to scroll all the way down to see the new photos added to shared albums..  Please add this sorting option/feature ;)",https://play.google.com/store/apps/details?id=com.google.android.apps.photos&reviewId=43d920e2-4131-4a44-93e7-526469efff5d,endless_scrolling
Google Play Store,2021-06-16 07:45:21,5,"I was so excited when I log into Google account and click on photos and was able to get access to the photos from 2015 to 2017 saved up in my Google account. Since I lost my first Android phone 2017, I thought I had loose my photos it was suprising when I found it.. thanks to Google photos for such a wonderful app..I can't even remember when I saved it on Google photos because I didn't know or take notice of such feature is in Google photos. Thanks once again, am grateful for such a great App.",https://play.google.com/store/apps/details?id=com.google.android.apps.photos&reviewId=f6f008f1-9e78-43a5-b733-347940229ab2,photos_missing; forgot_details; about_old_content
Google Play Store,2019-02-18 00:35:44,5,"Excellent. The best option to manage large number of pics. Search options are just amazing. Search algorithms works beyond imaginations. However, unable to search based on manually edited locations. Please fix the issue.",https://play.google.com/store/apps/details?id=com.google.android.apps.photos&reviewId=0434e39d-092a-4835-a8ab-dae85df3e475,cannot_find
Google Play Store,2019-08-24 01:16:32,5,"This is a fantastic imaging app made by Google! It is a very clever image service with AI scanning. Automatically grouping faces, adding locations, smart sorting, this app has something for everyone! And I don't know where I would be without this wonderful service! Thank you Google for your high quality content as always, and I highly recommend this program to anyone looking to backup their photos!",https://play.google.com/store/apps/details?id=com.google.android.apps.photos&reviewId=c0b29f11-f362-4b2d-98f4-9e1ef4585265,forgot_details
Google Play Store,2021-10-26 01:37:19,5,"Update: Looks like they updaed the app with auto archive, photo rotation, duplicate deletion, a private folder option, and junk removal option. 5 stars updated Pretty good app. I would give it 5 stars if there was an easier way to organize my pics. A clean up tool would be very helpful as well to clear out all the junk shots that are unnecessary to keep. After years of pics, it becomes almost impossible to find what you want in any way faster than going thru all of them from newest to oldest",https://play.google.com/store/apps/details?id=com.google.android.apps.photos&reviewId=c7e915eb-499a-4ed0-92e9-3bf707e3543b,cannot_find
Google Play Store,2019-11-17 17:17:58,5,"this is excellent for storing photos! I used to have it in my old samsung phone but forgot about this app when I changed to apple, but then I stumbled upon the app when i went back to using samsung and I discovered all the old photos I 'accidentally' kept in this app! it was a nice walk down memory lane and I had so much fun sharing the photos with my family and friends.",https://play.google.com/store/apps/details?id=com.google.android.apps.photos&reviewId=ae48ecd2-92d5-49de-a348-a269014ec386,forgot_details; about_old_content
Google Play Store,2019-01-06 09:29:45,5,"So far for an application on a pocket miracle device whose primary purpose has been lost far, far, far to the wayside as a ""uh, yeah, you can make calls too, if you need"" phone, does a lot if nifty thongs along with all of the standard things tgat one would expect of a photo application. huzzah, keep up the 'remember when' flashbacks! I love seeing hoe awesome my life used to be eight years ago!",https://play.google.com/store/apps/details?id=com.google.android.apps.photos&reviewId=1852ce09-9b34-498f-84fc-1ff3c4a316dc,photos_missing; forgot_details; about_old_content
Google Play Store,2019-06-19 17:42:44,5,"I enjoy seeing the pictures and the movies google photos put together. It encourages me to learn to do it myself, one day. I really like the then and now pictures, I recall when and where I was and take notice "" the theme of my hair style"" at that time.",https://play.google.com/store/apps/details?id=com.google.android.apps.photos&reviewId=f1b0f033-4133-4cc0-a58a-2be86e1b24b8,forgot_details
Google Play Store,2022-04-13 03:28:28,5,"This has allowed to me to save photos of my daughter from being newly born to now 8 years old. Without it, I would no longer have these things that are some of the most precious things in my life. It's easy, simple, and intuitive. I saw the top negative reviews complaining about how it's difficult to find the delete button? Which is just blatantly untrue. This app has made me smile and cry. Thank you.",https://play.google.com/store/apps/details?id=com.google.android.apps.photos&reviewId=d0284289-26f0-4bc8-8f40-5601d48db1f7,cannot_find
Google Play Store,2019-06-02 19:28:50,5,Best Photo App EVER! I wanted an app so I can save storage by deleting them on my phone and it should save here too! And it does! Even photos I took on old phones! I could not find these photos and I thought I lost them but when I finally got this app already in my phone all my pictures ever taken were there even all the pictures my assistant have ever taken were there! I was so happy😁😁,https://play.google.com/store/apps/details?id=com.google.android.apps.photos&reviewId=e4b120f5-c85b-44c9-ab58-879fb7ef6e46,cannot_find; photos_missing
Google Play Store,2020-05-12 13:16:23,5,Excellent tool for keeping photos organised and so easy to find. Love the suggested automatic collage and memory facility. If I cannot find an old photo on my phone then sure enough Google Photos has never disappointed me in my search!,https://play.google.com/store/apps/details?id=com.google.android.apps.photos&reviewId=499828d5-aef1-4b59-804f-c7407b2c7c8e,cannot_find; about_old_content
Google Play Store,2019-03-08 12:12:50,5,If I am missing a photo in my gallery on my phone i can always take comfort knowing that Google Photos will always have it. Thanks Google☺ I still feel this way only it seems more difficult to o find your photos. i just don't understand the way they are placed the way they are filed.,https://play.google.com/store/apps/details?id=com.google.android.apps.photos&reviewId=08a29b40-d246-4a87-af17-7dd9dd42e05f,cannot_find; photos_missing
Google Play Store,2022-01-07 11:03:27,5,So great with all the options for putting photos in hidden or hard to reach or find folders or vault. Being a busimess owner and need to be secure with documents and accounts. As far as having things my significant other cant see or . . that's were i get the usage. Great for your below aveage deciet or business! Id highly recommend it! Thank you for prolonging my relationship! DustiJo! (:,https://play.google.com/store/apps/details?id=com.google.android.apps.photos&reviewId=bb6169af-8e77-4ec2-9f12-02480bff53a5,cannot_find
Google Play Store,2021-04-24 00:23:43,5,"I have been using google photos for the past ten years, it's the best photo organizer I've had. It makes albums for you and it also recognizes faces in your pictures and remember that face to make a album of that person. I have a album for every person in my family. This app is great.",https://play.google.com/store/apps/details?id=com.google.android.apps.photos&reviewId=54825565-f64b-4635-92ec-46e573a21fee,forgot_details
Google Play Store,2020-09-10 02:58:29,5,"At first i got confused because i couldn't find my picture's and sometimes they (photos) have gotten put in my archive, which is hard for me to easily find my archive when wanting to use some of my photos, could you try and make it easier to access my archived photos? Thank You.........",https://play.google.com/store/apps/details?id=com.google.android.apps.photos&reviewId=b2526a38-fe99-41ac-9f16-f51abfd8ede1,cannot_find
Google Play Store,2021-06-27 20:22:03,5,"Awesome!!! Really cool. Most things Google are. Although my phone, an Alcatel with Metro PCS service, locks up quite often when trying to look at a recently sent attachment.....I like it alot👍 And I agree with others that I can't find Google photos anywhere? Aside from those issues, very nice. Just work bugs out and ya gotta winner.",https://play.google.com/store/apps/details?id=com.google.android.apps.photos&reviewId=a6c8e232-99d3-44bc-a8aa-23521e9d2991,cannot_find
Google Play Store,2021-04-07 12:42:59,5,So grateful for this app! Stores loads of my treasured photos or even quick screenshots of things I take as reminders. I can sort & organise & archive them & refer back at any time. The search facility is outstanding by even keying colours I can see results or names of images eg cat & if I can't find that one pic or memory stuck in my mind then I can scroll through the years to the rough time & flick through them til I find it. Love my digital photo album. I even order special ones for print!,https://play.google.com/store/apps/details?id=com.google.android.apps.photos&reviewId=435e79c6-56c5-460d-bedf-9a2f7cf9e413,cannot_find
Google Play Store,2021-05-29 00:43:58,5,"Google photos are exceptionally good,they are outstanding in every way. They are advancing with the times,you cannot find better pics.or apps anywhere. High quality,professional, affordable ,easy to use. You can't find anything better.",https://play.google.com/store/apps/details?id=com.google.android.apps.photos&reviewId=a5c7e089-d048-438b-8ce8-9ccbed24320c,cannot_find
Google Play Store,2020-08-21 15:59:21,5,"Love it. Only drawback, is the ability to search in an album shared by my partner. For example, if I want to find a photo from 2017, I have to scroll through 3+ years photos to find what I need - and if I click on one, then it sends me back to the beginning again",https://play.google.com/store/apps/details?id=com.google.android.apps.photos&reviewId=da1b0b7a-06b7-4775-9e0d-727ab4c2869b,endless_scrolling; about_old_content
Google Play Store,2019-04-05 06:04:30,5,"It really cool having all the options you have on this app, it really make your photos that much more meaningful and special, especially when this app just automatically knows when there is a special significant photo that means alot to you. i dont know how this app knows when theres a special photo but its really cool, cause it offers you options you wouldn't of Thought of if not for it offering it as a possibility..Love My Google Photo App..It help turn minimal photos into awesome memories.",https://play.google.com/store/apps/details?id=com.google.android.apps.photos&reviewId=4627986d-4cac-4d67-becf-5a9d703d345d,forgot_details
Google Play Store,2020-08-02 12:50:39,5,I REALLY REALLY enjoy how Google Photos has saved all my photos even when i had to do a hard factory reset on my phone 3 times in 1 month but injust hate it when i am needing to get to a certain photo and i have to scroll threw ALL my photos just for one picture or i have a hard time finding an albulm and no matter how hard i try to find this one albulm and it seems to be hidden away some where else .,https://play.google.com/store/apps/details?id=com.google.android.apps.photos&reviewId=4a3af3af-9ff6-4f0c-b0ff-72a675cf98de,endless_scrolling
Google Play Store,2019-12-10 20:52:39,5,I love Google photos and how it's always making animations etc from your photos. The only thing I wish it would allow us to make our own color pop photos. Maybe it can but I can't seem to find it. I know on my chrome book I can but it'd be a nice feature on my phone.,https://play.google.com/store/apps/details?id=com.google.android.apps.photos&reviewId=eba26008-9ace-4b99-8488-496806283a26,cannot_find
Google Play Store,2022-02-04 03:37:32,5,"I really love the app I've been using it for years but i have a feature that you might want to add When you choose a photo you can use the "" search for similar images "" option because it's really difficult to find the right image between thousands of images it's like finding a needle in a haystack I really appreciate it if you'd read this Thanks Google",https://play.google.com/store/apps/details?id=com.google.android.apps.photos&reviewId=8b4aa658-b26f-4ae9-9280-f60249c3c56b,cannot_find
Google Play Store,2025-08-26 16:47:02,5,"great but two major flaws : cannot find duplicate or similar photos that were misplaced. impossible to delete the cloud copy only. EDIT: alright, I found it now, thank you. What I'm missing is to find all the""stacks"" or duplicates so I can delete and review all at once.",https://play.google.com/store/apps/details?id=com.google.android.apps.photos&reviewId=dfffa932-bf42-4fd5-95a9-f915925493f7,cannot_find; photos_missing
Google Play Store,2021-02-10 15:33:24,5,"I had a terrible experience when I lost my very important school financial record. then I remembered I took a picture of it but couldn't find it because I happened to delete it from my album which was linked to my phone memory. Fortunately, the Google Photos auto back-up worked. Was able to restore it when I tried to look for it. This app always had my back.",https://play.google.com/store/apps/details?id=com.google.android.apps.photos&reviewId=97691cf4-f266-43dc-91a2-d7f07264b5e1,cannot_find; photos_missing
Google Play Store,2019-02-03 06:27:04,5,"Google photos merries creepy and functionality in a way that few apps can compete with. From automatically tagging every person or animal in the background to giving you the ability to search based off of any objects in the photo, it's hard to find a smarter app in any category.",https://play.google.com/store/apps/details?id=com.google.android.apps.photos&reviewId=f78662c4-3308-4b59-b618-678e7273646c,cannot_find
Google Play Store,2020-05-23 23:58:46,5,The new update is not good . Last one where all photos were shown in one place was better. This has different folders n its difficult to remember which photo was from where n which app . So pls tell me what to do . I want al the photos in one folder n also diff ones like before .,https://play.google.com/store/apps/details?id=com.google.android.apps.photos&reviewId=44f79f2f-b6f4-4c1c-8629-dedcf4d10bf1,forgot_details
Google Play Store,2026-04-21 07:51:29,1,can't even pull up photos. horrible.,https://play.google.com/store/apps/details?id=com.google.android.apps.photos&reviewId=0787cdac-f11e-48f4-be82-49f57f2f1ef9,cannot_find
Google Play Store,2026-04-19 08:08:29,1,"Absolutely awful had no control of settings profiles, places, events and collections sometimes not manageable for sources, owners rights denied and actually couldn't find or connect to pictures, places, dates, events like national holidays in countries not accessible. Google is awful and not recommended for business or consumer services.",https://play.google.com/store/apps/details?id=com.google.android.apps.photos&reviewId=eb569a8c-cd05-4554-8c99-1394ab1c2bfd,cannot_find
Google Play Store,2026-04-19 04:59:17,1,Google is taking photos and losing them. where did they go?,https://play.google.com/store/apps/details?id=com.google.android.apps.photos&reviewId=53f3a3e2-a17c-4cef-9f0e-f82e2548492f,where_did_they_go; photos_missing
Google Play Store,2026-04-18 20:53:21,1,can't find A ll my photos!,https://play.google.com/store/apps/details?id=com.google.android.apps.photos&reviewId=5ae67e7d-fc08-44d4-ae34-63c7d2b5c2bb,cannot_find
Google Play Store,2026-04-18 17:58:32,1,search feature is completely broken when it used to function fine,https://play.google.com/store/apps/details?id=com.google.android.apps.photos&reviewId=03433097-7202-46d4-a381-cdcd5b38699d,search_broken
Google Play Store,2026-04-13 04:21:04,1,Can't find all my photos,https://play.google.com/store/apps/details?id=com.google.android.apps.photos&reviewId=5acd34c1-767e-4328-85c9-e25578a2e413,cannot_find
Google Play Store,2026-04-12 08:19:20,1,I'm no longer able to access or find my people & pets folders ... where did they go & how do I get them back? that's the only way I was ever able to see my dad & now I can't find them ... he passed away in 2023 ... today was his birthday & I wanted to make a post with his pictures& couldn't find them,https://play.google.com/store/apps/details?id=com.google.android.apps.photos&reviewId=fa03a662-314b-4a65-9f9a-673ab4a48ce6,cannot_find; where_did_they_go
Google Play Store,2026-04-11 22:27:44,1,I have google pixel phone but my experience with google photo Is very bad I'm unable to find the path of any photo,https://play.google.com/store/apps/details?id=com.google.android.apps.photos&reviewId=02871407-0b9d-4713-ba05-7abf1aa8ee8d,cannot_find
Google Play Store,2026-04-11 12:18:45,1,"Gets worse with every update, the search function is now basically useless.",https://play.google.com/store/apps/details?id=com.google.android.apps.photos&reviewId=242947a6-9df5-4bfd-8d2a-ec141ed57852,search_broken
Google Play Store,2026-04-11 02:52:13,1,where are my photos I'm missing all sick of this,https://play.google.com/store/apps/details?id=com.google.android.apps.photos&reviewId=8bcf7ec8-04e0-49e1-acb8-0fcd7e6beb41,where_did_they_go; photos_missing
Google Play Store,2026-04-10 18:15:13,1,"stupid app, after update can't even search for caption videos. roll back to old version",https://play.google.com/store/apps/details?id=com.google.android.apps.photos&reviewId=f2f52138-7b96-46e2-a416-ea9014ae2c96,cannot_find
Google Play Store,2026-04-04 04:28:29,1,not good. where are my photos? I only can see 2 or 3.,https://play.google.com/store/apps/details?id=com.google.android.apps.photos&reviewId=a0897d11-f878-44c9-a538-f4b587071478,where_did_they_go
Google Play Store,2026-03-31 05:24:23,1,um. let's start with I don't wright .on the phone. is a phrase I know. but just shows the level of your. intelligence . where did ally photos go???,https://play.google.com/store/apps/details?id=com.google.android.apps.photos&reviewId=50b3e93b-f646-420f-9e09-68ca473d7bc2,where_did_they_go
Google Play Store,2026-03-31 00:03:42,1,search feature has gone and been replaced by a terrible ai search that doesn't work.,https://play.google.com/store/apps/details?id=com.google.android.apps.photos&reviewId=122e72f9-f714-46ed-a423-1f4b774bcde5,search_broken
Google Play Store,2026-03-30 20:24:08,1,The search capabilities are disappointing. does not even search the descriptive text that I typed in to some photos. and Gemini cannot search my Google photos.,https://play.google.com/store/apps/details?id=com.google.android.apps.photos&reviewId=e6e8182d-2949-48bb-bb46-ec647a889d12,cannot_find
Google Play Store,2026-03-29 22:36:12,1,cant find photos in bsckup though backup is on.,https://play.google.com/store/apps/details?id=com.google.android.apps.photos&reviewId=1c52d252-852a-487e-8f1f-4f5109d7fe82,cannot_find
Google Play Store,2026-03-29 05:17:21,1,this app deleted all my photos saved on my phone without permission and I can't retrieve them😔,https://play.google.com/store/apps/details?id=com.google.android.apps.photos&reviewId=cdff7746-cb68-4f51-b1e1-fd93d89c4273,cannot_find
Google Play Store,2026-03-26 04:42:41,1,i can't find my videos i backup last phone,https://play.google.com/store/apps/details?id=com.google.android.apps.photos&reviewId=8d4edbb5-4021-449a-93dc-1417b628f732,cannot_find
Google Play Store,2026-03-26 04:22:38,1,"some of my videos and photos aren't where they were and I can't find them now, after the latest update",https://play.google.com/store/apps/details?id=com.google.android.apps.photos&reviewId=1daa14c2-144b-4baa-9201-9e321d8b2b02,cannot_find
Google Play Store,2026-03-24 04:36:49,1,"Having many problems accessing saved photos. I edit, save, and save to albums then can't find them in the album. Horrible at integrating with other platforms. Messenger, Facebook, no bueno. Very poor and virtually non usable to find photos in albums from other platforms",https://play.google.com/store/apps/details?id=com.google.android.apps.photos&reviewId=f428e2db-7047-4b56-836e-40a8e6390e69,cannot_find
Google Play Store,2026-03-23 17:59:40,1,"can't find anything with the latest update, all my custom folders nowhere to be found which I had sorted specifically to find certain images quickly. how to roll back to previous version?",https://play.google.com/store/apps/details?id=com.google.android.apps.photos&reviewId=96cf651c-39fc-4cf1-a1cd-15105266d60b,cannot_find; photos_missing
Google Play Store,2026-03-23 09:24:19,1,can't find my downloaded images in photos but I used to be able to,https://play.google.com/store/apps/details?id=com.google.android.apps.photos&reviewId=20a9537c-8a26-4ae9-ad0c-6fac6f6946da,cannot_find
Google Play Store,2026-03-23 08:37:02,1,I don't know which update did it but on Note9 they completely broke putting text on images. the text defaults to the bottom of the phone screen which is underneath the digital keyboard.,https://play.google.com/store/apps/details?id=com.google.android.apps.photos&reviewId=96e854dd-6f7b-45e4-a057-9595dbf567d1,forgot_details
Google Play Store,2026-03-23 00:22:26,1,"Crashing when using Ask(search) function.. Moto neo50. Very annoying BTW as I cannot search for photos because of this. Please undo whatever you did, or give an option to.",https://play.google.com/store/apps/details?id=com.google.android.apps.photos&reviewId=e73008a2-cefc-4e05-b072-326c11a9ecff,cannot_find
Google Play Store,2026-03-22 07:02:27,1,"Sucks, cannot find downloaded pictures 😫!",https://play.google.com/store/apps/details?id=com.google.android.apps.photos&reviewId=de359cdb-2c2c-4636-92c1-a43d87cfd68c,cannot_find
Google Play Store,2026-03-22 06:17:41,1,why only 500 photos/video in an album? and why so hard to select just 500 photos from day and then select next beach. getting worse and worse and even the highlights video not as good as before. search is random and doesn't work that well anymore.,https://play.google.com/store/apps/details?id=com.google.android.apps.photos&reviewId=1bd67e48-2319-4174-a2db-13eafb84b62e,search_broken
Google Play Store,2026-03-21 12:54:17,1,"Absolutely the Worst App ever!!! Google should be ashamed. You collect a ton of images, sort then into specific folders for specific purposes (Making 3D Wallpapers) and Google just decides on what folders you can preview and which ones you can't. Then they arrange the images in the way they want. If I need an image from a specific folder that Google has decided I don't need to see, the image is in a group of ALL images making it nearly impossible to find. You can't uninstall it. This app sucks!!",https://play.google.com/store/apps/details?id=com.google.android.apps.photos&reviewId=163c8e58-3495-4078-844c-b019b99e9290,cannot_find
Google Play Store,2026-03-20 22:19:07,1,where are all my photos I had stored on my phone?,https://play.google.com/store/apps/details?id=com.google.android.apps.photos&reviewId=fa52f59d-5d27-45bb-9a62-d98377d73b65,where_did_they_go
Google Play Store,2026-03-20 16:17:41,1,getting worse day by day.... can't search specific photos no feature to find photos just adding ai ai .... worse experience,https://play.google.com/store/apps/details?id=com.google.android.apps.photos&reviewId=93e52657-0d27-4b64-8d38-57beb98735e4,cannot_find
Google Play Store,2026-03-20 08:35:12,1,could not find Ask photo toggle and unable to connect photos to gemini.,https://play.google.com/store/apps/details?id=com.google.android.apps.photos&reviewId=63f73623-c657-4905-bc1f-39d6e9234047,cannot_find
Google Play Store,2026-03-17 04:07:15,1,Can't Use AI Search because it requires my photo. I nearly forgot I don't actually own techlology. My $1400 flagship blocks functionality because I prefer cars over selfies.,https://play.google.com/store/apps/details?id=com.google.android.apps.photos&reviewId=3932c8af-0379-430e-a4c9-8ff21adb6c98,cannot_find
Google Play Store,2026-03-15 06:57:59,1,I download an image that I want to send to a friend that I've downloaded before and can't find. I decide to download the image again and I can see the image on the preview of the downloads folder but when I open it it vanishes and stays hidden.,https://play.google.com/store/apps/details?id=com.google.android.apps.photos&reviewId=7d3a166d-c453-4645-8d15-024e0f6e6957,cannot_find
Google Play Store,2026-03-13 20:06:59,1,where is the option of stop backup in single video if i start the backup in single video I can't stop the backup why,https://play.google.com/store/apps/details?id=com.google.android.apps.photos&reviewId=6a4475f9-89ff-44ff-bba0-46724077b433,where_did_they_go
Google Play Store,2026-03-11 02:47:06,1,I can't find my family and friends pictures this very important for me,https://play.google.com/store/apps/details?id=com.google.android.apps.photos&reviewId=6acc903c-9ba0-4c40-9a59-ec90d39cb954,cannot_find
Google Play Store,2026-03-10 23:32:03,1,"How to disable photos sticker ""fEaTuRe"", its obnoxious white outline shimmer, and invasive scanning? Just today, my google photos app started shimmering white outlines over my photos every few seconds when I stop to look at them. I hunt through the settings to find a way to turn it off - Nothing! I google what the heck that shimmer is, and apparently it's a new fEaTuRe that invasively scans my photos without my consent. Where is the off button? Who on earth thought this was a good idea?",https://play.google.com/store/apps/details?id=com.google.android.apps.photos&reviewId=19caa1c1-e787-4617-adc8-333a303bcdd0,where_did_they_go
Google Play Store,2026-03-10 19:08:56,1,"Ever since the AI ask feature has come out, searching photos is awful. I can't find anything anymore, it's super clunky, and I can't seem to find a way to turn it off. Give us the option to use the old way that worked great.",https://play.google.com/store/apps/details?id=com.google.android.apps.photos&reviewId=b5393b63-06f2-4009-a819-f7e4f6ed3c92,cannot_find
Google Play Store,2026-03-10 02:19:12,1,"Updated. Claimed it couldn't update. Now it claims to need access to my photos...despite already having access to photos. Tell me Google has no clue what they're doing without saying it. Remember when Google used to be good? Yeah, it's been close to a decade. We just have to ""pretend"" they're good because they're forced on everyone and everything.",https://play.google.com/store/apps/details?id=com.google.android.apps.photos&reviewId=b2067b9c-8ce4-431f-a53c-1b6292d2d573,forgot_details
Google Play Store,2026-03-10 00:58:49,1,I really HATE that this app forces you to allow access to your phones photos and videos. I use it as an online storage and dont want to also have to scroll back through all the photos on my phone to find what I want. Just let us deny the damn permission 🙄,https://play.google.com/store/apps/details?id=com.google.android.apps.photos&reviewId=93334ded-7cf4-41e5-aea8-cdeb1305aaf0,endless_scrolling
Google Play Store,2026-03-09 08:32:24,1,all my photos disappeared all my videos disappeared that's what I'm upset about where is all my photos in my videos,https://play.google.com/store/apps/details?id=com.google.android.apps.photos&reviewId=058d1e3e-2ed2-43ff-aea8-7a8ff90d1eb6,where_did_they_go; photos_missing
Google Play Store,2026-03-08 12:52:02,1,why my all photos deleted automatically and I can't find it this is a serious problem I have so many memories in this and documents please fix it now I can't find me photos,https://play.google.com/store/apps/details?id=com.google.android.apps.photos&reviewId=5684e90c-af23-4a0f-8f70-00f4531fd118,cannot_find
Google Play Store,2026-03-08 04:18:56,1,can't find photos,https://play.google.com/store/apps/details?id=com.google.android.apps.photos&reviewId=9529af8d-88dd-4438-8f0a-757c865fed2a,cannot_find
Google Play Store,2026-03-07 23:59:23,1,where are all pictures??? put them back in my pictures,https://play.google.com/store/apps/details?id=com.google.android.apps.photos&reviewId=056b4c2b-0e30-4dd9-91cc-0363f381c23a,where_did_they_go
Google Play Store,2026-03-06 01:52:22,1,"Search function is almost completely unusable. I'll type in something super simple, like ""Halloween 2024"" and it seriously can't find anything? I tagged important (human) friends and when I type in their names it pulls up random cats or whatever and like 4 pictures of them. What the heck happened? It used to work just fine. It's hella frustrating. Boooooo",https://play.google.com/store/apps/details?id=com.google.android.apps.photos&reviewId=3e607cf4-f8e7-4d84-b36c-49d373b12c60,cannot_find; search_broken
Google Play Store,2026-03-04 23:07:14,1,Terrible. Edit eraser doesn't work for what I want erased. Hard to find deleted photos & now you have to type in the search bar for trash to find unedited photos. Constant glitches and doesn't back up every photo.,https://play.google.com/store/apps/details?id=com.google.android.apps.photos&reviewId=eb062a78-a956-4d60-bdfc-1e222983498a,cannot_find
Google Play Store,2026-03-04 14:02:40,1,where is my pictures,https://play.google.com/store/apps/details?id=com.google.android.apps.photos&reviewId=09a55428-1800-425a-b97e-3cf241fc7431,where_did_they_go
Google Play Store,2026-03-02 13:40:50,1,where did my photo go? who knows?!,https://play.google.com/store/apps/details?id=com.google.android.apps.photos&reviewId=48d2748d-7be0-4ff5-b478-fcc2f3bb1779,where_did_they_go
Google Play Store,2026-03-02 08:52:13,1,where did All my photos go? you guys just removed a whole chunk of photos from my albums where did the Go I can't find them!!!!!!!!!!! all my albums are gone why? how do I get them back?,https://play.google.com/store/apps/details?id=com.google.android.apps.photos&reviewId=83cedd87-e7e1-4adc-8010-ea974bafa54a,cannot_find; where_did_they_go
Google Play Store,2026-03-02 05:13:14,1,I have memories from the year 2000 to 2026 put in the cloud and I'm unable to retrieve the ones from 2000 forward,https://play.google.com/store/apps/details?id=com.google.android.apps.photos&reviewId=33368548-4189-4202-aa19-25b8c64e3e2a,cannot_find; about_old_content
Google Play Store,2026-02-27 20:54:28,1,"Bring back phones with memory cards so we have control over our own photos. Overrides back up turned off if you have the audacity to create a folder for some photos on your device: I don't want to back up photos just because I've created a folder! Stop overriding my settings! Can't find a way of creating a folder to organise MY PHOTOS without triggering back up, I hate every bit of this it's so terrible you're trying to control every aspect of how we use our phones with no work around.",https://play.google.com/store/apps/details?id=com.google.android.apps.photos&reviewId=f428a26e-001e-4eca-b7e3-beb876cdbbde,cannot_find
Google Play Store,2026-02-25 03:17:30,1,can't find my pictures,https://play.google.com/store/apps/details?id=com.google.android.apps.photos&reviewId=0287923a-de39-4f85-bed7-d5cac60a2dc3,cannot_find
Google Play Store,2026-02-24 23:03:25,1,"I can't sort photos, search is unable to find photos by the name of the file. The app is unusable. Just fire everyone who made this app. The gallery on Android 4.2 worked better than this garbage",https://play.google.com/store/apps/details?id=com.google.android.apps.photos&reviewId=3d2f2dd5-2e54-4f94-95b8-a4ccf9240584,cannot_find
Google Play Store,2026-02-24 22:37:05,1,The search feature it is horrible now it doesn't find anything this is not good!,https://play.google.com/store/apps/details?id=com.google.android.apps.photos&reviewId=907d87f5-aecd-4ca8-98a8-46f5fb786b4c,search_broken
Google Play Store,2026-02-24 00:34:21,1,"Absolute garbage. Search can't find anything. It's useless. File explorer would be better because then at least the photos would be arranged in some fashion that made sense. 2026 edit, you can't save over on photos anymore. neg 3 stars if i could.",https://play.google.com/store/apps/details?id=com.google.android.apps.photos&reviewId=2fe0758c-dda1-4b46-b499-00c4b0a1947f,cannot_find
Google Play Store,2026-02-22 23:07:49,1,Makes screenshots AND downloaded images incredibly difficult to find.,https://play.google.com/store/apps/details?id=com.google.android.apps.photos&reviewId=3d297b25-c6a2-40cf-b82d-524a6b80c285,cannot_find
Google Play Store,2026-02-22 09:24:54,1,Lacking features the gallery had on my 7 year old phone... you can't search anything local on the device unless you have it backed up to the cloud. Pixel 9a can't do modeling of the gallery to make photos searchable? an iPhone SE can do that with less than half the ram and a vastly weaker CPU. even as a picture app this is slower to load photos and videos than most FOSS photo rolls. Google you need to fix your stuff - you pushed all this AI machine learning yet it can't do anything locally...,https://play.google.com/store/apps/details?id=com.google.android.apps.photos&reviewId=193e1bb7-1b03-4236-9ab3-76021d7f3b5a,cannot_find
Google Play Store,2026-02-22 07:46:03,1,I could not find pictures in the cloud,https://play.google.com/store/apps/details?id=com.google.android.apps.photos&reviewId=49a26d82-0e48-4b9a-99bb-653ed5e31bcb,cannot_find
Google Play Store,2026-02-21 20:59:33,1,"Why is it that cropping an image makes in unavailable to share for so long?! It needs to happen ON DEVICE and be available immediately. Also, this app/Google/Android needs better tools to remove duplicates and fix pictures that need rotated. Where did that option go?",https://play.google.com/store/apps/details?id=com.google.android.apps.photos&reviewId=f234af34-0e0e-44a9-bde8-ebb23283769a,where_did_they_go
Google Play Store,2026-02-21 07:52:48,1,"Why can't I disable this lame memories item that pops up every month?! I turn it off but it still shows up. Still can't see all pictures on phone, more so if imported with Google software. No idea where they are being kept.",https://play.google.com/store/apps/details?id=com.google.android.apps.photos&reviewId=bc9ae4ca-27c3-4b43-9aca-0d328ad021e1,forgot_details
Google Play Store,2026-02-16 03:00:54,1,I have no pictures from my previous phone where are my pictures,https://play.google.com/store/apps/details?id=com.google.android.apps.photos&reviewId=1d2a493f-6b0c-4c00-a399-4212c96bb6af,where_did_they_go
Google Play Store,2026-02-13 03:24:34,1,terrible. tries to steal ur data all the time. screenshots are impossible to find unless you know. I hate that my new phone has all this Google junk.,https://play.google.com/store/apps/details?id=com.google.android.apps.photos&reviewId=f819fa3b-e020-4c5c-a29d-a9df70bca752,cannot_find
Google Play Store,2026-02-11 06:37:54,1,have lost phots and videos and unable to retrieve,https://play.google.com/store/apps/details?id=com.google.android.apps.photos&reviewId=6add7e2f-dafd-44ce-8ff9-ba1e389592af,cannot_find; photos_missing
Google Play Store,2026-02-08 18:49:31,1,"Too many problems to list. Even the most basic functions don't work. For example search for a photo by filename, it will not find it and instead show you dozens and dozens of files not with that name",https://play.google.com/store/apps/details?id=com.google.android.apps.photos&reviewId=6bd14848-19d9-4e51-b0a0-1b52b131e3d1,search_broken
Google Play Store,2026-02-08 00:14:44,1,can't find my backed up photos,https://play.google.com/store/apps/details?id=com.google.android.apps.photos&reviewId=0da46285-b699-4c8c-b58f-c107ddaea5a5,cannot_find
Google Play Store,2026-02-05 13:19:31,1,I hate the new search icon/bar. AI never knows what I'm looking for so it is never accurate. I have pictures dating from 2017 so the search bar was the perfect place to look for an old picture. I love Google photos and how it keeps pictures but it's horrible if I can't find old pictures. Please bring back the old search bar,https://play.google.com/store/apps/details?id=com.google.android.apps.photos&reviewId=c27624ec-c3b9-464a-80be-76dd8c9b7342,cannot_find; about_old_content
Google Play Store,2026-02-04 13:16:39,1,The option to search for photos using name or event is no longer available. It's practically impossible to manually have to search for old pictures anymore,https://play.google.com/store/apps/details?id=com.google.android.apps.photos&reviewId=299033c9-6bd4-459f-b847-629925f08e8b,cannot_find; about_old_content
Google Play Store,2026-02-02 08:42:42,1,"A piece of garbage. Dumps all the photos into one giant, disorganized pile, making it impossible to properly find my SORTED BY FOLDERS photos.",https://play.google.com/store/apps/details?id=com.google.android.apps.photos&reviewId=23e4787c-b440-4895-92ad-e3ac03c4a707,cannot_find
Google Play Store,2026-02-02 02:00:14,1,"You have a filter to search only for videos but you don't have a filter to search only for photos. Why?! It seems like an insane product decision. searching for ""photos of "" does not work either. was the product manager for this app dropped in his head as a baby?",https://play.google.com/store/apps/details?id=com.google.android.apps.photos&reviewId=19a0bd1a-3adf-4d95-80dc-8058a2dd05f7,search_broken
Google Play Store,2026-02-01 22:45:35,1,"I have backed up all my photos since childhood to google photos app.. I have not left even a single photo in google up without backing up. I wanted to clear my storage.. so I Deleted them from my mbl gallery storage, and permanently deleted them.. but, all my photos were deleted in google photos too.. how did you delete pictures I have backed up in to the google photosss.. is this the purpose I have installed your app on addition to tha mobile provided One ss.. I cant Even find them in bin now",https://play.google.com/store/apps/details?id=com.google.android.apps.photos&reviewId=2444b635-f315-4068-bb39-dea3ff178f7a,cannot_find
Google Play Store,2026-02-01 09:47:59,1,With updates it has become difficult to find old photos,https://play.google.com/store/apps/details?id=com.google.android.apps.photos&reviewId=67450d66-94eb-425a-b33a-ee0ea5fa6d88,cannot_find; about_old_content
Google Play Store,2026-01-31 23:41:11,1,"photos from Whatsapp don't show up here on my pixel 8 which Sucks. I can't find them in the files app (which is super glitchy). This has worked fine on every gallery except for this one, please fix this",https://play.google.com/store/apps/details?id=com.google.android.apps.photos&reviewId=76516928-386f-4c4b-bcfc-1cfe353d8b19,cannot_find
Google Play Store,2026-01-31 17:40:07,1,new update is pathetic...most of the options are missing and hard to find like sharing options. This update is pathetic still you didn't added shared album option and I am not able to found it. there is only shared activity updates. Google has hired some useless developer and who has done some useless updates.,https://play.google.com/store/apps/details?id=com.google.android.apps.photos&reviewId=66571353-032d-4eed-9586-3f715888209f,cannot_find; photos_missing
Google Play Store,2026-01-30 15:49:23,1,"it's horrible. It's my default *gallary"" app and managing what's on my device and what's on the cloud is awful. I can't find half the photos I want to send to people. Too hard to navigate.",https://play.google.com/store/apps/details?id=com.google.android.apps.photos&reviewId=ab563c00-15c6-49d3-bdb3-53527d8b7429,cannot_find
Google Play Store,2026-01-30 10:28:08,1,"Used to be great. Now search is completely useless, which was really the only reason to use Google Photos over any other storage option. Sorting search results by relevance instead of date doesn't help if none of the results are actually relevant. And you can no longer select other photos from that same day without opening the photo in the results, noting the date, and then going back to look for that date. Update: Somehow you've managed to make the search function even more useless.",https://play.google.com/store/apps/details?id=com.google.android.apps.photos&reviewId=368ed44a-dd8d-4e31-802b-f60b75b8e6bc,search_broken
Google Play Store,2026-01-28 15:01:32,1,I hate how I can't set what photos I want to be backed up and what I don't want to be. So then I manually back up the things I want and it takes hours. I've been waiting 15 minutes for one photo to back up Edit: I looked for the setting that allows you to select which folders you want to back up and I couldn't find it.,https://play.google.com/store/apps/details?id=com.google.android.apps.photos&reviewId=f5c0458d-2bf7-43e6-82ed-dc2f07e87efa,cannot_find
Google Play Store,2026-01-27 07:56:12,1,"I had no idea why my photos were disappearing from my phone but I can't find them. I was getting spam emails stating I was at my limit on cloud Storage, and it sounded like a scam, (scams are about all I get in email these days). How do I find my last photos of my mom, and other precious pictures? Are they forever gone? Login: I can get in 1x, but timed out I have to reset my password, and sometimes more than once. Futile frustration for something that should be simple. I guess it's all gone.",https://play.google.com/store/apps/details?id=com.google.android.apps.photos&reviewId=47492b04-3c79-4f4d-9996-991d3217e700,cannot_find; photos_missing
Google Play Store,2026-01-26 23:33:40,1,"I am Using this App From Many Years But 3 Days Ago I have a very bad experience about this app as I have put some videos in locked folder from few days, I need to unlock those videos for some work 😕, As soon as I have moved them to gallery only 3 videos Backed up & 02 Videos of them was gone, Can't Find anywhere After that moving process, Can You Please Restore those videos 🥺",https://play.google.com/store/apps/details?id=com.google.android.apps.photos&reviewId=cea3c602-d3f3-4fc8-9bd6-93cc869bd6e9,cannot_find
Google Play Store,2026-01-26 04:48:12,1,AI search feature is trash. so clunky and gets in my way.,https://play.google.com/store/apps/details?id=com.google.android.apps.photos&reviewId=bae3cff0-218b-4644-9d86-258b2293eab7,search_broken
Google Play Store,2026-01-25 10:10:52,1,New version is unusable. Searching no longer works. I now use the web version as the app itself can no longer search images using the new Gemeni search. Bring back the old search option please!!,https://play.google.com/store/apps/details?id=com.google.android.apps.photos&reviewId=fb6957bc-4fb2-4248-84de-8c237ed52364,search_broken
Google Play Store,2026-01-25 01:55:20,1,"Nice app but forcing me to upload photos and videos eating my 15GB goole space like hyena, and I can't find where to save to device",https://play.google.com/store/apps/details?id=com.google.android.apps.photos&reviewId=c1fd9bbf-6534-4680-982d-56d44062cbcd,cannot_find
Google Play Store,2026-01-23 20:50:56,1,"now that you have changed the app as of the middle of January 2026, I cannot find my daily photos. what the hell is going on?",https://play.google.com/store/apps/details?id=com.google.android.apps.photos&reviewId=700bf565-ec9a-45ba-90cc-75ad8159bbe2,cannot_find
Google Play Store,2026-01-21 00:19:04,1,They got rid of the month/year scrollbar on the side 🤬 Now if I want to see photos from 2014 I have to scroll 100 times like a gd neanderthal. Stop removing features!!,https://play.google.com/store/apps/details?id=com.google.android.apps.photos&reviewId=96931155-c244-435b-bdb1-9e7a901aaefe,endless_scrolling; about_old_content
Google Play Store,2026-01-19 02:49:45,1,"The ""export frame"" for video is now hard to find and it doesn't even work correctly---it saves a different frame than what you selected. It was fine before, why change it? Especially just to break it?",https://play.google.com/store/apps/details?id=com.google.android.apps.photos&reviewId=4c7c1a51-229f-4f9c-8709-93fbe057a4c8,cannot_find
Google Play Store,2026-01-18 15:03:07,1,new search feature is much worse,https://play.google.com/store/apps/details?id=com.google.android.apps.photos&reviewId=e7397c18-4952-466e-ad9d-b3420666d9a3,search_broken
Google Play Store,2026-01-16 12:47:54,1,I cant find my locked folder what happend with new update,https://play.google.com/store/apps/details?id=com.google.android.apps.photos&reviewId=3f0dfa7b-71c5-49f3-b1d2-0793832a18f6,cannot_find
Google Play Store,2026-03-28 18:11:15,2,can't find my private folder and create new folders anymore,https://play.google.com/store/apps/details?id=com.google.android.apps.photos&reviewId=21464923-5896-452e-9770-c080eb875e78,cannot_find
Google Play Store,2026-03-28 01:31:20,2,"awful new update, can't find anything",https://play.google.com/store/apps/details?id=com.google.android.apps.photos&reviewId=f7912ee5-b407-40e4-8a00-6e7bed22bbe8,cannot_find
Google Play Store,2026-03-23 23:55:52,2,"almost all my pictures are lost ,I don't like the way google photos classified my pictures,I can't find certain pictures anymore !stop putting your nose in my albums!",https://play.google.com/store/apps/details?id=com.google.android.apps.photos&reviewId=47befb9e-eaba-44b7-a7a5-acd915344e3b,cannot_find; photos_missing
Google Play Store,2026-03-17 20:12:37,2,I find it difficult to sort photos and then find them again,https://play.google.com/store/apps/details?id=com.google.android.apps.photos&reviewId=0002b32a-60e6-46eb-8345-0aa1c8f0b96e,cannot_find
Google Play Store,2026-03-16 02:39:09,2,"I've noticed a new ""feature"" where objects/people in my photos are outlined with this shimmery white line when I view my photos. Apparently this might have something to do with creating stickers, which I don't want. I didn't opt into this feature and can't find a way to turn it off. Developers, please fix this and provide an option to turn whatever this is OFF.",https://play.google.com/store/apps/details?id=com.google.android.apps.photos&reviewId=a6b5faa4-5a47-4976-8aaa-78a548614140,cannot_find
Google Play Store,2026-03-11 15:18:25,2,"Perfect app to lose all your photos 😅 you can't use wildcards or just search for file name: if you need all the one received via WhatsApp and uploaded, you can't find them. No, better have our own archive.",https://play.google.com/store/apps/details?id=com.google.android.apps.photos&reviewId=31ef4ea5-c32d-42de-b089-f1f2ddcdb79a,cannot_find
Google Play Store,2026-02-27 04:56:02,2,"I have a huge issue, google photos send my pictures from previous years into the "" cloud ""...now they gone..I can't access them, can't find them they are totally gone. And if I had 15 odd years a cloud account, there's no way I remember the access details/ lock in. Google is terrible in this. Even if we have a new phone because the old is stolen or destroyed, Google makes it terrible hard to lock with a new phone into your email, google play, anything...it cohesion and control, total control.",https://play.google.com/store/apps/details?id=com.google.android.apps.photos&reviewId=95379b8b-b1ed-4c93-a784-69d5f592c4f5,cannot_find
Google Play Store,2026-02-24 07:00:49,2,"where is the search button after the recent update ? I can't find it anywhere ... google website docs page say ""At the bottom, tap Search."" , where I see 4 buttons: Photos , Collections, Create , Ask. ??",https://play.google.com/store/apps/details?id=com.google.android.apps.photos&reviewId=4c678eb6-f32f-4092-8b8b-581eebe67338,cannot_find; where_did_they_go
Google Play Store,2026-02-16 08:01:01,2,"recently, there is an animated ""shimmer"" over the subject of a photo when you open it. i cannot find a way to turn this off. I can't help but speculate that it's some new ai feature scanning my photos without my consent which feels extremely violating. i also have extreme photosensitivity, so unwanted flashing like this is a big problem.",https://play.google.com/store/apps/details?id=com.google.android.apps.photos&reviewId=bdc59b28-0c0e-45c0-b936-39fd60c3787b,cannot_find
Google Play Store,2026-01-31 06:47:48,2,Every time I understand how to navigate this app they completely change everything. I can never find the photos I want whenever they change things. I have been searching for 20 minutes and I cannot find the people section where I can search by people I have spent time tagging and sorting into albums. Search doesn't pull up anything anymore. It's garbage. They need to stop changing everything dramatically every 5 minutes to justify their salaries.,https://play.google.com/store/apps/details?id=com.google.android.apps.photos&reviewId=3262f5ee-e968-4201-8d5e-034cec60d606,cannot_find
Google Play Store,2026-01-30 06:57:41,2,"i am using pixel and Google photos from last 5 years , there are some problems 1. some time on of the folder get vanished from the app and I lost my 700 whatsapp images. (3months ago) I am again facing same problem but I searched the data in files, i got the folder as it is (whatsapp images) but not showing in gallary I don't know what to do. 2. it is difficult to find pictures by searching which was easier before update.",https://play.google.com/store/apps/details?id=com.google.android.apps.photos&reviewId=0f096847-f9cd-406f-a5ea-48f8b595242e,cannot_find; photos_missing
Google Play Store,2026-01-21 12:35:00,2,where is the option to delete permanently. pushes me into cloud and takes up the space. options and popups are cunningly added to just fill up cloud space and lose the photos on phone. I accidently freed up all photos from phone with 1 click from the option that popped up.,https://play.google.com/store/apps/details?id=com.google.android.apps.photos&reviewId=83599959-dfd4-4f3f-86f7-2cc3e50dadda,where_did_they_go
Google Play Store,2026-01-17 22:30:53,2,"App is set up in a very frustrating way that makes it hard to find pictures. Samsung photos was so much better. And stop trying to force me to back up my photos! I don't want to, stop making me click multiple times every few days to stay that I still don't want to! Not to mention it's set up to get you to inadvertantly turn it on. Just stop! I will never turn on notifications or backup, and that is my choice and my right. Stop bombarding me to try and force me to or wear me down! NO MEANS NO!",https://play.google.com/store/apps/details?id=com.google.android.apps.photos&reviewId=39b4552b-e91e-4469-8402-ef5547ca2db4,cannot_find
Google Play Store,2026-01-02 20:17:12,2,this stuff is so hard to use and the functions is extremely inconsistent. yesterday I was using ai to help edit photos in Google. today I can't find the ai. it's extremely hard to find personalized folders that i do not want on display . however to my great annoyance this app plaster image everywhere.,https://play.google.com/store/apps/details?id=com.google.android.apps.photos&reviewId=c0e4c71e-1b3a-4cec-a628-8828d0785f85,cannot_find
Google Play Store,2025-12-26 06:37:31,2,"Got a Google pixel phone and had Google photos, amazing organization! Wish I knew sooner. UPDATE: downgrading rating 12/25/25, this app turned into an absolute cluterfk, can't find photos anymore, they go into individual folders from apps, like msg app, or wherever, better remember where you saved them from. Stupidly complicated to find images now. also sharing images became impossible to locate. this used to be such an amazing simplified app.",https://play.google.com/store/apps/details?id=com.google.android.apps.photos&reviewId=d8191b36-f2a2-4aa9-bd32-a948c0a9eb01,cannot_find; forgot_details
Google Play Store,2025-12-19 22:00:51,2,"this app has gone SO downhill. the export frame feature no longer works properly. it chooses some random frame instead of the one I'm trying to export. also, the search function is garbage now. it used to be SO GOOD WHAT HAPPENED",https://play.google.com/store/apps/details?id=com.google.android.apps.photos&reviewId=b6c2f277-93d7-4427-9169-3c28f0f23ca7,search_broken
Google Play Store,2025-12-16 01:07:40,2,y can't I open in my pixel watch it says it's installed in the watch but I can't find it in the downloaded apps and can't access any photos,https://play.google.com/store/apps/details?id=com.google.android.apps.photos&reviewId=20597ced-3e06-47aa-8a0c-133da142b3b5,cannot_find
Google Play Store,2025-12-03 13:14:14,2,"current phone pixel9 UPDATE Sep25 the magic eraser feature has been made almost unusable with current version UPDATE July2025 they made it worse, the AI edit tool is garbage. Barely 2 stars now. I had previously rated this app 4 stars, perhaps almost 5. But have knocked it down to 3 as I really don't like the latest version. I upload pics from many devices and organise by album, this is not handled well by the new app, and the search feature is almost useless.",https://play.google.com/store/apps/details?id=com.google.android.apps.photos&reviewId=a1c71a42-1694-427c-bf0e-288af7fbc2f9,search_broken
Google Play Store,2025-11-23 01:01:22,2,I'm pissed because I cannot find my photos anywhere,https://play.google.com/store/apps/details?id=com.google.android.apps.photos&reviewId=2e04d6a2-f3be-4218-b0f6-13fd75b760e6,cannot_find
Google Play Store,2025-11-21 00:59:15,2,Used to be great! This app was the best to upload and share pictures. I loved the group album options and made family events easy to share. The update a few months ago has made it difficult to now find those shared albums. I can't find any of the pictures I need to when I need to. It's very frustrating and unhelpful the way it's organized now.,https://play.google.com/store/apps/details?id=com.google.android.apps.photos&reviewId=c22baf1a-6eaa-4cef-a7b2-33add72b818a,cannot_find; about_old_content
Google Play Store,2025-11-20 17:25:43,2,it seems the more you update the more the app get worse cause I remember when I could export frames from video in a sec but now it takes forever and it doesn't export the exact frame it displays pls fix this,https://play.google.com/store/apps/details?id=com.google.android.apps.photos&reviewId=51e20135-5eb7-4fcb-9b20-b5f1f617dcaf,forgot_details
Google Play Store,2025-11-20 16:59:47,2,"I have no clue how to retrieve my pictures, every once in awhile memory a pop up that will take me back to my other pictures but once that memory is gone I still can't get back to my pictures I wish I would have never put my pictures on my cuz I have no clue how to retrieve them how to view them or how to use them anymore it breaks my heart because all my family is dead and that's the only memories I have can you say it's not user-friendly for old people",https://play.google.com/store/apps/details?id=com.google.android.apps.photos&reviewId=2064f546-a738-43ef-bfbb-19d57c83060e,cannot_find
Google Play Store,2025-11-20 03:30:56,2,"the new Gemini search is total trash. makes the app practically useless. please allow for classic search! Update: use of classic search as suggested below does not yield the same results as the actual classic search. Whatever you guys did, you messed it up",https://play.google.com/store/apps/details?id=com.google.android.apps.photos&reviewId=9f299d0f-6a81-46c5-b358-02223f0da89c,search_broken
Google Play Store,2025-11-19 00:04:23,2,"Support for Live Photos (Motion) mysteriously disappears with every other update! Constantly changing UI makes it impossible to find features that used to be a simple one or two button/menu option. All they care about is shoving unnecessary AI garbage into the app. Like everything at Google, they'll slowly ruin what used to be a quality piece of software until it's essentially unusable and then get rid of it. Going to find an alternative and stop paying for extra storage.",https://play.google.com/store/apps/details?id=com.google.android.apps.photos&reviewId=d62ea9a1-dd79-44e7-b3f7-58328706a9bf,cannot_find
Google Play Store,2025-11-17 04:37:35,2,"I hate this app. The backup is fine, but the fact it saves by time and not by photo and there are multiple similar photos because they were saved at different times is so cluttered. I switched from Samsung to Pixel and it is the main photo app. I can't find anything anymore. Really, make it so it can scan for similar photos and you can remove them and easily make albums. Also, the ability to remove memories entirely. It is just unnecessarily complicated.",https://play.google.com/store/apps/details?id=com.google.android.apps.photos&reviewId=09143cf1-e6c7-4ae3-a04a-2074c126adef,cannot_find
Google Play Store,2025-11-11 20:25:01,2,"The search feature doesn't work all of the sudden. I type dog, bird, etc and nothing shows up. Even the screenshot collection is now blank. It worked a few days ago? What happened?",https://play.google.com/store/apps/details?id=com.google.android.apps.photos&reviewId=f38a80b1-96db-4a82-bdc3-5f8ece6b06d5,search_broken
Google Play Store,2025-11-10 17:52:05,2,"I love Google photos, I really do. But this stuff they're doing to make the app worse is just really bad. The search function is all but useless now, and now the way it displays recognized faces you can no longer view the date. WE DO NOT WANT AI!",https://play.google.com/store/apps/details?id=com.google.android.apps.photos&reviewId=f2b04e15-6a4c-4e61-87e0-fc657060109a,search_broken
Google Play Store,2025-11-08 20:47:44,2,"After recent update,I can not search my photos yearwise.Earlier when I was searching with only date,the search results were all photos of that date of all years.Now it is not coming Please revert to original search function Thanks",https://play.google.com/store/apps/details?id=com.google.android.apps.photos&reviewId=9e489122-c09a-4508-8aca-99a5cc679410,cannot_find
Google Play Store,2025-11-03 00:41:33,2,"I have completely lost control of my photos? ""Make available offline"" is a bad joke. Where? Where are the photos I took ON THIS DEVICE? Why does this app fight so hard to hide your photos from you?",https://play.google.com/store/apps/details?id=com.google.android.apps.photos&reviewId=6c98539e-ea0e-448f-b83b-a0d4a1d4b567,where_did_they_go; photos_missing
Google Play Store,2025-11-01 09:19:12,2,"I used to be able to import a specific frame from a motion photo, if the final photo wasn't good. I could slide back & forth till the photo was good, then import it as a new photo. After this last update, this is GONE and Im very disappointed. Id like to go back and uninstall this last update, if I knew how. The app is RUINED for me without this import feature. Also, you can't search for a picture the same as before update. Not user friendly.",https://play.google.com/store/apps/details?id=com.google.android.apps.photos&reviewId=b5d74ba3-3269-4280-85f5-9117acdcde09,cannot_find
Google Play Store,2025-10-30 01:22:48,2,why remove functionality? I can't efficiently search my photos anymore. I can't go to the day. It's not good.,https://play.google.com/store/apps/details?id=com.google.android.apps.photos&reviewId=b51ed0a9-e0fb-4558-b6da-a16438001632,cannot_find
Google Play Store,2025-10-27 19:45:58,2,i can't find my Snapchat pictures even when I export then from the app,https://play.google.com/store/apps/details?id=com.google.android.apps.photos&reviewId=8ac27f9c-00bc-4511-a665-12bc1f2e5ed7,cannot_find
Google Play Store,2025-10-23 20:53:12,2,so I've had a lot of photos for a while tell me why I delete almost all of them I only have a little room left it says that I have only a certain amount of room lamp and yet I can't seem to find the photos or videos or whatever that's talking about,https://play.google.com/store/apps/details?id=com.google.android.apps.photos&reviewId=7b39fa73-60a5-44a0-8d44-970bb99ef847,cannot_find
Google Play Store,2025-10-19 18:03:46,2,Can't search photos by place name without backup?,https://play.google.com/store/apps/details?id=com.google.android.apps.photos&reviewId=9883e19f-e656-4956-a31c-fe2a7fa5d5c4,cannot_find
Google Play Store,2025-10-17 10:31:16,2,"In where you look at videos there is a very unfortunate layout, you can't search for dates as you could before. In addition they layout makes it very overwhelming, please give me the old one back.",https://play.google.com/store/apps/details?id=com.google.android.apps.photos&reviewId=a68c3839-3795-4d5c-865a-7d0a367ec2ea,cannot_find
Google Play Store,2025-10-15 07:21:30,2,"Can't search for a specific photo, it just ignores what you put in... Use to be a good app, not so good now.",https://play.google.com/store/apps/details?id=com.google.android.apps.photos&reviewId=2a8311fa-1601-4312-bb35-75de61a2d965,cannot_find
Google Play Store,2025-10-13 15:21:41,2,"hey Google where is the ""export motion photo to gif"" gone 😕",https://play.google.com/store/apps/details?id=com.google.android.apps.photos&reviewId=9c3fbec1-f2ef-44c4-9c60-556e618e3add,where_did_they_go
Google Play Store,2025-09-23 23:09:50,2,There are times I would like to see all photos from the 90's but cannot find them. Having access to ALL photos to add a better message to my friends and family.,https://play.google.com/store/apps/details?id=com.google.android.apps.photos&reviewId=5890b75d-6476-4983-be29-d60f92997406,cannot_find
Google Play Store,2025-09-17 15:11:54,2,horrible! Cannot find many photos. Where are they?????,https://play.google.com/store/apps/details?id=com.google.android.apps.photos&reviewId=0f211e74-ad58-4bda-99b9-918c5079a9f8,cannot_find
Google Play Store,2025-09-17 04:57:38,2,cant find pictures or back them it's not working like everything else it's screwed up,https://play.google.com/store/apps/details?id=com.google.android.apps.photos&reviewId=eb218660-379a-4821-a780-fefd1246b731,cannot_find
Google Play Store,2025-09-16 21:04:50,2,"My photos are spread out over different pages ...archives, trash,documents, favorite and photo I can't find most of them unless I get lucky goggle photos used to great but trying to make it better you Broke it😤",https://play.google.com/store/apps/details?id=com.google.android.apps.photos&reviewId=471d2785-5e5a-4ffc-a6a7-29a269c78b60,cannot_find
Google Play Store,2025-09-12 23:02:32,2,I can not access my old photos . I can't find them. The only reason I even use google photo's is because I thought I would always have access to them any time any where ! But for some reason I can't even find them. I'm very upset about that....,https://play.google.com/store/apps/details?id=com.google.android.apps.photos&reviewId=b24c5879-dc83-4b46-a9a6-28ac25d70b81,cannot_find; about_old_content
Google Play Store,2025-09-12 22:06:52,2,"The photo search format is HIDEOUS. I hate having the search bar floating in the middle of the screen, and I don't care if you can move it, I just don't see why it can't be a regular, stationary search bar. I have also done searches for photos/videos with zero previous deletions within the app, and now with this more recent version, the results are absolutely *gutted* compared to what I would get before. Sometimes, simple IS best, and you shouldn't try to fix what wasn't broken.",https://play.google.com/store/apps/details?id=com.google.android.apps.photos&reviewId=ccc8c5b9-24c8-4512-96df-a0ee11e1cfda,cannot_find
Google Play Store,2025-09-08 03:02:52,2,"I hate the new search, I can't find anything and everything is unorganized!",https://play.google.com/store/apps/details?id=com.google.android.apps.photos&reviewId=6c5d39ff-18e1-41cf-88d1-896e007be317,cannot_find
Google Play Store,2025-09-03 08:12:19,2,Glitchy saving after updates. can't find saved edited photos. screenshots in weird place. Might go back to a folder based gallery app.,https://play.google.com/store/apps/details?id=com.google.android.apps.photos&reviewId=ba47cd0c-2453-4d30-9618-346bacd9fc4a,cannot_find
Google Play Store,2025-08-21 10:35:19,2,"Recent UI update not helpful in quickly or easily determining if a photo is on my phone or another of my devices. Have to scroll down further now to find that info rather than it being at the top of the info pane, and additionally, now we have to use a separate menu to download (3-dot menu). This is a huge and cumbersome backward step. Many of us have more than one device and need the ease of swiping upward and immediately seeing whether a photo/video is on this device + easily downloading.",https://play.google.com/store/apps/details?id=com.google.android.apps.photos&reviewId=6ab592cc-c69e-4021-8757-e94451376e36,endless_scrolling
Google Play Store,2025-08-09 00:32:53,2,"i locked my photos in this app but i can't access on them, when i try to access locked folder am asked to unlock my password, once i do they repeat the same process asking to unlock my password without showing anything, i can't no more see my photos each photos that i put in Locked folder i can't find it anymore, i try to open the folder i unlock with my password but nothing shows it keeps bringing the message open locked folder again, i tried again now to add another photo but the samething.",https://play.google.com/store/apps/details?id=com.google.android.apps.photos&reviewId=675baa60-96e3-4cd6-87de-e3b7767a780f,cannot_find
Google Play Store,2025-08-08 01:26:04,2,"recently noticed a problem , I can't seem to find all my pictures and some wouldn't show please solve the problem before it gets too late",https://play.google.com/store/apps/details?id=com.google.android.apps.photos&reviewId=571f90a1-a79e-4cdc-b7f0-9af447559125,cannot_find
Google Play Store,2025-08-03 09:22:56,2,very very upset right now! Goggle MADE me get a freaking Gmail name even thou have been using the same outlook for over a decade. Now it is merged together or whatever!!! The ONE AND ONLY freaking album in my collection that I care about I can't find!!! I know it still exist cause ppl are adding.photks and accessing it on their phone.,https://play.google.com/store/apps/details?id=com.google.android.apps.photos&reviewId=50fa1e74-d001-4e55-a748-61fb1c0666a1,cannot_find
Google Play Store,2025-07-10 04:18:41,2,can't retrieve my backed up photos o old device .,https://play.google.com/store/apps/details?id=com.google.android.apps.photos&reviewId=0237d86d-78b2-4aef-9f56-bda8314de5a1,cannot_find
Google Play Store,2025-07-09 10:48:39,2,I just hate this app I don't know what goes wrong with it when I open /play any video or picture from my phone gallery it gives ads ? seriously? means what ? it's Soo disgusting even I go to my phone settings it's gaves an ads I open the calculator this google photos gave me a ads even at this time when I wrote this review I'm also facing ads problem can can you please tell me what goes wrong with it ? what happened to it now what I do ?,https://play.google.com/store/apps/details?id=com.google.android.apps.photos&reviewId=65f30f67-a839-4ced-b840-9b4c31a9bbc6,forgot_details
Google Play Store,2026-04-02 11:44:51,3,Where has the search function gone from the photos home page?,https://play.google.com/store/apps/details?id=com.google.android.apps.photos&reviewId=a6264b9d-f6fd-4a0b-9c9e-7dd71bd0a98d,where_did_they_go
Google Play Store,2026-03-09 18:23:57,3,"Please keep my photos safe, Google. I've given a few more star's and I shouldn't have to beg. WHERE ARE MY DECEASED MOMS PHOTOS FROM HER LAST CHRISTMAS???????? I pay for storage!!! REALLY GOOGLE?????",https://play.google.com/store/apps/details?id=com.google.android.apps.photos&reviewId=2a578b9b-0af7-432a-ac15-177c14aebbf0,where_did_they_go
Google Play Store,2026-03-04 20:39:33,3,"It seems that the app cannot recognize Oppo Find X9 Pro Ultra HDR images captured by Master Mode but Auto Mode. Furthermore, editing image then hold the image to see the previous state of the image will make the entire screen dim",https://play.google.com/store/apps/details?id=com.google.android.apps.photos&reviewId=9adc6fe2-a5d4-4edf-a59f-fa5b97bea92d,cannot_find
Google Play Store,2026-02-22 13:39:22,3,Hard to find conversations. The photos I shared with other google profiles if not an album. Very frustrating. It should be easily accessible.,https://play.google.com/store/apps/details?id=com.google.android.apps.photos&reviewId=43fbd0fc-a9e1-4c01-863e-fb091175f804,cannot_find
Google Play Store,2026-02-09 20:09:09,3,can't find my videos on this cell from my previous phones,https://play.google.com/store/apps/details?id=com.google.android.apps.photos&reviewId=d454837d-bf8d-43ff-a5ea-ec70fd3c50c9,cannot_find
Google Play Store,2026-02-06 18:58:29,3,I can't locate many of my photos and I'm not sure why!?,https://play.google.com/store/apps/details?id=com.google.android.apps.photos&reviewId=851ce2ef-986a-4605-8056-80155bc77bf5,cannot_find
Google Play Store,2026-01-29 01:29:00,3,I cannot find photos,https://play.google.com/store/apps/details?id=com.google.android.apps.photos&reviewId=41926399-a614-4f3b-bd46-f51288ce1769,cannot_find
Google Play Store,2026-01-26 12:43:10,3,"Pls provide a ""SEARCH OPTION"" while adding photos/videos into an album so that i don't have to scroll for long time to search the particular album.",https://play.google.com/store/apps/details?id=com.google.android.apps.photos&reviewId=ec551bdd-571a-4c8f-bc60-87ca3f7ab0ec,endless_scrolling
Google Play Store,2026-01-18 14:00:24,3,I can't ever find my pictures!,https://play.google.com/store/apps/details?id=com.google.android.apps.photos&reviewId=f96440aa-599f-4480-bf04-8c8828a44929,cannot_find
Google Play Store,2026-01-16 06:40:59,3,I received a my picture from Whatsapp but I can't find it at my facial picture save. Not mine alone. Others picture too are not recognized. WHY,https://play.google.com/store/apps/details?id=com.google.android.apps.photos&reviewId=85d83c35-982f-4ae4-891e-4862d657a0b7,cannot_find
Google Play Store,2026-01-14 16:48:32,3,goes in and out but cannot find photos,https://play.google.com/store/apps/details?id=com.google.android.apps.photos&reviewId=c68c0bb5-c594-483e-8433-3f3996cc29f7,cannot_find
Google Play Store,2026-01-12 15:26:01,3,"I've been a user since 2015...I remember when it used to be free and all the automatic generations (even auto panorama of regular photos!) that used to delight and awe me. I bought my first Pixel partly because of Google Photos and what it promised. Now it is no longer free, and it tricks users into uploading photos that take up storage and blocks their Gmail from receiving new emails. I have had to troubleshoot this for older people many times now. It's a disgrace what Google Photos had become.",https://play.google.com/store/apps/details?id=com.google.android.apps.photos&reviewId=571d58cf-2160-4da8-921b-977bda989c0d,forgot_details
Google Play Store,2026-01-07 04:31:17,3,"Google Photos could be a lot better if you were able to retrieve old photo and videos, Google Photos don't allow this process. I mean what's the point in using this advanced app if you can't go back and retrieve old photos that are in your Google account.",https://play.google.com/store/apps/details?id=com.google.android.apps.photos&reviewId=88995380-2bd0-4932-8743-efe052079fc3,cannot_find; about_old_content
Google Play Store,2025-12-26 09:26:30,3,"ai is too confusing and goes to roundabout in order to search for specific photos with more details in the question... it seems to be 4 out of 10 times. the AI will accurately pull photos of what I'm trying to describe. I wish AI would be able to search details in the lock folder as a choice like a toggle switch. otherwise, most of my content is in a locked folder that I cannot search, but it's amount of data is too overwhelming to go through on a scroll. I'm looking forward to the fine tuning",https://play.google.com/store/apps/details?id=com.google.android.apps.photos&reviewId=1fd3d1b3-cf75-4ebe-ad40-decb0b4561a6,cannot_find
Google Play Store,2025-12-19 22:00:18,3,it took my suggestion to let me add music to the video it lets me make but the music it offers is bad and now it's not letting me make videos. I'm thinking about going to prime phone. at least I have options 😕 update: what happened to all my pictures?! they're all gone or I can't find them!! bring em back please 🥺,https://play.google.com/store/apps/details?id=com.google.android.apps.photos&reviewId=e6f7acc6-9204-4bfe-ae46-9e4862730375,cannot_find
Google Play Store,2025-12-16 22:46:14,3,I just lost all my saved photos in some albums. Can't find them anymore 😪 😭😭😭😭,https://play.google.com/store/apps/details?id=com.google.android.apps.photos&reviewId=64b55713-e71a-4a74-8539-0b5e638ed0c9,cannot_find; photos_missing
Google Play Store,2025-11-29 03:57:42,3,"Videos are hard to find, pix all over the place! can't find them. Why do you keep messing with the app. I even pay for storage. PLEASE STOP WITH SO MANY UPDATES! After each back up, why do I end up with SO MANY duplicates? Seems i am deleting the same pictures.",https://play.google.com/store/apps/details?id=com.google.android.apps.photos&reviewId=f4a06f1d-cefb-46c9-8dea-0f3b4233692a,cannot_find
Google Play Store,2025-11-18 22:12:25,3,I deleted some pics from the bin and I can't find them ...I'm sad now,https://play.google.com/store/apps/details?id=com.google.android.apps.photos&reviewId=2700a455-5e78-42a3-86df-0e04f5ecda6c,cannot_find
Google Play Store,2025-11-11 12:38:43,3,well up till now it was excellent!! But recently I noticed that while editing photos there was an option called AI enhance which was so cool btw. Now gone!!! I can't find it anywhere.,https://play.google.com/store/apps/details?id=com.google.android.apps.photos&reviewId=2069d474-fc2c-4f3e-aba6-22317f6f6b2a,cannot_find
Google Play Store,2025-10-25 19:45:46,3,can't find my old photos,https://play.google.com/store/apps/details?id=com.google.android.apps.photos&reviewId=986e6fd3-f4e8-4589-bd2d-a25db6d13a07,cannot_find; about_old_content
Google Play Store,2025-10-17 12:54:28,3,"The app is a bit unorganized, when you share a memory it often disappears and it's very hard to find, instead of just having chats",https://play.google.com/store/apps/details?id=com.google.android.apps.photos&reviewId=e33e4792-4592-44df-a6d8-dee84c27b4f0,cannot_find
Google Play Store,2025-10-10 20:50:08,3,my pics were deleted just because I chose not to update. I can't even retrieve them,https://play.google.com/store/apps/details?id=com.google.android.apps.photos&reviewId=e08b97eb-f1e2-4a13-966e-e44c7d64b59d,cannot_find
Google Play Store,2025-10-08 12:07:30,3,But i can't find my pictures and videos anymore they are in a group faces i don't it at all.It started when i back up,https://play.google.com/store/apps/details?id=com.google.android.apps.photos&reviewId=b60c1a4c-15dc-4518-972b-1b5245a9dda5,cannot_find
Google Play Store,2025-10-05 11:50:21,3,"I can't find the photo to video,and the photo remix in the create tab",https://play.google.com/store/apps/details?id=com.google.android.apps.photos&reviewId=48d71242-fe39-4c9b-a871-d1af22adee5b,cannot_find
Google Play Store,2025-10-01 14:03:11,3,"basic stuff are missing to long how to disconnect an account, how to not backup to an account how to delete from an account without deleting from photos app couldn't find any simple answer Google only pushed for buying it's storage, like crazy pigs",https://play.google.com/store/apps/details?id=com.google.android.apps.photos&reviewId=1f4684c0-e0e0-4397-a880-5bbeaa85a15e,cannot_find; photos_missing
Google Play Store,2025-09-23 07:28:18,3,"It's not functioning well at this moment, for several days now I have been trying to get access to my back up pictures I did from 2019 to 2023, I can't find them anymore. it wasn't like that 1 week ago, but now I don't know what's going on. all my previous pictures and videos can't be found. what's going on?",https://play.google.com/store/apps/details?id=com.google.android.apps.photos&reviewId=2e06a598-60d4-48e3-9eec-85cb4f66bfd6,cannot_find; about_old_content
Google Play Store,2025-09-18 09:17:01,3,not enough storage and pics go. to random file folders and can be hard to find,https://play.google.com/store/apps/details?id=com.google.android.apps.photos&reviewId=f034e88e-8015-4143-b688-e4de1006e5e1,cannot_find
