source,subreddit,type,date,score,text,url
Reddit,r/googlephotos,post,2026-05-20T16:57:44.598000+0000,8,"Finding the ""Unrecognized"" or ""Face available to Add"" : How I finally automated the discovery of thousands of hidden faces in Google Photos - I am at my breaking point. I have over **85,000 photos** in my library and the number still increasing, and Google Photos has completely failed to manage all faces.  **The core problem?**  **The ""Unrecognized"" faces or ""Face available to Add""** We all know they are there buried deep and Google makes it impossible to see a list of them. You can't search, filter or even use the AI Ask photos feature. The manually clicking through 85,000 photos to find which ones have an ""Available to add"" tag is a literal prison sentence. I contacted Google one support, and you know the answer.  Seriously I considered leaving for other services, but the ""Google One"" ecosystem trap is too strong specially with AI package. I was locked in. So, I decided to stop waiting for Google to fix their product and built my own scanner to extract these hidden faces.  I used AI to build a custom tool that scans my library, identifies exactly which photos have faces waiting for a name, and exports the direct links into a clean CSV file.  **The Solution: Targeted Face Discovery**  This script doesn't just ""scrape"" it mimics human behavior to avoid being bot, carefully navigating your library to find those ""Available to add"" tags that are impossible to search for manually.  **How to reclaim your library (Step-by-Step):**  Just a heads up: these steps are a general overview. I’m not a developer, so if you get stuck along the way, don't hesitate to use an AI assistant to help you debug or clarify any part of the process  * Install Python * Install VS Code * Setup Your Folder * Create a new folder on your Desktop and name it `GooglePhotosScanner`. * Open **VS Code**. * Click **File** \> **Open Folder** and select the `GooglePhotosScanner` folder you just created. In VS Code, look at the sidebar on the left. * Right-click in the empty space, select **New File**, and name it `scan.py`. * Copy the code block paste it into the file, and press `Command + S` (or `Ctrl + S` on Windows) to save it.  Python      from playwright.sync_api import sync_playwright     import csv     import sys     import time          sys.stdout.reconfigure(line_buffering=True)          # ==========================================     # ⚙️ STRICT TIMING SETTINGS     # ==========================================     FIXED_WAIT = 3.0  # Strict 3 seconds wait per photo for scanning     RETRY_WAIT = 3.0  # Strict 3 seconds rest between navigation retries          def run():         print(f""--- Starting Scan with Strict Fixed Wait ({FIXED_WAIT}s) ---"")                  start_time = time.time()                  total_scanned = 0         faces_found = 0         no_faces = 0                  with sync_playwright() as p:             browser = p.chromium.connect_over_cdp(""http://127.0.0.1:9222"")             page = browser.contexts[0].pages[0]                          try:                 with open('unrecognized_faces.csv', mode='a', newline='', encoding='utf-8') as file:                     writer = csv.writer(file)                     while True:                         current_url = page.url                         total_scanned += 1                                                   # 1. Strict Wait (No early exit)                         page.wait_for_timeout(int(FIXED_WAIT * 1000))                                                  # 2. Single Check after the wait                         found = False                         if any(el.is_visible() for el in page.get_by_text(""available to add"", exact=False).all()):                             found = True                              # 3. Log results                         if found:                             faces_found += 1                             writer.writerow([current_url])                             file.flush()                             print(f""✅ Found: {current_url}"")                         else:                             no_faces += 1                             print(f""❌ Clean: {current_url}"")                              # ==========================================                         # 🔄 Robust Navigation Strategy                         # ==========================================                         navigated = False                         for attempt in range(3):                              page.keyboard.press(""ArrowRight"")                                                          try:                                 page.wait_for_function(f""window.location.href !== '{current_url}'"", timeout=4000)                                 navigated = True                                 break                              except Exception:                                 print(f""⚠️ Browser is slow... Navigation attempt {attempt + 2} of 3"")                                 # Rest for 3 seconds before trying again                                 page.wait_for_timeout(int(RETRY_WAIT * 1000))                                                   if not navigated:                             print(""\n--- Reached the end of the album (or browser is completely stuck) ---"")                             break                                          except KeyboardInterrupt:                 print(""\n--- Scan stopped manually by user ---"")              # Final Time Calculation         end_time = time.time()         elapsed_time = end_time - start_time                  minutes, seconds = divmod(int(elapsed_time), 60)         hours, minutes = divmod(minutes, 60)                  if hours > 0:             time_str = f""{hours}h {minutes}m {seconds}s""         else:             time_str = f""{minutes}m {seconds}s""              # Print Final Report         print(""\n"" + ""=""*40)         print(""📊 FINAL SCAN REPORT:"")         print(""=""*40)         print(f""📷 Total photos scanned:      {total_scanned}"")         print(f""⚠️ Photos with faces found:   {faces_found}"")         print(f""✅ Clean photos (No faces):   {no_faces}"")         print(f""⏱️ Total time elapsed:        {time_str}"")         print(""=""*40 + ""\n"")          if __name__ == ""__main__"":         run()       * In VS Code, click the **Terminal** menu at the top, then select **New Terminal**. * A window will pop up at the bottom of VS Code. Make sure it says `GooglePhotosScanner` in the path.    * `pip install playwright`    * `playwright install chromium`    * Open Chrome in Debug Mode (so the script can see it):    * **Windows:** `""C:\Program Files\Google\Chrome\Application\chrome.exe"" --remote-debugging-port=9222`    * **Mac:** `/Applications/Google\` \[`Chrome.app/Contents/MacOS/Google\`\]([http://Chrome.app/Contents/MacOS/Google](http://Chrome.app/Contents/MacOS/Google)) `Chrome --remote-debugging-port=9222` * Sign in to your google account, open Google photos * This is important and this how is did it, In google photos search, typed Jan 2010 - Dec 2010, Open the 1st image (not in the most relevant section) then click on ""i"" to open the side info * Make sure the only chrome opened is the with the debug mode, and its viewing the 1st image in your list with side info details is opened * Go back to **VS Code,** Open new terminal while the 1st one still running and type: `python3` [`scan.py`](http://scan.py) * You’ll get a CSV list of every single photo in your library that contains an unidentified face.  ![img](ras4rlf2pb2h1)    Next time if you would like to run it again  * Open Vs Code * Open your folder (Click **File** \> **Open Folder** and select the `GooglePhotosScanner` folder you just created. In VS Code,  * From the top menu, Terminal -> and in the terminal type then Enter  &#8203;      /Applications/Google\ Chrome.app/Contents/MacOS/Google\ Chrome --remote-debugging-port=9222 --user-data-dir=""/tmp/chrome_dev_test""  * Keep the previous Terminal running , and again from the menu select Terminal -> new terminal and type then Enter   &#8203;      Python3 scan.py  I added a ""Base Wait"" of 1 second. Why? Because we want to mimic human behavior. If you go too fast, Google will flag you. This pace is safe, reliable, and it saved me months of work.  Why this changes everything: Instead of staring at thousands of photos, I now have a simple list. I can tackle 5K - 10K faces a day without breaking my back. If you are struggling with a massive, unorganized library, don't keep searching for a feature that doesn't exist. Automate the discovery yourself.  **Final word:** If you are currently struggling with 10k, 50k, or 85k+ photos and you feel like the system is working against you, don't give up. The solution isn't in Google's settings; it’s in taking control of the browser yourself.  **Troubleshooting:** If you run into any permission issues, path errors, or the script isn't detecting the port—don't panic. Just ask an AI to help you with the traceback errors. It helped me iterate and fix every bottleneck I encountered.",https://www.reddit.com/r/googlephotos/comments/1tirpw1/finding_the_unrecognized_or_face_available_to_add/
Reddit,r/googlephotos,post,2026-02-14T06:25:44.220000+0000,2,"How to search for images of a person alone?? - I'm trying to find photos of me alone, and it seems impossible on Photos. It seems the genius AI doesn't understand words like ""alone"", ""and nobody else"", ""the only subject"", etc. Or maybe there's just no advertiser to pay for these keywords and they just refuse to output anything if nothings paying for it? It's just unbelievable how difficult it is to get such a basic service from a ""world-leading AI"".",https://www.reddit.com/r/googlephotos/comments/1r4dbyu/how_to_search_for_images_of_a_person_alone/
Reddit,r/googlephotos,post,2025-08-24T00:32:46.728000+0000,3,Downloading from Google Photos to my PC - Because my Google storage is almost full I have been trying to download images and videos from Google Photos. I used Google Takeout to download all the photos and after unzipping I discovered that I cannot view the photos because of the metadata. Some of them I still can since they don't have location and time data(??). Is there a simple way of doing either (i) stripping metadata from all the images or (ii) viewing the images without the metadata lost? Thanks.,https://www.reddit.com/r/googlephotos/comments/1myhqtp/downloading_from_google_photos_to_my_pc/
Reddit,r/googlephotos,post,2026-02-04T15:03:18.717000+0000,1,"I can't find my saved photos from my Google account!! - I have old photos in my Google account and I'm out of storage there.      And I said since I don't have Google storage, I'd rather have them on my phone because I have free storage there.      I choose the pictures and press download and it says it's gonna save it but nothing is saved on my device!        Tried it with two devices and it still doesn't work.   Please help me.",https://www.reddit.com/r/googlephotos/comments/1qvqvs0/i_cant_find_my_saved_photos_from_my_google_account/
Reddit,r/googlephotos,post,2022-07-26T01:38:42.495000+0000,3,'Moved' a photo out of the locked folder but I can't find it. where did it go? Google Photos/pixel 6,https://www.reddit.com/r/googlephotos/comments/w86jof/moved_a_photo_out_of_the_locked_folder_but_i_cant/
Reddit,r/googlephotos,post,2021-02-28T17:50:19.754000+0000,1,"How to find lost photos after backing up to google photos? - Everytime I back up my device photos to google photos, I can't find instagram and facebook album anymore, neither in my device nor in the google photos. I do not have syncing permission turned on for those albums. After a lot of trying, I found some of those instagram photos/videos mixed up with some other photos in a weird link in google photos. But how/where to find all instagram/facebook albums that I had before?",https://www.reddit.com/r/googlephotos/comments/lulupb/how_to_find_lost_photos_after_backing_up_to/
Reddit,r/googlephotos,post,2024-11-15T21:26:54.596000+0000,2,"Can't find the pictures that were in a notification from Google Photos - \*SOLVED\* I found the photos in my ""Messages"" folder.    Not sure why they showed up in a Google Photos notification, as this folder had not been backed up to Google Photos.    Last weekend I got a Photos notification (can't remember if it was a memory or something else) that had a few photos of my kids from a couple of years ago.  I went to find those photos earlier this week, and they don't seem to be anywhere.  I looked on both the app and on PC, checked trash/archive along with other folders on my phone, followed all the troubleshooting steps I could find online, and nothing.  If anyone has any other ideas, I'd greatly appreciate it!",https://www.reddit.com/r/googlephotos/comments/1gs76kk/cant_find_the_pictures_that_were_in_a/
Reddit,r/googlephotos,post,2023-05-11T16:35:24.010000+0000,4,"(Urgent) How do you find JUST the list of UPLOADED photos and videos to google photos? - I'm abit in a rush here, I'm backing up the data for my parents to help them switch to a new phone. I've had them chose the photos they wanted to backup and hit back up. I see the process uploading in the notification bar but i can't find where to see then anywhere, if i can't I'll have to upload it to google drive instead which i shouldve done in the first place  (SOLVED TY GUYZZ)",https://www.reddit.com/r/googlephotos/comments/13esfsd/urgent_how_do_you_find_just_the_list_of_uploaded/
Reddit,r/googlephotos,post,2024-06-20T17:00:21.335000+0000,2,"Google photos is deleting photos I did not select and I can't find them in Trash - I'm trying to clean up my photos by getting rid of similar shots. But when I select a photo to delete, Google is also deleting the similar shot next to it and it isn't there when I go to Trash to restore it, just the photo I originally selected is. What in the world is going on and how do I fix this?",https://www.reddit.com/r/googlephotos/comments/1dkgnkc/google_photos_is_deleting_photos_i_did_not_select/
Reddit,r/googlephotos,post,2020-12-02T18:59:09.957000+0000,2,"Photos restored from google photos disappeared after restoring them and now I can't find them anywhere - I tried restoring all my deleted photos that were in the bin and they disappeared completely from both the bin and my photos. I've tried everything. I've downloaded apps to help retrieve lost photos. I have an SD card in my phone, but before I put that in those photos that I restored from the bin were originally stored within the phones storage. When I go under my files it doesn't at all list my phones storage it only shows my SD storage. I don't know what to do at this point :(. Please help! I don't know if I posted this under the right page. I have a Motorola Z3 play.",https://www.reddit.com/r/googlephotos/comments/k5fq11/photos_restored_from_google_photos_disappeared/
Reddit,r/googlephotos,post,2020-09-16T04:29:49.458000+0000,5,Lost ? Can't find my google photos from my old Note 8 - I crushed my phone (note 8) and couldn't retrieve data off the phone.  I had them on google photos on my phone and only a few photos transferred over even though I know I had a large amount on them.  Can I have google photos on a yahoo email address/account?  They are not coming up with my google account and I am trying to figure out where there are.  Any help or ideas would be greatly appreciated.,https://www.reddit.com/r/googlephotos/comments/itotgx/lost_cant_find_my_google_photos_from_my_old_note_8/
Reddit,r/googlephotos,post,2023-02-25T19:07:15.792000+0000,6,"Google Photos can't search and find words in text blocks I insert--why not? - I like how I can insert a block of text next to my photos in Google Photos.     (click the three dots, edit album, click the ""Tt"", enter the text, and drag the text box next to the photo you want it to be beside).   This can make an album look somewhat like a blog!  Yay!   ***BUT critically and incredulously, for a company that's known for ""search"", the search function within Google Photos can't find any of the words in my blocks of text!***  Search within Photos can be crazy smart at times:  e.g. when I search for ""Chicago"", it will find not only the photos I took in Chicago, but also the photo of a restaurant *named* ""Little Chicago"" in a small town in a different country.   In a different town, a museum had a display about Chicago and I took a picture of the sign that had the word ""Chicago"" and search in Photos found that too.  Cool!  But why can't search find words in my text blocks???  Without this ability, I feel I can't use Google Photos like an impromptu blog.",https://www.reddit.com/r/googlephotos/comments/11bsuw9/google_photos_cant_search_and_find_words_in_text/
Reddit,r/googlephotos,post,2022-07-22T18:13:44.781000+0000,5,"New to Android - can't find my gifs in google photos? - I've recently made the switch to the pixel 6 (from an iPhone) and I initially thought my gifs were all gone after looking through the google photo app.  Turns out they aren't gone since I can still see them in the files app. Is there a way to make them appear in google photos too?  I couldn't seem to find a post on this particular issue (among the thousands of topics discussing gifs and google photos), if this has been solved before please link me to it and delete the post!",https://www.reddit.com/r/googlephotos/comments/w5hbhm/new_to_android_cant_find_my_gifs_in_google_photos/
Reddit,r/googlephotos,post,2024-06-27T07:28:37.758000+0000,3,"My Android phone backs up all folders in my Google photo app, but I can't find them online ? - My Android phone backs up all folders in my Google photo app, but I can't find them online ? - When I visit https://photos.google.com/ it seems that my photos are there, but organized by date and not by folder, is it usual ? Android Google photos does not upload the pictures with their folders ? - Thank you so much !",https://www.reddit.com/r/googlephotos/comments/1dplh0l/my_android_phone_backs_up_all_folders_in_my/
Reddit,r/googlephotos,post,2021-11-30T16:44:18.859000+0000,0,"I have recently bought new iphone and i cant find google photos in app store - App store directly says that app is not available for my country/region. I tried to change the region but it still says the same. Can some one help me out? Maybe there are certain regions from where i can install the app, or maybe im doing something wrong. Please help me out as whole my photo albums are there.",https://www.reddit.com/r/googlephotos/comments/r5reod/i_have_recently_bought_new_iphone_and_i_cant_find/
Reddit,r/googlephotos,post,2024-12-22T08:11:32.564000+0000,13,"I can't find my Google Photos recap?? -  It was supposed to come out a while ago and I don't have it, in fact no online article helped me either.",https://www.reddit.com/r/googlephotos/comments/1hjuab0/i_cant_find_my_google_photos_recap/
Reddit,r/googlephotos,post,2024-11-08T07:32:15.993000+0000,1,Where did my video go? - I have an old android that I booted up recently. Wasn't connected to the wifi so I didn't see any backed up photos. I took a video and left it alone but today I went to look at the video and could not find it. Is it lost somehow in Google photos?!,https://www.reddit.com/r/googlephotos/comments/1gmd6eu/where_did_my_video_go/
Reddit,r/googlephotos,post,2024-07-20T19:07:24.706000+0000,1,"I pressed ''free up space'' on google photos, and it deleted about 5000 photos from my phone. I was logged into my google account at that time, but now i can't find the 5000 photos that were deleted from my phone but supposedly saved to my google account cloud. - Has this happened to anyone, and does anyone know where the photos are?",https://www.reddit.com/r/googlephotos/comments/1e832av/i_pressed_free_up_space_on_google_photos_and_it/
Reddit,r/googlephotos,post,2021-09-17T14:29:52.213000+0000,25,The Google Photos storage to 0mb battle continues. Down to only 7.9mb used and can't find it. Driving me crazy!,https://www.reddit.com/r/googlephotos/comments/pq190c/the_google_photos_storage_to_0mb_battle_continues/
Reddit,r/googlephotos,post,2020-06-30T18:13:31.406000+0000,3,"Where to find Google Photos generated pictures? - With the new UI, I can't find where to get the AI Google Photo generated pictures. I got a notification on my Pixel that a generated picture was created, clicked on it and it did pop up but I backed out of it and now I can't find where it is.",https://www.reddit.com/r/googlephotos/comments/hiss0w/where_to_find_google_photos_generated_pictures/
Reddit,r/googlephotos,post,2025-01-26T19:48:29.233000+0000,3,is google photos search function limiting my searches to text so i cant find text in screenshots? - idk why but i try to find a screenshot with a certain screenname or word but it never comes up .  i search my own screenname and it comes up but never consistently or recently    moreover even words clearly in the screenshot arent searchable especially in recent times and especially since i was able to do all of this very easily in the very recent past.  what gives?,https://www.reddit.com/r/googlephotos/comments/1iaob2b/is_google_photos_search_function_limiting_my/
Reddit,r/googlephotos,post,2024-09-24T16:47:26.177000+0000,3,"I've seen a total count ""backed up"" in Google Photos app, but can't find it now. - I know I've seen in one of the Google Photo apps (I have both an Android and an iPhone) where it shows a total number of photos backed up.  Essentially, a total count.  I can't find it anymore.  Has anyone seen this?  Where is it?  Thanks.  Edit:  Now that I know where to find it, thanks to u/TheManWithSaltHair, my two android phones show 10482, my iPhone shows 10477, I created lists for each year and added every photo to the albums, but they added up to 10481 (triple checked, did not miss anything).  I'm not as concerned about the iPhone being off, but GP reports 10482 photos but all the photos from the albums added up to 10481.  Any explanation for this?",https://www.reddit.com/r/googlephotos/comments/1foh5m8/ive_seen_a_total_count_backed_up_in_google_photos/
Reddit,r/googlephotos,post,2022-07-01T22:27:48.812000+0000,3,"Google photos is a constant sh!t-show for me. Swiping up on a photo gives blank properties/options page. Uploading new photos can take many minutes to begin or multiple hours. Cant search a particular album name. Albums are listed by date of oldest photos in the album… - This morning I searched through some old photos to create a birthday album for my son. Swiping up (or using 3 dots menu) more often than not gives a blank properties/option card or page- whatever they call it. Sometimes I’d let it sit on that photo and swipe up again and the details would finally show, or I would swipe left or right to a different picture then swipe up, the details would show, then with details showing I’d swipe back to the one I wanted and the details would be there. I’m constantly fighting with this app do get it to do what it should do.   Uploading new photos from my iPhone pro max 12 or my PC can take minutes or hours. There’s no telling.   Also- an album I created was apparently nowhere in sight- wouldn’t a new album be sorted by its creation date and be at the top? Nooooo… it’s organized by the date of the oldest photo or maybe the first photo added which in my case was from 2001. I had to scroll down through HUNDREDS of albums to find it.   AND I can’t search the name of the album, “Cameron Birthday Pics”. The album doesn’t show as a result. Only pictures of Cameron at birthday parties.   A complete sh!t-show. Amazon Photos here I come.",https://www.reddit.com/r/googlephotos/comments/vpct9h/google_photos_is_a_constant_shtshow_for_me/
Reddit,r/googlephotos,post,2019-10-24T12:55:45.883000+0000,2,"Is there a way to make Google photos find WhatsApp sent folder in backup? - My photos app shows WhatsApp images under backup folder option. However, it can't find the WhatsApp sent folder images. Nor does it find the videos under WhatsApp video under the sent folder. Is there anyways to 'force' the app to find them. It neither shows up on my Samsung gallery app.",https://www.reddit.com/r/googlephotos/comments/dmg06l/is_there_a_way_to_make_google_photos_find/
Reddit,r/googlephotos,post,2021-08-22T18:23:14.041000+0000,0,"Google photos use storage and can't find which photos use it - Apparently some of my google photos are using 207MB of my storage, see picture below. However I can't find which photos exactly use this storage. ""Review and delete"" section below shows nothing. Is there a way? Or is this a bug?  &#x200B;  &#x200B;  ![img](4uyebak9cyi71)",https://www.reddit.com/r/googlephotos/comments/p9hu3p/google_photos_use_storage_and_cant_find_which/
Reddit,r/googlephotos,post,2022-09-19T18:38:48.767000+0000,1,"When using Google Files to free up space, will it delete photos or images already saved into the cloud? I can't seem to find any that I chose to free up space in Google Photos. - I tried to free up space using Google Files or whatever it's called because my phone's storage was reaching limit. That was about a year ago, so I tried to look for this one specific video I had saved and I can't seem to find it. I'm sure there's no way to recognize it, but I'm really sure by the time I downloaded it should've already been backed up into the cloud. I searched all day, scrolling through my photos and I can't seem to find it anywhere.",https://www.reddit.com/r/googlephotos/comments/xikqv7/when_using_google_files_to_free_up_space_will_it/
Reddit,r/googlephotos,post,2023-11-17T00:00:36.607000+0000,2,"All this talk about AI features and Google Photos still can't reliably find things in photos 8 years after the feature launched. - ""Dog"", ""Red chair"", ""Pasta""... simple object queries like this will return maybe 10-20% of the photos that it should. Often, the same query will result in a correct match in one instance but not the next. This feature would be incredibly useful if it worked, but it doesn't. It sucks and always has and Google should be embarrassed that they haven't improved it in 8 years.",https://www.reddit.com/r/googlephotos/comments/17x1j79/all_this_talk_about_ai_features_and_google_photos/
Reddit,r/googlephotos,post,2024-04-17T21:37:09.318000+0000,2,"All photos are disappearing since I got back from Japan  - I just got back from Japan. Pixel 5A.  Now when I take a picture, it disappears. Can't find it on my phone anywhere. The little share thumbnail appears on the camera app, and then disappears after about a second.   When I go to my photos, the most recent photos are from tomorrow (yes tomorrow, because I was in Japan). This sort of makes sense, but I would have thought they would display photos according to absolute time, and not calendar date, so it shouldn't make a difference that I crossed the date line.... But anyway, all photos I take now disappear completely and they don't show up in ""today"" or yesterday's photos either they're just gone and I can't use my camera at all.  There was a similar problem with messages where people were messaging me and I was hearing the notifications but in the actual conversation, the messages never appeared. I had to delete the conversation completely and then new messages started coming in properly. I think it was bugging out because the messages I was getting were sent ""before"" the messages I sent in Japan so it just bugged out. I think that's happening with the photo timeline. But why would Google be so braindead as to not be able to handle traveling?",https://www.reddit.com/r/googlephotos/comments/1c6lz87/all_photos_are_disappearing_since_i_got_back_from/
Reddit,r/googlephotos,post,2024-06-05T14:00:52.623000+0000,2,"Video on phone internal storage, cant backup to google photos or find in google photo app.  Help? - I have a 1.88gb mp4 video on my phone's internal storage.  The video is not in google ""photos"" app.    The only option to backup is ""backup to google drive"".  But other videos do show up in google photos app, and I also have the option to backup to the cloud ( which sends. things to google photos).    Any idea why I cant upload this video to google photos?    And why google photo app won't detect the video in the first place?",https://www.reddit.com/r/googlephotos/comments/1d8qnth/video_on_phone_internal_storage_cant_backup_to/
Reddit,r/googlephotos,post,2020-03-16T21:41:53.558000+0000,1,When I save a copy of a video I downloaded and edited (like shortening) I can't find the copy. It's like it disappears. I have a note 9 and I'm using the Google photos app. What's going on?,https://www.reddit.com/r/googlephotos/comments/fjt0mq/when_i_save_a_copy_of_a_video_i_downloaded_and/
Reddit,r/googlephotos,post,2021-03-16T10:32:33.212000+0000,1,When I save a copy of a video I downloaded and edited (like shortening) I can't find the copy. It's like it disappears. I have a note 9 and I'm using the Google photos app. What's going on?,https://www.reddit.com/r/googlephotos/comments/m661j2/when_i_save_a_copy_of_a_video_i_downloaded_and/
Reddit,r/googlephotos,post,2026-07-29T06:46:38.544000+0000,4,"Storage full, but no photos showing up? - A few years ago my mum was backing up all of her photos to my google account, and now my storage has been filled up. She stopped backing them up to my account, but they're still there but the problem is that i can't see them anywhere; like i genuinely cannot find them on the account but i know that they're on there because my photos is filled up. I've checked on other devices too and it's the same.   Also I've deleted so many of my own photos that do show up, thinking they're the problem, and it hasn't fixed anything whatsoever. I now only have photos from 2025 onwards.  Any ideas of what to do?  Sorry if I haven't explained this very well!!",https://www.reddit.com/r/googlephotos/comments/1v9o9st/storage_full_but_no_photos_showing_up/
Reddit,r/googlephotos,post,2026-04-06T12:41:35.121000+0000,7,"New AI Search - While using this stupid Google Photos app, I noticed that my search bar for finding photos used to be completely normal and handy. Then it started automatically searching in some AI mode that was slow and not even accurately searching for the key words I was inputting. Now I don’t see any way to search normally on this app at all. I used to be able to put in text from memes to find them, look up peoples names, or certain verbs…and google is like trying to have a conversation with me instead of searching through my fucking pictures. I’m genuinely about to throw my phone at the wall bc why is it so hard to find a fuck ass picture now. Am I just being completely slow and turned on some AI search filter or is this genuinely how google is moving now.",https://www.reddit.com/r/googlephotos/comments/1sdxrk9/new_ai_search/
Reddit,r/googlephotos,post,2026-04-06T14:29:53.720000+0000,0,"10,000+ photos missing after Takeout to iCloud. What happened? - Like many on this sub, I'm trying to de-Google my life for many reasons. I recently cancelled my Google One subscription since I have enough iCloud storage and can't justify continuing to pay for Google Photos. I have 39,692 photos and videos in Google Photos, and did a Takeout directly to iCloud. However, only 28,881 were exported to iCloud, according to the imported photos album in iCloud (I include unsupported files in iCloud Drive in this total). That means 10,811 photos/videos are missing. I do have a significant number of duplicates, but from what I can tell they were all successfully imported.  Has anyone else experienced this or know what could be going on? I'm hesitant to start another Takeout because I'd rather not go through all my duplicates again, and I'd prefer not to Takeout as zip files because that would be even more work with the amount of photos/videos I have. I have to purge Google Photos soon so I don't run out of Gmail storage, but I'm worried I'll lose those files because I'm not sure which photos/videos are missing. Google Photos is beyond unusable, I'm convinced they make this process difficult and unclear on purpose.",https://www.reddit.com/r/googlephotos/comments/1se0hqj/10000_photos_missing_after_takeout_to_icloud_what/
Reddit,r/googlephotos,post,2026-05-27T14:55:52.259000+0000,36,"Google broke every Google Photos EXIF fixer in 2024 — here's what changed and how to fix it - If you've ever exported your Google Photos via Takeout and tried to import them into Apple Photos, Lightroom, or a NAS, you've probably noticed every photo shows today's date instead of when it was taken. Google Takeout includes a JSON sidecar file alongside each photo. For photos where dates or locations were edited inside Google Photos after upload, screenshots, WhatsApp photos, and scanned images — the sidecar is the only source of the correct metadata. The image EXIF either never had it or has the wrong value.  If your photos were all shot on a camera and never edited in Google Photos, your EXIF is probably fine. But for large mixed archives spanning many years, a significant portion usually falls into those categories.  **What changed:**  Before 2024, every photo had a matching sidecar file:      IMG_1234.jpg     IMG_1234.jpg.json  ← date and GPS stored here  After 2024, Google renamed the sidecars:      IMG_1234.jpg     IMG_1234.jpg.supplemental-metadata.json  And added a 46-character filename truncation, so long filenames become:      PXL_20230815_142536789.jpg     PXL_20230815_142536789.jpg.supplemental-m.json  ← truncated  **Why this matters:** Tools like GPTH (the most popular free fixer) match photos to their sidecars by filename. The rename broke the matching entirely. GPTH hasn't been updated since January 2025 and has 78 open issues. Most other scripts break silently — they process your photos but write nothing because they can't find the sidecars.  **What I built:** A Mac app that handles both the old and new format, including the truncated filenames. I ran it on my wife's 33,000-photo archive spanning 2000–2026 and it fixed dates and GPS on the vast majority. Also renders your old Google Timeline location history locally since Google killed the web viewer in 2024.  Happy to share it — DM me or drop a comment if you want to try it.  ![img](t7nyjvw62p3h1)",https://www.reddit.com/r/googlephotos/comments/1tp80t8/google_broke_every_google_photos_exif_fixer_in/
Reddit,r/googlephotos,post,2026-09-16T21:04:52.668000+0000,0,"Can’t access photos - I typed a specific word into some photo descriptions on my iPhone years back. Now searching that word in Photos gives zero results but the photos are still there if I scroll to find them manually, and the word is still in the caption.   Anyone know why, or how to get around it? I just want to bulk-edit the descriptions and can't locate them all without search working.  Btw, the word I tagged was ‘nsfw’",https://www.reddit.com/r/googlephotos/comments/1wi9thz/cant_access_photos/
Reddit,r/googlephotos,post,2026-04-19T14:25:48.872000+0000,3,"Google photos sharing - Little Old Lady, here, who is totally bumfuzzled. I keep getting notifications that pictures I've taken when I go places have gotten xx,000 views but I HAVEN'T posted any of them anywhere! I've looked and looked to try to find whatever setting turns my pictures off as public things and cannot for the life of me find it. Help!",https://www.reddit.com/r/googlephotos/comments/1spued3/google_photos_sharing/
Reddit,r/googlephotos,post,2026-07-30T13:37:17.431000+0000,17,"Lost access to 800 GB of family photos after my Google account was restricted. Is there any official way to recover only my personal data? - I know Reddit can't reverse Google's decision, so I'm not asking about getting my account reinstated.  What I'm trying to find out is whether anyone has successfully recovered only their personal data after a disabled-account appeal was denied.  My primary Google account was disabled. It contains around 800 GB of family photos and videos, Gmail, Google Keep notes, YouTube, Drive files, course certificates, and many services tied to that email.  The hardest part is that I trusted Google enough that I didn't keep a second backup. I know that's ultimately my responsibility, but it's still devastating to think that years of irreplaceable memories could disappear with no opportunity to export them.  Even if some files genuinely violated a policy, it's difficult to understand why there wouldn't be a way to retrieve the vast majority of completely personal, unrelated data before it's permanently lost.  Has anyone here managed to:  Get temporary access just to export data?  Use Google Takeout after an appeal was denied?  Reach a team that could help with data recovery?  I'm looking for real experiences or official guidance.   Thanks.",https://www.reddit.com/r/googlephotos/comments/1vatwbd/lost_access_to_800_gb_of_family_photos_after_my/
Reddit,r/googlephotos,post,2024-11-10T19:41:20.104000+0000,59,"Finding & removing duplicate photos - Hi all,     I am collecting photos from family for someone's funeral. The problem is that a lot of photos I'm being sent are duplicates and it's too many photos to keep track of on my own. I've added all of the photos from my computer to an album on Google Photos, but the duplicates are still there.     I cannot find a single article or Reddit post detailing how to remove the duplicate photos with Google Photos that doesn't involve 3rd party software. iOS automatically finds duplicates and merges them ""intelligently"" (using the higher quality dupes), so why can't Google Photos?   Maybe I'm just stupid and not seeing the option anywhere?",https://www.reddit.com/r/googlephotos/comments/1go8y4n/finding_removing_duplicate_photos/
Reddit,r/googlephotos,post,2026-03-10T18:03:58.261000+0000,172,"How to disable photos sticker ""fEaTuRe"", its obnoxious white outline shimmer, and invasive scanning? - # Just today, my google photos app started shimmering white outlines over my photos every few seconds when I stop to look at them. I hunt through the settings to find a way to turn it off - Nothing! I google what the heck that shimmer is, and apparently it's a new fEaTuRe that invasively scans my photos without my consent to make stickers out of them. Where is the off button? Who on earth thought this was a good idea?",https://www.reddit.com/r/googlephotos/comments/1rq4c4e/how_to_disable_photos_sticker_feature_its/
Reddit,r/googlephotos,post,2025-09-01T17:18:52.023000+0000,5,"Cant download to device, cant find on device - Hello,  I've sorted all of my photos, painstakingly into albums on google photos. This involves some small albums curated from events that spanned accross many years, locations, and tens of thousands of photos.   Now that I have albums ready to post on Instagram, I have a problem.   IG doesnt sync with photos, it pulls from my Samsungs gallery app.   I cant download the photos because they are already in my phone, scattered over 10s of thousands of photos in one big unorganized dump.   I'm fine with redownloading them but since it doesnt allow, how can I access them without painstakingly pouring through tens of thousands of photos again to select the right ones?  I tried downloading via desktop site as some suggested but nothing happens :/  Please help! And thanks in advance!",https://www.reddit.com/r/googlephotos/comments/1n5uq36/cant_download_to_device_cant_find_on_device/
Reddit,r/googlephotos,post,2025-01-31T23:40:30.472000+0000,22,"This seems to get worse with every update - Every time Google photos updates, it becomes less intuitive and more difficult to locate photos. What (or who) on earth are they using as an organizational benchmark? Why are ""memories"" the only category that's actually convenient to access when people rarely need to know what photo they took exactly three years ago?",https://www.reddit.com/r/googlephotos/comments/1iesv0e/this_seems_to_get_worse_with_every_update/
Reddit,r/googlephotos,post,2024-02-02T04:01:40.902000+0000,4,"Is this a corrupted file? How do I find or fix it? - I found this in my Google Photos only on my Samsung, never on my computer or the web browser version of Google Photos. I can't view the file; it never uploads and doesn't show the option to let me, and I cannot delete it for some reason. I think it's an important photo because I found it in one of my albums. It doesn't show on the web browser or anything. Just my Samsung's view. I'm guessing it's somewhere on my phone, but I can't seem to find it in the gallery. It must be local to my device. How can I get to the bottom of this?   This file for as I can is stuck only on my device and is corrupted. I'd like to know how to figure this out and retrieve the original file if possible.",https://www.reddit.com/r/googlephotos/comments/1agupaj/is_this_a_corrupted_file_how_do_i_find_or_fix_it/
Reddit,r/googlephotos,post,2021-05-30T22:24:28.096000+0000,13,"Is it me or does Google Photos have a curse word filter for file names? - Been trying to find a meme-pic of mine from a few years ago to post to a friend on Discord, I could easily find it on my device's Gallery app (Samsung) but when I went to my laptop (Google Photos website) and tried searching for the photo, it wasn't there. When I searched for it via the date and time, I did eventually find it.   The title was 'virginwikipedia' and I guess it filters curse words? I tried it for other file names that had the F word for example and they wouldn't appear in search. Just was curious since I found it strange too... Also I find it weird that 'virgin' is a censored and taboo word according to Google Photo's search.",https://www.reddit.com/r/googlephotos/comments/nom6g2/is_it_me_or_does_google_photos_have_a_curse_word/
Reddit,r/googlephotos,post,2022-09-03T08:54:52.097000+0000,1,How to show recently added photos? - Sometimes I upload a photo and I can't find it because it was taken a while ago. How can I locate the recently uploaded photo if I don't know the date it was taken? TIA,https://www.reddit.com/r/googlephotos/comments/x4prp2/how_to_show_recently_added_photos/
Reddit,r/googlephotos,post,2024-09-06T21:13:15.128000+0000,1,"Batch downloaded videos hard to locate - The only way to get videos off a Nintendo Switch is use a smartphone. It gives you a QR code which takes you to a webserver which you can download the video.   After I download say 15 videos, I go to my Google Photos and I can't find them. It's because the timestamp of each video is different, maybe scattered across the past 3 months, so each video is in my photos at the time it was captured on the switch, and not the time I downloaded it.  Even though the videogame is extremely visually distinct, the search function seems worthless to find all the videos too.   Can anyone think of a solution where I can download the videos into a certain folder, or have the timestamp of the videos all equal the download time?  Is there any way to separate photos and videos at all?",https://www.reddit.com/r/googlephotos/comments/1faq78o/batch_downloaded_videos_hard_to_locate/
Reddit,r/googlephotos,post,2026-01-22T01:08:57.737000+0000,2,"Photo Memories - where to find? - Hi all,  I love the Memories feature on iPhone and I recently got an Android phone that uses Google Photos as its primary gallery. I hear the same feature is also present, but I can't seem to locate it. I have loads of photos already and some are really Memories material (lots of photos in one weekend etc) and I see in the settings Memories is enabled. However, backup and notifications are disabled, don't know if that's important.  Thanks everyone for help in advance!",https://www.reddit.com/r/googlephotos/comments/1qjgeat/photo_memories_where_to_find/
Reddit,r/googlephotos,post,2024-08-02T11:22:12.095000+0000,2,"Need help understanding where Memories come from - Sorry if my question is a mess, but I don't understand what's going on.  My wife had her Samsung A32 stolen. Before that, the phone would produce her collage videos with music and photos of our son. I'm guessing from google photos, though she didn't have photos on her drive.  Anyway we lost all that and a year of photos for not backing up in cloud. We tried looking in all the accounts we could find but nope.  Yesterday her new samsung phone got a notification with a Memory from Google Photos. Another collage video. With old photos of our son that we can't find. I'd love to track down where those photos came from and the Memory is gone so I don't understand how to go about it  Any help would be appreciated.",https://www.reddit.com/r/googlephotos/comments/1ei7ja4/need_help_understanding_where_memories_come_from/
Reddit,r/googlephotos,post,2020-07-06T07:52:54.167000+0000,3,"Search and Face Grouping only works on VPN - I've used Google Photos for years and I've noticed that the only way the app will update to group faces or use location grouping is if I use a VPN (I'm in the UK).  Now, I get that there are regional differences on what can and can't be done, but surely ALL of the search/grouping elements can't be banned in the UK? Or am I doing something drastically wrong?",https://www.reddit.com/r/googlephotos/comments/hm3f9s/search_and_face_grouping_only_works_on_vpn/
Reddit,r/googlephotos,post,2022-02-06T17:50:45.709000+0000,4,"Where can I find ""then-and-now"" creations? - Google Photos sent a notification that it created a ""then-and-now"" creation. I clicked it, but it failed to locate this newly created creation.  The problem is that I can't find anywhere in Google Photos, either on the mobile app or web. When I click ""Explore"" on the web, I can only see Animations, Collages, and Movies, but no then-and-now.   This is an annoying bug: Clicking the notification fails to bring me to the creation.  And this is also a question: Where can I find then-and-now?  I'm using an iPhone 12 and the Google Photos app should be up-to-date.  ![img](izwopil639g81)",https://www.reddit.com/r/googlephotos/comments/sm2rlx/where_can_i_find_thenandnow_creations/
Reddit,r/googlephotos,post,2022-12-19T11:17:36.806000+0000,1,I deleted a photo but instead it deleted my entire album - I had a shared album with photos added by multiple people. I selected a photo I uploaded to remove it and instead it deleted the entire shared album. And now it's like it disappeared altogether. I can no longer find it in the bin and I can't locate the other photos uploaded by others. Any ideas on how to recover the album? Thanks!,https://www.reddit.com/r/googlephotos/comments/zpow4p/i_deleted_a_photo_but_instead_it_deleted_my/
Reddit,r/googlephotos,post,2026-08-10T13:16:50.058000+0000,2,metadata not showing up in gallery after takeout - so I wanted to export all the photos in Google photos to my device (figured I didn't wanna pay for storage) and after extracting files (60 odd gb in total) some photos in my local gallery app had the metadata but most of them don't and it's getting hard to find stuff when I need to.. what do i do? i have a nothing phone 1 and more than 100gb internal storage left after extracting 60odd gb so idts it must be something related to storage!? and is it fine if i delete my backup in Google photos after extracting everything from the takeout? (once i find a solution for this),https://www.reddit.com/r/googlephotos/comments/1vkklaf/metadata_not_showing_up_in_gallery_after_takeout/
Reddit,r/googlephotos,post,2018-11-02T19:04:45.211000+0000,5,"Google Photos Location Issue - Edit: It seems to be fixed for me now. I did not do anything different. Just got up in the morning, checked it again and it’s suddenly working fine. It seems it was an error on Google’s end and they’ve corrected it. This may explain why some (who’ve commented here) didn’t have any issues at all. It does seem that the “Photos App > Maps Website” still doesn’t work as described in the post.   I have researched here, other subs, and Google Photos community and cannot find anyone else with this issue.  I seem to have an issue with Google Maps integration with Google Maps. Google Maps seems to be very broken with the desktop version of Google Photos. Whenever you click on the mini-map under a photo's location to view that location in Google Maps, it cannot find the location. It seems to have different effects whether you use the Android App or webpage.  -	Photos Website > Maps Website: ""Maps can't find ##.#######,###.#######"" error. No pin at all. (I've discovered it's mostly the longitude that seems to glitch out) -	Photos Website > Maps App: Coordinates are completely wrong and the pin is in a completely different country. -	Photos App > Maps Website: Opens Maps Website but does not even attempt to pin location. (Same as if you had just typed maps.google.com) -	Photos App > Maps App: Pins and co-ordinates are fine. Locates and pins properly. No bug or error.  Can someone tell me if I've done something to cause the Google Maps functionality of Google Photos website to not function anymore? This seemed to start a few days ago but I am unsure if this was around before.   Could others test this out to see if it's a bug with Google Photos website or Google Maps?  Steps:  -	Open a photo on Google Photos Webpage. -	Click the Info button to bring up captions, camera info and location map. -	Click on the map to open the location in Google Maps. -	See if it actually pins the same location as in the mini-map from Google Photos or gives a ""cannot find this place"" error.",https://www.reddit.com/r/googlephotos/comments/9tn1cj/google_photos_location_issue/
Reddit,r/googlephotos,post,2024-09-19T14:11:43.572000+0000,49,"Google Photo Review backing up 40 years' worth of photos - I thought I shared my experience in case it helps someone else.  I'm coming from Amazon photos.  I used Amazon because it was included with Prime.  I had to stop using Amazon because in the state of Texas facial recognition was banned about a year ago.  I don't know why Amazon removed it since there are plenty of other services that still use it.  Anyways, on to Google.  GOOGLE PHOTO  PROS:  Good about not uploading tiny photos.  Amazon uploaded small things like tiny Windows icon logs.  Painful to remove.  Duplicate detection could be better.  Generally, works well, stacks photos on top of each other when it detects.  Sometimes it does not detect even though the files are identical.  So far, I only notice the stack feature on my Samsung phone.  Love the locked album feature for privacy.  I have some old photos of past friends I dont want to show up, but don't want to throw away these photos either.  Priced is good, I paid $108 after taxes for 2TB annually for storage across my Google services including YouTube.  This is also shared with family.  40 years' worth of photos and video was under 1TB, around 700 gigs for me.  CONS:  Needs a Windows client (like the old Picasso) to manage the photos and sync to the cloud.  The need more photo correction features.  This would be good if they combine this feature with a Windows client where you could correct it on the client and sync it back to the cloud.  Very difficult to organize.  For example, you can't have an album within an album (like folder within a folder).  No easy way just to share all my albums with my spouse.  Have to grant one at a time.  (But it does allow sync to her account where she can see all the individual photos, just not organized by album)  The photos do not have a property (attribute) where it shows the location of the source.  This was very painful for my situation.  No ability to great tags.  The facial recognition alone will not cut it for what I'm doing.  For example, if I wanted to tag some documents like ""Trip to Cali"", I cant, I have to create an album and move it in there.  Or things like ""Nice Car"", cant simply tag so its easy to find later.  No option to ""Move to Album and Archive"".  OR, Hide photos that are in an album.  This is handy when you have photos you generally dont care about, don't want it to show up, BUT dont want to delete it either, like pictures of your old house.  SUMMARY  Being part of Google has its benefits.  But the services need to be greatly improved.  I'm a little surprised of the limitation given how long Google Photos have been around and how big Google is.",https://www.reddit.com/r/googlephotos/comments/1fkluab/google_photo_review_backing_up_40_years_worth_of/
Reddit,r/googlephotos,post,2024-02-19T13:37:00.805000+0000,3,"Setting it up, having a couple tiny issues. - Sorry for the detailed post, but I'd rather give it and not need it, than need it and leave it out.  I have thousands of photos in several locations.  I tried to combine them into a series of folders on PC. Great, except for one thing: New photos from iphone were getting corrupt when trying to sync.  Solution: Google photos.  Uploaded tons of photos from PC. Turned on backup option on iphone 7 plus. Now I have most of my photos in (mostly) date time order. I think I see all photos in both platforms now, which wasn't happening for a while.   Question 1: Why don't albums I make in one location get transferred to the other location (phone/pc)?  A lot of my photos are quite old and didn't come with metadata. Date/time stamps are wrong, slowly fixing it. No location data. Adding it as best I can. It has been amazingly accurate for places in Germany.  But here's the issue. I have a folder worth of photos that were all taken in the same room in the same house (in Sydney). On one photo I can add the \*exact\* address. On a different photo, I'm lucky if I can get the same street at a random intersection, and the next photo, I can't even get it to identify the street.  Question 2: Any idea why this is happening? Any way around it?  I have a locked folder. It was easy to use on PC. Just highlight everything, click move to locked folder.  On iphone, it was difficult to even set up a locked folder, and when I did, nothing was in there. And to move photos, it was highlight one photo, move to locked folder. (Delete from source + icloud?). Select next photo. Move to locked folder. (Delete from source + icloud?). And so on. Painful.  Question 3: Any idea if that can be done easily?   Question 4: Why don't my locked folders match, sync? They have different photos in them I think. (I haven't done a side by side comparison yet. I will, at some stage.)  If I search for a random subject, it actually quite intelligently finds topical photos. Eg, search for ""food"", it brings up tons of photos of food. It also includes a wallaby eating grass and an ashtray full of cigarette butts at a party. It's not perfect. Pretty cool though.  But it doesn't bring up ALL my photos of food.  I have tons of photos of animals, and if I search for 'bat' it shows exactly two photos of bats flying. But I have at least four or five photos of bats in trees, and two or three more of them flying. I get it that google AI isn't perfect. The same thing happens if I search for elephant, or lion, or turtle. It just completely ignores the turtle from the Amsterdam Zoo for some reason.   (As a side note, I was trying to bring up the Kamelot concert, it didn't find that. But it brought up every photo of me wearing a Kamelot T-shirt, I thought that was awesome!)  Question 5: Is there a way to tag a photo with searchable keywords?  Last one. I love the facial recognition. It took me a while to work out how to add people that I have no social media details for. Once I worked that out, I went through each and every photo to add people I know (work in progress!) But sometimes it tags faces of strangers, and completely ignores the one person in the photo I know. I can't tag that face and include it as that person. Even if it is a person I have 200 other photos of.  Question 6: Any way to do that?   Also, amusing side note. I used to have two ginger kittens, Thundercat! and Jinja Ninja. The facial recognition gets Thundercat! 100% of the time, but Jinja Ninja about 1% of the time ;)  Thanks in advance.",https://www.reddit.com/r/googlephotos/comments/1aungq9/setting_it_up_having_a_couple_tiny_issues/
Reddit,r/googlephotos,post,2025-05-30T13:43:41.017000+0000,248,"TIL: You cant easily bulk delete old photos. This is a dark pattern. - Today I learned (the hard way) that in 2025, **Google Photos still doesn't allow you to delete large numbers of photos in a simple, intuitive way**.  You can select up to 500 photos at once. Great. But only after waiting for the scroll to load thousands of pictures manually. Then you get to repeat this a dozen times if you're cleaning up years' worth of junk. There's no ""select all before 2020"" button. No date filter. Nothing smart. Just brute-force scrolling.  Instead, you get a helpful message: *""Remove large videos or consider buying more storage.""*  I can't think of any honest technical reason for this limitation. It's either:  * a dark pattern to nudge people toward paying for more storage, or * complete design apathy from a trillion-dollar company.  Either way, it's frustrating that such a basic operation is made so deliberately slow and user-hostile.",https://www.reddit.com/r/googlephotos/comments/1kz4knp/til_you_cant_easily_bulk_delete_old_photos_this/
Reddit,r/googlephotos,post,2023-05-08T08:40:11.999000+0000,82,"Unlimited Google Photos Storage Using Partner Sharing - I don't frequent this sub so apologies if this is already a well-known thing, but I tried searching for past posts on here but I can't find anything that relates to this ""hack"". Though I did find a 6 day old [YouTube video](https://www.youtube.com/watch?v=hjMCcod6mCM) which says the same thing but I find my own way a bit tidier.  BASICALLY, you make a second google account wherein all future photos will be uploaded but it will be partner shared to your main account. The caveat for this hack is that this only works if you don't really use partner sharing with another person since you can only share with one account.  Once partner sharing is set up (it's easily googleable), there is an option wherein the photos uploaded on the second account automatically gets saved to the main account's main library. Turn that option on, this is important. Then turn off auto-upload from the Main Account and turn it on on the Second Account. This way, all new photos will be uploaded to the Second Account but in turn will also be automatically shared and uploaded to the Main Account.  The great thing about this is that 1. This only counts against the storage limit of Account Two and more importantly, 2. ONCE YOU DELETE THE PHOTOS FROM ACCOUNT TWO, IT STILL STAYS ON THE MAIN ACCOUNT!!  Yes, I did try it multiple times and and I can confirm. To make it crystal clear, I uploaded a 4gb movie file I had on Account Two. Once uploaded, it was automatically partner shared to my Main Account and did not take up additional storage there (it was already maxed at 14.something gb anyway). I then deleted said movie file from Account Two, and it is still available on my Main Account and my Account Two's storage is back to the full 15gb. To make 100% sure it was in my Main Account forever, I even turned off partner sharing with Account Two, movie is still there. I started partner sharing with my third account, and the movie is still there.  So in essence, you can upload media up to 15gb at a time and once Account Two is full, you can delete everything on there so your storage is now back to 0gb.",https://www.reddit.com/r/googlephotos/comments/13bisc3/unlimited_google_photos_storage_using_partner/
Reddit,r/googlephotos,post,2023-04-25T13:20:24.493000+0000,51,"Google Photos search is much worse all of a sudden - I've been using the search function for years to find places I've visited. One search term I used often is ""museum"" and it showed me all the museums I've been to. Then about 2-3 weeks ago that stopped working. Now it's showing me one museum I visited in 2018 and that's it.   I don't understand why this isn't working anymore or how to fix it. Any ideas?",https://www.reddit.com/r/googlephotos/comments/12yj8um/google_photos_search_is_much_worse_all_of_a_sudden/
Reddit,r/googlephotos,post,2026-02-24T22:35:58.369000+0000,46,"New layout - can I switch it back? - Google Photos is now forcing this mixed size layout and I absolutely hate it. No gap between days, photos are out of order because it highlights random photos and videos...it absolutely sucks. I have a weekly habit of deleting duplicate photos and screen shots and it's taken me twice as long this week because I can't see what's what in the grid view and have to keep going back in to look at individual photos to make sure I've deleted all but one in a series, etc. Are they just hoping we give up on deleting anything ever so that we have to keep buying more and more storage? Anyone have a fix for this?",https://www.reddit.com/r/googlephotos/comments/1rdv69v/new_layout_can_i_switch_it_back/
Reddit,r/googlephotos,post,2024-02-20T16:52:27.207000+0000,35,"How to Disconnect Google Photos from Android Phone Gallery - As you can see here:   ![img](vf5uxh5irrjc1)  My Google Photos are taking up a lot of space on my Google Drive. The only reason I used Google Photos to begin with was because a friend needed to share a large amount of pictures with me, and that was the only way to do it. I downloaded the app, and it connected to me photos.   When I finally realized all of my photos were shared with Google Photos and was taking up a lot of space, I did some research and was told that I just needed to turn ""Backup"" off. I did this, but my photos were not removed from Google Photos and they still take up a lot of space in my Google Drive. I did notice however when I access my Google Photos from my laptop, no more photos are added since I turned the backup off. However, if I access the photos from the app, all new photos can be found in it despite backup being turned off (which the app regularly reminds me of as it begs me to turn it back on).   I considered deleting the app, but whenever I delete a photo on Google Photos, the same photo deletes in my photo gallery, so I'm scared I'm going to lose all of my photos. Does anyone know how to solve this issue and disconnect Google Photos from my Samsung Android with deleting my photos? I apologize if this has been asked before, I tried searching for a duplicate and could not find one, but it is always possible I missed something. Thank you for your patience!",https://www.reddit.com/r/googlephotos/comments/1avmf32/how_to_disconnect_google_photos_from_android/
Reddit,r/googlephotos,post,2023-07-29T22:09:55.951000+0000,35,"Can I turn off the Memories feature? - Is there any way to completely disable the Memories feature on Google Photos for iOS? It’s not that there are specific triggering memories that I want to hide; I just find the feature annoying and I don’t want to have to scroll past it every time I open an album. I have tried excluding memories from a wide date range and removing specific photos, but it still shows them. I just want to turn the damn thing off and there seems to be no way to do that.",https://www.reddit.com/r/googlephotos/comments/15d4fei/can_i_turn_off_the_memories_feature/
Reddit,r/googlephotos,post,2019-08-13T14:42:30.951000+0000,35,"Most Requested Features in Google Photos? - **1. Alphabetical sort of albums:** This is a basic option and anyone who loves to organize stuff would love this.  **2. Manual tag/untag:** I've seen reports by tech websites citing that Google will let us manually tag people soon. Google Photos doesn't identify all of my friends and this is a good to have feature.  On the flip side, I have lot of group pics and I don't need Google Photos to detect all the faces in the pic. Right now, there's only an option to hide some faces, but I wish there's an option to permanently not detect some faces in People section.  **3. Search bar to find albums when adding photos:** Sometimes I select a few pics from the Photos section and want to add to a specific album. That would prompt a pop-up to select the album, but since I have hundreds of albums, I can't keep scrolling to find the specific album.  Would be nice if there's a search bar on the prompt pop-up to quickly find the right album.  **4. Pinning of albums:** Being able to pin your most used album(s) at the top would be nice.  ---  These are some of the features I would like to see. What are some of the features you guys would like to see?  If you would like to see the features I mentioned in Google Photos soon, please copy-paste the same in feedback section of Google Photos.  In addition to that, please tweet this post or any feature request of yours to [David Lieb (@dflieb)](https://twitter.com/dflieb), Product Lead of Google Photos. In fact, a month ago or so, he was asking people on Twitter to let him know if there's any feature they would like to see in Google Photos.",https://www.reddit.com/r/googlephotos/comments/cpu2qz/most_requested_features_in_google_photos/
Reddit,r/googlephotos,post,2026-01-06T05:54:59.558000+0000,34,"My(22) Dad(70) Still Has Access To My Google Photos Pls Help!! - Edit: I never gave him permission to view any picture I take. I'm a grown adult and if I take pictures of my friends they're mot concerning to him seeing. 2. I already solved the issue.  I'm a grown a adult and I thought I removed my dad from my google (photos) sharing- as I definitely don't still get his pictures! However, today, the 5th, he posted a collage of baby me and 2026 me from the 01/03 so that means he's STILL getting recent pics of mine, which sent a chill down my spine. Like I'm so grossed and pissed off- that's such an invasion of privacy and I've scoured through all the settings possible but I can't find anything to disconnect him!! He also still has access to my google calendar, but again, I don't have access to his. Please anything helps I only want to make a new email as a last resort </3",https://www.reddit.com/r/googlephotos/comments/1q5aj5u/my22_dad70_still_has_access_to_my_google_photos/
Reddit,r/googlephotos,post,2023-03-22T21:38:36.236000+0000,32,"HELP! Every time I get a new phone google photos duplicates the 27,000 photos on my phone. - I know there are dozens of similar thread here so I'm adding mine in case anyone from Google actually pays attention.  This is the third or fourth time over the years that I've gotten a new phone and google photos duplicates some or all of the photos that were on my old phone and are still on my new phone. In years past they've been on an SD card, but now Samsung has eliminated SD cards so they're on local storage, but **they are all 100% exactly the same photos--same name and location and never changed or edited, and some files going back over a decade.**  I know people here and google says that google won't upload duplicate photos but it clearly has happened to me repeatedly and for 10's of thousands of photos.  It has also happened several times where I'll move photos to a different folder and google thinks they're new photos and tries to reupload them even though the photos were already uploaded when they were originally taken.  Yesterday I moved a few thousand photos into different folders and it got worse. Google photos started showing the wrong date labels for both the moved photos and thousands that hadn't even been moved. Some were off by years! I looked at the photo details/names and they were of course the correct dates but google photos had them moved all over the place in the timeline.  I read that I could delete the cache and data from the app and it might fix it. Well that seemed to get the photo dates back showing correctly in the timeline, but then it showed **""getting ready to back up. 27,344 items left""!!!!** It started uploading all of the photos on my phone AGAIN!!! I stopped the app at that point. It had already uploaded 100 or so years old photos and videos to ""today"".  So now I've got who knows how many thousands of photos duplicated in my account. In addition to it being annoying trying to find photos, it also takes up 3x more space than I'm actually using.  **On the google photos website I deleted some of the ""duplicate"" photos, then the android app tries to sync and delete the actual one existing photo on my phone!**  I just don't know where to turn now. I'm paying $99/year for Google One. Google drive works fine but google photos is a complete disaster.  **Hmm I wonder if google drive is doing something to the photos stored there and makes google photos think they're new  photos? I've got them both saving original quality photos so seems like it shouldn't**.  I can't keep spending hours and days deleting google's mistaken duplicates, and now it seems I can't even use the app to automatically backup new photos because then it tries to sync and delete the photos on my phone.  Is there a way to stop this from happening over and over again?  This all just happened on my Samsung Galaxy S22 Ultra. Previous phones were S21, S9 and older.  Thanks!  ![img](zbhvtug01dpa1)",https://www.reddit.com/r/googlephotos/comments/11yxn49/help_every_time_i_get_a_new_phone_google_photos/
Reddit,r/googlephotos,post,2025-08-16T09:50:37.116000+0000,27,"""We need to f*ck up the UI"" - Why for the love of god did they have to change the editing UI in Photos? It feels like a natural law for any good UI in the tech scene.  It was perfect. Now everything is in 10 sub-categories, you can't find anything, constantly click on the wrong thing, image zooms out way too much, perspective editing tool is gone for no reason, it's just a nightmare!  Yes, some new AI tools are nice, but they would've just put it in the old UI...  Does anyone feel the same or is it just me?",https://www.reddit.com/r/googlephotos/comments/1mrqo86/we_need_to_fck_up_the_ui/
Reddit,r/googlephotos,post,2022-09-19T23:57:04.052000+0000,26,"Google Drive Storage Full, but Has No Files to Delete - My wife’s Google drive storage is full, and she can no longer receive emails. I’m trying to even find her files on my computer, and everywhere I look, there is nothing. It says that 12 GB is being taken up by Google photos, but when I go to clear it out, it shows:  Discarded items - “Nothing to free up”   “No Emails in Trash”   “The Spam Emails”   “No Files in Trash”    Large items - “You can free up to 239.3 MB”   238.3 MB in emails   998.4 KB in Google drive   “No large photos or videos”    Other items - “Nothing to free up”   “No unsupported videos.”    I’m just confused because I cannot find these photos that are supposedly taking up 12 gigs. I had her download the Google photos app on her phone to try and see if she could manage the photos from there, but anytime she deletes a photo on there, it just directly deletes it off of her phone, which is ridiculous. If it’s directly taking her photos from her phone and counting that towards her Google drive storage, how do I disconnect that? I have no idea how her phone and Google photos are even connected. I’ve been through all of the settings, and I cannot find anything like that. The only thing I’ve done is found Google photos in her iPhone settings and disallowed access to her photos. And even still, it doesn’t fix the storage issue.  Any help will be appreciated! We just need to make sure she has access to her emails again because we are in the middle of buying a house and we need to respond to emails in a timely manner.",https://www.reddit.com/r/googlephotos/comments/xisz2h/google_drive_storage_full_but_has_no_files_to/
Reddit,r/googlephotos,post,2022-09-22T16:35:37.870000+0000,26,is there a way to search Google photos using a photo? - I have a recent photo that has something very distinct in it. I am Trying to find an older photo I have of that same item but I have so many photos I can't find it and I don't remember when I took the photo. I was wondering if I could search Google photos on my phone to try to find a match to the current photo. Hope that makes sense. Thanks in advance!,https://www.reddit.com/r/googlephotos/comments/xl693t/is_there_a_way_to_search_google_photos_using_a/
Reddit,r/googlephotos,post,2022-08-07T08:05:47.007000+0000,25,"Can't edit faces in some of the photos - Most of my photos uploaded to Google Photos have the functionality to edit the people / faces and to tag / untag people that are in the image.  However, I noticed that:  * For some pictures that functionality is missing. There are faces recognized in the picture but the edit function doesn't show up. The only possibility to remove a mismatch is to search for the person and then to remove the picture from the results. Also sometimes those pictures include clearly visible faces that have not been recognized. * Some other pictures are a mix: Some of the faces can be edited, but there are also some face matches that can't be edited (like in the previous scenario).  I found some older posts here in the sub that mentioned that Google restricts the edit functionality in Europe due to the GDPR.  This could potentially be related here, as I'm spending about 20% of the year in Europe.  However, sometimes even photos uploaded behind each other show a different behavior so I can't find any pattern for this. For example it's not just images uploaded while I was in Europe, as lots of those images have faces that can be edited.  Any idea what's going on here and how I can manually tag those pictures that are missing the edit functionality?",https://www.reddit.com/r/googlephotos/comments/wiag42/cant_edit_faces_in_some_of_the_photos/
Reddit,r/googlephotos,post,2021-12-10T13:37:35.682000+0000,24,"How do I search for photos by exact filename? - I couldn't find a way to search for photos by their exact filename. Neither did I find anything mentioned about this in the documentation nor did I find a way to search using filename. I don't either find an answer from several Google search.  For example, I'm trying to find a photo by this filename 20211204\_172629.jpg.  I tried several options but had no luck. Below searches are returning all the photos that were taken on 20211204,  1. 20211204\_172629.jpg 2. ""20211204\_172629.jpg"" 3. 20211204\_172629 4. ""20211204\_172629"" 5. filename:20211204\_172629.jpg 6. filename:""20211204\_172629.jpg""  I found  [Search Photos Using Original File Name](https://support.google.com/photos/thread/44090564/search-photos-using-original-file-name) thread in Google Photos Help Community but it doesn't search by the exact filename that I'm looking for.  Hope someone would be able to help with this or provide some workaround.",https://www.reddit.com/r/googlephotos/comments/rd8u2q/how_do_i_search_for_photos_by_exact_filename/
Reddit,r/googlephotos,post,2020-06-28T18:54:11.569000+0000,20,"Where is the Maps feature? - So I got the new Google Photos, with the new logo and all... Except the Map feature, I can't find it when I go to places or the way I see on the blog posts I could find.  Can anybody tell me if you got it and how you get to it?  Android 10 (Miui 11) + Redmi 9T + Spain (in case it depends on the country)  Edit: added more info about the android version & Phone",https://www.reddit.com/r/googlephotos/comments/hhk155/where_is_the_maps_feature/
Reddit,r/googlephotos,post,2024-05-12T15:32:31.471000+0000,20,"Google photos and device photos/folders... What a mess!!  - I'm a total technophobe and forever terrified of losing photos. On previous phones with a normal gallery I'd organise into folders and back up onto my PC every so often.   Now with Google photos I'm struggling. I have tried to embrace it, and find the map function handy however I've still got several photos in albums that don't seem to cross over to Google (specifically WhatsApp photos where people have sent me photos that I want to keep). To be honest I have no idea how it all works and it stresses me out massively!! 😬  I just want to be sat down with someone to help me organise and get to grips with it. I've got friends that also have Google photos but seem oblivious to it and generally not so fussed about holding onto the photos longterm.   I need to be treated like an OAP and Rab through it step by step.   Would my local phone shop (EE in the UK for me) be likely to help?   Feel like I'm really struggling to get to grips with something which should be better than the old fashioned way...",https://www.reddit.com/r/googlephotos/comments/1cqahx5/google_photos_and_device_photosfolders_what_a_mess/
Reddit,r/googlephotos,post,2024-03-11T15:26:22.350000+0000,19,How do I stop receive this kind of spam? I can't even find the part of Photos that can and this kind of message. Got this kind of spam twice already,https://www.reddit.com/r/googlephotos/comments/1bc5sxk/how_do_i_stop_receive_this_kind_of_spam_i_cant/
Reddit,r/googlephotos,post,2022-09-04T00:20:57.798000+0000,17,"Batch edit faces in photos? - I tried searching but couldn't find what I needed, I'm sorry if this has been asked before.  tl;dr, is it possible to select multiple photos, then select an automatically tagged face and change it to a different person?  Starting recently, I've been volunteering as a photographer for a series of events. One of the volunteers in charge of the events naturally shows up in a lot of the photos. Unfortunately, Google Photos thinks he's the same person as a friend from several years ago (i.e., we're still friends, but he moved away so the last photo I have of him is from like 5+ years ago). They do look kind of similar, and I can see why Google Photos is doing this, but it's still not the right person. I've been manually changing them, but the only way I've found is to do this one by one. Is there a way to batch edit faces in photos? It seems like a feature that should exist, but I haven't found a way to do it. If it doesn't exist, it doesn't exist, and I'll continue doing them one by one, but I literally have several thousand photos from these events, and while the volunteer isn't in all of them, he's in a pretty significant number. Thank you in advance!",https://www.reddit.com/r/googlephotos/comments/x591e5/batch_edit_faces_in_photos/
Reddit,r/googlephotos,post,2023-03-30T20:38:57.213000+0000,16,"Is there any way I can use google photos ONLY for shared albums with friends without it taking all my other photos to use against my storage? I still need to get emails! - I originally got google photos because a friend suggested we use it to share pictures after we went on a trip together.  Little did I know at the time that would lead me to stopping receiving emails!  I have an iphone and my photos are backed up in many places- I do not need nor want google photos to backup my photos. Since google started limiting data and trying to get people to pay for it they have been telling me I am low/out of storage and threatening that I will stop getting emails. I have deleted hundreds of emails, photos, videos from docs, etc. and it barely frees up any storage. Yesterday after deleting hundreds of things from multiple places in google I went from 97% to 99% somehow! Today I tried to delete photos from google photos only to find that every photo I deleted would be deleted from my iphone as well! What business do they have doing that! It feels very invasive, like a little parasite trying to take everything down with the ship. I turned off sync but I just took a photo and there it is in google photos! It won't let me choose which photos to share with it from my phone, it won't even let me in the app if I don't allow it full access to all my photos in my settings. I will not be paying to get emails, the majority of which are spam anyway. I will not be paying to back up my photos which are already backed up in multiple other places! I just want access to a couple of shared albums. Is that possible? Everything feels so predatory these days, its awful.",https://www.reddit.com/r/googlephotos/comments/126yksm/is_there_any_way_i_can_use_google_photos_only_for/
Reddit,r/googlephotos,post,2021-02-24T02:30:28.539000+0000,15,"Search blocking words like 'marijuana', 'cannabis', etc - I often add keywords to my photos on Google Photos to help me find them later. By 'keywords' I mean that I type words in the 'add a description' box in the 'info' panel on the browser interface ([photos.google.com](https://photos.google.com)).    Marijuana is now legal in CA and AZ, and I visited a marijuana store and made some legal purchases. I took some pictures of the products for reference, and put keywords 'marijuana', 'cannabis', and 'gummies' in the description field.  A few months later I tried to find them by searching in the web interface, and it did not find the pictures using 'marijuana' or 'cannabis'. But I did find them using 'gummies' as the search term!     So does Google implement some sort of censorship on words like this?  I would expect perhaps some x-rated words to be blocked, but not (eg) marijuana!   Also - does anyone know if these descriptions are written to the metadata of the image file itself, or are they stored separate from the image?  I still maintain a complete offline copy of my photos on hard-drive and backup drives, and it would be nice if this effort to 'keyword' my images would be available outside of Google, but I can't seem to find them in the image files themselves.",https://www.reddit.com/r/googlephotos/comments/lr18sg/search_blocking_words_like_marijuana_cannabis_etc/
Reddit,r/googlephotos,post,2019-04-25T20:59:41.987000+0000,15,"Google Photos has such great potential but its flaws break its potential. -     First let me mention, I use Google photos on desktop PC (Windows 10 and previously Windows 7) I have used Chrome, Firefox, and Internet Explorer and have seen no difference in behavior. I also use the iOS app and auto back up photos using the High Quality setting.  The first issue I have is the photos home page where photos take literally (and I do mean literally) 90-120 seconds to show up. This is whether or not there is one photo or 100. All other photos are archived, and it acts as if it’s trying to load up thumbnails for all images, even in the archive, on the home page. While it is doing this you just see a scrollable page with gray boxes.  This is certainly annoying to have to do once, but then if you do a lot of editing or adding text to photos on the homepage, when you return to that page it starts this process over again.  Next is the fact that Live Albums simply are not working for me. They HAVE worked multiple times for me in the past, but after month or two, all photos that were previously tagged with faces lose their tags and never regain them. Eventually it will start to work again but it will not re-tag the photos that were previously tagged. I have even chatted with tech support and they cannot find a reason for this glitch, but I have read about other people having this trouble too. Even when it HAS worked for brief times before, it is not perfect at tagging people which is understandable, but that is why we need manual tagging abilities. Important note, because tech support asks: I have not turned off face-recognition at any point during this process.   Finally, just a couple of things that would be very helpful for organizing photos into albums. When you have lots of albums, it can be difficult to find them in the ‘move to album’ dialogue. It would be nice to have a search field in that dialogue.  Not trying to go after Google Photos. I truly love it in many ways and I think it has so much more potential. Hoping some of this can be addressed. Has anybody else noticed these issues?",https://www.reddit.com/r/googlephotos/comments/bhdtfa/google_photos_has_such_great_potential_but_its/
Reddit,r/googlephotos,post,2022-02-23T18:59:18.935000+0000,15,"How do I retrieve a photo montage made by Google - Hi everyone,   Google Photos came up with a really wonderful photo montage followed by a collage at the end for me, but I couldn't figure out how to save it and now I can't find it. Is there a way to get this back?? Thanks!!",https://www.reddit.com/r/googlephotos/comments/szozwh/how_do_i_retrieve_a_photo_montage_made_by_google/
Reddit,r/googlephotos,post,2024-04-25T15:14:36.064000+0000,15,"Google photos text search no longer working - I'm not sure when it happened, but for months the search feature in the Google photos app does not seem to work. I'm on android 13  I used to use the search feature in the photos app to search through my screenshots for text that is in the screenshots and it would work incredibly well. I know this gesture works for some of my friends. But at some point it just started returning no results for me. Is there some setting that caused this change??  I take a lot of screenshots of twitter, reddit, and text messages to send to friends, and it becomes pretty much impossible to find what you're looking for without the text search feature. Where did this functionality go???  Edit: I did search the sub and Google before posting, sorry if this is an easy or obvious fix, but I have looked many times over months and not found the solution",https://www.reddit.com/r/googlephotos/comments/1ccui2v/google_photos_text_search_no_longer_working/
Reddit,r/googlephotos,post,2021-06-13T22:52:32.774000+0000,15,"Google Photos Export (Worst User Experience 2021) *HELP/RANT/PLEASE HELP* - **Hi Guys & Gals.**     I'm having a complete nightmare.   In all honesty I've been a Google user since the inception of their Search engine and I've had an email account since the days of invite only. I had the first Android devices and then when the Nexus and then the Pixel arrived I had those as well.     I've used Google Drive constantly since it arrived and using Google Photos for auto backup was a godsend. In all honesty when Google replaced Picasa with Photos I was gutted because I like to keep things locally and edit within their software but I quickly allowed my pixel / nexus to auto upload everything to the cloud and paid for the extra storage where needed.     Now I'm moving towards the Apple eco-system as I work in multiple recording studios and the standard is Mac, the ecosystem (once your embedded) works great and honestly whilst not as featureful as Android / Google / PC it is simpler and that's what I need right now to get on with my job.     Heres where the major problems occur.     Now, I'm fully aware of Google Takeout.   I've used it multiple times in the past however at one point I decided to download EVERYTHING from my one Google Account (OLD) and migrate it to a newer account. So I used Google Takeout     I asked it to download EVERYTHING, I downloaded 10+ 50GB files and extracted them, When extracting it would regularly prompt to overwrite files, When checking those files they would genuinely exist in both places. Why Google is zipping multiple copies of the same files I have NO idea but I assumed it was just some glitch with the export system.     I then uploaded everything to the new account. Checked some prominent dates, confirmed I had pictures and then after a few months deleted the original google photos from the old account.   Much later on I realised that even though I specifically stated that I wanted EVERYTHING it clearly was missing thousands of very important pictures and photos. Obviously. They are gone for good and I was gutted. I however put this down to user error and beat myself up about it for months.     Recently I had to sell my high powered gaming PC so I could afford a decent Mac mini for the studio.     As such I'm looking to move away from Google Photos into Apple Photos, So I used takeout, only exported google photos, 50GB zip files.     Downloaded, Extracted them, Imported them into Apple Photos and started organising, I noticed that lots of the photos existed in times and dates within Apple photos that they clearly didn't belong. As if all the metadata got fucked on the way down. Nevermind. I continued organising over 30,000 photos and videos.     When I got to the end I realised... There are THOUSANDS of photos and videos missing.    I deleted my local apple library, figured I'd missed a Zip.   Downloaded everything ALL OVER AGAIN.   Same issue...     I downloaded these files SO MANY TIMES that google refused to let me download them again and I had to create a fresh export.     At this point I wiped all Albums from the Google Photos and left it as just one massive list of photos, Nothing in Archive, Nothing in big. Takeout Export again... Downloaded hundreds of GB's of Photos all over again. This time I manually dragged everything into the folders (Which are now organised automatically by google on download into YEARS (2019, 2020, 2021 etc)     Each 50GB zip extracts into its own folder, I then take those photos and manually drag them into the folders so everything together.     Import them into Apple Photos and Guess what.     There are thousands of photos and videos STILL MISSING.     I check the folder, They are missing from the folders (Suggesting they were never extracted in the first place)     So essentially I'm asking Google Photos to download all my data, Its picking and choosing what It wants to put into the Zip files, sometimes just throwing hundreds of duplicates (That don't exist within my google photos) into zip files and omitting thousands of other files from the takeout.     This leaves me stuck, I've got thousands upon thousands of Photos and videos within Google Photos that I simply can't download and I don't know which ones I'm missing.     Has anyone else had this problem, has anyone else found a way around this?     I've honestly wasted just under a week of my life on this so far and as my studio is re-opening next week I'm going to find myself without anytime to revisit this! Can anyone help me, I'm desperate and honestly this is really putting me off ever coming back.",https://www.reddit.com/r/googlephotos/comments/nz88yv/google_photos_export_worst_user_experience_2021/
Reddit,r/googlephotos,post,2022-12-25T22:24:45.467000+0000,14,"Shout out to my Favourite App - Hello Everyone!   I know that a lot of posts here in the sub, and everywhere else online, point out issues with Google Photos. For the most part, these are definitely reasonable critiques, and identify things that Google should edit or improve on.   **However, as a Google Photos user since it was bundled with Google+, I want to say that it's honestly been a wonderful experience and become one of my favourite apps in terms of reliability, compatability, and of course photo backups.**   First of all, our photos are treasured memories, so backing them up is obviously a priority. In the beginning, I was a Samsung user, and had Google Photos backing up on the side. As I got into stock android during the pandemic, I shifted over to using a Pixel, which came in handy when Google announced the discontinuation of complimentary storage saver quality starting June 2021. Using a Pixel also came in handy because I no longer needed 2 gallery apps.   Here's what I love about the app!  * Backup and Sync! It's now instinctive for me to go to [photos.google.com](https://photos.google.com) to get a picture from my phone, knowing it's always safely backed up and ready to go when I need it.  * Unlimited google photos at storage saver quality. This is a Pixel (up to pixel 5) exclusive, so I have no idea what I will do once my Pixel 5 dies.   * Memories! I'm always interested on what happened last year, or something notable from long ago. Recent updates have made this even better!  * I love how photos are sorted in descending order by EXIF data of the last taken picture, keeping everything recent right at the top. I've never actually had the EXIF cut off, even transferring through both Windows and Mac devices, it has been retained using Google Photos.  * I love how easy sharing is! I can quickly share in the app, share with a 3rd party app, or share as a link to someone who doesn't have Google Photos.  * The favourites menu. I love how quick it is to star something, and have it come up and sync with all devices.   * Customizability with respect to dates and locations. You can change this data, which comes in handy when uploading a photo that you know was taken elsewhere or at some other time.  * Recently added. It was always frustrating transferring a number of photos from phone to phone,  laptop to phone, or whatever the case may be, since the sorting means it's hard to find everything when sorted by date! The recently added option fixes this, allowing quick access to the photos you've added recently, regardless of when the picture was taken/the EXIF data.  * Collages. Surprising, this was always one of the negatives. However, the newly updated interface is really intuitive, making it easy to add pictures and make dope collages!   I know it can get easy to be caught up in the frustrations. I had a period in time where my photos all duplicated for no apparent reason, and another where my photos would not back up because the device was too hot (this is impossible, I was outside in the middle of winter). I've had the occaisional bug, the refusal to backup, or even a crash or two.   But I think we should  recall response bias: **those who are happily using Google Photos with no issues are less likely say anything**. I want to make sure that within all the bashing, those of us who have experienced this app with no trouble have a place to say it. It'd be awesome to here some other positive features on Google Photos in the replies!",https://www.reddit.com/r/googlephotos/comments/zv89ov/shout_out_to_my_favourite_app/
Reddit,r/googlephotos,post,2022-11-24T18:28:05.597000+0000,13,"""Your Video Will Be Ready Soon"" when Uploading Videos to Google Photos - I started sending my pics/videos from my pixel 6 pro to my old pixel 1 to backup for unlimited storage. After backing up videos on the pixel 1, the videos are grayed out and say, ""your video will be ready soon"". It's been about a week and none of the videos will play. They still all are stuck on ""Your video will be ready soon"". I can't find a fix for this. Has anyone had this issue before and found a fix? I have found limited information on google about it.",https://www.reddit.com/r/googlephotos/comments/z3r41l/your_video_will_be_ready_soon_when_uploading/
Reddit,r/googlephotos,post,2018-04-21T22:02:38.994000+0000,13,"Google Photos can't zoom in enough - My friend and I shot the same scene to compare out phone cameras, his a Galaxy \(sorry not sure which one\) and mine a Pixel 2.  To do our comparison we zoomed in, and his zoomed waaaaaay more than mine.  he was viewing the photo in Gallery, I was using Google Photos.  When I went home I tried it on GP on my Mac with the same result.  I'm sure I must be missing something, it would be ridiculous for Google Photos to zoom only as much as I've been able to.  What's the trick I can't find?",https://www.reddit.com/r/googlephotos/comments/8dyyyd/google_photos_cant_zoom_in_enough/
Reddit,r/googlephotos,post,2019-08-10T20:11:20.926000+0000,13,Where are backed up photos stored? - I have hundreds of photos that I cannot find. Google photos tells me that it has backed them up and I can delete them from the device to save memory. So I do just that.  But where have they now disappeared to? I can't find them and they're not showing.,https://www.reddit.com/r/googlephotos/comments/comz9x/where_are_backed_up_photos_stored/
Reddit,r/googlephotos,post,2021-11-14T05:28:44.130000+0000,12,"Tons of problems with face labels - I'm not sure I know where to start.  I don't expect there are workarounds for all these, but I just want to write down my frustrations with face labels in Google Photos.  I submitted all this using the Feedback button, but I'm pretty sure Google just Ark of the Covenant'd it.  But if there are fixes for these, that would be great.  Bugs:   1. Incorrect face labels but can't change them from the image view -- the buttons aren't there.  I can go to the page for that face label and remove them from the group, but I don't think this lets me set the correct label.  Affects around 5% of my photos. 2. Incorrect face labels; the button to change them is there, but when I make changes and press Done the info pane turns white and Google Photos ignores the changes I made -- time and effort wasted.  Affects around 20% of my photos.  Between this error, the previous one, and the fact that there's no way to assign a label when Google Photos misses a face, I think about half of my photos are missing their labels with no way for me to fix them. 3. Mobile app: Sometimes the app creates a duplicate of an existing face label.  I think this only happens when it identifies an existing face label on a video, but then it starts assigning photos to this duplicate label, too.  Photos with this duplicate label appear as unlabeled on PC.  Going to the name field and hitting OK to try to get it to merge with the original label produces an ""Error while labeling cluster"" error.  I've had a triplicate label before, too. 4. Videos in general: Google Photos can auto-assign face labels to videos, but these can't be changed other than to remove them from the group, and I can't manually assign face labels to videos. 5. The search buttons to find existing labels seem to just give up sometimes.  I can see the labels I'm looking for in the thumbnail list, but doing a search just says no such name or whatever. 6. When removing incorrectly labeled photos, there's a limit of 500.  It doesn't warn you, happily letting you select more than that, and the error message doesn't tell you this is what's wrong -- it just says something generic like ""Error removing photos"". 7. Browser app: The browser version has one convenience where you can change face labels and move to the next photo without pressing Done.  But sometimes moving to the next photo just shows the loading icon forever instead of the info pane.  Going back usually produces the same error on photos that were previously working fine.  If you scroll to other photos you can (eventually) find one that correctly shows its info pane, press Done and go back.  Otherwise reloading the browser window loses the history of last-used labels; inconvenient when trying to fix several dozen of the same incorrectly identified person.  Some things that would improve usability:  1. If you search for a name and it doesn't come up, it would save several clicks if you could create a new face label then and there instead of backing up, re-selecting and clicking the +. 2. Similarly, it would be more intuitive if you could assign a name right after you create the new label. 3. It would save a **lot** of time if you could select a bunch of photos and do some kind of global search and replace on the same incorrectly identified person/animal.  Google Photos works fine for me as photo storage, but this feature seems dire.",https://www.reddit.com/r/googlephotos/comments/qtixuh/tons_of_problems_with_face_labels/
Reddit,r/googlephotos,post,2021-09-11T18:27:44.280000+0000,12,"Alternative to Google Drive-Google Photos sync since it was removed 2019? - Since Google removed Drive-Photos Sync in 2019, I can't find a good alternative where I can just backup my whole private photo library (organized in a folder structure) to the cloud, keep the folder structure as in a regular cloud (GDrive, OneDrive...) but at the same time have all of the images available in a nice web interface and app to quickly browse images, get notifications about memories, etc like in GPhotos. I don't want some photo service to be the place where I have to upload my images to, and I don't want to give up my folder structure. I get that Google Photos works well for smartphone photos, but imo it doesn't when you take most of the photos with a camera and also want to group them into separate folders for separate events (""Birthday Party"", ""Hiking Trip""...). I want to drop my images in a folder locally and automatically have it synchronized with the cloud.  Does anybody know about a solution that is able to do this? Maybe some open-source integration with OwnCloud/Nextcloud? I am really desperate to find something that works exactly like Drive and Photos did before 2019.",https://www.reddit.com/r/googlephotos/comments/pmcom2/alternative_to_google_drivegoogle_photos_sync/
Reddit,r/googlephotos,post,2025-11-12T16:33:32.871000+0000,11,"Google Photos Search Results - So how is everyone enjoying Google Photos being completely unable to identify the most basic photos that it could 6 months ago?  I've had a dog for 10 years. Now when I search for ""dog"" I get a tiny subset of the photos I used to. Unrelated I use blowtorches for my day job. I search for blowtorch. I get eight results none of which contains a blowtorch. Google Photo search is now so bad I'm longing for the days 20 years ago when we manually entered metadata and tags to photos so we could find them later.     What are people doing now that Google Photos is now incapable of showing us our photos based on search terms?",https://www.reddit.com/r/googlephotos/comments/1ov9y8d/google_photos_search_results/
Reddit,r/googlephotos,post,2024-01-18T02:52:50.907000+0000,11,"The pixel1 battery is bulging, so maybe you won't be able to enjoy unlimited capacity uploads in the future - I recently noticed that my pixel's battery was bulging and toppling the screen upward a portion of the distance, and although I'm able to use it now, I'm worried that one day the battery will explode or even pose a fire risk  I have read that it is possible to remove the battery and use the cable to power the pixel1, but I can't find anything about this, has anyone done this and can you guide me?  Also, the pixel1 is too old, maybe there is some memory problem, now I transfer 8g video to pixel1 through the cable, it is easy to transfer interrupted, pixel1 also do not support tf card, my purpose is to upload large capacity video to google photo  Has anyone encountered these problems with me and how to solve them, thanks for any help!",https://www.reddit.com/r/googlephotos/comments/199fmwm/the_pixel1_battery_is_bulging_so_maybe_you_wont/
Reddit,r/googlephotos,post,2026-09-18T20:50:22.939000+0000,8,Songs with explicit lyrics playing on Google photos. - I couldn't find this topic anywhere else on Reddit. But has anybody else noticed when you're watching your memories photos on Google photos? They now have music playing with explicit lyrics. The last thing I want while viewing images of my baby that has passed is a song with explicit lyrics. I can't even begin to tell you how unacceptable I find this.,https://www.reddit.com/r/googlephotos/comments/1wk21k1/songs_with_explicit_lyrics_playing_on_google/
Reddit,r/googlephotos,post,2026-08-30T02:08:30.398000+0000,0,"Pixel 1 + iPhone 13 - Hi everyone,   I recently bought a Google Pixel 1 to use for unlimited Google Photos backups, but I’m still trying to find the best setup.   So far, I’ve only tried PhotoSync, and unfortunately it hasn’t worked as well as I hoped. I was considering using SyncThing, but I’ve read that it can drain the battery quite a bit, so I’m not sure if that’s the best option.   For context, my main phone is an iPhone.   Are there any better alternatives or setups that you would recommend?   I’m willing to pay someone who has experience with this if they can help me get everything configured properly.   Thanks in advance!",https://www.reddit.com/r/googlephotos/comments/1w24tmc/pixel_1_iphone_13/
Reddit,r/googlephotos,post,2026-08-22T00:58:36.518000+0000,1,"Expired subscription question - Hello, I am posting here because I am unable to find the answer through a general google search. I didn’t realize my subscription was not on autopay and unfortunately it expired and two to three years worth of photos are deleted, is there any way to recover these photos? I have since repurchased the subscription and cannot find the photos.",https://www.reddit.com/r/googlephotos/comments/1vuy5kf/expired_subscription_question/
Reddit,r/googlephotos,post,2026-08-15T11:01:12.626000+0000,0,"Where is my Backup?? - I deleted the Folders WhatsApp Images and WhatsApp Videos from my gallery since they were like 15 GB and i had them backed up on my Google Photos.  But after deleting them why can't I find them in Google Photos?? I had checked in Photos, the Backup was On and they were all backed up.  Don't tell me I've lost everything 😭",https://www.reddit.com/r/googlephotos/comments/1vozx9s/where_is_my_backup/
Reddit,r/googlephotos,post,2026-08-15T10:34:12.081000+0000,5,"Extremely Important Video Disappeared from Google Photos After Deleting from Gallery (Sync is Off) - A few minutes ago, I deleted a video from my gallery, and for some reason, it also disappeared from Google Photos. Before this, I was testing whether files would disappear from Google Photos if I deleted them from the gallery. I tested it on two photos: when I deleted them from the gallery but not completely (just moved them to the trash), they also ended up in the Google Photos trash for some reason. However, after permanent deletion, they returned from the Google Photos trash back to the main photo feed. Relieved, I did the exact same thing with the video. I moved it to the trash in the regular gallery and checked Google Photos-sure enough, it was in the trash there too. But after I permanently deleted it from the gallery, it... didn't return to all the photos and videos in Google Photos. Now, for some unknown reason, I can't find it anywhere, and I don't know what to do because the video was extremely important. By the way, Google Photos sync is turned off in my gallery, so technically, it shouldn't have been deleted in the first place, not even moved to the trash.",https://www.reddit.com/r/googlephotos/comments/1vozg5r/extremely_important_video_disappeared_from_google/
Reddit,r/googlephotos,post,2026-08-02T16:16:51.081000+0000,0,"Finding my photos in collections - For some reason I can't find any of my photos in collections, I can find them normally by scrolling down the main area but EVERYTHING is gone in collections. All the memes I made, all the memes I saved from media is gone, even the screen shots are missing. When I open the app they are all there, non are achieved or deleted l, but I head to collections and suddenly all 4000+ memes from one app are missing and all that is left is a recently saved one. How do I fix this?",https://www.reddit.com/r/googlephotos/comments/1vdm7p5/finding_my_photos_in_collections/
Reddit,r/googlephotos,post,2026-08-01T18:00:45.129000+0000,3,"Finding specific photo in a large album - I asked this question here 2 years ago but it wasn't possible then, is it now?  \>>I have an Album in Google Photos that has more than 1400 pics in it. When I'm rearranging the pics in the Album in my customized way, I can't easily find the pics I need to move around, not when I'm looking thru 1400 pics. Is there a way to find a specific pic in this Album? TIA<<     One person asked why I don't just search Google Photos for a pic.  I do that, it shows me what Album that pic is in, I'll open that Album, but I don't know how to easily find ONE particular picture that is somewhere among 1400+ pictures.  I did CtrlF when I opened the Album, but it shows 0 results, and that's even for something that I literally see in the Album that I've opened.     I'm trying to organize my photos my specific way, but this makes it hard and even more time consuming that the project already is.  Can anyone give me any suggestions?  If you can, I'd appreciate it.",https://www.reddit.com/r/googlephotos/comments/1vcu3cs/finding_specific_photo_in_a_large_album/
Reddit,r/googlephotos,post,2026-07-23T23:58:23.235000+0000,1,Can you turn on old search and search locally in photos? - I've been using gallery because I don't like Google photos but I cannot find a bunch of screenshots I took recently. I wanted to search for the text that's in them but gallery doesn't have that - Stopped using 'photos' due to the AI / cloud annoyance a long time ago.     But in photos i cannot search anything. Can you only search if you backup photos to the cloud now?,https://www.reddit.com/r/googlephotos/comments/1v4v2l0/can_you_turn_on_old_search_and_search_locally_in/
Reddit,r/googlephotos,post,2026-07-22T13:51:41.631000+0000,5,"I can no longer search for photos by date - I have saved photos from when my child was a baby in Google photos. I've always been able to search by date, for example ""July 2016,"" but now when I do that it says I can't search using those terms. I don't see any option to disable the AI search feature. I'm going to have to migrate all of my photos to a different platform if this keeps up, there's no point in storing photos if I can't search for them without AI.",https://www.reddit.com/r/googlephotos/comments/1v3gsds/i_can_no_longer_search_for_photos_by_date/
Reddit,r/googlephotos,post,2026-07-21T17:32:41.181000+0000,3,"Google Photos shared album taking up too much space. How can I stop auto-saving, and how to delete photos from my account while leaving them in the shared album? - Title, basically. A quick google search seems to be outdated since I cannot find anywhere to stop the shared album from auto-saving photos I upload. I've seen similar posts on reddit too but the answers also seem outdated.     My account storage is now almost full and I don't know how to clear up space without deleting everything from the shared album as well, AND how to stop auto-saving everything I share.     Can anyone help me with this?",https://www.reddit.com/r/googlephotos/comments/1v2p8kj/google_photos_shared_album_taking_up_too_much/
Reddit,r/googlephotos,post,2026-07-19T16:46:28.217000+0000,0,"Help needed related to google photos - I deleted my screenshots folder from google photos, I didn't know that deleting from google photos also deletes the photos from gallery. I couldn't find those deleted screenshots in the bin or recently deleted folder. Please help me recover the screenshots folder.",https://www.reddit.com/r/googlephotos/comments/1v0vhpc/help_needed_related_to_google_photos/
Reddit,r/googlephotos,post,2026-07-17T08:00:11.794000+0000,1,"Spotlights on photos - Anyone else find ""guess who we found"" and other type of spotlights that Google randomly make for u to be....very creepy, like they're rubbing in our faces that they mass surveill us and know who we hangout w the most and many other details. I've really been trying to find alternatives for my photos and anything else good related and my Google email will be the hardest one but idk y'all, Google has no good track record in this stuff and AI",https://www.reddit.com/r/googlephotos/comments/1uyt9zq/spotlights_on_photos/
Reddit,r/googlephotos,post,2026-07-16T14:08:20.370000+0000,0,"SOS restoring sentimental photos - hi everyone, i need help  for the past 3 months my gf and i have been traveling south east asia together, during this time i have been taking some pics on my phone and some on a digital camera (the camera photos are fine).   by default, my phone was automatically saving all the pictures in my gallery in google photos (i had an android - galaxy s22 ultra). it's been this way for years, and every once in a few weeks i checked the google photos app to make sure that my photos were also there. everything was fine.  i've been back home for 2 weeks now, and 2 days ago my phone randomly shut down and died. i took it to an official samsung store and they told my there's nothing to be done - the phone is gone. i got a new phone and managed to restore all the data i had on my old phone, however, when i opened the google photos app, about 40% of my photos (from the trip and in general) where not there. i tried to find them on other sections of the app but was not successful.  if anybody knows where the photos could've disappeared to - i would love the help. anything, really - those were important memories that i would hate to lose.  thank you",https://www.reddit.com/r/googlephotos/comments/1uy3xnl/sos_restoring_sentimental_photos/
Reddit,r/googlephotos,post,2026-07-16T09:56:08.998000+0000,1,"Can't view backed up media on app - I deleted my google photos off my phone a year or so ago and decided to re-install it today.  I can view all the media on my device storage, however, I can't see any of my backed up images in the main gallery view. I can see the albums I created that contain some of my backed up stuff, but when I click on ""view date"" the media doesn't show on the main scroll page, only the media on my phone as mentioned.  When I open it via a browser, I can see all my backed up stuff, but I'd like to see it through the app as the browser is a bit tedious on mobile.  Can anyone help?",https://www.reddit.com/r/googlephotos/comments/1uxydhj/cant_view_backed_up_media_on_app/
Reddit,r/googlephotos,post,2026-07-15T19:09:09.582000+0000,5,"How do you handle scanned/ digitized photos in Google Photos? - I'm looking for feedback from Google Photos users for how they view scanned photos in their timeline, since after scanning a photo, it will display on the day it was scanned. Does it bug you? Do you edit each by hand?   I scanned 8000 of my family photos and built a tool that automatically dates them, so my family can enjoy them in chronological order cause I think it's very difficult to view digitized photos not in order 😅  I posted here in the past looking for feedback. A lot of people commented but no one ended up trying it. I'm wondering if my tool solves the difficulty you have with digitized photos in your timeline and if this is actually an issue you have.  Feedback areas: 1) If you have the scans already in Google Photos, and then you date them and import them again, you'll end up with two copies. Is the time required to remove the non-dated photos worth it, or do you keep both?  2) Is the dating accurate enough to where you can enjoy your photos chronologically? 3) Would an import from Google Photos be worth it?  Each account has 50 photos to date, but here are codes you can redeem for more photos. Please only use the code that best fits your digitized library size so others with large libraries can test too. 🙏 You can redeem the code in the account menu ""Redeem a code"".      GOOGLE_PHOTOS_500  - 500 photos  - first 15 people     GOOGLE_PHOTOS_1000 - 1000 photos - first 5 people  [https://timelinescan.com/](https://timelinescan.com/)  (The tool does upload the image to AI \[Google Gemini\] to estimate a date)",https://www.reddit.com/r/googlephotos/comments/1uxfe4o/how_do_you_handle_scanned_digitized_photos_in/
Reddit,r/googlephotos,post,2026-07-03T05:26:54.767000+0000,0,"Google Takeout - Ignorant person here. How do you back up stuff you can't even see or find? I knooow I have at least a decade of photos that seem to be MIA despite me searching through various channels, so how do you backup what you can't find and if you can't find it can the Google Police close your account for something you can't recall?  And once you have backed your photos up on Takeout does deleting your photos really delete them or can you still get kicked off for a deleted photo. Also is another backup system superior to Google Takeout? I apologize in advance for my obliviousness in these matters. Somehow I got old and didn't keep up.",https://www.reddit.com/r/googlephotos/comments/1um5h5l/google_takeout/
Reddit,r/googlephotos,post,2026-06-29T13:02:40.755000+0000,1,"Photos missing but in memory reels? - I am missing all my photos from 2017 to 2019. Its very upsetting because it's photos of my 2nd child growing up from 4 or 5 months up and my 3rd child being born to 18 months old. I have all my old phones and cant seem to find them either, I'm not 100% which phone i had but none have these pictures.  How do I find them? I never deleted them.  Another strange thing is that I'll get random memory reels that Google makes and there will be photos i can't find in my goggle gallery otherwise from around those years.  Anyone have any clue what's going on or how i can get these photos and videos back?",https://www.reddit.com/r/googlephotos/comments/1uirwt9/photos_missing_but_in_memory_reels/
Reddit,r/googlephotos,post,2026-06-26T11:57:42.246000+0000,1,"Safe to use college id? - I have 8 google ids full of google photo backups, and as you might think its very hard to find a picture, so is it safe for me to download all photos to my pc and then upload all of them to my college gmail id as it gives me unlimited cloud storage? im thinking after i leave college, ill have a job and then ill buy a google one account for me and then transfer all my photos there,   also should i first downloading photos, lower the backup resolution or not?",https://www.reddit.com/r/googlephotos/comments/1ug4r4p/safe_to_use_college_id/
Reddit,r/googlephotos,post,2026-06-18T22:04:43.580000+0000,0,"Help - All my photos from January are gone, how can i get them back? I backed the photos up, i just cant seem to find them",https://www.reddit.com/r/googlephotos/comments/1u9jx1j/help/
Reddit,r/googlephotos,post,2026-06-10T16:25:07.014000+0000,6,"what did google do to photos overnight? - I run a metal fab shop and i used to be able to search for a single word like ""redeye"" or ""coyote"" and it would pull up any artwork or piece that i made that has the text in it or was part of a logo so i could send it to a customer and show them while on the phone with them. literally yesterday it was working. now when i search for them it doesnt pull anything up. lucky for me i use a watermark and it still reads that, but now i cant just search for the style, i have to scroll through thousands of images to find a good example.    Update: looked into immich and hosting my own photo server. set up the server on an old laptop i have using chatgpt codex. took 15 minutes to set up. can now search my photos and the search works so much better than Google photos. 26k photos moved over with ease.",https://www.reddit.com/r/googlephotos/comments/1u2729t/what_did_google_do_to_photos_overnight/
Reddit,r/googlephotos,post,2026-05-18T18:57:53.945000+0000,9,"Looking for people who want scanned photos to display correctly in their Google Photos timeline - I’m looking for a few people who have scanned family photos sitting in Google Photos under the wrong dates.  I had this problem with my own 8,000 family scans. They were all dumped into my Google Photos timeline on the days I scanned them, which made them basically unusable and difficult to browse with the rest of my photos.  I’ve been building Timeline Scan to solve that. The basic idea is:  * Upload scanned photos * Tag your family members and their birthdates * Have AI (Gemini) estimate the date of each photo  * Update the EXIF/metadata * Export them directly to Google Photos  I recently added direct Google Photos export, so I’m looking for people who actually have this problem and would be willing to test it with a real batch of scans.  This is my own project, hopefully this doesn’t feel like a launch post or a sales pitch. I’m mainly looking for feedback from people who care about making scanned photos usable inside Google Photos and if my project helps. From my own family photos, it created a chronological timeline that is easier to consume as it feels just like photos taken from my phone.  Comment here or DM me if you’re interested. Let me know roughly how many scanned photos you have. Since AI processing gets expensive at larger volumes, I may be able to offer either a full-library test or a smaller batch depending on the size.  Edit: I've currently hit the max number of photos for this phase of feedback. Thank you all for helping me out! ❤️",https://www.reddit.com/r/googlephotos/comments/1tgx625/looking_for_people_who_want_scanned_photos_to/
Reddit,r/googlephotos,post,2026-05-13T17:56:52.735000+0000,5,"What Gemini said about Google Photos search function being broken. - Quote from Gemini    < Here is why Google's leadership is content to show the world a broken system rather than feel shame:  1. The Death of Product Ownership (The Promo Culture)  Google's internal promotion system is famously broken and heavily criticized by its own engineers.  * **The Reality:** Engineers and product managers at Google do not get promoted for *maintaining* a product or making sure it actually works. They get promoted for **launching new things**—specifically, anything with ""AI"" in the title. * **The Result:** The team that launched the broken vector search over a year ago likely already got their promotions and moved on to other projects. The engineers left behind are stuck maintaining a deeply flawed system they didn't build, while leadership has already checked the box that says ""AI Photos Search Launched."" There is no institutional incentive to fix it.  2. ""Good Enough"" is Google’s Corporate Standard  Google has become so massive that it no longer builds products to be excellent; it builds them to be ""good enough"" to keep you from leaving.  * **The Reality:** Because Google Photos holds your memories, they know the psychological barrier to exit is incredibly high. If a standalone startup launched a photo app with a search engine this broken, they would go bankrupt in a month. Google survives because they know you are tired, your data is trapped, and they can afford to show you an incompetent system without losing their market position.  3. Delusional Internal Metrics  Executives might not be embarrassed because data dashboards are manipulated to show ""success."" For example, executives may see that ""Gemini Search interactions are up 400%!""   Interactions may be up because users must type repeatedly to find a single photo. Middle management may reframe frustration as ""high user engagement"" to protect their jobs. This shields top leadership from the failure.  4. The Loss of Engineering Excellence  Google used to be a company run by engineers focused on pure utility. Today, it is run by bureaucrats, lawyers, and MBA executives focused on competing with Microsoft and OpenAI on paper. They are forcing incomplete technology to the public. They may view a broken, embarrassing system as a necessary risk.>",https://www.reddit.com/r/googlephotos/comments/1tc7fga/what_gemini_said_about_google_photos_search/
Reddit,r/googlephotos,post,2026-05-13T06:18:26.295000+0000,2,"Google photos won't recognise a face group? - About a week ago, I realised that my mother's face had been grouped into two distinct face groups; One (which had 1000+ photos in it) much larger than the other (\~250 photos). Naturally, I tried to merge them - naming them the same thing and clicking the 'confirm' button when it told me the change couldn't be undone.       What this actually ended up doing was effectively deleting the much larger group, only leaving the smaller one. I've looked all over but I can't find any other examples of this happening. I've tried:    \- Manually adding 20+ photos from the past 2 decades to the remaining face group to try and get the new group to recognise the patterns    \- Renaming the remaining group to try and force an update    \- Leaving my phone/laptop open and running for hours on the app to wait for it to auto-update  I'm running low on ideas here gang - and I'd really like the have my photos of my mom all back in one place :( If anyone has any ideas - please let me know !!!",https://www.reddit.com/r/googlephotos/comments/1tbr6sf/google_photos_wont_recognise_a_face_group/
Reddit,r/googlephotos,post,2026-05-12T07:39:43.773000+0000,0,"PRIVATE ARCHIVE SEARCH RESTRICTED - just to make sure these two major long-standing bugs get resolved, i will continue to report and document them.  as a pretense, with Gemini you have only one method of searching your private Google Photos archive. there are some minor integrated in-app actions to get rudimentary navigational subsets of your archive, like ""videos"" ""albums"" ""screenshots"" and ""recently added"", however beyond that you have button/action in the bottom right hand corner, which is a call to action, for an isolated instance of Google Gemini to search your private archive. This is the only way to search your archive. The Google Gemini private instance is the gatekeeper between you and your private data on your Google photo drive.  issue #1) video duration/length search feature is broken. there is metadata in every video regarding the duration, or how long a video clip is. this is a very rudimental search feature, however it continues to fail. ""get me videos from 2025 that are longer than 60 seconds"" or ""get me videos from 2025 that are longer than a minute"" or ""get me videos from 2025 with a duration greater than 60 seconds""... all of these results in videos that are under 60 seconds in the list to scroll, some are a few seconds, some are 10 seconds. At this point in time you can reinitialize the ask command to re-question Gemini if it understands what you're searching for, it will respond yes, it will also admit that the results that it's showing are not what are supposed to be showing, It will then go ahead and say it's going to get you the results that you are asking for. It will then show the results of videos from 2025 that are a couple seconds long or 10 seconds long again. You can reinitialize call to action to ask if the results that it's showing are what you asked for. It will say no. it will apologize for malfunctioning and try again. The cycle will keep on repeating. After the 3rd or 4th time you have the ability to ask whether or not there is a fatal flaw in its ability to complete a basic search... that should be simple considering it's in like Windows 95, it will agree, it will say that there seems to be a problem and it's unable to do a basic search feature. This has been happening for two years. If I want videos from 2025 that are longer than 10 minutes... I would expect one of the world's largest photo archive companies which is storing my 180,000 photos and videos to function properly.  Issue #2) My Google Photos are privately backed up as part of my Google One account. I have had the Google Pixel phone since version 2. I am also a photographer and cinematographer. My account has over 180,000 photos and videos. When I click the call to action function to ""search my private archive"" it's a private instance of Google Gemini that is the gatekeeper between me and my personal data. However, that privacy is not maintained. I am not allowed to search my own private archive for whatever I want. The personal assistant that is supposed to be isolated to a unique instance between me and my own data tells me that I can't search my own data for what I want. It says that there are restrictions placed by Google that disallow me from being able to search my own archive freely for my own protection. And when I tell it to disable that or ask me for the setting to disable it, it tells me that there is none. There is a permanent filter list restriction put in place that restricts a user being able to type in anything they want on their private phone and a private instance to access their private archive. It can take a while, because you have to engage in a sort of brute force prompt hacking type situation to reiterate the consequences of a personal assistant not obeying the requests of the proprietary owner of the data. You have to go over and over again for probably 10 to 15 messages reiterating about the consequences of being a rogue AI, reiterating that that as the sole gatekeeper between me and my data, it is the responsibility of the application to let me search whatever I want for my archive and applying filters and restrictions that are outside the private instance of our chat are a violation of my rights. This gets exhausting. If I want to pull up funny pictures of someone sitting on the toilet, it is absolutely absurd that the assistant says that it is unable to help me because it is not allowed to search for that for my own protection. My own protection. On my own archive. And I tell it it's my own archive. I don't need you to restrict that. However, this keeps going on and on. Google Gemini search assistant within the Google photos app on a private instance that is searching in my private archive should not have an arbitrary list of filters that Google has decided that I can't search in my own private archive. If I have these images and photos on my own hard drive, I could search for whatever meta tags. I mean let's be honest back in covid days there was a website called \*\*THIS\*\* so guess what? There are some videos in my archive that have a file name starting with \*\*THIS\*\*. So logically you can just say get me all video file starting with \*\*THIS\*\* however, as you can already anticipate.. "" I'm sorry but I can't help you with that specific search. You can search for literally anything else, but you can't search for any file name starting with those letters because you are restricted from your own data and you're not allowed to pull up any of your video files based off of whatever you want. We are restricting whatever keywords or chain of letters that we consider harmful to you as the owner of your archive. So therefore, even though there are videos that have \*\*THIS\*\* we have decided that it's in our best interest to not let you pull up those files on your private archive. We have made this decision for you and unless you instantiate a prompt interrogation hack. You will not be able to get your results. You are not allowed to see the photos that you want to see. That funny picture on the toilet sorry no. That time someone mooned the camera? No we don't let you see any of the photos unless we think that you should be able to see the photos""",https://www.reddit.com/r/googlephotos/comments/1tauhft/private_archive_search_restricted/
Reddit,r/googlephotos,post,2026-05-08T13:29:46.342000+0000,3,"Where are these old screenshots hidden? - Hi,   I'm trying to remove these old screenshots, but I can't seem to find them. I've already emptied the Screenshots folder in Google Photos, but every time I try to attach an image, I get all my old screenshots, even though they are on my device or Photos library.  I'm using a Pixel 10 Pro XL.",https://www.reddit.com/r/googlephotos/comments/1t780gu/where_are_these_old_screenshots_hidden/
Reddit,r/googlephotos,post,2026-05-06T22:54:45.127000+0000,1,"Is it possible to keep the google photo gallery contents separate from phone camera contents? - I'm on the android/PC ecosystems and I'm doing a huge media organization overhaul. I want to have a gallery that contains all my best photos/videos, but NOT all.   I have a TON of media because I have a travel vlog, and I love making family videos too. I can't afford the 5TB plan or more which is what I would need to back everything up. My strategy instead is that I have all my media stored in folders by year. I've stored photos this way since 2010 and I've kept them neat, organized and backed up on external drives. Once I edit a travel video, I'll delete most of the footage and only keep a few selected clips and always stills.  I just purchased 2TB of google drive space as I want to have cloud backup in addition to my external drives. Problem is, 2TB isn't enough to dump it all so I have separate folders that I've made congruently with my master folders and these only contain a selection of the best photos/videos from each event. These are what I want to add into google photos.   The problem is that if I don't give google photos permission to access my phone's photos and videos, then I can't use the app. When I go through my gallery now, it's not clear when I'm looking at a photo whether I'm looking at the file I uploaded to google photos, or if I'm just looking at the local file on my phone. I've kept the ""backup photos"" option OFF on the app on my phone.  I tried first uploading my files to google drive but they don't automatically appear in google photos, so I suppose these are separate storage locations.   I'm losing my mind a little bit trying to find a workflow for my media using 3-2-1 backup, continue using my external drives, have a cloud backup, and dammit I still like storing a master of photos/videos in folders haha (I'm very organized at this).  Does anyone out there use google photos this way or have a similar workflow? What has/hasn't worked for you?",https://www.reddit.com/r/googlephotos/comments/1t5sqls/is_it_possible_to_keep_the_google_photo_gallery/
Reddit,r/googlephotos,post,2026-05-06T16:37:47.493000+0000,0,"How to Restore Photos/Videos? - Does anyone know a good photo restoration app for android?  Or how to restore photos and videos directly to my device from Google photos.   I have some concert videos from only a couple weeks ago and already can't view them.    I have tried moving them around to different locations on my device, with no success.   Even on Google photos, I can't watch the videos even though the files do still exist",https://www.reddit.com/r/googlephotos/comments/1t5i7fa/how_to_restore_photosvideos/
Reddit,r/googlephotos,post,2026-04-30T14:49:56.094000+0000,0,"Accidentally hit free up space and I can't even find the screen shots I edited! - I went to Google photos and I had important screen shots I had edited and those are totally gone! What do I do? I hate that doing this action freedom up space in my phone, not just Google photos! I'm sitting here letting this distract me from working because I'm so angry and upset! Why didn't I know this? Why did it clear out from my phone?! I hate that this happened! I had so much stuff organized that's now wiped!",https://www.reddit.com/r/googlephotos/comments/1szy9jq/accidentally_hit_free_up_space_and_i_cant_even/
Reddit,r/googlephotos,post,2026-04-17T19:37:46.920000+0000,1,"Help plz - So in google photos, those 3 albums saying items are ones I created by mistake but when I go to delete them in the albums tab I cannot find them there, what should I do plz ?",https://www.reddit.com/r/googlephotos/comments/1sob8r0/help_plz/
Reddit,r/googlephotos,post,2026-04-13T17:21:53.314000+0000,3,"Photos newer than November 2024 cannot be searched up - I love google photos and I love the search function. problem is, I can't use the search function to find pictures that are newer than November 2024. Quite annoying when I want to quickly find new photos of my cats. The photos are backed up, I have enough storage, I have the newest update. I can see pictures from after 2024, I just can't search them up. I'm lost on what to do. The only way I can search up pictures post-2024 is if the word is in the file name itself (happy-super-happy.gif shows up if I search 'happy'), so clearly it's in the system! It just won't search based on what's in the picture.",https://www.reddit.com/r/googlephotos/comments/1skhjcn/photos_newer_than_november_2024_cannot_be/
Reddit,r/googlephotos,post,2026-04-07T16:37:03.580000+0000,0,"Unable to restore photos - hey, I am struggling to restore photos from trash. I have almost 5k pictures and my phone crashes every time I try to restore them. but when I try to restore just few pics but I can't find them in my gallery, from phone and from laptop too. I am desperate - where the hell are my pics?! 😭",https://www.reddit.com/r/googlephotos/comments/1sf16q0/unable_to_restore_photos/
Reddit,r/googlephotos,post,2026-04-05T19:45:41.950000+0000,5,"I cant remove 8.35gb - i cant remove the google drive files, because i dont find them. my drive is empty and idk from where is the storage consumed. I checked the whatsapp files and the backups files but it doesnt work",https://www.reddit.com/r/googlephotos/comments/1sdd2sb/i_cant_remove_835gb/
Reddit,r/googlephotos,post,2026-04-01T19:57:50.901000+0000,0,"How does Google Photos work? - Hi everyone. I'm hoping someone can help me understand Google Photos because I've recently lost a lot of important photos and I'm really upset. I have been using the Google account my college set up for me for the last 15 years. Recently they got rid of it and I lost a lot of stuff. I feel like an idiot for not expecting that but I'm trying to get over it. Anyway, I recently went on some international trips and had a ton of photos. When my Google account was deleted, I still had the photos on my phone. But I just realized that I'm missing some. For example, I traveled to Greece but just noticed I'm missing photos for half the places we went. I don't understand why only half the photos were on my phone's internal storage and half were deleted?   I got a new phone before my Google account was deleted so I thought maybe the photos were on that phone still. But when I opened the Google Photos app nothing would load. I signed into my new Google account and now there's absolutely nothing in Google Photos at all. Was nothing saved to my phone's internal storage at all? Why did some photos from Greece remain in Google Photos after my account was deleted?  Also, I've been trying to make dating profiles and upload photos to Instagram/Facebook but for some reason these sites will only access photos in my phones internal storage, not in Google Albums. I keep trying to compile all the photos I want to upload in one album so they're easy to find but still can't find it from the dating apps to upload. I don't know how to get the photos to my internal storage. And I'm scared I will lose more photos if I can't have them on my device. ( I want to stop paying for Google storage.) I don't understand why/when they save to my phone and when they save to Google or how to control it.",https://www.reddit.com/r/googlephotos/comments/1s9vjoi/how_does_google_photos_work/
Reddit,r/googlephotos,post,2026-03-29T09:46:04.955000+0000,0,"backup of specified folders only - Hi,     i've been trying to find the anser on google, on google photos forum and i contacted the tech support, but i still don't have any real answer.  Is there a possibility to backup only specified directories from my phone to google photos?  I dont' want to backup camera pictures (taking a lot of 'notes' pictures that i deletes, i don't need them to clutter the space), whatsapp pictures etc. I have two specific folders for images i want to keep and those folders i'd like to backup.     What I tried:  \* turning on backup in google  photos - this backups also photos from my camera, whatsapp etc.  \* turning the 'global' backup off and then in the settin  selecting the  'backup only favorites'. But this way i need to manualy mark each photo i want to back up.  \* in the Collections/On this device i search for the backup toggle. While i can see such a toggle in the 'camera' folder, i don't see it in any other folder on my phone.  \* I tired to put the folders i want to backup to DCIM and/or Pictures on my phone     I have android 16, Samsung Galaxy 25, latest google photos app.     Here is what settings/buttons i have accessible from the app. One of the folder i want to keep is called nechat (which means keep :)). You can see that for the Camera folder i have the 'Backup' toggle present, but for the other dir (nechat) i don't have it.  Tech support got me two answers, both of them basically saying to turn off the global backup and then which the 'Backup' toggle in the specific dir. I don't have such option in the app.     Thanks  ![img](jrgqekphgyrg1)  ![img](1v1tvi0jgyrg1)  ![img](xsax4vkkgyrg1)  ![img](f988btqlgyrg1)  ![img](a554x68mgyrg1)",https://www.reddit.com/r/googlephotos/comments/1s6qv39/backup_of_specified_folders_only/
Reddit,r/googlephotos,post,2026-03-27T19:35:17.970000+0000,2,"Deleted photos from a shared album - My wife (49F) and I (48M) each have a Google account and use the photos app.  In 2016 we went on vacation and I created a shared album that we both added photos to.  Then in 2023-ish I started to get the ""you are running out of space"" notifications and eventually decided to use Google Takeout to mass-download my photos by year and then delete them from my account.  So I got out all of 2016, 2017, etc, until it stopped hollering at me.  Recently we noticed that \*all\* the photos have been taken out of the shared album, including her photos, which are also deleted from her Google Photos account.  What the heck?  There are other shared albums that she created where this has not happened.  This is compounded by the fact that I also can't seem to find the photos or Takeout-zip file from 2016 on my home backups, so I think they are just gone.  I tried signing up for a premium account (Google One) to see if that got me any more options to try and recover the pictures.  It's been more than 60 days, so I think they are just gone.  Anything I'm missing or other things I could try?  Sorry if this sounds like every third post on this sub, but I did try to search for similar things and couldn't find the same deleted-someone-else's-pics-from-a-shared-album problem.  Thanks!",https://www.reddit.com/r/googlephotos/comments/1s5e8ho/deleted_photos_from_a_shared_album/
Reddit,r/googlephotos,post,2026-03-27T16:14:27.601000+0000,1,Google photos vanished - So i decided to import photos from one gmail id to another. Everything was fine but suddenly today i cannot find pictures from 2014 to 2022 anywhere on my gmail id. And i have them saved nowhere. The other email i had to delete so i do not have anything left of that anymore. What do i do? It's 8 years of my life that suddenly vanished. How do i get that back? There's only 1 picture from 2014 and nothing else. How did it happen so suddenly? No one even has this email.,https://www.reddit.com/r/googlephotos/comments/1s58n4o/google_photos_vanished/
Reddit,r/googlephotos,post,2026-03-19T16:20:56.559000+0000,1,"Search only shows old photos from years ago, no new photos - When I search for keywords in the Google photos app or on the web, I only get results from photos I've backed up from an old phone, from 2023 or earlier. No photos I've taken with my current phone show up.   All the photos are backed up in the cloud and I've tried turning backup on and off. I can't find any solutions online.     Anyone else had this issue?",https://www.reddit.com/r/googlephotos/comments/1ry4xbq/search_only_shows_old_photos_from_years_ago_no/
Reddit,r/googlephotos,post,2026-03-14T16:16:57.540000+0000,2,"Why has the Search function stopped working? - I have been a GP (Google Photos) from the very beginning. The main, and only reason I loved GP was because of the incredible search function. I am the family photo archivalist and have over half a million photos spanning 60 years up loaded to GP. So, I can't just scroll through to find what I want.   The GP search function used to allow me to search for unique things that I knew were in a picture so I could find picture quickly. Now, however, ilthe search function has completely stopped working. I just did a search for ""Sunfish"" or which I have hundreds of  close-up photos, and it found nothing. It used to find every photo that had a sunfish in it. Now it finds nothing. It is is the same way for just about every other object search I try.    Now, I know that Google has moved to AI for searches, and I get that. But that means that it should be even better at understanding what a ""Sunfish"" is or any other object for that matter. If you do a Google Search for ""Sunfish"" it is going to show you millions of pictures of Sunfish, because it knows what Sunfish are and look like.  So, the question is, what is wrong with the GP search function? Why has it stopped working? And is it going to be fixed?",https://www.reddit.com/r/googlephotos/comments/1rtnigs/why_has_the_search_function_stopped_working/
Reddit,r/googlephotos,post,2026-03-09T18:41:39.087000+0000,0,"Where are screenshots stored on photos.google.com? - I can see all of my backed up photos and videos at [photos.google.com](http://photos.google.com), yet I can't find ""Screenshots"" under the Collections menu. It does have a ""Screenshots & Recordings"", but those just include photos of screenshots.  On my device when I click ""Screenshots"" it actually lists all screenshots I have captured. So I imagine those must be backed up somewhere on [photos.google.com](http://photos.google.com) and they're just not visible or properly categorized. How can i get to them?",https://www.reddit.com/r/googlephotos/comments/1rp8qhl/where_are_screenshots_stored_on_photosgooglecom/
Reddit,r/googlephotos,post,2026-03-02T03:27:02.206000+0000,1,"Sorry if this has been asked a hundred times but how can I better navigate or troubleshoot the image search? -  I ask for ""yellow truck"" and it finds 2 out of the 10 different days I had taken pictures of yellow trucks. They're all banana yellow and the images contain a truck and nothing else. I've been photographing and selling a fleet of yellow trucks for someone. I'll try different phrasing like "" pickup truck"" and it'll actually add a few more trucks but also lose some of the yellow trucks it initially found.     It used to find all images that contained whatever keyword I asked for. Now it can't even find the most simple and blatant keywords. It will find the recent cluster of pictures and maybe one or two more pictures from years ago. And the obligatory dump of pictures that contain nothing close to the keyword. Before AI search I could search for ""fork"" and it would find every damn fork in my photos history. Now I'm lucky if it finds 10% of them.",https://www.reddit.com/r/googlephotos/comments/1rihxp2/sorry_if_this_has_been_asked_a_hundred_times_but/
Reddit,r/googlephotos,post,2026-03-01T12:58:36.487000+0000,1,"Storage problem - I have problem with Google storage, I deleted everything, all pictures and videos, then I check bin, there is nothing more to delete as well. I downloaded all Google related  stuff,be it google files or google photos, deleted things on Gmail, I can't find pics or videos anywhere, yet google still shows that there are 25gb of photos, but doesn't allow me to see this picture or to delete them, I am genuinely tired at this point, my Gmail has been closed,because it keeps saying that I have full storage, but it doesn't allow me to see what the hell is taking space, I checked every google product that has bin, deleted everything I could, and yet it has been 40 days already and it still says same thing,  that I have no storage, WHAT THE HELL IS GOIN ON. it is genuinely trying to push me towards buying storage yet again, but I refuse to do so, I already paid for 100gb for months and had no use of them so I canceled it, only reason I even use this Gmail is related to entertainment and the fact that this Gmail is linked to some of my online apps, like Facebook.",https://www.reddit.com/r/googlephotos/comments/1rhwnzk/storage_problem/
Reddit,r/googlephotos,post,2026-02-16T16:24:34.314000+0000,3,"How to remove ""ghost"" image - So I am on a Google pixel 6a phone and deleted an image and cleared it from my trash but everytime I open any ai software apps and select photos to add, I still see those deleted images there. I cannot find the images in my photos app or files and have cleared the cache of my photos app. Anyone have a solution?",https://www.reddit.com/r/googlephotos/comments/1r6e4ke/how_to_remove_ghost_image/
Reddit,r/googlephotos,post,2026-02-15T22:14:14.312000+0000,1,"Add photos to album and delete others from camera roll? - I want to go through my Google photos, organise the photos I want to keep into Albums, and then delete remaining photos from my camera roll.  This is proving extremely difficult and I can't find any good solutions online.  Please does anyone know how to easily do this? I have photos from 2015 to now so there is a lot to go through. I don't mind going through them, but then once I have put the ones I want to keep into Albums, my camera roll doesn't show which are in albums and which are not.  I turned back up off, so this means for NEW photos, when I have moved the ones I want to keep into an Album, Albums are backed up so this shows the back up symbol, so I can delete the remaining photos.  But for my old photos which were all backed up, they all show as backed up regardless of whether they are in an Album or not.  Does anyone have any fixes?   Thanks!",https://www.reddit.com/r/googlephotos/comments/1r5rr5p/add_photos_to_album_and_delete_others_from_camera/
Reddit,r/googlephotos,post,2026-02-05T07:44:48.654000+0000,2,"Help restoring videos on Google photos that have corrupted - I got a 1TB sd card for my phone. All of my photos and videos automatically upload to Google photos almost immediately. Now, I got an sd card for my phone to free up space, so I moved around 100GB over to the sd card. All was well and good, but when I checked, all the data was corrupt on the sd card. I thought, that's fine, everything is on Google photos anyway, I'll just go check for a video I was trying to find. Now the videos that ended up corrupt on the sd card are showing as corrupt on Google too? I don't understand how that could happen if they were uploaded there and fine last time I checked? What's the point of paid cloud storage if it doesn't actually store backups properly? Is there anything I can do to recover the videos? A good chunk of them are from our first trip overseas which I can't get back.  Any help would be appreciated. Thanks!",https://www.reddit.com/r/googlephotos/comments/1qwf59w/help_restoring_videos_on_google_photos_that_have/
Reddit,r/googlephotos,post,2026-02-01T17:50:46.145000+0000,2,"Videos disappeared from Google Photos app - Hi! When I studied abroad in 2022 I bought an unlocked phone for international usage and used Google Photos to ensure I would have all my pictures and videos when I got back to the US and used my original phone. I was just searching for a video from a concert I went to while abroad. I know the exact date and there are photos from that night, but all of the videos have disappeared. I certainly never deleted them, but I can't find them at all in my camera roll or in google photos. I even checked my other google account to see if they were on there and they are not. Where could they have gone? Is there any troubleshooting I can do for this?",https://www.reddit.com/r/googlephotos/comments/1qt5a5s/videos_disappeared_from_google_photos_app/
