source,subreddit,type,date,score,text,url
Reddit,r/googlephotos,post,2026-07-03T18:04:31.793000+0000,81,"Google Photos flagging baby bathing photos? - Hi, I read about the recent trend of Google flagging photos of babies bathing. I realized that I do have some photos of my 11 month old without clothes in the bathroom. One of those photos are also in a shared album with my parents and my wife. I nervously scrolled to that photo only to find this small ‘1’ at the right bottom. Is this something related to Google Photos flagging it? I’ve never seen this in any other photo.   Really worried about getting all my data locked away. Going to take a hard backup today.",https://www.reddit.com/r/googlephotos/comments/1umllji/google_photos_flagging_baby_bathing_photos/
Reddit,r/googlephotos,post,2026-04-21T09:04:58.617000+0000,91,"My Google account was permanently disabled on April 17, 2026. Google flagged it for an alleged policy violation. I strongly believe this is a mistake or false positive, and I need your help figuring out what to do next. - Hi Reddit,  My Google account was permanently disabled on April 17, 2026. Google flagged it for an alleged policy violation. I strongly believe this is a **mistake or false positive**, and I need your help figuring out what to do next.  ![img](whly6bh6biwg1 ""Account ban information"")  ![img](xg4hxpccbiwg1 ""Automated reply for first appeal."")  ![img](4bw93k6mbiwg1 ""Reply for second appeal."")  **What happened**  * I migrated approximately 5,000 photos from an older Google account to this one * I personally reviewed every single photo I uploaded, found nothing problematic * The flagged content may have originated from backed-up media from years ago that I never individually reviewed * I was completely unaware of any violating content in my account  **What I stand to lose**  * \~500 GB of Google Photos collected over 10 years, irreplaceable memories and family photos * Google Maps saved locations and travel history * Gmail linked to multiple businesses and 100+ websites, SSO logins will break * Google Drive files critical to my work * Google Keep with stored ideas and notes * YouTube history, recommendations, and paid subscriptions  What I've tried  1. Submitted 2 appeals through Google's official appeal portal 2. Both denied, Google says the account cannot be restored, future appeals will be closed 3. Google Takeout is inaccessible, I cannot download my own personal data  My questions for this community  1. Has anyone successfully recovered an account after two appeal denials? 2. Is there any way to access Google Takeout when an account is locked? 3. Should I pursue a formal legal data access request under Indian law? 4. Is there a way to contact a human Google reviewer? 5. Has anyone dealt with account suspension after importing older media?  I have 10 years of irreplaceable personal and professional data at stake. This automated decision is affecting my livelihood and mental health.  Any help, advice, or direction is greatly appreciated 🙏",https://www.reddit.com/r/googlephotos/comments/1sri858/my_google_account_was_permanently_disabled_on/
Reddit,r/googlephotos,post,2026-06-03T08:36:43.162000+0000,45,"I built an open source tool to fix Google Photos Takeout metadata (because nothing else worked) - My Google Photos storage filled up and sync started breaking across my phone and cloud. I tried to export everything with Takeout and move it to my PC, but the **metadata was completely broken**. Dates were wrong, locations were missing, files were out of order.  I looked at existing tools. The good ones were paid. The free ones were either abandoned or **only partially worked**. None of them solved my problem fully.  So I built `gphotos-fixer`. It reads the JSON sidecar files from Takeout exports and restores the correct metadata back into the photos. Free and open source.  I personally used it to **rescue 12,000 photos**. If you have ever gone through the Takeout export pain, this might save you some time.  GitHub: [https://github.com/nazimcanislam/gphotos-fixer](https://github.com/nazimcanislam/gphotos-fixer)",https://www.reddit.com/r/googlephotos/comments/1tvj8kx/i_built_an_open_source_tool_to_fix_google_photos/
Reddit,r/googlephotos,post,2026-02-21T23:01:54.516000+0000,280,"Google just banned my main account for uploading a 10-year-old backup and is accusing me of CSAM. - THIS IS A MESS.  I have several Google accounts and recently purchased Google Pro to get Gemini, and just recently my hard drive where I store all my backups has started making strange noises, so I thought, why not upload it to Drive to have a second cloud-backup.  Well, on this hard drive, I have backups of all my cell phones since I was 14 years old, really old photos from 2014, and even hard drives recovered from my father that I don't even know what's on them.  I left it uploading, and suddenly my main account was completely banned, and I lost access to everything, including Gmail. This is an absolute disaster. I've lost access to some of my bank accounts, and right now I'm in the process of changing jobs. I have all my conversations with recruiters pending in that email, and worst of all, I don't even know which of the 20,000+ files got me banned. I don't even know what's in there. I'm really worried that there might be some stupid sticker or something really disgusting that a classmate sent me over 10 years ago (since they are complete memory dumps).  I have appealed and have not received a response. It is extremely urgent for me to find a solution. Please, has anyone had a similar experience and been able to file a claim or get their account back? Most likely, if there are any nude photos, it is ME WHEN I WAS YOUNG.  I'm also particularly scared because in the EU it seems that Google is obliged to notify the police. I'M NOT A FUCKING PEDOPHILE, I JUST SAVED A BACKUP FROM OVER 10 YEARS AGO AND I DON'T EVEN KNOW WHICH OF ALL THE FILES I'M BEING ACCUSED OF THE WORST POSSIBLE CRIME FOR.  I will never use Google systems again, and if I am forced to use Drive, I will never upload anything without encryption. I hate you deeply. You have created enormous problems for me in a completely automated way, and on top of that, you have shut down ALL your services. Not even email works; the account automatically rejects messages.  EDIT:  After sending an appeal, they gave me back my account and “deleted the problematic files.” Apparently, given the context, it was obvious that they were just family photos of me and my cousins naked on the beach when we were little, not fucking pedophilia.  Anyway, because of this, I'm going to de-google myself, stop using Google Photos, and start using email forwarding services.  Fuck you, Google.     This has been absolutely terrifying. Let this post serve as a warning to everyone. I am not a casual user; I am a professional programmer. I have four Google accounts, and one stupid, thoughtless mistake one day gave me the fright of my life.  DO NOT RELY ON GOOGLE. Bans are completely automatic.",https://www.reddit.com/r/googlephotos/comments/1rb5b81/google_just_banned_my_main_account_for_uploading/
Reddit,r/googlephotos,post,2026-01-26T07:25:43.371000+0000,291,"Google permanently disabled my 6-year account over an alleged Child sexual abuse material (CSAM) violation — lost my income, banking access, and 6,000+ memories. What options do I have now? -   I’m writing this to ask for help and to warn others because I’m really overwhelmed. Yesterday, Google sent me a notice saying that they had permanently deactivated my 6-year-old main account:  >It looks like this account has content that involves a child being sexually abused or exploited. This is a severe violation of Google’s policies and might be illegal.  I quickly submitted an appeal explaining the situation in detail, but it was rejected.  My account only contained private family pictures and videos of my niece and nephews. I'm their uncle, and I've been taking and collecting these memories for the past two years to preserve birthdays, everyday life, events, and family get-togethers. Some pictures show common family scenes, like grandparents holding children or children taking a bath. None of this content was ever shared publicly, and most of it was stored in Google Photos' Locked Folder. In total, there were more than 6,000 photos and videos, all of which are now inaccessible.  A few hours before the ban, I shared only a few hundred pictures from a WhatsApp backup folder in my Google Drive to a secondary Google account purely for backup purposes. I believe this action may have triggered Google's automated detection system.  The impact of this ban has been severe. This account was more than just an email; it was my login for sites like Fiverr and Upwork, linked to Payoneer and banking services, used for my website, Hostinger, and MongoDB database, and connected to various subscriptions and tools. I also used it to access my home cameras. Overnight, I lost access to my income, my work platforms, my website, my home monitoring system, and my priceless family memories.  I used to see posts online about people losing accounts for similar reasons and assumed they had done something wrong. Now, experiencing it myself, I can see how automated systems can destroy innocent people’s digital lives without meaningful human review.  I want to ask the Reddit community for advice on a few things. First, my initial appeal was rejected. What should I include in my second appeal to make it as strong as possible? Is there a clear way to request a manual human review or escalate this issue effectively? Second, many people have experienced this issue — is there any way for affected users to coordinate or take collective action to challenge Google’s automated bans?  I also want to warn others: do not rely solely on Google for storage or login, always maintain local/offline backups, and be very careful storing any photos of children, even private family images. I’ll now be using a local backup setup to prevent this from happening again.  Right now, I’m under enormous stress. My digital life, income, and family memories were lost overnight, and I’m sharing this in hopes of finding guidance and preventing others from going through the same experience.  # EDIT / UPDATE (27 January 2026): Account Restored within 24 hours  **Good news:** my Google account has been fully restored after my second appeal, and I got everything back (Drive, Photos, Gmail, linked apps). Thank you to everyone here for the sympathy, suggestions, and support — it genuinely helped me stay calm and think clearly while writing the appeal.  What worked for me was requesting a manual review by a human specialist and clearly explaining the context. I explained what I was doing right before the suspension (backing up my photo archive to my own secondary account), and I focused on verifiable facts, not emotions. A big plus in my case was that I had images and videos of my niece from the day she was born until today, showing a consistent family timeline. I explicitly mentioned specific artifacts already in my account, such as a video from the day after her birth showing her coming home from the hospital, along with thousands of similar family photos documenting her growth over time.  I also clearly stated that I am a freelancer, and that this 6-year-old account was my primary identity for professional work and financial services, with many important services linked to it. I gave explicit consent for a human reviewer to manually inspect the flagged content and surrounding albums to verify they were non-violating family images. The account was restored in under 24 hours.  **Advice for anyone appealing:**   Keep your appeal short, factual, and professional. Explain what you were doing before the suspension, state that it may be an automated false positive, and clearly describe the content as private, innocent family material. Mention artifacts already in your account (dates, videos, timelines that prove family relationships), and explicitly give consent for a manual human review. There is no way to attach images or add another appeal while one is already submitted, so your wording really matters. Avoid emotional language, don’t speculate. Once restored, take Google Takeout immediately — I did.  Recovery *is* possible. Thanks again to everyone here for the help and encouragement.  ![img](l47omahu9nfg1 ""It looks like this account has content that involves a child being sexually abused or exploited. This is a severe violation of Google’s policies and might be illegal. If you think your account was disabled by mistake, submit an appeal as soon as possible."")  ![img](nkla6v28p4gg1 ""Google’s confirmation email after successful appeal (account restored)"")",https://www.reddit.com/r/googlephotos/comments/1qn9flz/google_permanently_disabled_my_6year_account_over/
Reddit,r/googlephotos,post,2026-05-20T16:57:44.598000+0000,8,"Finding the ""Unrecognized"" or ""Face available to Add"" : How I finally automated the discovery of thousands of hidden faces in Google Photos - I am at my breaking point. I have over **85,000 photos** in my library and the number still increasing, and Google Photos has completely failed to manage all faces.  **The core problem?**  **The ""Unrecognized"" faces or ""Face available to Add""** We all know they are there buried deep and Google makes it impossible to see a list of them. You can't search, filter or even use the AI Ask photos feature. The manually clicking through 85,000 photos to find which ones have an ""Available to add"" tag is a literal prison sentence. I contacted Google one support, and you know the answer.  Seriously I considered leaving for other services, but the ""Google One"" ecosystem trap is too strong specially with AI package. I was locked in. So, I decided to stop waiting for Google to fix their product and built my own scanner to extract these hidden faces.  I used AI to build a custom tool that scans my library, identifies exactly which photos have faces waiting for a name, and exports the direct links into a clean CSV file.  **The Solution: Targeted Face Discovery**  This script doesn't just ""scrape"" it mimics human behavior to avoid being bot, carefully navigating your library to find those ""Available to add"" tags that are impossible to search for manually.  **How to reclaim your library (Step-by-Step):**  Just a heads up: these steps are a general overview. I’m not a developer, so if you get stuck along the way, don't hesitate to use an AI assistant to help you debug or clarify any part of the process  * Install Python * Install VS Code * Setup Your Folder * Create a new folder on your Desktop and name it `GooglePhotosScanner`. * Open **VS Code**. * Click **File** \> **Open Folder** and select the `GooglePhotosScanner` folder you just created. In VS Code, look at the sidebar on the left. * Right-click in the empty space, select **New File**, and name it `scan.py`. * Copy the code block paste it into the file, and press `Command + S` (or `Ctrl + S` on Windows) to save it.  Python      from playwright.sync_api import sync_playwright     import csv     import sys     import time          sys.stdout.reconfigure(line_buffering=True)          # ==========================================     # ⚙️ STRICT TIMING SETTINGS     # ==========================================     FIXED_WAIT = 3.0  # Strict 3 seconds wait per photo for scanning     RETRY_WAIT = 3.0  # Strict 3 seconds rest between navigation retries          def run():         print(f""--- Starting Scan with Strict Fixed Wait ({FIXED_WAIT}s) ---"")                  start_time = time.time()                  total_scanned = 0         faces_found = 0         no_faces = 0                  with sync_playwright() as p:             browser = p.chromium.connect_over_cdp(""http://127.0.0.1:9222"")             page = browser.contexts[0].pages[0]                          try:                 with open('unrecognized_faces.csv', mode='a', newline='', encoding='utf-8') as file:                     writer = csv.writer(file)                     while True:                         current_url = page.url                         total_scanned += 1                                                   # 1. Strict Wait (No early exit)                         page.wait_for_timeout(int(FIXED_WAIT * 1000))                                                  # 2. Single Check after the wait                         found = False                         if any(el.is_visible() for el in page.get_by_text(""available to add"", exact=False).all()):                             found = True                              # 3. Log results                         if found:                             faces_found += 1                             writer.writerow([current_url])                             file.flush()                             print(f""✅ Found: {current_url}"")                         else:                             no_faces += 1                             print(f""❌ Clean: {current_url}"")                              # ==========================================                         # 🔄 Robust Navigation Strategy                         # ==========================================                         navigated = False                         for attempt in range(3):                              page.keyboard.press(""ArrowRight"")                                                          try:                                 page.wait_for_function(f""window.location.href !== '{current_url}'"", timeout=4000)                                 navigated = True                                 break                              except Exception:                                 print(f""⚠️ Browser is slow... Navigation attempt {attempt + 2} of 3"")                                 # Rest for 3 seconds before trying again                                 page.wait_for_timeout(int(RETRY_WAIT * 1000))                                                   if not navigated:                             print(""\n--- Reached the end of the album (or browser is completely stuck) ---"")                             break                                          except KeyboardInterrupt:                 print(""\n--- Scan stopped manually by user ---"")              # Final Time Calculation         end_time = time.time()         elapsed_time = end_time - start_time                  minutes, seconds = divmod(int(elapsed_time), 60)         hours, minutes = divmod(minutes, 60)                  if hours > 0:             time_str = f""{hours}h {minutes}m {seconds}s""         else:             time_str = f""{minutes}m {seconds}s""              # Print Final Report         print(""\n"" + ""=""*40)         print(""📊 FINAL SCAN REPORT:"")         print(""=""*40)         print(f""📷 Total photos scanned:      {total_scanned}"")         print(f""⚠️ Photos with faces found:   {faces_found}"")         print(f""✅ Clean photos (No faces):   {no_faces}"")         print(f""⏱️ Total time elapsed:        {time_str}"")         print(""=""*40 + ""\n"")          if __name__ == ""__main__"":         run()       * In VS Code, click the **Terminal** menu at the top, then select **New Terminal**. * A window will pop up at the bottom of VS Code. Make sure it says `GooglePhotosScanner` in the path.    * `pip install playwright`    * `playwright install chromium`    * Open Chrome in Debug Mode (so the script can see it):    * **Windows:** `""C:\Program Files\Google\Chrome\Application\chrome.exe"" --remote-debugging-port=9222`    * **Mac:** `/Applications/Google\` \[`Chrome.app/Contents/MacOS/Google\`\]([http://Chrome.app/Contents/MacOS/Google](http://Chrome.app/Contents/MacOS/Google)) `Chrome --remote-debugging-port=9222` * Sign in to your google account, open Google photos * This is important and this how is did it, In google photos search, typed Jan 2010 - Dec 2010, Open the 1st image (not in the most relevant section) then click on ""i"" to open the side info * Make sure the only chrome opened is the with the debug mode, and its viewing the 1st image in your list with side info details is opened * Go back to **VS Code,** Open new terminal while the 1st one still running and type: `python3` [`scan.py`](http://scan.py) * You’ll get a CSV list of every single photo in your library that contains an unidentified face.  ![img](ras4rlf2pb2h1)    Next time if you would like to run it again  * Open Vs Code * Open your folder (Click **File** \> **Open Folder** and select the `GooglePhotosScanner` folder you just created. In VS Code,  * From the top menu, Terminal -> and in the terminal type then Enter  &#8203;      /Applications/Google\ Chrome.app/Contents/MacOS/Google\ Chrome --remote-debugging-port=9222 --user-data-dir=""/tmp/chrome_dev_test""  * Keep the previous Terminal running , and again from the menu select Terminal -> new terminal and type then Enter   &#8203;      Python3 scan.py  I added a ""Base Wait"" of 1 second. Why? Because we want to mimic human behavior. If you go too fast, Google will flag you. This pace is safe, reliable, and it saved me months of work.  Why this changes everything: Instead of staring at thousands of photos, I now have a simple list. I can tackle 5K - 10K faces a day without breaking my back. If you are struggling with a massive, unorganized library, don't keep searching for a feature that doesn't exist. Automate the discovery yourself.  **Final word:** If you are currently struggling with 10k, 50k, or 85k+ photos and you feel like the system is working against you, don't give up. The solution isn't in Google's settings; it’s in taking control of the browser yourself.  **Troubleshooting:** If you run into any permission issues, path errors, or the script isn't detecting the port—don't panic. Just ask an AI to help you with the traceback errors. It helped me iterate and fix every bottleneck I encountered.",https://www.reddit.com/r/googlephotos/comments/1tirpw1/finding_the_unrecognized_or_face_available_to_add/
Reddit,r/googlephotos,post,2026-01-02T15:44:26.192000+0000,146,"Google Account has content that violates Google’s child safety policies - What the actual F. I have, never in my life seen or been in the posession of any child exploitation material, let alone have anything related to this on my decade old google account. I got this message seemingly out of the blue yesterday. A screen popped up with a button to ""Take Action"" which restored access to my account, but now what? I work in places that require background checks and I would never do anything to jeapordize this, or my family stability in any way.  Recently in late October, my mother passed due to a house fire. We found photo albums that were soaked with water from the fire hoses and miraculously they were mine and my siblings baby albums. Us kids were in utter shock because this was the one posession my mother had that meant the most to us. We found a lot of pictures of us, grandkids, etc. NONE of these were sexual or abusive in any nature whatsoever. Because of the pics becoming water damaged by the minute, we quickly catalogued them to save the integrity of the pictures. My parents took pictures of all us kids and some of them we were naked in the bath or just babies. Nothing inappropriate, ever.   This is the only thing I could think of so directly after gaining access to my account again, I went to see if pictures were missing. To my surprise, our baby pictures were there as far as I can tell, even the ones where I was probably 2yrs old wearing my underwear on my head with my little baby weiner showing. We took so many photos that it's difficult for me to see if any were missing so I can't be sure if one of them was removed because of something like this.  I filed an appeal, not to get the content back, but to try and at least get some direction as to what caused this. I received a generic answer from them with zero explanation.  ![img](aooo0w24gyag1)  I am beyond words, had a full blown panic attack last night and was nearly throwing up from the stress of being accused of something this horrific. I immediately told my wife and if it puts even a shred of doubt in her mind, it makes me feel awful for her. What if your spouse told you this? We have seen enough sicko's on bodycam videos to know they are out there and hide things for a long time but this isn't me, and never would be. My wife and I have been together 13 years and she believes me, but still, wtf, this can absolutely ruin lives and relationships and this is not ok.  I love the Google ecosystem, I use their phones and have since the pixel 2, I am highly integrated with their services and enjoy using them. I know in my heart that I did nothing wrong so my conscience is clear. This isn't something I take lightly, I don't appreciate this at all.  If anyone has had this issue or if you're from Google and have any info, please enlighten me, I need to know what I did to break the rules so I can avoid this in the future.",https://www.reddit.com/r/googlephotos/comments/1q21wta/google_account_has_content_that_violates_googles/
Reddit,r/googlephotos,post,2026-02-14T06:25:44.220000+0000,2,"How to search for images of a person alone?? - I'm trying to find photos of me alone, and it seems impossible on Photos. It seems the genius AI doesn't understand words like ""alone"", ""and nobody else"", ""the only subject"", etc. Or maybe there's just no advertiser to pay for these keywords and they just refuse to output anything if nothings paying for it? It's just unbelievable how difficult it is to get such a basic service from a ""world-leading AI"".",https://www.reddit.com/r/googlephotos/comments/1r4dbyu/how_to_search_for_images_of_a_person_alone/
Reddit,r/googlephotos,post,2026-07-17T17:45:44.440000+0000,1,"Export from Google Photos (took on a Pixel) to Mac Photos app, keeping all metadata, date, time, location, phone used etc - how? - I have a P10PXL, so obviously the photos and video taken go to Google photos. However I use a Mac and have all my photos and video in that app using iCloud.  What is best way to export from Google photos to Mac photos? keeping the info?  I've just opened Google Photos on safari, clicked a few pics, downloaded, then imported to Mac photos and the date is today when I downloaded it, not what I want.  Is there no Mac google photos app either?",https://www.reddit.com/r/googlephotos/comments/1uz6rpb/export_from_google_photos_took_on_a_pixel_to_mac/
Reddit,r/googlephotos,post,2025-08-24T00:32:46.728000+0000,3,Downloading from Google Photos to my PC - Because my Google storage is almost full I have been trying to download images and videos from Google Photos. I used Google Takeout to download all the photos and after unzipping I discovered that I cannot view the photos because of the metadata. Some of them I still can since they don't have location and time data(??). Is there a simple way of doing either (i) stripping metadata from all the images or (ii) viewing the images without the metadata lost? Thanks.,https://www.reddit.com/r/googlephotos/comments/1myhqtp/downloading_from_google_photos_to_my_pc/
Reddit,r/googlephotos,post,2026-02-10T03:47:10.976000+0000,111,"Everyone should consider using the 3-2-1 backup method. - It seems like there's a post everyday about Google deleting people's photos and I feel so bad for the people this happens to. I'm an amateur photographer and I've been storing photos for a long time. It sounds like a lot of people haven't heard of the 3-2-1 backup method, which states:  • 3 copies of your data (one primary and two backups).   • Stored on 2 different types of media (e.g., internal hard drive and external SSD, or HDD and cloud storage).   ▪︎1 copy stored offsite (e.g., in the cloud or in a different physical location like a safe or friend’s house).   This strategy protects against hardware failure, theft, fire, accidental deletion, and other data loss scenarios. Some photographers extend this with variations like 3-2-1-1 (adding an immutable backup) or 3-2-1-0 (focusing on error-free, tested backups), but the core 3-2-1 method remains the foundational best practice.   What do people think of this, I'd be interested in hearing about other methods people use too. Let's keep our precious photos & videos safe!",https://www.reddit.com/r/googlephotos/comments/1r0q8c7/everyone_should_consider_using_the_321_backup/
Reddit,r/googlephotos,post,2026-02-04T15:03:18.717000+0000,1,"I can't find my saved photos from my Google account!! - I have old photos in my Google account and I'm out of storage there.      And I said since I don't have Google storage, I'd rather have them on my phone because I have free storage there.      I choose the pictures and press download and it says it's gonna save it but nothing is saved on my device!        Tried it with two devices and it still doesn't work.   Please help me.",https://www.reddit.com/r/googlephotos/comments/1qvqvs0/i_cant_find_my_saved_photos_from_my_google_account/
Reddit,r/googlephotos,post,2020-05-03T17:09:29.846000+0000,1,"How to find and access some files / photos on Google photos? - So i have around 80k images on my Google photos, and around 6k of them are live photos (2 sec .mov files) that i need to delete from my account. Is there a fast way to find these 2 sec .mov files on Google photos?  The best option would be if it were connected to Google drive, but Google photos doesnt seem to support Google drive anymore.  So, any idea on how i can find these 6000  2sec videos on Google photos and delete them?",https://www.reddit.com/r/googlephotos/comments/gcu5d4/how_to_find_and_access_some_files_photos_on/
Reddit,r/googlephotos,post,2025-11-13T22:00:05.985000+0000,0,"Google Photos - How to find photos not in an album, will this work? - Will this work?  1. Open each album, select all photos, delete\*. (safe for 60 days if backed up, otherwise 30) 2. What is left in Photos will be photos NOT in an album. 3. Assign remaining photos to an album. 4. Restore deleted photos. My test showed they go back into same album they were in.  \*Would prefer to move them to Archive temporarily but the system won't let you move to archive from within an album but will let you delete.  Another idea I saw is to use the Edit Date and Time feature which can be done at the album level and use a year before any of your picture's dates to shift all of the pics in albums to the bottom. This might be tricky with albums with multiple years though it may auto shift based on the photo it shows as ""first in group."" Would need to make sure that same photo is first in group when changing the year back.",https://www.reddit.com/r/googlephotos/comments/1owee2i/google_photos_how_to_find_photos_not_in_an_album/
Reddit,r/googlephotos,post,2020-10-15T23:00:17.145000+0000,2,"Finding photos by someone that they uploaded to your shared album - I have my class upload their photos to a class album after each class as their participation grade.  In each class album, I can see the student's names on the thumbnail. Can I search for all photos across all albums uploaded by a particular student?  I expect to have 28 albums at the end of the semester and would like to get a sub-album of each student's work.  Is there a Google App Script way to do this?",https://www.reddit.com/r/googlephotos/comments/jbyamf/finding_photos_by_someone_that_they_uploaded_to/
Reddit,r/googlephotos,post,2022-07-26T01:38:42.495000+0000,3,'Moved' a photo out of the locked folder but I can't find it. where did it go? Google Photos/pixel 6,https://www.reddit.com/r/googlephotos/comments/w86jof/moved_a_photo_out_of_the_locked_folder_but_i_cant/
Reddit,r/googlephotos,post,2024-11-13T12:06:06.271000+0000,3,"How to Restore Missing Location Data in Google Photos and Prevent It in the Future? - Hello,  I recently encountered an issue while backing up my iPhone photos to Google Photos. All my photos are originally backed up in iCloud, and they all have location data (since they were taken on the same device). However, after backing them up to Google Photos, I noticed that some of the photos lost their location data, while others retained it.  Here are my two main questions: 	1.	How can I manually add the missing location data to the photos in Google Photos? Is there a straightforward way to do this? 	2.	How can I ensure this doesn’t happen in the future? Is there a specific setting or workflow I should follow to retain all metadata when transferring photos?  If anyone else has faced this issue or has tips for fixing it, I’d love to hear from you! Thanks in advance!  UPDATE: Didn’t find any solution but check the [video](https://youtube.com/shorts/p52jvMSvprw?si=G_aGCQcGkuQ4ClbU) for better understanding.",https://www.reddit.com/r/googlephotos/comments/1gqbdlu/how_to_restore_missing_location_data_in_google/
Reddit,r/googlephotos,post,2024-12-25T08:21:50.502000+0000,2,How to find photos in Google Photo that are not in an album? - I’m using Google Photo as an image library for my company images. My database is large. I want to have all my images in a certain albums. I cannot find a way to check if images that are not in an album. Does anyone know how you can filter these images?,https://www.reddit.com/r/googlephotos/comments/1hlwspo/how_to_find_photos_in_google_photo_that_are_not/
Reddit,r/googlephotos,post,2024-03-12T22:10:33.834000+0000,1,"How to locate folders in Google photos on 2 devices  - Hoping for some help after 3 days of fruitless searching!  I've recently moved from a OnePlus 5 to a Pixel 7. I set up the new device and then realised that my favourites album wasn't copied across to the new phone. Realising I couldn't get around that, I set up a new folder on my old device, copied all those pictures into it and set it to backup to Google photos since I'm still logged in on that device. While I was at it, I created another album on my old device and set that to backup as well.  The problem is, I can see both of those new albums in the Google photos app on my old OnePlus device, but neither of them appear in the app on my new Pixel 7 device - and they aren't in the device folder list on my new device so I can't seem to do anything about it from that end.  Is there some way to get these folders to show on the new phone given they exist in my Google photos app on my old phone?? At this point I'm willing to delete Google photos and set it up again if that will fix it without losing new photos but surely there's a quicker way.  All advice gratefully received!",https://www.reddit.com/r/googlephotos/comments/1bda8hw/how_to_locate_folders_in_google_photos_on_2/
Reddit,r/googlephotos,post,2025-12-11T18:01:01.975000+0000,1,*2025* Google Photos Sharing Error: Can't find link. This link has been deleted or the url is invalid. - I've searched for this but the last post was 5 years ago. Has anyone run into this on an Android phone where they couldn't access a share album due to this error?,https://www.reddit.com/r/googlephotos/comments/1pk49rw/2025_google_photos_sharing_error_cant_find_link/
Reddit,r/googlephotos,post,2025-09-21T19:16:48.975000+0000,6,"PSA: How to find ""Share in Photos"" in Google Photos for Android - If the ""Share in Photos"" option to share a photo with someone through Google photos has gone missing for you, here's where to find it:   Click into a photo, then click share. You're presented with an array of sharing options including a bar that has ""Create Link"" ""Add to Album"" and ""Create Album"".   There's absolutely no indication, but that bar can be swiped right to left to show a fourth option, ""Share in Photos"". Ta da!  I have absolutely no idea why Google would have chosen to bury it like this but they did. It's honestly some of the worst UI design I've seen in a while.   This is on a Pixel 10 Pro fwiw.   Hope this helps someone.",https://www.reddit.com/r/googlephotos/comments/1nn0veb/psa_how_to_find_share_in_photos_in_google_photos/
Reddit,r/googlephotos,post,2021-02-28T17:50:19.754000+0000,1,"How to find lost photos after backing up to google photos? - Everytime I back up my device photos to google photos, I can't find instagram and facebook album anymore, neither in my device nor in the google photos. I do not have syncing permission turned on for those albums. After a lot of trying, I found some of those instagram photos/videos mixed up with some other photos in a weird link in google photos. But how/where to find all instagram/facebook albums that I had before?",https://www.reddit.com/r/googlephotos/comments/lulupb/how_to_find_lost_photos_after_backing_up_to/
Reddit,r/googlephotos,post,2018-09-07T22:56:26.529000+0000,3,Possible to view Google Photos view by location? - Possible to view Google Photos view by location?  iPhones can do it. Can we?,https://www.reddit.com/r/googlephotos/comments/9dzf8c/possible_to_view_google_photos_view_by_location/
Reddit,r/googlephotos,post,2025-04-24T17:57:36.064000+0000,1,"Can't Add Location to Some Photos in Google Photos - Hi everyone,  I'm having an issue with Google Photos and was hoping someone here might have some insight. When I upload scanned photos from years ago, I want to add a GPS location to them. For some photos, I can easily add a location, but for others, the option to add a location simply isn't available.  I can't figure out why this is happening. The photos are all scanned in the same way, and I don't see any differences between them. Does anyone know why the option to add a location works for some photos but not for others?  Thanks in advance for your help!",https://www.reddit.com/r/googlephotos/comments/1k6yscg/cant_add_location_to_some_photos_in_google_photos/
Reddit,r/googlephotos,post,2024-11-15T21:26:54.596000+0000,2,"Can't find the pictures that were in a notification from Google Photos - \*SOLVED\* I found the photos in my ""Messages"" folder.    Not sure why they showed up in a Google Photos notification, as this folder had not been backed up to Google Photos.    Last weekend I got a Photos notification (can't remember if it was a memory or something else) that had a few photos of my kids from a couple of years ago.  I went to find those photos earlier this week, and they don't seem to be anywhere.  I looked on both the app and on PC, checked trash/archive along with other folders on my phone, followed all the troubleshooting steps I could find online, and nothing.  If anyone has any other ideas, I'd greatly appreciate it!",https://www.reddit.com/r/googlephotos/comments/1gs76kk/cant_find_the_pictures_that_were_in_a/
Reddit,r/googlephotos,post,2026-03-12T23:35:23.498000+0000,0,"Can't clear photos from Google Drive to regain storage/use - a solution that worked for me - I've not seen this mentioned anywhere else but saved my account without paying any money for more storage. It was not easy to find but I came across an option to compress photos to save space which reduced storage enough to find all my photos in recent files.    This is the location [https://photos.google.com/quotamanagement](https://photos.google.com/quotamanagement)      It took a few hours to run the compression and I have no idea why they still didn't show under 'Photos', but when I looked under 'collections' and the 'recently added' they where all there for me to delete. Everything like email etc back working again. I'm posting in case this helps someone else.",https://www.reddit.com/r/googlephotos/comments/1rs751c/cant_clear_photos_from_google_drive_to_regain/
Reddit,r/googlephotos,post,2023-05-11T16:35:24.010000+0000,4,"(Urgent) How do you find JUST the list of UPLOADED photos and videos to google photos? - I'm abit in a rush here, I'm backing up the data for my parents to help them switch to a new phone. I've had them chose the photos they wanted to backup and hit back up. I see the process uploading in the notification bar but i can't find where to see then anywhere, if i can't I'll have to upload it to google drive instead which i shouldve done in the first place  (SOLVED TY GUYZZ)",https://www.reddit.com/r/googlephotos/comments/13esfsd/urgent_how_do_you_find_just_the_list_of_uploaded/
Reddit,r/googlephotos,post,2024-06-20T17:00:21.335000+0000,2,"Google photos is deleting photos I did not select and I can't find them in Trash - I'm trying to clean up my photos by getting rid of similar shots. But when I select a photo to delete, Google is also deleting the similar shot next to it and it isn't there when I go to Trash to restore it, just the photo I originally selected is. What in the world is going on and how do I fix this?",https://www.reddit.com/r/googlephotos/comments/1dkgnkc/google_photos_is_deleting_photos_i_did_not_select/
Reddit,r/googlephotos,post,2025-12-28T10:14:59.813000+0000,1,"Can I retroactively add photos with location data to google photos? - Today I wanted to check out my google photos map but I realized that I hadn't given google photos full access to my all my phone's photos yet. When I did that and was able to browse my photos through the app, those now accessible pictures are nowhere to be found on my google photos map.  Is there any way to retroactively give google photos the location info of those pictures it can now access from my gallery, or is the only way to get photos to appear on the map to take them while google photos is active and already has access to my entire gallery?",https://www.reddit.com/r/googlephotos/comments/1pxo0x4/can_i_retroactively_add_photos_with_location_data/
Reddit,r/googlephotos,post,2023-07-25T23:29:09.970000+0000,2,"How to locate specific photos in google photo that are taking up space on google web drive - I have a total of 15g of space on my google cloud drive, and for a while was using my iphone to upload photos via original quality, which took up about 4g of size, then I used the pixel1 to upload original quality, which doesn't consume any of my cloud drive space.  I'm planning to download all the photos that took up the 4g size and re-upload them via pixel1, but can't find any way to do it.  [https://photos.google.com/quotamanagement](https://photos.google.com/quotamanagement)  In this link I have deleted the larger photos and videos but google photo is still taking up 4gb.  Please help me and thank you all in advance",https://www.reddit.com/r/googlephotos/comments/159ovck/how_to_locate_specific_photos_in_google_photo/
Reddit,r/googlephotos,post,2020-12-02T18:59:09.957000+0000,2,"Photos restored from google photos disappeared after restoring them and now I can't find them anywhere - I tried restoring all my deleted photos that were in the bin and they disappeared completely from both the bin and my photos. I've tried everything. I've downloaded apps to help retrieve lost photos. I have an SD card in my phone, but before I put that in those photos that I restored from the bin were originally stored within the phones storage. When I go under my files it doesn't at all list my phones storage it only shows my SD storage. I don't know what to do at this point :(. Please help! I don't know if I posted this under the right page. I have a Motorola Z3 play.",https://www.reddit.com/r/googlephotos/comments/k5fq11/photos_restored_from_google_photos_disappeared/
Reddit,r/googlephotos,post,2026-04-10T00:34:14.330000+0000,0,How to I transfer google photos from one account to another? I would like to completely remove them from the original location. - It looks like Partner Sharing was mentioned but is that a permanent solution? Thanks in advance!,https://www.reddit.com/r/googlephotos/comments/1sh7e3n/how_to_i_transfer_google_photos_from_one_account/
Reddit,r/googlephotos,post,2021-07-05T08:21:08.669000+0000,53,Location heat map on desktop - Location heat map is great on the mobile app but I can't find the feature on desktop browser. Is it really only implemented on mobile?  I just want to browse all the locations of all my photos.,https://www.reddit.com/r/googlephotos/comments/oe2r0s/location_heat_map_on_desktop/
Reddit,r/googlephotos,post,2024-12-28T03:25:59.272000+0000,10,"On Google photos android, is there a way to backup ONLY certain folders? I can't seem to find definitive answer, because as my screenshot tell, I can't exclude the camera default folders. So is this possible?",https://www.reddit.com/r/googlephotos/comments/1hnwq7l/on_google_photos_android_is_there_a_way_to_backup/
Reddit,r/googlephotos,post,2024-07-10T15:20:22.083000+0000,2,"On Mac downloading from Google Photos, then import to Photos on Mac, there is no GPS/location data - How do I download form Google Photos on a Mac with the GPS/location data? I went to [photos.google.com](http://photos.google.com), and selected photos to download to Mac. It downloaded them as a zip file. I then unzipped and imported to my iCloud photo library on ""Photos for Mac"" app, but they don't have the GPS/location data?  I can't see an option on Google Photos to say export with GPS etc, is this not possible?",https://www.reddit.com/r/googlephotos/comments/1dzyev0/on_mac_downloading_from_google_photos_then_import/
Reddit,r/googlephotos,post,2023-06-11T19:27:48.374000+0000,1,Google Photos isn’t showing as a location for me to send pictures from on WhatsApp - I’ve recently moved over to iPhone from a Samsung. When sending a picture via WhatsApp the option was available to send it from Google Photos - but now there’s no such option. Does anyone know if this is fixable?  Picture attached of my current options.,https://www.reddit.com/r/googlephotos/comments/1472u27/google_photos_isnt_showing_as_a_location_for_me/
Reddit,r/googlephotos,post,2020-09-16T04:29:49.458000+0000,5,Lost ? Can't find my google photos from my old Note 8 - I crushed my phone (note 8) and couldn't retrieve data off the phone.  I had them on google photos on my phone and only a few photos transferred over even though I know I had a large amount on them.  Can I have google photos on a yahoo email address/account?  They are not coming up with my google account and I am trying to figure out where there are.  Any help or ideas would be greatly appreciated.,https://www.reddit.com/r/googlephotos/comments/itotgx/lost_cant_find_my_google_photos_from_my_old_note_8/
Reddit,r/googlephotos,post,2023-02-25T19:07:15.792000+0000,6,"Google Photos can't search and find words in text blocks I insert--why not? - I like how I can insert a block of text next to my photos in Google Photos.     (click the three dots, edit album, click the ""Tt"", enter the text, and drag the text box next to the photo you want it to be beside).   This can make an album look somewhat like a blog!  Yay!   ***BUT critically and incredulously, for a company that's known for ""search"", the search function within Google Photos can't find any of the words in my blocks of text!***  Search within Photos can be crazy smart at times:  e.g. when I search for ""Chicago"", it will find not only the photos I took in Chicago, but also the photo of a restaurant *named* ""Little Chicago"" in a small town in a different country.   In a different town, a museum had a display about Chicago and I took a picture of the sign that had the word ""Chicago"" and search in Photos found that too.  Cool!  But why can't search find words in my text blocks???  Without this ability, I feel I can't use Google Photos like an impromptu blog.",https://www.reddit.com/r/googlephotos/comments/11bsuw9/google_photos_cant_search_and_find_words_in_text/
Reddit,r/googlephotos,post,2024-11-22T11:20:20.223000+0000,25,Google Pixel unlimited storage options - Need your suggestions - My OG Pixel started boot looping and dead now.   Please suggest whether to buy:  (1) OG Pixel (old and difficult to find) for backup at original quality or  (2) Pixel 2 - 5 for backup at storage saver quality or  (3) Go with Google one programme  TIA 😀,https://www.reddit.com/r/googlephotos/comments/1gx5ksc/google_pixel_unlimited_storage_options_need_your/
Reddit,r/googlephotos,post,2022-07-22T18:13:44.781000+0000,5,"New to Android - can't find my gifs in google photos? - I've recently made the switch to the pixel 6 (from an iPhone) and I initially thought my gifs were all gone after looking through the google photo app.  Turns out they aren't gone since I can still see them in the files app. Is there a way to make them appear in google photos too?  I couldn't seem to find a post on this particular issue (among the thousands of topics discussing gifs and google photos), if this has been solved before please link me to it and delete the post!",https://www.reddit.com/r/googlephotos/comments/w5hbhm/new_to_android_cant_find_my_gifs_in_google_photos/
Reddit,r/googlephotos,post,2024-06-27T07:28:37.758000+0000,3,"My Android phone backs up all folders in my Google photo app, but I can't find them online ? - My Android phone backs up all folders in my Google photo app, but I can't find them online ? - When I visit https://photos.google.com/ it seems that my photos are there, but organized by date and not by folder, is it usual ? Android Google photos does not upload the pictures with their folders ? - Thank you so much !",https://www.reddit.com/r/googlephotos/comments/1dplh0l/my_android_phone_backs_up_all_folders_in_my/
Reddit,r/googlephotos,post,2021-11-30T16:44:18.859000+0000,0,"I have recently bought new iphone and i cant find google photos in app store - App store directly says that app is not available for my country/region. I tried to change the region but it still says the same. Can some one help me out? Maybe there are certain regions from where i can install the app, or maybe im doing something wrong. Please help me out as whole my photo albums are there.",https://www.reddit.com/r/googlephotos/comments/r5reod/i_have_recently_bought_new_iphone_and_i_cant_find/
Reddit,r/googlephotos,post,2024-12-22T08:11:32.564000+0000,13,"I can't find my Google Photos recap?? -  It was supposed to come out a while ago and I don't have it, in fact no online article helped me either.",https://www.reddit.com/r/googlephotos/comments/1hjuab0/i_cant_find_my_google_photos_recap/
Reddit,r/googlephotos,post,2020-08-24T03:30:15.223000+0000,4,"Google Photos Sharing Error: Can't find link. This link has been deleted or the url is invalid. - I'm experiencing issues sharing an album with photos of my newborn with my father in law.  Clicking a newly generated share link results in the error in this posts title. The link is neither invalid, other users can access it, nor has the album been deleted.  The only information I've been able to find on the Google help forums is that one of us may have accidentally blocked the other. Having checked the block list for both accounts, neither account has anyone blocked.  Any ideas?",https://www.reddit.com/r/googlephotos/comments/ifhigb/google_photos_sharing_error_cant_find_link_this/
Reddit,r/googlephotos,post,2023-10-16T17:53:11.483000+0000,1,"Is there a way to search ""everything but"" particular faces/locations in Google Photos? - My life would be so much easier if there was a way to search for (for example) ""photos of Bob and Joe, unless they have Sarah in them"" or ""photos of Bob in this album only"" or ""photos of Bob in NYC"" or, most importantly, ""photos of Bob *everywhere but* home"".   Is there any way to do more detailed searches like this in Google Photos?",https://www.reddit.com/r/googlephotos/comments/179c4d6/is_there_a_way_to_search_everything_but/
Reddit,r/googlephotos,post,2024-11-08T07:32:15.993000+0000,1,Where did my video go? - I have an old android that I booted up recently. Wasn't connected to the wifi so I didn't see any backed up photos. I took a video and left it alone but today I went to look at the video and could not find it. Is it lost somehow in Google photos?!,https://www.reddit.com/r/googlephotos/comments/1gmd6eu/where_did_my_video_go/
Reddit,r/googlephotos,post,2024-07-20T19:07:24.706000+0000,1,"I pressed ''free up space'' on google photos, and it deleted about 5000 photos from my phone. I was logged into my google account at that time, but now i can't find the 5000 photos that were deleted from my phone but supposedly saved to my google account cloud. - Has this happened to anyone, and does anyone know where the photos are?",https://www.reddit.com/r/googlephotos/comments/1e832av/i_pressed_free_up_space_on_google_photos_and_it/
Reddit,r/googlephotos,post,2021-09-17T14:29:52.213000+0000,25,The Google Photos storage to 0mb battle continues. Down to only 7.9mb used and can't find it. Driving me crazy!,https://www.reddit.com/r/googlephotos/comments/pq190c/the_google_photos_storage_to_0mb_battle_continues/
Reddit,r/googlephotos,post,2020-06-30T18:13:31.406000+0000,3,"Where to find Google Photos generated pictures? - With the new UI, I can't find where to get the AI Google Photo generated pictures. I got a notification on my Pixel that a generated picture was created, clicked on it and it did pop up but I backed out of it and now I can't find where it is.",https://www.reddit.com/r/googlephotos/comments/hiss0w/where_to_find_google_photos_generated_pictures/
Reddit,r/googlephotos,post,2022-11-10T03:39:13.311000+0000,4,"SOS! Please help. I’m trying to receive a video of my wedding ceremony that was shared with me via google photos. It says it’s saved to my photos but I can’t find it in there. And when I click on the video it does what you’ll see in the last two pictures of my post, and says I can’t access the video",https://www.reddit.com/r/googlephotos/comments/yr4b37/sos_please_help_im_trying_to_receive_a_video_of/
Reddit,r/googlephotos,post,2022-10-21T17:27:57.892000+0000,4,Can someone help me find these settings? I'm trying to change my backed up photos from original quality to data saver. I'm on a Pixel 5 and Google support ended our chat without helping me. As far as I can tell this option doesn't exist,https://www.reddit.com/r/googlephotos/comments/y9zf8h/can_someone_help_me_find_these_settings_im_trying/
Reddit,r/googlephotos,post,2022-01-22T16:14:29.360000+0000,2,"How to find photos that have been backed up to google photos? - I recently got a notification that said basically ""would you like to delete photos and videos that have already been backed up to free space on your device?"" And I just did it, thinking it would be reasonably easy to find them again, but I am sort of struggling to find the backed up photos. I feel like they would be somewhere in the google photos app but I don't know how/where to find them? Can anyone here help with this?",https://www.reddit.com/r/googlephotos/comments/sa5txz/how_to_find_photos_that_have_been_backed_up_to/
Reddit,r/googlephotos,post,2024-11-14T13:20:59.483000+0000,0,"Why is so damn difficult to move google photos to a SD card?? - My mom somehow managed to get a TON of her photos saved in google photos (I don't know how she did that) and now her Google storage is ungodly full. I tried to move them from google photos to the SD card on her phone directly but nothing worked (I googled it multiple times, even looked at images and videos but nothing worked) Then I logged into her google account on dad's laptop to try to move the photos to an external drive. I foolishly expected it to be as easy as Google Drive. Just selecte them and move. But no! First I have to select the photos, download them and the RESELECT them all to delete them from Google Photos. And since sometimes messups happen and not all photos are saved I will refrain from selecting them all at once (not to mention that it would take forever since I have to select them all individually by month and her photos go back to 2015).  Why is this so unecessarily difficult? It's just a really long process to get this damn app empty finally.",https://www.reddit.com/r/googlephotos/comments/1gr4m5c/why_is_so_damn_difficult_to_move_google_photos_to/
Reddit,r/googlephotos,post,2018-03-14T19:55:34.289000+0000,2,"Please help. Issues with google drive and photos and nothing I find on the internet seems to work. - I'm trying to figure out how to upload photos directly from a gmail attachment to google photos. I keep reading about how you have to save them to google drive and then organize them into the google photos folder. I've checked the ""create a google folders"" box about 15 times in the settings tab but nothing happens. Now, when I save photos to google drive (from gmail), they don't appear in google drive OR google photos.  Originally I did have a couple hundred photos on google drive, but I deleted them in an effort to make more room, since drive was claiming that I had used all of the available 15 GB. Now, all of my photos are gone and drive STILL says I have no storage left (which is impossible because the only thing on there is about 20 google docs).  I'm finding this all super unintuitive and frustrating. Anyone know what's going on?",https://www.reddit.com/r/googlephotos/comments/84ge3e/please_help_issues_with_google_drive_and_photos/
Reddit,r/googlephotos,post,2025-01-26T19:48:29.233000+0000,3,is google photos search function limiting my searches to text so i cant find text in screenshots? - idk why but i try to find a screenshot with a certain screenname or word but it never comes up .  i search my own screenname and it comes up but never consistently or recently    moreover even words clearly in the screenshot arent searchable especially in recent times and especially since i was able to do all of this very easily in the very recent past.  what gives?,https://www.reddit.com/r/googlephotos/comments/1iaob2b/is_google_photos_search_function_limiting_my/
Reddit,r/googlephotos,post,2021-08-22T04:28:45.473000+0000,18,What can I use to remove locations now that Google Photos has removed the feature to remove/edit geolocation tags? - *Mass content deletion mission accomplished. This post or comment was bulk removed with [Redact](https://redact.dev) which also supports data brokers and people finder websites.*  simplistic coherent shaggy live beneficial longing continue oatmeal like automatic,https://www.reddit.com/r/googlephotos/comments/p96142/what_can_i_use_to_remove_locations_now_that/
Reddit,r/googlephotos,post,2024-09-24T16:47:26.177000+0000,3,"I've seen a total count ""backed up"" in Google Photos app, but can't find it now. - I know I've seen in one of the Google Photo apps (I have both an Android and an iPhone) where it shows a total number of photos backed up.  Essentially, a total count.  I can't find it anymore.  Has anyone seen this?  Where is it?  Thanks.  Edit:  Now that I know where to find it, thanks to u/TheManWithSaltHair, my two android phones show 10482, my iPhone shows 10477, I created lists for each year and added every photo to the albums, but they added up to 10481 (triple checked, did not miss anything).  I'm not as concerned about the iPhone being off, but GP reports 10482 photos but all the photos from the albums added up to 10481.  Any explanation for this?",https://www.reddit.com/r/googlephotos/comments/1foh5m8/ive_seen_a_total_count_backed_up_in_google_photos/
Reddit,r/googlephotos,post,2022-03-24T19:56:49.137000+0000,14,Google Photos updates its library and sharing tabs to make photos easier to find,https://www.reddit.com/r/googlephotos/comments/tn04jf/google_photos_updates_its_library_and_sharing/
Reddit,r/googlephotos,post,2021-09-14T20:58:08.719000+0000,6,"How to add a location to a jpg photo from google takeout? - Hi, I downloaded photos via google takeout and got json metadata for each photo. I'd like to add a location to each photo. Anyone know how to do this?",https://www.reddit.com/r/googlephotos/comments/pobhps/how_to_add_a_location_to_a_jpg_photo_from_google/
Reddit,r/googlephotos,post,2020-04-29T03:52:46.552000+0000,1,"PhotoScan to Google Photos - cannot specify detailed location - Scanning my old photos from pre digital days to G. Photos via PhotoScan. Once inside G. Photos you can edit the Location (in this case create a Location entry).  But [G.Photos](https://G.Photos) only lets you select a City, or well know landmark or business or place that is shown in G.Maps ie it will not let you select a specific house (or street for that matter) and nor can you input say Log & Lat coordinates.  Does anyone have a solution/work around for this?",https://www.reddit.com/r/googlephotos/comments/ga2b2d/photoscan_to_google_photos_cannot_specify/
Reddit,r/googlephotos,post,2023-05-06T04:56:47.529000+0000,4,"How to find my Google Photos Memories - Hi all,  Today I received a Google Photos Memory and I pressed something and it disappeared.  How can I find it and my old memories?  Don't care if it's via my Android Phone or PC.  Many thanks in advance.",https://www.reddit.com/r/googlephotos/comments/139cl2r/how_to_find_my_google_photos_memories/
Reddit,r/googlephotos,post,2021-05-25T19:27:52.629000+0000,9,I exported my 200ish Facebook photos to Google Photos 12 hours ago. It said transfer complete. But I can only find empty albums in Google Photos - is it bugged? - Should it take this long or is something wrong?,https://www.reddit.com/r/googlephotos/comments/nkxwtm/i_exported_my_200ish_facebook_photos_to_google/
Reddit,r/googlephotos,post,2020-01-16T18:32:50.106000+0000,17,How to find out which photos or videos are taking up space in google photos?,https://www.reddit.com/r/googlephotos/comments/epnefm/how_to_find_out_which_photos_or_videos_are_taking/
Reddit,r/googlephotos,post,2022-07-01T22:27:48.812000+0000,3,"Google photos is a constant sh!t-show for me. Swiping up on a photo gives blank properties/options page. Uploading new photos can take many minutes to begin or multiple hours. Cant search a particular album name. Albums are listed by date of oldest photos in the album… - This morning I searched through some old photos to create a birthday album for my son. Swiping up (or using 3 dots menu) more often than not gives a blank properties/option card or page- whatever they call it. Sometimes I’d let it sit on that photo and swipe up again and the details would finally show, or I would swipe left or right to a different picture then swipe up, the details would show, then with details showing I’d swipe back to the one I wanted and the details would be there. I’m constantly fighting with this app do get it to do what it should do.   Uploading new photos from my iPhone pro max 12 or my PC can take minutes or hours. There’s no telling.   Also- an album I created was apparently nowhere in sight- wouldn’t a new album be sorted by its creation date and be at the top? Nooooo… it’s organized by the date of the oldest photo or maybe the first photo added which in my case was from 2001. I had to scroll down through HUNDREDS of albums to find it.   AND I can’t search the name of the album, “Cameron Birthday Pics”. The album doesn’t show as a result. Only pictures of Cameron at birthday parties.   A complete sh!t-show. Amazon Photos here I come.",https://www.reddit.com/r/googlephotos/comments/vpct9h/google_photos_is_a_constant_shtshow_for_me/
Reddit,r/googlephotos,post,2015-10-04T17:53:51.140000+0000,3,"Is there a way to find Google Photos entries that are taking up space? - So I thought I enabled Google Photos to compress my pics for unlimited backups, but I'm running out of my Google storage space and apparently, Google Photos is using a few gigs.  Is there a way to find all photos being stored that are taking up space?",https://www.reddit.com/r/googlephotos/comments/3nh3bk/is_there_a_way_to_find_google_photos_entries_that/
Reddit,r/googlephotos,post,2025-05-05T02:43:35.287000+0000,4,"Trying to Import my Google Photos library to a new Gmail account before my student email is deactivated -- Can someone please help me make sense of the Google Takeout process, or to find a better alternative? - I know there are a million posts about using Google Takeout, but I just feel out of my depth.     I used Google Photos to organize over a thousand photocopies I made of archival 19th century documents for my undergrad history thesis. I organized each collection / manuscript as an album and made notes on individual photos with summaries of contents, transcriptions, notes, etc. Google Photos has been a great tool for this, but now that I've graduated my student email is going to be deactivated and I need to preserve the albums with all the notes in my new Google account, as I am still using this material for post-grad projects.     Today I downloaded everything with Google Takeout but... I am at a loss as far as how to get everything from these 2GB folders back into my new Google account.      This may be a very basic problem, but can someone please explain how to do this for someone who is technologically challenged? Will Google Takeout actually allow me to maintain all of my albums and notes?    I see that I can drag the image files individually back into Google Photos on my desktop. But then there are all of these metadata files and I can't figure out how to move all of the photos in and preserve my carefully organized folders and notes and so on.      Sorry if this is a dumb question and thank you a million times in advance to anyone who can help.",https://www.reddit.com/r/googlephotos/comments/1kf19vg/trying_to_import_my_google_photos_library_to_a/
Reddit,r/googlephotos,post,2019-10-24T12:55:45.883000+0000,2,"Is there a way to make Google photos find WhatsApp sent folder in backup? - My photos app shows WhatsApp images under backup folder option. However, it can't find the WhatsApp sent folder images. Nor does it find the videos under WhatsApp video under the sent folder. Is there anyways to 'force' the app to find them. It neither shows up on my Samsung gallery app.",https://www.reddit.com/r/googlephotos/comments/dmg06l/is_there_a_way_to_make_google_photos_find/
Reddit,r/googlephotos,post,2021-06-22T10:05:35.829000+0000,14,"Google Photos still showing video which I already transferred from phone to PC. It shows its size as 0 bytes. When I try to play it, app says ""can't play video"". I checked the video location as shown by GP but there is no such file in downloads folder. Why GP is still showing this file ??",https://www.reddit.com/r/googlephotos/comments/o5jhlz/google_photos_still_showing_video_which_i_already/
Reddit,r/googlephotos,post,2021-12-19T15:32:57.666000+0000,1,"How to find / recover storage from photos that accidentally saved from someone's shared photos/album or photos that accidentally uploaded from a non Google Pixel? - I have thousands of photos and has been carefully uploaded only via Google Pixel 1, so all these time my Google Photos is using 0 KB of my account storage. But I just realized that clicking ""save to my Library"" from someone's photos could actually consume my storage! (According to my friend, if you click this from Google Pixel, it wont consume storage) But anyway, there is only 6.6MB photos/videos that was unattendedly using my storage! I want to remove it because it drove my ocd mind crazy. And please dont suggest me to use recover storage anymore, since converting to High Quality wont make the photo 0KB / free, but gonna just make the photo consume less storage now.  I want to know which photos is this, or I want to make my google photos 0KB again. I just want my google photos cleanly containing photos uploaded from Unlimited Google Pixel.  Is there a way to find photos with filter like (""Photos uploaded by device XXX"", or ""Photos that shared by XXX"")  Please anyone who mastered in using Google Pixel for their ultimate backup device, give some tips or advices!  Google photos is getting messy and more complicated lately, lots of error, weird no loading, slow etc..  Thanks!!",https://www.reddit.com/r/googlephotos/comments/rjz1y0/how_to_find_recover_storage_from_photos_that/
Reddit,r/googlephotos,post,2021-01-15T05:28:00.972000+0000,2,"How to find which photos are using my Google Photos storage space? - I have a Pixel 2 and my free unlimited original quality photos runs out tomorrow. I noticed that when I go to the Google One storage page, it says Google Photos is using 2GB from my 15GB account storage. I would like to download the items taking up space and re-upload them from my phone in order to get that space back. Is there any way to tell which photos/videos are using Photos space? Something like how Google Drive will tell you which files are large, or even a third party app maybe?",https://www.reddit.com/r/googlephotos/comments/kxnx8m/how_to_find_which_photos_are_using_my_google/
Reddit,r/googlephotos,post,2024-10-30T09:25:13.527000+0000,1,How do I have 12gb used on Google photo only to find 2gb picture storage. Does anyone know how to located the other 10gb to delete? - Can someone help please?,https://www.reddit.com/r/googlephotos/comments/1gfigbr/how_do_i_have_12gb_used_on_google_photo_only_to/
Reddit,r/googlephotos,post,2021-08-22T18:23:14.041000+0000,0,"Google photos use storage and can't find which photos use it - Apparently some of my google photos are using 207MB of my storage, see picture below. However I can't find which photos exactly use this storage. ""Review and delete"" section below shows nothing. Is there a way? Or is this a bug?  &#x200B;  &#x200B;  ![img](4uyebak9cyi71)",https://www.reddit.com/r/googlephotos/comments/p9hu3p/google_photos_use_storage_and_cant_find_which/
Reddit,r/googlephotos,post,2022-09-19T18:38:48.767000+0000,1,"When using Google Files to free up space, will it delete photos or images already saved into the cloud? I can't seem to find any that I chose to free up space in Google Photos. - I tried to free up space using Google Files or whatever it's called because my phone's storage was reaching limit. That was about a year ago, so I tried to look for this one specific video I had saved and I can't seem to find it. I'm sure there's no way to recognize it, but I'm really sure by the time I downloaded it should've already been backed up into the cloud. I searched all day, scrolling through my photos and I can't seem to find it anywhere.",https://www.reddit.com/r/googlephotos/comments/xikqv7/when_using_google_files_to_free_up_space_will_it/
Reddit,r/googlephotos,post,2024-11-30T12:43:00.707000+0000,3,"Is there a way to add geotag based on Google's location history automatically on Photos? - Basically I found out a few months after getting a new phone that the geotag option was disabled on the camera app.       I like the heat map feature oh Google Photos, so I want to add the location to this couple months of photos.  The location history on google maps was enabled the whole time, so is there a way to automatically ""sync"" the google location history with the photos missing location?  Thanks in advance.",https://www.reddit.com/r/googlephotos/comments/1h3bsrb/is_there_a_way_to_add_geotag_based_on_googles/
Reddit,r/googlephotos,post,2022-03-15T08:01:56.793000+0000,3,"Does anyone knows an alternative to Google Photos with free space and location map? - Hi,  I ran out of storage and would like to use an alternative to Google photos with location map because I want to search for cities and not for the date I visited them.  Anyone any experience? Thanks in advanca",https://www.reddit.com/r/googlephotos/comments/tejvyf/does_anyone_knows_an_alternative_to_google_photos/
Reddit,r/googlephotos,post,2019-12-28T03:25:18.179000+0000,3,"Any way to make Google Photos the default for download locations or at the very least get photos off Chrome into the app? - Tired of having a million (well, not really but to the point where finding images in the bookmarks on Chrome is getting annoying) bookmarks. Anyone know how to do that or do I have to manually share the photos from Chrome?",https://www.reddit.com/r/googlephotos/comments/eglgrq/any_way_to_make_google_photos_the_default_for/
Reddit,r/googlephotos,post,2019-02-17T18:42:26.354000+0000,12,Is there a way to find and remove duplicate photos (not the same file) in Google Photos?,https://www.reddit.com/r/googlephotos/comments/arni7i/is_there_a_way_to_find_and_remove_duplicate/
Reddit,r/googlephotos,post,2020-02-24T04:47:42.379000+0000,2,"Not able to find the option ""Google Drive"" in Upload section in Google Photos. How do I import videos and photos from Google Drive? -  [https://imgur.com/a/ePcMiYy](https://imgur.com/a/ePcMiYy)   The option is simply missing. (This is my university google account btw)",https://www.reddit.com/r/googlephotos/comments/f8m1h4/not_able_to_find_the_option_google_drive_in/
Reddit,r/googlephotos,post,2021-03-16T04:19:37.542000+0000,11,"I searched my child's name to find a specific photo of her in a recent outing, only to realize Google Photos failed face-tagging because we're wearing masks.",https://www.reddit.com/r/googlephotos/comments/m60tkc/i_searched_my_childs_name_to_find_a_specific/
Reddit,r/googlephotos,post,2018-03-27T20:46:04.670000+0000,20,"I've loved Google Photos since launch, but now I'm archiving and scanning 10k+ family photos and struggle to find the best method. Working in Drive now. Ideas? - As mentioned I've been using Google Photos since launch and absolutely love it.  Perfect?  No.  The best solution for most?  Yup.  Now I have a new task beyond my personal shots.  My mother died last week and I realized it's time for a big project we've long discussed.  I'm scanning over 10k photos, ranging from 1800s ferrotypes to glossy prints from just ten years ago, and everything in between (several people I descended from were photographers).  Some prints are well organized (""Family Hawaii Trip, 1954"") while others are a bit of a mess.  My goal is too keep them in albums/folders as best as possible, knowing that I and family members will move them as we find time to better organize them.  We also know some are beyond organization, and we'll want to be able to search by faces, objects, comments/tagging, etc.   Right now I'm using Google Drive and organizing within folders.  This is nice as I can easily share, control who can move and add things, etc.  The downside is I lose much (though not all) of the AI searching, commenting, etc that Google Photos has to offer.  I would love Google Photos for the searching, friendly interface, Chromecasting ability, etc, but this would add some major steps in my workflow, as right now I simply scan a batch and drag them into a folder which is synced with drive.  Another issue with Photos is that it seems to sort them by the file modified date (unless I'm missing something), which means even if I set my bulk scanning application to set the taken date (and modify past taken dates) I'd have to also set the modified date, and change this anytime the file get updated (enhanced, cropped, etc).  This is a problem because if I were to, right now, tell Google Photos to show photos in Drive, that Google account would suddenly get thousands of pictures from the last 150 years stacked atop the photos I took on my phone just last week.  Another issue with photos is that I'd have to manually share every album created (and manually create each album) - whereas in Drive, they're all sub-folders of a shared folder right now.  I'd hoped that dragging a copy of the Drive folder into the Google Photos ""folder"" in Drive would do what I wanted - but while it sits there, the photos don't actually go into albums or anything else.  Ultimately, I want to be able to dump files into folders I create, not have to share every folder (or album) w/ everyone each and every time, and search by faces, objects in the photos, etc.  Oh, and native Chromecast support would be nice.  Right now the best solution I've come up with is creating a separate Google account *just for this project*, handling it all in Drive, and telling Photos to display pics from Drive. There must be a better way.  Thanks!",https://www.reddit.com/r/googlephotos/comments/87m0aq/ive_loved_google_photos_since_launch_but_now_im/
Reddit,r/googlephotos,post,2018-03-07T15:47:28.334000+0000,6,Google Photos starts showing location next to date dividers,https://www.reddit.com/r/googlephotos/comments/82p7qg/google_photos_starts_showing_location_next_to/
Reddit,r/googlephotos,post,2024-05-01T20:34:04.721000+0000,1,I just uploaded 3480 pics and vids in my google photos that was only 27 gb (in addition to all pics in free space ) 400 of them are not in the correct location how can I solve this? only manually? I uploaded from MacBook with google chrome. - Thanks all,https://www.reddit.com/r/googlephotos/comments/1chwh47/i_just_uploaded_3480_pics_and_vids_in_my_google/
Reddit,r/googlephotos,post,2023-11-17T00:00:36.607000+0000,2,"All this talk about AI features and Google Photos still can't reliably find things in photos 8 years after the feature launched. - ""Dog"", ""Red chair"", ""Pasta""... simple object queries like this will return maybe 10-20% of the photos that it should. Often, the same query will result in a correct match in one instance but not the next. This feature would be incredibly useful if it worked, but it doesn't. It sucks and always has and Google should be embarrassed that they haven't improved it in 8 years.",https://www.reddit.com/r/googlephotos/comments/17x1j79/all_this_talk_about_ai_features_and_google_photos/
Reddit,r/googlephotos,post,2020-06-30T04:00:37.700000+0000,27,"We have the Google Photos Heatmap now, now we need to change the GPS Location of our photos. - One thing I am noticing now that I can see my photos on a map, is that some of the photos are not in the place they were taken. A GPS glitch happened when they were taken, and they're miles in the wrong direction or worse, sometimes drastically worse. Sometimes they're clear across the continent!   Google does currently allow you to set a business name for some photos, but that isn't a GPS location, and that isn't for the metadata of the photo. We need to be able to set the GPS location, and it needs to be able to be set on mobile AND on the web. And we need the Heat Map on the web.   Google Photos is notorious for its lack of feature parity from the web to mobile. You can set the business location online but not on mobile. Mobile has a basic video trimmer, but not the web. They need to work on this, and badly.   And while I'm complaining, I wish videos on the web autoplayed to add some spice to scrolling through your photos, and I wish on the web they would take advantage of the extra space you can get from a widescreen monitor and really throw some funky arrangements of your photos in Timeline view. It's usually just so static, date after date in rows.",https://www.reddit.com/r/googlephotos/comments/hifu4w/we_have_the_google_photos_heatmap_now_now_we_need/
Reddit,r/googlephotos,post,2018-04-15T20:25:20.587000+0000,9,"I wish there was a way I could easily find what is using up my storage quota from within Google Photos. I would like to sort by size taken up, and given a choice to compress files individually, instead of the all or nothing approach of ""Recover Storage?""",https://www.reddit.com/r/googlephotos/comments/8chybl/i_wish_there_was_a_way_i_could_easily_find_what/
Reddit,r/googlephotos,post,2024-04-17T21:37:09.318000+0000,2,"All photos are disappearing since I got back from Japan  - I just got back from Japan. Pixel 5A.  Now when I take a picture, it disappears. Can't find it on my phone anywhere. The little share thumbnail appears on the camera app, and then disappears after about a second.   When I go to my photos, the most recent photos are from tomorrow (yes tomorrow, because I was in Japan). This sort of makes sense, but I would have thought they would display photos according to absolute time, and not calendar date, so it shouldn't make a difference that I crossed the date line.... But anyway, all photos I take now disappear completely and they don't show up in ""today"" or yesterday's photos either they're just gone and I can't use my camera at all.  There was a similar problem with messages where people were messaging me and I was hearing the notifications but in the actual conversation, the messages never appeared. I had to delete the conversation completely and then new messages started coming in properly. I think it was bugging out because the messages I was getting were sent ""before"" the messages I sent in Japan so it just bugged out. I think that's happening with the photo timeline. But why would Google be so braindead as to not be able to handle traveling?",https://www.reddit.com/r/googlephotos/comments/1c6lz87/all_photos_are_disappearing_since_i_got_back_from/
Reddit,r/googlephotos,post,2024-05-31T02:52:28.676000+0000,3,"Is there an app or service that can connect to my Google Photos and find near duplicates? - I know I can export all, there are many apps to find duplicates but I'm afraid, I feel like the download, especially huge files, can lose data in between.   the online app would keep everything in google photos and just find what i need to see and then delete as needed.",https://www.reddit.com/r/googlephotos/comments/1d4lhsj/is_there_an_app_or_service_that_can_connect_to_my/
Reddit,r/googlephotos,post,2020-02-25T13:50:40.393000+0000,3,"Is Google Photos expected to auto-detect and find more pet face photos? - I've seen Google Photos go off on its own and find more human faces once it gets some matches. **But it does not automatically add *pet* faces.** For example, add a cat and a dog manually to an album, and wait awhile. Nothing new shows up.  **Here's a more detailed description/example:**  - I go to https://photos.google.com - I see photos of my dog, Rover, with the family. - I click a photo, it says ""5 faces available to add"". - I add the human ones to their existing human Faces, and I add Rover to his own. - I wait several days. - I go to https://photos.google.com/people (People & Pets) - I notice it has automatically added more people, asking me to confirm some of them. But NOT pets. Rover's album are only the pics I manually added. There is absolutely no change here.  My expected behavior is that just like it is already doing for humans/people, this should also work on pets.  I have not seen an official answer elsewhere. Does anyone know?",https://www.reddit.com/r/googlephotos/comments/f9ajex/is_google_photos_expected_to_autodetect_and_find/
Reddit,r/googlephotos,post,2021-01-23T23:00:30.460000+0000,16,"I have digitized copies of all my old family photos and slides. I want to add them to Google photos, but I don't want them all to say they were taken on the day or location they were scanned. How can I organize these?",https://www.reddit.com/r/googlephotos/comments/l3mr7k/i_have_digitized_copies_of_all_my_old_family/
Reddit,r/googlephotos,post,2024-06-05T14:00:52.623000+0000,2,"Video on phone internal storage, cant backup to google photos or find in google photo app.  Help? - I have a 1.88gb mp4 video on my phone's internal storage.  The video is not in google ""photos"" app.    The only option to backup is ""backup to google drive"".  But other videos do show up in google photos app, and I also have the option to backup to the cloud ( which sends. things to google photos).    Any idea why I cant upload this video to google photos?    And why google photo app won't detect the video in the first place?",https://www.reddit.com/r/googlephotos/comments/1d8qnth/video_on_phone_internal_storage_cant_backup_to/
Reddit,r/googlephotos,post,2026-02-24T05:05:03.734000+0000,0,"(Continuation) BROKEN: Portrait Mode photo uploads to Google Photos (Oppo Find X9 PRO Global, ColorOS 16 CPH2791_16.0.3.504)",https://www.reddit.com/r/googlephotos/comments/1rd6zpl/continuation_broken_portrait_mode_photo_uploads/
Reddit,r/googlephotos,post,2018-09-06T16:51:19.640000+0000,7,"Is there a way to save all (not just new) photos I’m tagged in, all my albums and posts with pics that I’ve been tagged in on Facebook to google photos, keeping the time stamps and geo location tags?",https://www.reddit.com/r/googlephotos/comments/9dki8w/is_there_a_way_to_save_all_not_just_new_photos_im/
Reddit,r/googlephotos,post,2020-08-02T17:31:23.637000+0000,12,Is it possible to display the heat map which is created by the location of photos I uploaded to Google Photos on Desktop or export the map on a higher resolution that what I can get with a screenshot?,https://www.reddit.com/r/googlephotos/comments/i2fycy/is_it_possible_to_display_the_heat_map_which_is/
Reddit,r/googlephotos,post,2026-02-23T09:33:23.848000+0000,0,"BROKEN: Portrait Mode photo uploads to Google Photos (Oppo Find X9 PRO Global, ColorOS 16 CPH2791_16.0.3.504)",https://www.reddit.com/r/googlephotos/comments/1rcd16w/broken_portrait_mode_photo_uploads_to_google/
Reddit,r/googlephotos,post,2021-05-03T19:03:52.156000+0000,1,"Google Photos sending videos to abnormal file locations (Android) - So when I edit on Google Photos, typically the video goes to the PhotosEditor folder. But when I have selected the ""Send A Copy"" option in google drive, it sends the video to the folder where I originally made the file in InShot video editor even though I have changed the file name within google drive. This may sound like I have solved my own problem, but I believe that google photos is sending the video file to the folder where the file was originally made instead of to the PhotosEditor which is already made to be uploaded to google drive. Does this make sense? Would that mean that correcting file names in Google Drive is somehow superficial until you download it from the app without it directly interacting with Google Photos?",https://www.reddit.com/r/googlephotos/comments/n44e1k/google_photos_sending_videos_to_abnormal_file/
Reddit,r/googlephotos,post,2024-03-14T21:48:18.261000+0000,2,Just uploaded around 200gb worth of images and videos using a new google account. How long should I expect to wait for the facial recognition feature to work and be able to find people in photos? - Hey People! Recently found an old external drive with photos from 2008 to 2016 and uploaded all of them into Google Photos and wanted to know because its a new account how long should I expect to wait for it to be able to find faces in photos? do I have to manually go in and trigger it or will it do it automatically?,https://www.reddit.com/r/googlephotos/comments/1bex2jt/just_uploaded_around_200gb_worth_of_images_and/
Reddit,r/googlephotos,post,2020-03-16T21:41:53.558000+0000,1,When I save a copy of a video I downloaded and edited (like shortening) I can't find the copy. It's like it disappears. I have a note 9 and I'm using the Google photos app. What's going on?,https://www.reddit.com/r/googlephotos/comments/fjt0mq/when_i_save_a_copy_of_a_video_i_downloaded_and/
Reddit,r/googlephotos,post,2017-10-16T18:02:35.726000+0000,9,Meow it’s even easier to find your furry friends in Google Photos,https://www.reddit.com/r/googlephotos/comments/76sbfy/meow_its_even_easier_to_find_your_furry_friends/
Reddit,r/googlephotos,post,2021-03-16T10:32:33.212000+0000,1,When I save a copy of a video I downloaded and edited (like shortening) I can't find the copy. It's like it disappears. I have a note 9 and I'm using the Google photos app. What's going on?,https://www.reddit.com/r/googlephotos/comments/m661j2/when_i_save_a_copy_of_a_video_i_downloaded_and/
Reddit,r/googlephotos,post,2021-03-17T01:48:36.685000+0000,2,Mimic spider. Clever google search. I used to find these photos by searching for ‘ants’. Google has learned!,https://www.reddit.com/r/googlephotos/comments/m6p6iv/mimic_spider_clever_google_search_i_used_to_find/
Reddit,r/googlephotos,post,2026-09-05T17:45:07.347000+0000,3,"Recover permanently deleted photos - I accidently deleted all the photos and videos from my Google Photos account today. I thought I had a local backup, but unfortunately, I didn't. I started to panic because I had no idea how to retrieve them, and most of the solutions I found only mentioned recovering them from the Trash. Google Photos' Help & Support wasn't very helpful either, and even after searching Reddit, I couldn't find a proper solution.  But then I went through Google's Help section under **""Find lost photos and videos""** and was able to find a solution:  [**https://support.google.com/photos?p=restore\_deleted\_photos\_awf**](https://support.google.com/photos?p=restore_deleted_photos_awf)  **Try this within 30–60 days if you have permanently deleted your photos and videos.**  The deleted photos and videos should appear in the **Bin/Trash** and may be recoverable from there.",https://www.reddit.com/r/googlephotos/comments/1w87baq/recover_permanently_deleted_photos/
Reddit,r/googlephotos,post,2026-08-23T05:23:03.290000+0000,29,"Please send help... I've given up! - I really cannot handle how difficult it has been to move my google photos over to my computer's hard drive. I've read many of the threads about metadata, the ability to download in chronological order and json files. I don't really need the metadata tbh, as most of the pictures' 'name' is the date they were taken.   What I want:  I simply want to be able to download my 12 years worth of photos, and have them saved in the same order in which they show up on Photos. Maybe it's my ADHD that I can't figure it out, but every way I try, something happens.  What I've tried:  \- Downloading all photos in one go with google takeout - this led to multiple zipped files, and it was organized by something other than date.  \- Moving all photos for that year, into a yearly album and download that album. The photos will (I think) be in order, but then I can't delete the json files as my computer just keeps freezing, whether I try and delete 1 or 100.  Any help is appreciated 😴",https://www.reddit.com/r/googlephotos/comments/1vvych2/please_send_help_ive_given_up/
Reddit,r/googlephotos,post,2026-07-29T06:46:38.544000+0000,4,"Storage full, but no photos showing up? - A few years ago my mum was backing up all of her photos to my google account, and now my storage has been filled up. She stopped backing them up to my account, but they're still there but the problem is that i can't see them anywhere; like i genuinely cannot find them on the account but i know that they're on there because my photos is filled up. I've checked on other devices too and it's the same.   Also I've deleted so many of my own photos that do show up, thinking they're the problem, and it hasn't fixed anything whatsoever. I now only have photos from 2025 onwards.  Any ideas of what to do?  Sorry if I haven't explained this very well!!",https://www.reddit.com/r/googlephotos/comments/1v9o9st/storage_full_but_no_photos_showing_up/
Reddit,r/googlephotos,post,2026-05-27T16:04:23.304000+0000,6,Downloading Google Photos All At Once? - Any Possible Way of downloading my google photos all at once with meta data and date on it?  i did try using google takeout but some pictures are just a .json file that doesn't open and the rest are photos with wrong date and the metadata on separate file i want them to be baked into the picture it self.  i couldn't find any Possible way of doing this all of them fails so it will REALLY mean alot of anybody knows how to do this.,https://www.reddit.com/r/googlephotos/comments/1tpa02r/downloading_google_photos_all_at_once/
Reddit,r/googlephotos,post,2026-07-01T09:21:23.911000+0000,1,"""Google Photos Tool Kit"" GPTK - I am trying to use ""Google Photos Tool Kit"" GPTK [https://github.com/xob0t/Google-Photos-Toolkit](https://github.com/xob0t/Google-Photos-Toolkit) with Tampermonkey to locate duplicate photos and move them to an album I created. I have \~46K photos I need the program to look through.   I have tried many times, and GPTK seems to get stuck at the ""Grouping Similar Images"" step.    Has anyone else had this issue? Figured out how to fix it?  FYI, I can't sort by upload date because it is possible, and actually most likely, that the duplicates were uploaded at very different times, possibly years apart, but I don't know.",https://www.reddit.com/r/googlephotos/comments/1ukgozj/google_photos_tool_kit_gptk/
Reddit,r/googlephotos,post,2026-07-05T11:19:02.611000+0000,9,"I left no stone unturned, but couldn't get my photos back, then I contacted Google, if Google support doesn't investigate the GP issues, who does? - Before anyone suggests the usual things like checking the Trash, Archive, Locked Folder, switching accounts, checking the browser, Gallery Trash, reinstalling the app, or signing out and back in... **I have already done all of that.** I have literally tried everything I could find online. There isn't a single obvious troubleshooting step left that I haven't already tried.  Also, please don't tell me that **""Free up space deletes photos from your phone.""** I already know that. **That was the entire point.**  My phone storage was completely full. I had around 4,000 photos and videos, and my phone had become almost unusable because of the lack of storage. I didn't want to keep those files on my phone forever. That's exactly why I trusted Google Photos.  I thought, ""Google is one of the biggest technology companies in the world. Google Photos is literally designed to back up your memories so you can safely remove them from your phone afterward.""  So I gave Google Photos permission to back up my gallery.  The backup took several days because I was using mobile data. During that time, Google Photos itself kept sending me notifications saying that a certain number of photos had been backed up and asking if I wanted to **""Free up space.""**  I didn't blindly press the button.  Every single time, I read the message carefully. It clearly said that those photos had already been backed up safely to Google Photos and could be downloaded again anytime in the future. Only after reading that did I press **""Free up space.""**  I used that feature because I thought it would save me from manually opening my gallery and deleting thousands of photos one by one. That's literally what the feature is supposed to do.  Instead, after using it, I discovered that not only were the photos removed from my phone, **more than half of them are missing from Google Photos as well.**  Entire months are almost gone.  For example, if I originally had around 100 photos in a month, Google Photos now only shows one or two. Most of my camera photos and photos I received through WhatsApp and Instagram have disappeared. Ironically, most screenshots are still there.  I never manually deleted anything from Google Photos.  I trusted Google's own backup process and used Google's own **""Free up space""** feature exactly as it instructed me to.  Then I contacted Google Support.  They asked me multiple questions, asked which account I used, whether I used Google Photos or Google One, asked for screenshots, and I answered everything because I genuinely believed they were investigating my issue.  After several days, their final reply was simply that they **don't handle Google Photos**, only Google Drive.  That honestly left me even more confused.  If they couldn't investigate Google Photos in the first place, why wasn't I told that in the first reply? Why ask me for all that information and give me hope that someone was looking into my case?  Then they told me to ask in the public forums.  This makes me wonder... Google Photos is one of Google's biggest services. Millions of people trust it with their most valuable memories. Is there really no dedicated Google Photos support team that can investigate account-specific issues?  At this point, I'm not looking for generic troubleshooting tips anymore. I've already spent days trying every suggestion I could find and contacting Google themselves.  If anyone has a **real solution**, or has actually recovered photos after something like this happened, please tell me. These weren't just files. They were years of memories that I can never recreate, and I'm honestly heartbroken.",https://www.reddit.com/r/googlephotos/comments/1unzmzs/i_left_no_stone_unturned_but_couldnt_get_my/
Reddit,r/googlephotos,post,2026-04-06T12:41:35.121000+0000,7,"New AI Search - While using this stupid Google Photos app, I noticed that my search bar for finding photos used to be completely normal and handy. Then it started automatically searching in some AI mode that was slow and not even accurately searching for the key words I was inputting. Now I don’t see any way to search normally on this app at all. I used to be able to put in text from memes to find them, look up peoples names, or certain verbs…and google is like trying to have a conversation with me instead of searching through my fucking pictures. I’m genuinely about to throw my phone at the wall bc why is it so hard to find a fuck ass picture now. Am I just being completely slow and turned on some AI search filter or is this genuinely how google is moving now.",https://www.reddit.com/r/googlephotos/comments/1sdxrk9/new_ai_search/
Reddit,r/googlephotos,post,2026-08-08T17:41:53.448000+0000,5,Anyone else notice they ruined the app? - Removing the traditional search which worked really well and replacing it with AI has made the categorization and searching of photos completely crap. Did they even test this? If I try to search my photos by location now it just pulls me photos from all sorts of places. Nothing related and not even connected to the term/location I searched for. Good job Google 👍,https://www.reddit.com/r/googlephotos/comments/1vj25te/anyone_else_notice_they_ruined_the_app/
Reddit,r/googlephotos,post,2026-08-18T06:34:27.629000+0000,0,The undo backup option deleted photos from my phone gallery but the photos are still present on my google account. But per the instruction it was suppose to delete it from the account not from my phone - 2 months worth of photos are missing from my phone???? How is this possible,https://www.reddit.com/r/googlephotos/comments/1vrhaxa/the_undo_backup_option_deleted_photos_from_my/
Reddit,r/googlephotos,post,2025-12-05T05:45:54.776000+0000,12,"What’s the current best way to take out / download Google Photos in 2025 - I’m trying to export around 150 GB of Google Photos. While checking Reddit for tips, I found several posts where users had problems with Google Takeout. Many reported missing photos and videos, incomplete ZIP files, metadata getting stripped, and exports that failed multiple times.   **Because of these issues, I want to know if there’s any reliable method to download everything safely in 2025.**  **Posts that mention these problems :**   [Google Takeout is a Massive Failure](https://www.reddit.com/r/googlephotos/comments/1clkdl9/google_takeout_is_a_massive_failure/) – r/googlephotos   Concern: Downloads fail, photos/videos missing, constant errors.  [Please dont use Google Photos and Google Takeout if you dont want data loss](https://www.reddit.com/r/googlephotos/comments/1cx0tds/please_dont_use_google_photos_and_google_takeout/) – r/googlephotos   Concern: Export missing many photos after deleting originals; irreversible loss.  [Google takeout not downloading all the photos](https://www.reddit.com/r/googlephotos/comments/1ohjtai/google_takeout_not_downloading_all_the_photos/) – r/googlephotos   Concern: ZIP contains JSON files but no actual images.  [Photos missing from Google takeout!?](https://www.reddit.com/r/googlephotos/comments/1cskbvw/photos_missing_from_google_takeout/) – r/googlephotos   Concern: Export shows zero photos despite large library.  [Google Takeout missing metadata for 80 percent of my photos](https://www.reddit.com/r/googlephotos/comments/1lqx331/google_takeout_missing_metadata_for_80_of_my/) – r/googlephotos   Concern: Photos lose EXIF metadata like date and location.  [Google photos takeout helper unable to fix metadata](https://www.reddit.com/r/googlephotos/comments/1gmmv9t/google_photos_takeout_helper_unable_to_fix/) – r/googlephotos   Concern: Tools fail to repair metadata due to inconsistent Takeout folder structure.  Used ChatGPT to find these posts but i had already saw some posts mentioning these issues",https://www.reddit.com/r/googlephotos/comments/1pen8fi/whats_the_current_best_way_to_take_out_download/
Reddit,r/googlephotos,post,2026-04-06T14:29:53.720000+0000,0,"10,000+ photos missing after Takeout to iCloud. What happened? - Like many on this sub, I'm trying to de-Google my life for many reasons. I recently cancelled my Google One subscription since I have enough iCloud storage and can't justify continuing to pay for Google Photos. I have 39,692 photos and videos in Google Photos, and did a Takeout directly to iCloud. However, only 28,881 were exported to iCloud, according to the imported photos album in iCloud (I include unsupported files in iCloud Drive in this total). That means 10,811 photos/videos are missing. I do have a significant number of duplicates, but from what I can tell they were all successfully imported.  Has anyone else experienced this or know what could be going on? I'm hesitant to start another Takeout because I'd rather not go through all my duplicates again, and I'd prefer not to Takeout as zip files because that would be even more work with the amount of photos/videos I have. I have to purge Google Photos soon so I don't run out of Gmail storage, but I'm worried I'll lose those files because I'm not sure which photos/videos are missing. Google Photos is beyond unusable, I'm convinced they make this process difficult and unclear on purpose.",https://www.reddit.com/r/googlephotos/comments/1se0hqj/10000_photos_missing_after_takeout_to_icloud_what/
Reddit,r/googlephotos,post,2025-11-02T21:39:52.486000+0000,5,"Anybody else having issues adding locations today? - Photos taken via phone camera do come with location. But for any pictures backed up some other way, I can't add location. On the app there is no error message, but on desktop it tells me ""Problem while changing location""",https://www.reddit.com/r/googlephotos/comments/1omtqqv/anybody_else_having_issues_adding_locations_today/
Reddit,r/googlephotos,post,2026-04-19T05:40:23.508000+0000,8,"Downloading photos while keeping the date - Hello! I'm sure I'm not the only one with the problem here. I backed up photos from my older phone (android) to Google Photos, and now I'm trying to download them into my newer one (also android). I feel like Google has the date saved, and yet my phone thinks the photo is from today, even if it isn't. It's a pretty minor issue, but one I'd really like to be fixed, since I really like using my phone's built-in gallery. Thank you for any sort of help.",https://www.reddit.com/r/googlephotos/comments/1spkas6/downloading_photos_while_keeping_the_date/
Reddit,r/googlephotos,post,2026-05-10T12:23:07.062000+0000,95,"Massive warning about Google Drive for desktop discontinuation - I've just finished on the phone with Google support after nearly two hours.  I use Google Photos as a backup of my lightroom library. Both lightroom and Google Photos point to the parent directory of my photography folder which contains 20 years worth of images taken on various Canon cameras. I use Google Drive for desktop to backup this library to Google Photos in case my NAS fails. I would prefer to backup to Google photos directly from my NAS, but Google broke that functionality a few years ago so I have been forced to do it from my desktop PC for several years.  On receiving the email which states that this functionality is going away, I attempted to use the far inferior webapp folder backup instead. I turned off Google Drive for desktop syncing of my Photography directory to Google photos, and added the same directory to Google Photos web app backup folders via the ""+"" icon and ""back up folders"". So the configuration in both the web app and desktop app were identical (syncing Z:\\Photography to Google Photos).  The second I did this, it immediately tried to upload terabytes of images to Google Photos, not recognising that they were duplicates - duplicate filenames, duplicate sizes, duplicate images. Thousands upon thousands of images - over 120,000 by the time the nightmare was over.  The photos were uploading faster than I could delete them. The select all button only allows you to select 500 photos at a time, though you can hold shift and scroll to try and select all. Even with 64GB of RAM my machine was struggling, no doubt pushing the limits of what Chrome is able to do.  While this was happening, there was NO functionality anywhere in the Google Photos webapp or settings menus to cancel, pause or redirect the process to another location. Clicking the ""back up folders"" button simply did nothing, and the duplicates continued to pile up, eating my storage. I could only tell this was running constantly as there was a steady stream of ""xxxxx photos failed to backup"" messages in the webapp, presumably files which were too large or unknown filetype (XMP files perhaps).  Closing Chrome worked temporarily, and then it started itself up again. I was only able to temporarily stop it by removing local access to my filesystem in Chrome permissions itself.  Gemini was useless, Photos assistant support was useless, community was useless. I spoke to a guy who after much insistence escalated the ticket up, but they were also useless.  I went in to Chrome, click the tune icon in the address bar, clicked file editing - manage and I was then able to remove the link to my photography parent directory. Upon doing this the error message changed to ""1 folder unable to backup"" and I was finally able to click the link and remove it from the Google Photos UI.  Of course, this doesn't solve the problem, I still need to be able to backup my parent directory to Google photos as I've been doing with the desktop app quite happily for many years. The other option is to simply install immich and stop using Google Photos altogether, which would certainly save me some money. I would suggest Google maybe don't remove this extremely useful feature as it will render the paid service useless to me, I'll simply cancel my subscription.",https://www.reddit.com/r/googlephotos/comments/1t95imy/massive_warning_about_google_drive_for_desktop/
Reddit,r/googlephotos,post,2026-09-04T05:11:42.586000+0000,0,"Photos storage - Recently, I backed up my trip videos on the Photos app because Google was offering 5 TB of free storage for a year. I thought my videos would be safe there, so I deleted all the videos from my phone. But after that, when I tried to check whether the videos were actually there or not, I couldn’t find them. 🙂  Am I being dumb, or am I missing something here?",https://www.reddit.com/r/googlephotos/comments/1w6uz0j/photos_storage/
Reddit,r/googlephotos,post,2026-02-27T16:43:22.302000+0000,65,"Update Google Photos censoring pics?!?! - Google Photos “upgraded” their editing tools to be “censored” by AI and prevent any editing they consider “adult” that shows people with bare skin.  i usually edit pics to remove skin details and now like “magic eraser“ scans the whole pic makes a decision and says “nope can do that bud” and stops the whole thing.  i like to use the convenience of these tools, on my phone, for on the fly editing, and this is very irritating, with no way to make this go away and go back to the good old analog eraser i was using without daddy google butting in and judging what they will or not edit!!!   anyone finding this issue too?",https://www.reddit.com/r/googlephotos/comments/1rgbr5x/update_google_photos_censoring_pics/
Reddit,r/googlephotos,post,2025-11-12T02:17:58.230000+0000,2,"How can I easily find photos or videos that I most recently backed up, even if their time stamp (when they were taken) is from years ago? - I just recently uploaded some old photos and videos from a while back, and I forgot the exact date of when they were taken. I was scrolling through things and eventually found them, and I cannot remember the date for the life of me. I'd like to see the photos now on Google photos, but I have no idea how.  Any kind help or suggestions are appreciated!",https://www.reddit.com/r/googlephotos/comments/1ousytw/how_can_i_easily_find_photos_or_videos_that_i/
Reddit,r/googlephotos,post,2026-03-07T23:42:40.323000+0000,64,"Gemini broke Google Photos - I’m pretty disappointed, I know these are growing pains as everything matures but Google Photos was the undisputed king of image storage and organization imo. But with all of these AI updates, I find it increasingly frustrating to use. It’s beyond slow in almost every aspect, from launching the app to scrolling down to older images and editing — I’m not oven on an older phone, it’s an iPhone 15 and the app used to work flawlessly on inferior Chinese phones. Beyond loading speeds which may be relative depending on which phones we are using, the Gemini AI search is just plain inferior to the old system. It’s laggy and gives worse results to its predecessor. I like that I got Gemini Pro as a ‘free’ upgrade but the only thing keeping me in the service is the fact that Apple’s search is vastly inferior.",https://www.reddit.com/r/googlephotos/comments/1rnp4uc/gemini_broke_google_photos/
Reddit,r/googlephotos,post,2026-05-27T14:55:52.259000+0000,36,"Google broke every Google Photos EXIF fixer in 2024 — here's what changed and how to fix it - If you've ever exported your Google Photos via Takeout and tried to import them into Apple Photos, Lightroom, or a NAS, you've probably noticed every photo shows today's date instead of when it was taken. Google Takeout includes a JSON sidecar file alongside each photo. For photos where dates or locations were edited inside Google Photos after upload, screenshots, WhatsApp photos, and scanned images — the sidecar is the only source of the correct metadata. The image EXIF either never had it or has the wrong value.  If your photos were all shot on a camera and never edited in Google Photos, your EXIF is probably fine. But for large mixed archives spanning many years, a significant portion usually falls into those categories.  **What changed:**  Before 2024, every photo had a matching sidecar file:      IMG_1234.jpg     IMG_1234.jpg.json  ← date and GPS stored here  After 2024, Google renamed the sidecars:      IMG_1234.jpg     IMG_1234.jpg.supplemental-metadata.json  And added a 46-character filename truncation, so long filenames become:      PXL_20230815_142536789.jpg     PXL_20230815_142536789.jpg.supplemental-m.json  ← truncated  **Why this matters:** Tools like GPTH (the most popular free fixer) match photos to their sidecars by filename. The rename broke the matching entirely. GPTH hasn't been updated since January 2025 and has 78 open issues. Most other scripts break silently — they process your photos but write nothing because they can't find the sidecars.  **What I built:** A Mac app that handles both the old and new format, including the truncated filenames. I ran it on my wife's 33,000-photo archive spanning 2000–2026 and it fixed dates and GPS on the vast majority. Also renders your old Google Timeline location history locally since Google killed the web viewer in 2024.  Happy to share it — DM me or drop a comment if you want to try it.  ![img](t7nyjvw62p3h1)",https://www.reddit.com/r/googlephotos/comments/1tp80t8/google_broke_every_google_photos_exif_fixer_in/
Reddit,r/googlephotos,post,2026-08-15T01:46:48.794000+0000,0,"I am not able to see locked folder in Google photos. And also I am noticing a glitch in Google photos. Only seeing archive folder. - Last night I opened google photos to transfer some photos to the locked folder but I didn't see it, only the archive folder was there. Also in location and other categories I am seeing the same pictures. Can anyone please tell me if there is anyone also facing the same issue and where I can locate the locked folder.",https://www.reddit.com/r/googlephotos/comments/1vopx0w/i_am_not_able_to_see_locked_folder_in_google/
Reddit,r/googlephotos,post,2026-07-14T04:37:09.056000+0000,1,"Google Photos to iCloud via takeout. Help needed! - Hello everyone. I have been trying for months to transfer my photos/videos from Google Photos to apple/iCloud Photos, but with little to no luck.  I am on a m4 Mac mini fyi.  No I don't have access to the ""transfer to iCloud"" option inside Takeout. For reasons I am still wondering why.  I have tried several times selecting only Google Photos, scheduling an export of the data. Getting the zips and folders. Importing them to Apple photos, but with no luck.     I then tried buying metadatafixer. Didn't work, the 9000 out of 18000 subjects it chooses to import when I select all my files, just dumps them totally uncategorized into my gallery. I even paid for the plugins that should fix this problem, but I can't figure it out. I have done it one folder (year) at a time as well (instead of bulk importing all the takeout folders), but the same happens. It says in the metadatafixer app that I have around 18000 subjects that have been fixed, and those without meta data have been transferred to their own folder. But when I import, it's one big mess.           I have around 14 days left of my google one subscription and would love to get out of the Google prison I find myself in as of now.      I am okay experienced with tech, but when it comes to stuff like this I find myself in deep water, so if any help, please explain it to me like I'm 5 years old. Because I know there are others less tech savvy than myself, dealing with said problems.          Thank you in advance.",https://www.reddit.com/r/googlephotos/comments/1uvykiy/google_photos_to_icloud_via_takeout_help_needed/
Reddit,r/googlephotos,post,2026-02-24T23:40:19.105000+0000,9,"Anyone have a good method of moving photos to a new Google account? - I have a 3 month old son so naturally I suddenly have hundreds of baby photos being backed up to Google Photos. Reading the stories about people losing their Google accounts because of false CSAM allegations has me really scared. Losing my 17 year old Google account would be absolutely devasting to say the least.   I think my best solution is to create a new Google account, add it to my family group to share my 2tb storage, and then use that account only for Google Photos. And then delete all the photos from my main account. All of my photos are backed up offline anyway. Losing the actual photos is the least of my worries. I just need to preserve the integrity of my main old account. Preventing loss of that account is my main priority.   However when I use Google Takeout the Google Photos export is a mess. Thousands of photos spread out over dozens of folders. I have no idea how I would import this cleanly into a new Google account while preserving dates, times, locations, faces, albums, etc.",https://www.reddit.com/r/googlephotos/comments/1rdwtm6/anyone_have_a_good_method_of_moving_photos_to_a/
Reddit,r/googlephotos,post,2024-01-20T19:40:50.765000+0000,147,"HOW CAN I RECOVER PERMANENTLY DELETED PHOTOS, BOTH FROM GPHOTOS AND DEVICE - hello! i am desperate to recover my files, so i am posting my concern here, someone might and can help me.  apparently, google is notifying me that i already reached the maximum storage. i checked it and saw that 90% of it is from google photos, i started deleting them permanently on google photos using my laptop because i am afraid that i might not receive/send any emails anymore since it's my personal account.   i wasn't aware that it was synced on my gallery, i thought i was using my one drive, but i don't actually care about this backup stuff since i just bought my phone about months ago and i have 256 GB so i don't have to worry about storage.  i have like 40k-70k stuff on my gallery, now they're just 20k. i was wondering what happened and i suspected that my files were deleted when i freed up space on my google photos. i did research and found out that deleting files from google photos will delete your local device files also.   THIS HAPPENED LIKE 2-3 WEEKS AGO.  i am so devastated right now and i want to bring back my files badly. i can't find any gphotos contact information, what should i do? 😭  google is always giving us traps like these to buy their products. i don't even use them!",https://www.reddit.com/r/googlephotos/comments/19bjybr/how_can_i_recover_permanently_deleted_photos_both/
Reddit,r/googlephotos,post,2026-09-16T21:04:52.668000+0000,0,"Can’t access photos - I typed a specific word into some photo descriptions on my iPhone years back. Now searching that word in Photos gives zero results but the photos are still there if I scroll to find them manually, and the word is still in the caption.   Anyone know why, or how to get around it? I just want to bulk-edit the descriptions and can't locate them all without search working.  Btw, the word I tagged was ‘nsfw’",https://www.reddit.com/r/googlephotos/comments/1wi9thz/cant_access_photos/
Reddit,r/googlephotos,post,2026-01-30T02:52:38.073000+0000,87,"Another Victim of A Google Photos CSAM False Positive - As it sounds, but I've been reading a TON of the same old song and dance horror stories about people getting nailed by google regarding false positive csam content just because they had things such as photos of their own family or even things as stupid as images of skins they had saved from video games (which was my case).   I ended up panic deleting the downloaded images of cute game skins I had saved as well as some family photos (including some stuff of myself as a child bathing and whatnot) and while I did put in an appeal, I see no hope at this rate based on what has been said here. I was just mostly hoping for some insight and whatnot.   Wanted to mostly know more about the processes and other problems to possibly expect. Like, should I expect police to come knocking at my door over a video game character summer themed swimwear skin or literally just me as a child? Or do the police have better things to do than chase single-time allegations? I'd assume google like, saves some kind of metadata or a screenshot or something for valid proof and it'd be seen as ridiculous when the AI shows it? Honestly I'm just wondering what to expect, as I said.  I know I don't have much reason to worry since it's basically the same crap a lot of other people have been through here, but the concern is still there for excessive escalation on Google's part by reporting what their faulty AI found as ""inappropriate"" to police even though I've yet to find any accounts of such happening from the situations I have read so far.   But that aside, I appreciate any help or input. I'm likely going to stop using google services, or at minimal just not waste time chasing my account if it's not worth putting that effort into.   Thanks!",https://www.reddit.com/r/googlephotos/comments/1qqthez/another_victim_of_a_google_photos_csam_false/
Reddit,r/googlephotos,post,2026-08-05T14:45:18.107000+0000,11,"Made a resilient background Android app to upload files from your phone to a Pixel 1 - I won't get into any unnecessary details as to why you would need a good way to get photos and videos from your main phone to an OG Google Pixel Phone and from there to Google Photos. I found that having Primitive FTPd set up in the Pixel side to receive files works pretty well so i am ok with that. However most every app to sync say my new photos and videos as i capture them to the server from my main phone had some limitations. Most often the way they find new files is outdated and ""brute force"" often requiring a full rescan of the folder being monitored and i have a little baby and already like 56000 items in camera roll.  Anyway. I made an app for myself. It is absolutely free and always will be since it is meant for me and my friends and family. It is up on Google Play Store for convenience and also reassurance that i am not doing anything shady. There are no trackers no ads not even Firebase crash reporting. Nothing. Just pure utility.  Some highlights include three modes for monitoring for new files. For most folder like the camera ones i use the Android MediaStore so no scanning required and there is no need for an always active service and a persistent notification. Those are an option as well for really resilient operation or for monitoring a really arbitrary folder. Also, files get transfered as a 1 to 1 byte copy. The app specifically waits for the new file detected to become stable since many android phones continue saving data to a photo or video after first capture for things luke extra processing HDR and the such. Only after a file is fully complete does it get sent over with failure protection and multiple retries. This way the file that the Pixel uploads to Google Photos has all of the attributes and features of the original also any location data - everything. That way on the main phone the local copy of the photo or image gets identified as being identical to the cloud version and you only see one entry in Google Photos.  Anyway. I require nothing from you guys. The app is in open testing. Any feedback is appreciated and i will do my best to support it at least initially until we get to a stable release.  https://play.google.com/store/apps/details?id=com.taghack.syncnewfilestoserver",https://www.reddit.com/r/googlephotos/comments/1vg9dpk/made_a_resilient_background_android_app_to_upload/
Reddit,r/googlephotos,post,2025-10-24T21:14:21.807000+0000,14,"How to mass delete or delete all Google Photos - I just wanted to share a way to delete your Google Photos en masse, rather than following the tedious process of highlighting only a few at a time and hitting delete.  Go to Google Photos on your desktop, ""Ctrl"" + scroll wheel on mouse to zoom out far enough to see as many rows as you want. Click the tickmark on first photo you want to delete, scroll down (making sure to let the thumbnails load), then hold shift and click the tickmark of the last photo you want to delete.  Then either select the trashcan icon (which will be tiny at this point, it is the second-to-last icon on the top right) OR, once your photos are highlighted, you can press ""Shift + 3"" on the keyboard (the ""#"" symbol). Then ""Enter"" to confirm. Et volia.  You can delete 1000s of photos at a time this way.  If you want to save/download your photos first, Google has a service called Takeout that you can use to do this. Although you might need to go through and manually check it has saved everything, because for me it missed a few files here and there.  Feel free to add anything that I have missed. Happy deleting!     Edit: changed top ""left"" to top ""right"" when referring to location of trashcan icon.",https://www.reddit.com/r/googlephotos/comments/1of9ngh/how_to_mass_delete_or_delete_all_google_photos/
Reddit,r/googlephotos,post,2026-07-09T22:53:38.121000+0000,0,"Help me with Google Takeout. - Many people have probably already asked this, and I could probably find the answer with some research, but I don't have much time.   Here's the thing: I have 4 different accounts and I need to download all the photos and organize them (+200gb).  1- Is it better to have 2GB in multiple files or one 50GB file?   2- Each photo has a JSON file. How do I merge them? Is it even necessary?  3- Is there an Android app that identifies duplicates? How do I organize them?",https://www.reddit.com/r/googlephotos/comments/1us5vjm/help_me_with_google_takeout/
Reddit,r/googlephotos,post,2026-03-08T14:56:13.431000+0000,74,"I starting to question Google CSAM saftey policy - Hi.  So for the last couple of weeks ive started looking into ​how google activately tries to find and prevent any type of CSAM existing in their ecosystem, primarily Drive and Photos.  Ive been reading up a lot of convictions in my country here in Europe. And more often then less i usally states the following:  ""The police recived a tip from Google through NCMEC. ​On decemeber 2023 and March 2024 a user uploaded confirmed images of CSAM into his Google Drive folder"". Etc, etc.  This statement is very normal and often occurs in a lot of investigations. There was even a case were a sickfck sent out over 40 images to other pedos through his gmail and it took police more than 2 years two arrest him.   But anyway,   We all read about the innocent ppl getting their accounts jacked out of nowhere for false positives. Right?  But wait a minute.  Google claim that they detect, **remove** and report all confirmerd or newly found cases of csam. Great.   But what about the users account?   If the perpetratiors i mentioned above uploaded csam, why werent their accounts closes immediatly? (As soon as AI found it). Like the innocent ppls accounts? Is google actually allowing csam to be viewed and stored to not ""tip off"" ppl? Or are these people stupid enough to keep it on hardrives after accounts get slammed for obvious csam?  Google should be sued it this is true.",https://www.reddit.com/r/googlephotos/comments/1ro6vr9/i_starting_to_question_google_csam_saftey_policy/
Reddit,r/googlephotos,post,2026-02-05T06:04:52.732000+0000,4,"Manual tagging of location of photos in Google Photos - Assuming my photos in Google Photos don't have GPS geotagging in EXIF, when I manually add a location from Google Photos, I can only add location based on a named location in Google Maps apparently (ie like a Google Maps POI such as a restaurant, a bank, etc etc). I cannot add a GPS coordinate or even a road address. At least that is my experience.    I guess my question is, when that location that I have tagged closes down or gets removed, will my tagged location still be available in Google Photos? What if the named location POI is moved in Google Maps?   Anyone has any idea on this?  Also, many of my old photos actual location don't really have a named location in Google Maps at the moment, it's been umpteen years. I only try to find a approximate nearby named location to add. Is this how others do it?",https://www.reddit.com/r/googlephotos/comments/1qwdf0d/manual_tagging_of_location_of_photos_in_google/
Reddit,r/googlephotos,post,2026-08-13T16:37:19.056000+0000,0,"Google takeout not working - Any people who have used it for whom it worked?  I tried using it but it's terrible. The files are corrupt way to often. I just tried moving the stuff to a bigger USB drive and half of it was too corrupt to even open. I also tried to download my latest photos, only to find out that the zip files can't be opened  I really want to download all my photos to back them up in case anything happens, but they've made it near impossible? I've also looked through reddit and the internet for support, but I've mostly seen bad reviews, complaints and no clear solution  So my problem in short: after hours of downloading I find out I can't extract any of the zip files because they're damaged. I've used 7zip, winrar and the regular windows extractor. And then I go check on the takeout from a few years ago and notice that I can't move all the files to a new drive because many are too corrupt for some reason.  How do I backup my photos?  Edit: the worst part is I can't open any of the photos I just moved? 'it looks like we don't support this format (jpg)' it says.",https://www.reddit.com/r/googlephotos/comments/1vnfvl4/google_takeout_not_working/
Reddit,r/googlephotos,post,2026-05-06T17:28:38.313000+0000,0,"Google Photos mishandling timestamps on GPS tagged photos - I've started sharing some photos I take on a Canon mirrorless camera with family on Google Photos. The camera uses GPS for both the location and time and I've confirmed the accuracy.  The EXIF data on the images unambiguously states that the timestamps are in UTC, which is fine (e.g from exiftool: 2026:05:03 13:25:47.30+00:00)  Locally, e.g using lightroom or on my NAS via immich it has no problems with both the dates and locations.  When I upload the JPEGs to google photos one of two things happens:  Photos missing or removed GPS location data are fine, they display the time correctly in UTC and are ordered correctly.  Photos with GPS location data incorrectly assume that the timestamp on the photos (despite the EXIF data stating UTC) is actually in the local time of whatever location the photo was taken. This causes the timestamp on Google Photos to simply be appended with this timezone with no conversion from UTC. Not only does this give misleading timestamps when viewing photos but it causes the sorting to be incorrect - especially noticeable in shared albums with other people's photos.  Anyone any ideas why Google Photos is ignoring the EXIF data and applying this incorrect timezone on GPS location tagged photos? None of the other tools I use to manage or view my photos do this.",https://www.reddit.com/r/googlephotos/comments/1t5jp6x/google_photos_mishandling_timestamps_on_gps/
Reddit,r/googlephotos,post,2026-02-09T04:09:50.941000+0000,72,"Google deleted all of my backed up cloud storage photos (years worth of photos, 1000s). Help make them pay! - First off I would like to say, for those who have had years worth of photos mysteriously disappear from their Google Cloud photo storage account, I am so sorry that this has happened to you!  I had the exact same thing happen to me just recently and I went through absolutely every hoop I could find to get my photos back.  Endless Google support emails/phone calls. I hired free lance photo recovery experts.  All of my photos that were in my Google cloud storage mysteriously disappeared.  I discovered it when I went back looking for a photo and then realized things were missing. All of my photos before May 2025 vanished.  I had photos going back as far as 2017 in my cloud. I few months prior I saw these photos in my cloud storage. I accessed via the website photo website not my app.  The loss of my photos included countless photos and videos of my son in his first year of life. I still can't think about this too often bc it literally breaks my heart.   I know there are others out there who have had this happen to them.  Please feel free to comment and share your experience.  I'm serious yet also not serious bc I'm sure this would be a lost cause but I am wanting to file a class action lawsuit against Google!  They need to be held accountable and compensate those who have had all of their memories erased, with no fault due to them.    Who knows maybe this post will build up enough views and gain enough attention to gather a large amount of people who could petition together.  If not then consider this a grievance support line for one another. OOO ❤️",https://www.reddit.com/r/googlephotos/comments/1qzu6zr/google_deleted_all_of_my_backed_up_cloud_storage/
Reddit,r/googlephotos,post,2026-06-06T21:46:45.931000+0000,0,"Why is the app taking up so much phone storage when I’m not using it for local photos? - I have an iPhone, but I still use Google Photos for its cloud storage and device versatility. I’m trying to clear up some phone storage, and apparently the app is using nearly a gigabyte of storage for “documents & data”. Why? All of the photos are stored locally through the iPhone Photos app, from my understanding there shouldn’t be anything stored through this one.  I can’t find anything online about this other than the app’s cache, but according to the app itself, the cache is only about 20 MB right now.",https://www.reddit.com/r/googlephotos/comments/1tytsnc/why_is_the_app_taking_up_so_much_phone_storage/
Reddit,r/googlephotos,post,2025-12-19T08:49:48.021000+0000,2,"Help me migrate from iCloud Photos to Google Photos - I’m planning to move completely from the Apple ecosystem to Android and want to transfer all my photos from iCloud to Google Photos. Preserving metadata such as date and GPS location is important to me.  I’m okay if Live Photo or Portrait mode data doesn’t carry over. I’m mainly concerned about getting a clean, complete migration without losing timestamps or location info.  If anyone has done this successfully or can recommend a reliable method or tool, I’d really appreciate. TIA!",https://www.reddit.com/r/googlephotos/comments/1pqgc2d/help_me_migrate_from_icloud_photos_to_google/
Reddit,r/googlephotos,post,2021-05-12T08:59:45.217000+0000,1,"How to locate photos that are visible in the app, but have been deleted by me years back? - Hi, I can see some screenshots that are in the app, but have been deleted from my device. I can see images I've deleted 2 years ago. So my question is, how can I find where these photos are stored? When I click on more details, it shows me the file name but not the location. I have been searching for a screenshot for a while now. Thanks :)",https://www.reddit.com/r/googlephotos/comments/nak6r2/how_to_locate_photos_that_are_visible_in_the_app/
Reddit,r/googlephotos,post,2026-04-19T14:25:48.872000+0000,3,"Google photos sharing - Little Old Lady, here, who is totally bumfuzzled. I keep getting notifications that pictures I've taken when I go places have gotten xx,000 views but I HAVEN'T posted any of them anywhere! I've looked and looked to try to find whatever setting turns my pictures off as public things and cannot for the life of me find it. Help!",https://www.reddit.com/r/googlephotos/comments/1spued3/google_photos_sharing/
Reddit,r/googlephotos,post,2026-01-04T14:56:29.400000+0000,22,I’m looking to replace my Google Photos - I’ll start with: I’m not too great with technology but I understand the basics. I have TONS and TONS of videos/photos on my Google Photos app. I keep buying storage and have lost track of how much I’m actually paying for it.   I want to replace my Google Photos. What would be the best method in doing so? I’ve done some research on this. I was told I could purchase an external hard drive and “Google take out” all my files and download them to an external hard drive. The only thing I don’t love about this-  1. it will not organize my photo and videos  2. It doesn’t seem very easy to locate photos quickly once I download to external hard drive. Seems to take a decent amount of time to open each zip file  More research led me to an app called photo prism. Apparently I can organize my photos/videos with this app? I’m looking for atleast 2TB of storage needed.   I don’t think I would delete everything from Google Photos after but I would delete enough that I wouldn’t have to continually pay for it.   What’s your best advice? Has anyone done this ?,https://www.reddit.com/r/googlephotos/comments/1q3rxbx/im_looking_to_replace_my_google_photos/
Reddit,r/googlephotos,post,2026-07-30T13:37:17.431000+0000,17,"Lost access to 800 GB of family photos after my Google account was restricted. Is there any official way to recover only my personal data? - I know Reddit can't reverse Google's decision, so I'm not asking about getting my account reinstated.  What I'm trying to find out is whether anyone has successfully recovered only their personal data after a disabled-account appeal was denied.  My primary Google account was disabled. It contains around 800 GB of family photos and videos, Gmail, Google Keep notes, YouTube, Drive files, course certificates, and many services tied to that email.  The hardest part is that I trusted Google enough that I didn't keep a second backup. I know that's ultimately my responsibility, but it's still devastating to think that years of irreplaceable memories could disappear with no opportunity to export them.  Even if some files genuinely violated a policy, it's difficult to understand why there wouldn't be a way to retrieve the vast majority of completely personal, unrelated data before it's permanently lost.  Has anyone here managed to:  Get temporary access just to export data?  Use Google Takeout after an appeal was denied?  Reach a team that could help with data recovery?  I'm looking for real experiences or official guidance.   Thanks.",https://www.reddit.com/r/googlephotos/comments/1vatwbd/lost_access_to_800_gb_of_family_photos_after_my/
Reddit,r/googlephotos,post,2025-05-19T20:10:08.393000+0000,1,Location Data Lost for Shared Album Uploads? - I'm trying to use Google Photos as a family photo repository. I created a shared album. When my family uploads a picture to the shared album it appears to remove the location from their file. I'm hoping for a way for those files to become part of our centralized photo repository which allows all the advanced searches and filters including location. Is this possible?,https://www.reddit.com/r/googlephotos/comments/1kqlsr9/location_data_lost_for_shared_album_uploads/
Reddit,r/googlephotos,post,2025-08-01T18:00:33.541000+0000,4,"What missing features of Google Photos would you pay for? - If Google Photos had a $3-$5/month Premium tier, what features would get you to pay?  To be clear I’m not a Google employee, but I’m curious what features others would like to see.   For me: - a way to find and remove duplicates - more ways to filter search results or to search within results  - a search within album feature  - ability to tag people in photos where GP does not detect a face - search for photos without a location  - edit the thumbnail for a Place   What else (aside from fixing current bugs)?",https://www.reddit.com/r/googlephotos/comments/1mf3j25/what_missing_features_of_google_photos_would_you/
Reddit,r/googlephotos,post,2026-03-10T10:02:44.120000+0000,12,"EXIF Metadata photo merger and organiser - Hello everyone,  Recently I used Google Takeout to download years of family memories from Google Photos. I quickly discovered that while the images were there, a lot of the important metadata—capture dates, GPS locations, and timestamps—was stored separately in JSON files and scattered randomly across dozens of ZIP archives. It made the library very difficult to use outside Google Photos.  What started as a small Python script to fix my own photos evolved into a four-week project to turn it into a Chrome extension that others might find useful.  The extension can:  • Extract Google Takeout ZIP archives   • Match photos with their JSON metadata files   • Restore EXIF data (dates, GPS, etc.) directly into the photos   • Organize processed photos into a clean folder structure   • Generate interactive maps showing where photos were taken  Everything runs **locally in the browser**, so no files are uploaded and nothing leaves your computer.  Extension:   [https://chromewebstore.google.com/detail/exif-metadata-photo-merge/cchhnocflgfioicpcefcbbfbpgohgdkn](https://chromewebstore.google.com/detail/exif-metadata-photo-merge/cchhnocflgfioicpcefcbbfbpgohgdkn)  Demo video:   [https://www.youtube.com/watch?v=2F9T9KAIYRo](https://www.youtube.com/watch?v=2F9T9KAIYRo)  If anyone here is dealing with the same Takeout metadata issue, I’d love to hear your feedback or suggestions.  Cheers",https://www.reddit.com/r/googlephotos/comments/1rpsudh/exif_metadata_photo_merger_and_organiser/
Reddit,r/googlephotos,post,2024-10-29T11:21:42.741000+0000,14,"Photos of strangers?  - Why do I see photos of strangers in my Google photos?   I confirmed I am not sharing any photos or albums with anyone. I changed my password too to automatically log out of any other locations. I have no idea who these people are.   I’m concerned that if I can see strangers photos, they can see mine. I’ve reached out to Google but haven’t heard back.",https://www.reddit.com/r/googlephotos/comments/1ges5mo/photos_of_strangers/
Reddit,r/googlephotos,post,2026-05-04T07:49:53.211000+0000,2,"Location EXIF data removed automatically (when not shared) - Hello everyone thanks for entering this post, so I noticed that some of my photos may not have a location. It will state ""Has been removed from Google Photos"". This is not possible to do in the Google Photos app as it was taken with the camera app, but it was automatically removed. Though when I download the photo it will still show the location which means that it is just not viewable but still left there.  I haven't shared the media and it was uploaded just a few days ago. I am just wondering if there is a reason (I heard that estimated location may be the reason but this location doesn't seem to be estimated).  I left some feedback to Google as well to explain the little issue or if there is a reason/possible to fix.  But I was just wondering here if anyone is having the same issue and if anyone has any information.  Thanks for reading and have a great day. Enjoy taking photos and recording! :D",https://www.reddit.com/r/googlephotos/comments/1t3b07j/location_exif_data_removed_automatically_when_not/
Reddit,r/googlephotos,post,2024-01-08T16:41:05.645000+0000,7,"Find photos without location - Hi, I am on a crusade to better organize my photos, and one functionality I love is the map that aggregates my photos by location, but I have a lot of old photos and photos taken by a camera with no GPS that I know don’t have location, I recall the Picasa old days that I could see all the photos with no location to manually update them, there is a way to do it in Google Photos so I can start adding this data?  Thanks!",https://www.reddit.com/r/googlephotos/comments/191pevz/find_photos_without_location/
Reddit,r/googlephotos,post,2023-01-17T19:13:39.827000+0000,270,"Deleting photos from google photos but not on phone - Hi all!   I see that this is a common question, but I have now spent hours trying all of the solutions I’ve seen posted online for this, and stayed on hold with the only customer support number I could find for google for over two hours, all to no avail. So I’m hoping a kind internet soul might be able to help me!  I’m out of google photos storage and do not use it for anything (iCloud works better for my needs) so I’m trying to divest from google photos, which is tying up all my storage. I turned off back up & sync a few days ago and it did nothing; all photos are still syncing with my phone library when I test deleting individual pictures. I’ve tried turning off app access to my photos, deleting the pics from desktop, etc. etc…no use.   Does anyone have tips for how they have gotten back up & sync to actually apply after being in this situation? Or other help? What am I doing wrong?   I’m so lost and really don’t want to have to pay for a service I don’t use. It feels like they’re holding my photos hostage. And worst of all, no customer support line or chat?!  I’m desperate for an answer, TIA for any advice!",https://www.reddit.com/r/googlephotos/comments/10eklw4/deleting_photos_from_google_photos_but_not_on/
Reddit,r/googlephotos,post,2026-05-27T08:27:37.064000+0000,2,"Difficult question - Hey, I have an email address that I use for backup purposes. However, my photos seem to be ending up on \*all\* the email addresses I have—not just the backup one. I had saved a colleague's email address to my phone for emergencies—it's a private matter. Now I realize that I can see his Google Photos. But I'm worried that if I take new pictures, they will end up on his email address as well—just like they do with all my others—or that my already-saved photos might appear there too. And I really don't want him to have my photos linked to his email address, or—by extension—showing up in his phone's gallery. How can I fix this?",https://www.reddit.com/r/googlephotos/comments/1tozcqw/difficult_question/
Reddit,r/googlephotos,post,2026-09-16T18:09:09.787000+0000,0,"Takeout restore - I built a simple tool called TakeoutFix to fix the mess that can happen with Google Photos Takeout — like photos losing their correct dates, times and locations.  You just give it access to your Takeout files, and it does everything locally on your PC. Nothing gets uploaded.  It’s still a work in progress, so I’m keeping it completely free for now. If you’ve had problems with Google Takeout, give it a try and let me know how it goes 🙌  TakeoutFix: http://takeoutfix.pages.dev",https://www.reddit.com/r/googlephotos/comments/1wi4ycb/takeout_restore/
Reddit,r/googlephotos,post,2026-01-16T12:46:21.908000+0000,0,"Question for Google Photo Master - Searching ""no location"" photos - Anyone have a command or know of a way to search for all photos that do **NOT** have location data?",https://www.reddit.com/r/googlephotos/comments/1qef0p9/question_for_google_photo_master_searching_no/
Reddit,r/googlephotos,post,2024-05-12T00:48:37.487000+0000,1,Locate Original Photo Location in Gallery? - I could have sworn that there used to be an option in Google Photos that quickly let you jump to a photo's location / date in the Gallery app on an Android phone. Is there still a way to do this?  Appreciate any advice or input. Thanks in advance for any help.,https://www.reddit.com/r/googlephotos/comments/1cpvrcv/locate_original_photo_location_in_gallery/
Reddit,r/googlephotos,post,2021-06-12T14:40:51.753000+0000,2,"What's your solution to managing thousands and thousands of photos? - Just curious about how other users have opted to manage all their photos on Google Photos. Especially when it's their entire photo roll.  As Pixel user, it's my every day shooter, and I have years of photos on the app. I mirror what I do with my physical backups, and make folders for sorting. In Google Photos, after I sort the photos into folders, I archive them to get them out of my main feed.  It's not perfect, because I have so many photos to manage, and it's very easy to fall behind and then have months of organizing to do. But as long as I keep on it, it's fine.  As for other options: The face sorting is an interesting tool, but doesn't help when I sort by event, or sorting ""things"". Oh well.  I'm torn about the location tool on Google Photos. I didn't like the location of all my photos being front and centre, and made me feel uneasy. I started removing location info on all my photo. In the end, I don't know if that was a smart decision. But I've done enough of them now that it doesn't matter anymore.",https://www.reddit.com/r/googlephotos/comments/ny88r7/whats_your_solution_to_managing_thousands_and/
Reddit,r/googlephotos,post,2026-09-07T20:20:16.185000+0000,0,"Shared album ""Save to library"" strips real EXIF GPS, indexing bug? - hi! moving 300K photos between two of my own Google accounts via shared albums (share from 5TB account, save to library on a Pixel 1). Location shows fine while browsing the shared album on my phone, but once saved, same photos have zero location in the main library.  Confirmed with exiftool that the source photos have real embedded GPS, not Google's estimated location, so it's not that. Settings for sharing/location are all correct on both ends too.  Question: is the actual file losing GPS during the save-to-library copy, or is it just not showing/reindexing right in the main library while the data's still there?   200K done, 100K to go, trying to figure out if I need to stop and switch methods. Anyone run into this?     Thanks!",https://www.reddit.com/r/googlephotos/comments/1wa39sr/shared_album_save_to_library_strips_real_exif_gps/
Reddit,r/googlephotos,post,2025-06-09T12:50:04.618000+0000,9,"Sharing photos with metadata intact is so difficult (NEED HELP) - I need my friend living in another city to send me a bunch of photos, but none of the methods we have tried so far works.  1. Google photos is already notorious for separating metadata once you download.  2. We tried Google Drive, and surprisingly it modifies the metadata too which I don't understand the reason for because it's not saving any space (it doesn't delete, it just changes the data)  3. Sending photos ina document form through WhatsApp would have worked, only that I have to transfer like 5 GB of photos.  4. Telegram used to work in a time, now it doesn't and is slow.  5. The only possible way is if one has a samsung phone and shares it with quickshare through link, but sadly the one that has to send the photo doesn't have it.  21st Century, Web 3.0, 5G internet and we simply can't figure out how to send a simple photo without butchering the metadata. Someone for any good ideas?",https://www.reddit.com/r/googlephotos/comments/1l73y2z/sharing_photos_with_metadata_intact_is_so/
Reddit,r/googlephotos,post,2025-12-30T04:39:03.526000+0000,4,"Organising offline backups of your photos - For some time now i have kept offline backup copies of photos and videos grouped by year and month and subject folder within a year folder. This is useful when browsing through looking for birthdays or car events. However, I am currently in the process of re-uploading my photos and videos to the Google Photos cloud and finding that this arrangement is cumbersome as all I need is one folder per year. Once everything is in Google Photos I can browse to my heart's content and use its Search functionality.  What do you do?",https://www.reddit.com/r/googlephotos/comments/1pz8oc3/organising_offline_backups_of_your_photos/
Reddit,r/googlephotos,post,2024-11-10T19:41:20.104000+0000,59,"Finding & removing duplicate photos - Hi all,     I am collecting photos from family for someone's funeral. The problem is that a lot of photos I'm being sent are duplicates and it's too many photos to keep track of on my own. I've added all of the photos from my computer to an album on Google Photos, but the duplicates are still there.     I cannot find a single article or Reddit post detailing how to remove the duplicate photos with Google Photos that doesn't involve 3rd party software. iOS automatically finds duplicates and merges them ""intelligently"" (using the higher quality dupes), so why can't Google Photos?   Maybe I'm just stupid and not seeing the option anywhere?",https://www.reddit.com/r/googlephotos/comments/1go8y4n/finding_removing_duplicate_photos/
Reddit,r/googlephotos,post,2026-02-26T20:56:22.925000+0000,66,"How are people handling the ""false positive"" risk for family photos? - Hey everyone, I’m looking into moving my family library off Google. I’m increasingly worried about the stories of automated flags locking accounts over innocent photos of kids at the beach or in the bath.  I’ve seen E-nte and Immich mentioned a lot, but I haven't seen much discussion regarding **the big M cloud service (starting with 'M', ends in 'ega')**.  For those who have moved away from Google:  1. **Reliability:** If you've used that specific encrypted service, how has the uptime been? 2. **The ""Family"" Downgrade:** Google’s AI search and face grouping are incredible. Is it a total nightmare to find specific photos once you move to a zero-knowledge provider? 3. **Storage:** Is it a viable long-term home for 2TB+ of data, or are there hidden ""gotchas"" I should know about?  I’m mostly trying to figure out if the privacy gain is worth the loss of Google’s convenience features. Thanks!",https://www.reddit.com/r/googlephotos/comments/1rfm5jl/how_are_people_handling_the_false_positive_risk/
Reddit,r/googlephotos,post,2025-06-24T00:05:36.945000+0000,2,"How can I find photos taken around a searched photo? - Let's say I searched for a particular photo and found it. Now I want to see the other photos I've taken at that event/place/location. The only way I can see to do it is to note the day of the photo I searched for, then back all the way out of my photo search to my camera's photo roll and then scroll down to the date I noted earlier.  There has to be a better way, right? I cannot find one. I'm hoping you all can enlighten me. If this feature doesn't exist, it should. I have this issue frequently enough.   For reference, I'm using a Pixel 7 Pro with Android 16. The Photos app is updated to the latest version.  Thanks all!",https://www.reddit.com/r/googlephotos/comments/1liwoxl/how_can_i_find_photos_taken_around_a_searched/
Reddit,r/googlephotos,post,2024-12-27T17:09:56.136000+0000,3,"Is it possible to upload photos in sub folders recursively to google photo? - Is there a way to recursively upload many photos in many sub folders into google photo album?  I figured out that, no, you cant do this directly to google photo. It does not support recursive uploads.  However, It does work for Google drive. So I manually uploaded to google drive. I thought I could just move the files over to google photo from drive, but I cant seem to find a way to do this. I tried going into google photo and selecting import from google drive, but again, it only allows me to select photos directly not recursive folder structures. I tried going into google drive and seeing if there was a way to transfer the folder structure to google photo, nope. Is this possible? If so how?  Be aware, I want to do this from my PC not on my Phone app. However, I'll do it from my phone if I need to. Also, I don't have google drive installed on my PC, I need to be able to do this manually via the web interface.  **UPDATE**: Cant be done. Does not make sense why Google does not support this.",https://www.reddit.com/r/googlephotos/comments/1hnjkcg/is_it_possible_to_upload_photos_in_sub_folders/
Reddit,r/googlephotos,post,2023-03-08T23:44:20.846000+0000,8,"Any way to easily find edited photos? - Hey there everyone, is there an easy way that I'm just not seeing to locate photos backed up from devices that have been edited? I backed up a large portion of my gallery and Google Photos backs up without putting pictures in any folder and so all my Snapseed edited photos and others are mixed in with thousands of other pictures. I've tried searching ""edited"" and things like that to no avail.   Thanks",https://www.reddit.com/r/googlephotos/comments/11mc9tf/any_way_to_easily_find_edited_photos/
Reddit,r/googlephotos,post,2026-04-11T21:29:22.688000+0000,3,"My browser keeps creating Google Photos Backup folders - A few days ago, I used Google Takeout to make a backup of everything on my Google Photos account. After that, my browser (Edge) started making this ""Google Photos Backup"" folders whenever I try to save a photo.  It doesn't matter how many times I delete them, doesn´t matter if I change the downloads location, whenever I save a .jpg or .png, it creates a new Google Photos Backup in that location.  I tried deleting my Google account from the browser, and deleting all the data from the time I used Google Takeout, but I can´t seem to get rid of this. It only happens on one specific account of this browser, if I go to a different profile on Edge, it doesn´t create these folders.     I´ve looked up everywhere, but couldn´t seem to find anyone else with this problem. Does anyone know what to do in this situation?",https://www.reddit.com/r/googlephotos/comments/1sivies/my_browser_keeps_creating_google_photos_backup/
Reddit,r/googlephotos,post,2026-03-10T18:03:58.261000+0000,172,"How to disable photos sticker ""fEaTuRe"", its obnoxious white outline shimmer, and invasive scanning? - # Just today, my google photos app started shimmering white outlines over my photos every few seconds when I stop to look at them. I hunt through the settings to find a way to turn it off - Nothing! I google what the heck that shimmer is, and apparently it's a new fEaTuRe that invasively scans my photos without my consent to make stickers out of them. Where is the off button? Who on earth thought this was a good idea?",https://www.reddit.com/r/googlephotos/comments/1rq4c4e/how_to_disable_photos_sticker_feature_its/
Reddit,r/googlephotos,post,2025-12-29T09:03:02.347000+0000,3,"Does Google Photos automatically create a pseudo folder, so the actual galery app doesnt find it anymore?? - Hi,  I just always used the standard Galery app. Its simple and does its shit.  Now my whatsapp photos are in this weird folder with no reason at all. I can access it through the google photos app, but galery doesnt find it. It is not backed up, it is not in cloud.  Anyone know how to reverse this?  Kind regards",https://www.reddit.com/r/googlephotos/comments/1pyhjgb/does_google_photos_automatically_create_a_pseudo/
Reddit,r/googlephotos,post,2026-02-19T02:46:09.738000+0000,7,"Google Takeout exports empty GPS data even though Google Photos shows location - I’m exporting my photos using Google Takeout. I confirmed that the photo in question shows location data when viewed in Google Photos.  However, after exporting through Takeout:  \- The JPEG metadata contains no GPS data  \- The geoData property in the JSON sidecar is set to 0  Why does Google Photos show location, but Takeout exports no usable GPS data?  Is this inferred location not included in exports, or am I missing something?   Below is the snippet from the json file ```json   ""geoData"": {     ""latitude"": 0.0,     ""longitude"": 0.0,     ""altitude"": 0.0,     ""latitudeSpan"": 0.0,     ""longitudeSpan"": 0.0   }, ```  Meanwhile `GPS Data` from the JPEG file is empty.  Another detail that I think need to be mentioned is that the datetime is valid both in the json file and the jpeg file.",https://www.reddit.com/r/googlephotos/comments/1r8ngzj/google_takeout_exports_empty_gps_data_even_though/
Reddit,r/googlephotos,post,2024-10-16T12:14:44.423000+0000,0,"Issues with locating photos.  - I ran into a peculiar situation with Google Photos and wanted to see if anyone here has had similar experiences.   I store my photos with Google and pay for their service every year, trusting that my data is secure and accessible when needed. Tonight, I wanted to compare a location on my body to check for a tick bite. Specifically, I needed to find past photos of my penis to reference, but when I tried searching with terms like “penis”, nothing came up.   What surprised me is that searches for other body parts—like finger, hand, foot, and arm—worked perfectly. I found old injuries and wounds from the past 20 years with ease. But when it came to this particular search, it seems “penis” isn’t supported.    This left me both confused and frustrated. Does anyone know why this might be the case? Is there a technical or policy-based reason for this limitation? I’d appreciate any insights or suggestions.",https://www.reddit.com/r/googlephotos/comments/1g4xwyh/issues_with_locating_photos/
Reddit,r/googlephotos,post,2025-09-01T17:18:52.023000+0000,5,"Cant download to device, cant find on device - Hello,  I've sorted all of my photos, painstakingly into albums on google photos. This involves some small albums curated from events that spanned accross many years, locations, and tens of thousands of photos.   Now that I have albums ready to post on Instagram, I have a problem.   IG doesnt sync with photos, it pulls from my Samsungs gallery app.   I cant download the photos because they are already in my phone, scattered over 10s of thousands of photos in one big unorganized dump.   I'm fine with redownloading them but since it doesnt allow, how can I access them without painstakingly pouring through tens of thousands of photos again to select the right ones?  I tried downloading via desktop site as some suggested but nothing happens :/  Please help! And thanks in advance!",https://www.reddit.com/r/googlephotos/comments/1n5uq36/cant_download_to_device_cant_find_on_device/
Reddit,r/googlephotos,post,2026-01-21T04:54:54.382000+0000,4,"google photos -> icloud photos, will it preserve all exif data locations etc? - I am reading mixed reviews, but id like to back up my google photos data to icloud and preserve all the image data, but im reading sometimes this does not work and i have to use third party tools to get this information in the images properly, has anyone dealt with this recently?",https://www.reddit.com/r/googlephotos/comments/1qioo6t/google_photos_icloud_photos_will_it_preserve_all/
Reddit,r/googlephotos,post,2026-01-07T13:59:16.988000+0000,1,No location with iOS update? - Before the iOS update Google Photos would display the gps location of each photo when it backed up. It doesn’t do that now. I really miss this feature. Does anyone know how to turn it back on? I’ve looked through the camera settings but I don’t see a way to change anything about location on there.,https://www.reddit.com/r/googlephotos/comments/1q6g2gi/no_location_with_ios_update/
Reddit,r/googlephotos,post,2024-08-12T11:44:37.522000+0000,269,"Google photos, what people don't understand in my opinion  - Google photos is so much more than a storage location. The ability to search for people, places, And other things that you haven't actually identified but Google AI does makes it so valuable. Recently I wanted to find a picture of myself and my wife sitting in front of some tulips about 5 years ago. So I just typed that description in and found it in 2 minutes. That's the kind of thing you can do in Google photos that you can't do in a standard storage environment.",https://www.reddit.com/r/googlephotos/comments/1eqbi8x/google_photos_what_people_dont_understand_in_my/
Reddit,r/googlephotos,post,2025-10-27T21:20:16.364000+0000,2,"Any use for metadata from Google Takeout? - My free storage has run out once again so I am now exporting from Takeout and running a script against my other storage source to check for duplicates. EXIF data and timestamps appear to all be there (? Though I guess I could write a script to check).  My question is, are the coloated JSON metadata files any use? The data hoarder that fears losing data wants to keep them but they seem to contain the EXIF data + some Google Photos specific data like album locations, but I don't think there is a way to reimport to Google Photos in the future.",https://www.reddit.com/r/googlephotos/comments/1ohqx0h/any_use_for_metadata_from_google_takeout/
Reddit,r/googlephotos,post,2024-05-02T15:42:44.626000+0000,2,"Search not showing all photos from locations - Hi All,  I've noticed when searching ont he website or App in Google photos that it doesn't return all the results.  I typically search by location.  I have to pull down the arrow next to the grouping of days within the search to find all the photos but it appears that it doesn't find them in the initial search.      I've verified the ones that do not show have location metadata (same as the others), but they do not appear within the initial search.     Anyone else experiencing this?",https://www.reddit.com/r/googlephotos/comments/1ciivkp/search_not_showing_all_photos_from_locations/
Reddit,r/googlephotos,post,2026-02-07T08:06:21.446000+0000,3,"Backup - I would like to backup my photos/videos on Google Photos.  I have tried several methods suggested here via Takeout without success (the dates cannot be found or do not match).  Is there a way to backup the locations and dates saved on Google Photos? The manual method seems a little difficult, as I have just over 35,000 photos/videos.  Thank you in advance.",https://www.reddit.com/r/googlephotos/comments/1qy86do/backup/
Reddit,r/googlephotos,post,2024-05-06T14:26:36.524000+0000,320,"Google Takeout is a Massive Failure - I had almost 2TB of photos and videos in Google photos and decided I wanted to backup the majority of them on an external drive to save some money. Paying for 2TB of storage just didn't make sense when I'd likely only access the older ones to find memorial pics etc and I already have my favorites saved to albums.   I attempted to use Google Takeout for MONTHS to pull down my photos to offload onto a drive and the downloads failed, photos and videos got dropped, and overall the entire process was a constant nightmare. I was legitimately prepared to just pay a few hundred for google to ship me a hard drive if that was an option . . .   Because of this nightmare, I left Google Photos entirely. I've spent weeks downloading batches, deleting as I go to remove blurry photos etc to minimize the number of downloads. Fortunately I was able to focus on just my DSLR uploads after a certain year because iCloud had my phone photos starting in 2016. I even attempted a GitHub solution that helped intermittently.  So the nightmare is over and I'm happily not paying for google storage anymore. If you are considering GP to house images, don't. At best it's a decent phone backup for Android users.",https://www.reddit.com/r/googlephotos/comments/1clkdl9/google_takeout_is_a_massive_failure/
Reddit,r/googlephotos,post,2026-09-17T18:48:29.580000+0000,0,"Help me to restore google photos takeout without losing metadata - I exported my Google Photos library using Takeout because I ran out of storage. I’ve now upgraded Google One and want to upload everything back.   What’s the best way to restore the photos while keeping the original **date/time, location, EXIF, and metadata from the JSON sidecar files**?   Can I re-embed the JSON metadata into the photos/videos before uploading?   Also, could I do the same and import the library into **iCloud Photos** while preserving the metadata?   Looking for the most reliable method/tool for a large library.",https://www.reddit.com/r/googlephotos/comments/1wj2mrt/help_me_to_restore_google_photos_takeout_without/
Reddit,r/googlephotos,post,2025-01-31T23:40:30.472000+0000,22,"This seems to get worse with every update - Every time Google photos updates, it becomes less intuitive and more difficult to locate photos. What (or who) on earth are they using as an organizational benchmark? Why are ""memories"" the only category that's actually convenient to access when people rarely need to know what photo they took exactly three years ago?",https://www.reddit.com/r/googlephotos/comments/1iesv0e/this_seems_to_get_worse_with_every_update/
Reddit,r/googlephotos,post,2026-04-08T13:59:45.951000+0000,4,"Slideshow App for Android Phone/Tablet - Looking for a good slideshow app to stream Google Photos Albums on Android Phone/Tablet (not Google TV) that does the following:    1. High quality/resolution images (one i am currently using i notice scales the resolution down :( ) 2. Random Photos (not just sequential or highlights) 3. Supports selection of multiple Albums (not just one) 4. Plays videos as well (this is VERY nice to have but could live without) 5. Support both Horizontal and Vertical images (some limit based on display) 6. Has transition effects (wipe/fade/zoom etc) + speed control 7. Ideally support side-by-side for vertical images on a horizontal display (or vise versa).  8. If not (7) then has display effects ie pan/scroll/zoom/etc + speed control 9. Displays Album name (and ideally location details + date taken)   I know it sounds like a lot, but really most have been available for years in one way or another. Just frustrating to not be able to find one app that covers most(all) these days.    Have a old Android phone (Samsung with DEX) connected to a 4k TV works really well except getting this screensaver/slideshow dialed in. Really need some help finding the app that covers my needs.  \*Know I can use a Google TV device, and that the default screensaver does most of this, but there are reasons i cant in this scenario. Besides thats just an app anyway right? ;)   Please correct me if I am wrong on these:   Currently using Fotoo - but have just moved from 8"" tablets to large 4k TV and its clear the images are downsized/low res :(   Google Photos App just plays highlights or photos in linear order and has no speed/delay controls or multi album options (Tried using the web version with no better luck) :(   PixFolio I was told doesnt support multiple Albums.",https://www.reddit.com/r/googlephotos/comments/1sfto6u/slideshow_app_for_android_phonetablet/
Reddit,r/googlephotos,post,2025-08-27T04:00:26.553000+0000,1,Error transferring from iCloud - My Google Photos has plenty of free space like multiple times of my whole storage of iCloud. How do I know why is it failing?,https://www.reddit.com/r/googlephotos/comments/1n172sc/error_transferring_from_icloud/
Reddit,r/googlephotos,post,2024-02-02T04:01:40.902000+0000,4,"Is this a corrupted file? How do I find or fix it? - I found this in my Google Photos only on my Samsung, never on my computer or the web browser version of Google Photos. I can't view the file; it never uploads and doesn't show the option to let me, and I cannot delete it for some reason. I think it's an important photo because I found it in one of my albums. It doesn't show on the web browser or anything. Just my Samsung's view. I'm guessing it's somewhere on my phone, but I can't seem to find it in the gallery. It must be local to my device. How can I get to the bottom of this?   This file for as I can is stuck only on my device and is corrupted. I'd like to know how to figure this out and retrieve the original file if possible.",https://www.reddit.com/r/googlephotos/comments/1agupaj/is_this_a_corrupted_file_how_do_i_find_or_fix_it/
Reddit,r/googlephotos,post,2021-05-30T22:24:28.096000+0000,13,"Is it me or does Google Photos have a curse word filter for file names? - Been trying to find a meme-pic of mine from a few years ago to post to a friend on Discord, I could easily find it on my device's Gallery app (Samsung) but when I went to my laptop (Google Photos website) and tried searching for the photo, it wasn't there. When I searched for it via the date and time, I did eventually find it.   The title was 'virginwikipedia' and I guess it filters curse words? I tried it for other file names that had the F word for example and they wouldn't appear in search. Just was curious since I found it strange too... Also I find it weird that 'virgin' is a censored and taboo word according to Google Photo's search.",https://www.reddit.com/r/googlephotos/comments/nom6g2/is_it_me_or_does_google_photos_have_a_curse_word/
Reddit,r/googlephotos,post,2022-09-03T08:54:52.097000+0000,1,How to show recently added photos? - Sometimes I upload a photo and I can't find it because it was taken a while ago. How can I locate the recently uploaded photo if I don't know the date it was taken? TIA,https://www.reddit.com/r/googlephotos/comments/x4prp2/how_to_show_recently_added_photos/
Reddit,r/googlephotos,post,2021-11-19T23:39:16.588000+0000,1,Help - Locating Files Eating Storage - What would be the easiest way to find 2.3 gigs of photos/videos taking up space? See the below link. I've tried using the tool in Google photos but it only currently will find about 500mbs (that I recently loaded). I've also tried looking through Google Drive and it's not showing what's counting towards my storage either. I have 10k+ loaded to Google photos according to the dashboard.   Any suggestions?   https://imgur.com/a/XuB6TRv,https://www.reddit.com/r/googlephotos/comments/qxsjqy/help_locating_files_eating_storage/
Reddit,r/googlephotos,post,2023-03-09T01:57:11.809000+0000,8,How to find or differentiate mobile from backed up PC photos? - I have backed up and mobile pictures in Google photos.  Now I want to self host as I have 100s of Gigs and the price is getting tough to justify.  I have all my backup ones on my PC but will need to download all my synced photos from various phones over the years that I do not have locally.  Is there a way to locate or differentiate between mobile photos and ones backed up using the Google drive program?  Thanks,https://www.reddit.com/r/googlephotos/comments/11mfe3t/how_to_find_or_differentiate_mobile_from_backed/
Reddit,r/googlephotos,post,2024-09-06T21:13:15.128000+0000,1,"Batch downloaded videos hard to locate - The only way to get videos off a Nintendo Switch is use a smartphone. It gives you a QR code which takes you to a webserver which you can download the video.   After I download say 15 videos, I go to my Google Photos and I can't find them. It's because the timestamp of each video is different, maybe scattered across the past 3 months, so each video is in my photos at the time it was captured on the switch, and not the time I downloaded it.  Even though the videogame is extremely visually distinct, the search function seems worthless to find all the videos too.   Can anyone think of a solution where I can download the videos into a certain folder, or have the timestamp of the videos all equal the download time?  Is there any way to separate photos and videos at all?",https://www.reddit.com/r/googlephotos/comments/1faq78o/batch_downloaded_videos_hard_to_locate/
Reddit,r/googlephotos,post,2024-12-10T19:13:49.856000+0000,1,Trying to find an album  - I added a bunch of photos to this album in Google photos and now I can’t find it anywhere. Can someone help me locate it? I’ve looked under albums and none of the date range albums display there. TIA!,https://www.reddit.com/r/googlephotos/comments/1hb9mjy/trying_to_find_an_album/
Reddit,r/googlephotos,post,2024-07-20T09:15:50.280000+0000,7,"Downloading large albums? (>500 photos, 2+gb) - Google takeout is a hot mess, but downloading photos 500 at a time is also messy, so I read to set up my photos in albums by year and then I'd be able to ""download all"" for each album. But it's telling me the album download file is""too large"" -- have they set a download limit on albums as well? Elsewhere i read there's a 2gb limit on album download, but that i should be able to set it to automatically split that in 2gb chunks and still ""download all"" but i can't see anywhere that can be set up (maybe thats for using takeout, which i don't want to use). How do i download very large albums without having to manually select 500 images at a time? And does this process give me my original file, rather than lower quality compressed version?   Sooooo done with Google making this process difficult!",https://www.reddit.com/r/googlephotos/comments/1e7rl5x/downloading_large_albums_500_photos_2gb/
Reddit,r/googlephotos,post,2026-01-22T01:08:57.737000+0000,2,"Photo Memories - where to find? - Hi all,  I love the Memories feature on iPhone and I recently got an Android phone that uses Google Photos as its primary gallery. I hear the same feature is also present, but I can't seem to locate it. I have loads of photos already and some are really Memories material (lots of photos in one weekend etc) and I see in the settings Memories is enabled. However, backup and notifications are disabled, don't know if that's important.  Thanks everyone for help in advance!",https://www.reddit.com/r/googlephotos/comments/1qjgeat/photo_memories_where_to_find/
Reddit,r/googlephotos,post,2026-03-29T18:25:45.201000+0000,1,"WhatsApp Video on GooglePhotos - HOW TO DELETE - Hey guys 👋  I want to delete all Whatsapp Videos from my google photos storage. I've turned off backing them up but still got years of videos there, rubbish taking my free space.  Is there any easy way to do that? Tried using 'search' and VID- as whatsapp have vid and photos as below VID-20230812-WA0001.mp4 IMG-20230812-WA0002.jpg But this search finds also regular (my) videos.  Any other ideas? Maybe external file browser?  I'm desperate at this point...",https://www.reddit.com/r/googlephotos/comments/1s72smc/whatsapp_video_on_googlephotos_how_to_delete/
Reddit,r/googlephotos,post,2025-05-15T00:00:59.629000+0000,2,"Location, location, location! - I’m finding that saved photos from my insta360 where I had to correct the location after exported to my iPhone, that once backup to Google photos Gphotos is still showing the original incorrect location. Anyone know an easy way around this??  And I should mention that Gphotos will not let me adjust the location, saying “can’t edit locations added by your camera”",https://www.reddit.com/r/googlephotos/comments/1kmufr3/location_location_location/
Reddit,r/googlephotos,post,2026-02-19T23:13:05.087000+0000,0,"Remove Tiktok videos efficiently - Hi folks  I have hundreds of tiktok videos in my Google photos account. They automatically go into my camera roll when I download them (when I send to people).  When I search for ""Tiktok"" on Google Photos it only finds about 10 videos but I have hundreds. In the video details there is an icon and it says TikTok, like it's getting tagged. Its definitely not in a folder because these videos aren't in my camera roll anymore.  Anyone got any ideas how to target this tag? (See photo attached)  Thank you.",https://www.reddit.com/r/googlephotos/comments/1r9eork/remove_tiktok_videos_efficiently/
Reddit,r/googlephotos,post,2026-01-24T15:31:21.504000+0000,0,"What are these duplicate low-res ""Partial upload"" 10 year old photos all of a sudden? - I am just searching for an old photo and found countless of duplicates of so called ""Partial upload"". The photos are more than 10 years old.  When I delete them, they apparently don't take up any space, but they clutter the UI, so I want to get rid of them anyway.  Why are they there all of a sudden and how can I remove them all at once and make them never return?    ![img](papokrqlfbfg1)    ![img](r7kpkc9vebfg1)    ![img](k8kgci37fbfg1)",https://www.reddit.com/r/googlephotos/comments/1qlpxcz/what_are_these_duplicate_lowres_partial_upload_10/
Reddit,r/googlephotos,post,2024-08-02T11:22:12.095000+0000,2,"Need help understanding where Memories come from - Sorry if my question is a mess, but I don't understand what's going on.  My wife had her Samsung A32 stolen. Before that, the phone would produce her collage videos with music and photos of our son. I'm guessing from google photos, though she didn't have photos on her drive.  Anyway we lost all that and a year of photos for not backing up in cloud. We tried looking in all the accounts we could find but nope.  Yesterday her new samsung phone got a notification with a Memory from Google Photos. Another collage video. With old photos of our son that we can't find. I'd love to track down where those photos came from and the Memory is gone so I don't understand how to go about it  Any help would be appreciated.",https://www.reddit.com/r/googlephotos/comments/1ei7ja4/need_help_understanding_where_memories_come_from/
Reddit,r/googlephotos,post,2020-07-06T07:52:54.167000+0000,3,"Search and Face Grouping only works on VPN - I've used Google Photos for years and I've noticed that the only way the app will update to group faces or use location grouping is if I use a VPN (I'm in the UK).  Now, I get that there are regional differences on what can and can't be done, but surely ALL of the search/grouping elements can't be banned in the UK? Or am I doing something drastically wrong?",https://www.reddit.com/r/googlephotos/comments/hm3f9s/search_and_face_grouping_only_works_on_vpn/
Reddit,r/googlephotos,post,2026-01-09T13:08:24.540000+0000,2,quickly scanning and deleting - I'm trying to reduce the number of images I have saved and recently started going through the faces collection and found that's a great way to burn through finding a bunch of dupes. (ie if you take 5 pictures of a group of people to make sure you get a good one.) I'm going to try doing locations next. what method in the UI have you found to find and delete unnecessary photos? is there a way to find very long/large videos?,https://www.reddit.com/r/googlephotos/comments/1q87sx6/quickly_scanning_and_deleting/
Reddit,r/googlephotos,post,2025-07-06T11:14:58.539000+0000,4,"Pro Tip - Filter photos which have been uploaded from WhatsApp - Search for ""IMG-"" in the search box.  I was recently looking for a method to find photos which don't have location data, as whatsapp seems to remove the original location and date information. It seems like photos from whatsapp have a predictable filename convention e.g. ""IMG-<DDMMYY>-WA0001.jpg""  Now i just have the laborious task of correcting the location/time data",https://www.reddit.com/r/googlephotos/comments/1lsyrsd/pro_tip_filter_photos_which_have_been_uploaded/
Reddit,r/googlephotos,post,2023-05-25T11:09:59.099000+0000,14,"iPhone to pixel one ( google photo) automation - Not sure what subreddit is most suitable to answering my question   Edit: “ I want to figure out an automation that would let me transfer my photos from the iPhone to the google pixel OG, so I can enjoy the unlimited upload”  I’ve seen a video of someone explaining how he figured out how to automated it like a year ish ago. But the separate video where he explains is long deleted    Any good video on how to do that ? ( was only able to find one that uses a sync app on both phones)",https://www.reddit.com/r/googlephotos/comments/13retq9/iphone_to_pixel_one_google_photo_automation/
Reddit,r/googlephotos,post,2025-07-07T01:08:21.092000+0000,1,Face Groups??? - I don’t see the setting for face groups. How do I find it?,https://www.reddit.com/r/googlephotos/comments/1ltha61/face_groups/
Reddit,r/googlephotos,post,2022-11-01T12:28:57.519000+0000,1,"Location info - Hi, I have a lot of pictures at Google photos, but some are missing location info. Is there an easy way to find those photos? To manually add one? Or do you have to look at each picture? Id like to add that info, so it would be easier if I could make a search first.  I also find Googles estimated location quite good, is it possible to make Google photos estimate one? I notice that if I edit a picture, I dont get an estimated location.",https://www.reddit.com/r/googlephotos/comments/yj7fha/location_info/
Reddit,r/googlephotos,post,2022-02-06T17:50:45.709000+0000,4,"Where can I find ""then-and-now"" creations? - Google Photos sent a notification that it created a ""then-and-now"" creation. I clicked it, but it failed to locate this newly created creation.  The problem is that I can't find anywhere in Google Photos, either on the mobile app or web. When I click ""Explore"" on the web, I can only see Animations, Collages, and Movies, but no then-and-now.   This is an annoying bug: Clicking the notification fails to bring me to the creation.  And this is also a question: Where can I find then-and-now?  I'm using an iPhone 12 and the Google Photos app should be up-to-date.  ![img](izwopil639g81)",https://www.reddit.com/r/googlephotos/comments/sm2rlx/where_can_i_find_thenandnow_creations/
Reddit,r/googlephotos,post,2022-12-19T11:17:36.806000+0000,1,I deleted a photo but instead it deleted my entire album - I had a shared album with photos added by multiple people. I selected a photo I uploaded to remove it and instead it deleted the entire shared album. And now it's like it disappeared altogether. I can no longer find it in the bin and I can't locate the other photos uploaded by others. Any ideas on how to recover the album? Thanks!,https://www.reddit.com/r/googlephotos/comments/zpow4p/i_deleted_a_photo_but_instead_it_deleted_my/
Reddit,r/googlephotos,post,2020-10-26T20:28:23.765000+0000,17,what happened to the automatic movies and google photo assistant? - the assistant used to make movies and automatically send notifications. i tried searching but all i can locate is how to start movies after selecting pictures. how can it make it so that i get automated movies sent to me again? i do see memories together and recent highlights but no longer able to locate new movies  version 5.16.0.338099767 on a oneplus 6 model A6003,https://www.reddit.com/r/googlephotos/comments/jimizb/what_happened_to_the_automatic_movies_and_google/
Reddit,r/googlephotos,post,2024-09-04T12:05:30.060000+0000,1,"Can I use Plus Codes when I edit location? - I have been (for a very long time) trying to improve the accuracy of my photo collection.  Frequently I have photos that have the wrong location, or no location at all.  Many of these are at a \*place\*, which is fantastic. I put the place into google maps, I get an address, I click \*copy address\*, and when I go back to the photo, I can edit location, paste the address, and if it shows up, I can select it.   Sometimes that place (or address) just doesn't show up in the locations box, even though it's a real address and place.   Sometimes it shows up an address, which I can select, but when I view the photo and click the location it just chose somewhere (seemingly) random. Not the address I wanted it to select.  Sometimes I take a photo and I am standing \*between\* places, or I'm in the jungle, or on a dirt road, or somewhere in the ocean.  I just can't find a way to select a correct location for these photos. I can't even select a \*close\* location.  Any ideas?     (If you need specific details, I can provide examples.)",https://www.reddit.com/r/googlephotos/comments/1f8rk1x/can_i_use_plus_codes_when_i_edit_location/
Reddit,r/googlephotos,post,2026-03-25T19:11:00.653000+0000,19,What the fuck?,https://www.reddit.com/r/googlephotos/comments/1s3k6ln/what_the_fuck/
Reddit,r/googlephotos,post,2025-12-09T00:01:04.871000+0000,2,"What do y’all do? - I have just shy of 3 TB of photos and videos from my phones in the past like 15 years. What is an alternative to Google Photos? I like to be able to search by location or color or face or anything like that… and I really like to be able to do it from my phone because I like to think of things and sometimes send old pictures or look up old pictures on the fly. $25 a month is so much money in the long run. What are other things that people do?   (Edited to fix my 3gigs to 3TB, stupid mistake I made)",https://www.reddit.com/r/googlephotos/comments/1phsnj9/what_do_yall_do/
Reddit,r/googlephotos,post,2026-05-01T21:08:58.355000+0000,0,Locked Folder Photos Deleted? - Hi! I recently switched to an iPhone after spending my whole life with an android and i was wondering if that could’ve somehow caused my locked folder pictures to be deleted. I’m pretty sure I have had Google Photos back up all of my photos for as long as I’ve used it but recently I went on the app again to look for a photo I put in my locked folder but when I opened the folder there were no photos inside of it. Then I tried looking for some of the photos I had put inside the folder just in my gallery to see if they were simply removed from the folder but I couldn’t find any of them. Has this happened to anyone else and is there any way I can recover these photos?,https://www.reddit.com/r/googlephotos/comments/1t161jv/locked_folder_photos_deleted/
Reddit,r/googlephotos,post,2026-09-09T11:34:02.910000+0000,3,"Question about Google takeout - I did my first takeout to Google drive, it's a bunch of zip files which is fine. I scheduled another takeout for every two months. I just send them all to a remote location with rclone for safe keeping in case my Google account is blocked or deleted.  I read somewhere that future takeouts are only changed files, not the full payload again. What does this look like? Because after I did rclone I deleted the takeout files from my drive and now I'm wondering if that was a mistake if the next takeout comes in I can't tell what's new or old?   For example if it's only changed files then how does it work if I delete photos? **What do subsequent scheduled exports look like?**",https://www.reddit.com/r/googlephotos/comments/1wbj148/question_about_google_takeout/
Reddit,r/googlephotos,post,2026-08-10T13:16:50.058000+0000,2,metadata not showing up in gallery after takeout - so I wanted to export all the photos in Google photos to my device (figured I didn't wanna pay for storage) and after extracting files (60 odd gb in total) some photos in my local gallery app had the metadata but most of them don't and it's getting hard to find stuff when I need to.. what do i do? i have a nothing phone 1 and more than 100gb internal storage left after extracting 60odd gb so idts it must be something related to storage!? and is it fine if i delete my backup in Google photos after extracting everything from the takeout? (once i find a solution for this),https://www.reddit.com/r/googlephotos/comments/1vkklaf/metadata_not_showing_up_in_gallery_after_takeout/
Reddit,r/googlephotos,post,2025-09-08T03:01:36.736000+0000,0,"They identified the exact location on a photo sent to me. - I was playing around in my albums, and saw a separate album titled ""Locations"". I click on it and it shows a map with a picture bubble hovering above Alabaster,  AL. I click on the bubble and it's a picture my mother sent to me on her way down to florida. She was in Alabaster, AL at the date and time listed. Is this a thing? I have never had someone send me a picture, and google photos save the location of where the photo originated.",https://www.reddit.com/r/googlephotos/comments/1nbcnx9/they_identified_the_exact_location_on_a_photo/
Reddit,r/googlephotos,post,2025-06-24T17:15:52.088000+0000,38,"Does/can Google see your images that you backed up in Google Photos? - Probably a dumb question but I can't seem to find any information or question about this, and I'm curious. Let's say there are some important/private documents and I don't want anyone, even Google to see it. If I enabled the cloud back up, can Google see the images? Especially those from the Locked Folder  Edit: besides cloud/back up, is there any solution on how do I move Locked Folder's images across devices? If I unlocked them first, it might get scattered all over the places",https://www.reddit.com/r/googlephotos/comments/1ljgz48/doescan_google_see_your_images_that_you_backed_up/
Reddit,r/googlephotos,post,2025-05-15T03:52:01.584000+0000,2,"Is there a way to filter photos without a location? - When my partner and I go on vacation, we share photos on google photos but his are from his iPhone. When his upload, there's no location. Because they're taken at the same time usually, they're interspersed with my photos.  Is there a way I can search for all locationless photos, set a location, and kind of ""work through them"" to tidy my camera roll?",https://www.reddit.com/r/googlephotos/comments/1kmyvk5/is_there_a_way_to_filter_photos_without_a_location/
Reddit,r/googlephotos,post,2025-05-30T23:39:55.316000+0000,13,"Best Way to Migrate Google Photos Between Accounts *Without Losing Metadata*? - I need to move my entire Google Photos library from my university account (which no longer has unlimited storage) to a personal account, but I have two major concerns:    1. **Preserving Metadata** – Especially dates and locations.   2. **Tracking Migration Progress** – Last time I tried sharing albums, there was no progress indicator, and I risked losing photos if I deleted the originals too soon.    **Why?** My uni account now has a 20GB cap, and manually selecting 10+ years of photos is… *not fun*.    **What I’ve Tried:**   - Shared albums, but metadata (like locations) didn’t always carry over.   - No way to verify if *everything* transferred before deleting originals. - Google Takeout, but metadata is lost, it seems.",https://www.reddit.com/r/googlephotos/comments/1kzj06i/best_way_to_migrate_google_photos_between/
Reddit,r/googlephotos,post,2018-11-02T19:04:45.211000+0000,5,"Google Photos Location Issue - Edit: It seems to be fixed for me now. I did not do anything different. Just got up in the morning, checked it again and it’s suddenly working fine. It seems it was an error on Google’s end and they’ve corrected it. This may explain why some (who’ve commented here) didn’t have any issues at all. It does seem that the “Photos App > Maps Website” still doesn’t work as described in the post.   I have researched here, other subs, and Google Photos community and cannot find anyone else with this issue.  I seem to have an issue with Google Maps integration with Google Maps. Google Maps seems to be very broken with the desktop version of Google Photos. Whenever you click on the mini-map under a photo's location to view that location in Google Maps, it cannot find the location. It seems to have different effects whether you use the Android App or webpage.  -	Photos Website > Maps Website: ""Maps can't find ##.#######,###.#######"" error. No pin at all. (I've discovered it's mostly the longitude that seems to glitch out) -	Photos Website > Maps App: Coordinates are completely wrong and the pin is in a completely different country. -	Photos App > Maps Website: Opens Maps Website but does not even attempt to pin location. (Same as if you had just typed maps.google.com) -	Photos App > Maps App: Pins and co-ordinates are fine. Locates and pins properly. No bug or error.  Can someone tell me if I've done something to cause the Google Maps functionality of Google Photos website to not function anymore? This seemed to start a few days ago but I am unsure if this was around before.   Could others test this out to see if it's a bug with Google Photos website or Google Maps?  Steps:  -	Open a photo on Google Photos Webpage. -	Click the Info button to bring up captions, camera info and location map. -	Click on the map to open the location in Google Maps. -	See if it actually pins the same location as in the mini-map from Google Photos or gives a ""cannot find this place"" error.",https://www.reddit.com/r/googlephotos/comments/9tn1cj/google_photos_location_issue/
Reddit,r/googlephotos,post,2025-12-22T06:36:08.567000+0000,4,Duplicate photo - I have had been using google photos it seams like forever. I know I have the same pictures in the photo album but set at different days or even years. As I would save them multiple times. Is there a way to find them. And keep only one? I have tried using the AI search. But only typed duplicate. I really like to cut down on the cloud space.,https://www.reddit.com/r/googlephotos/comments/1psspfn/duplicate_photo/
Reddit,r/googlephotos,post,2024-12-14T04:57:10.658000+0000,1,"Google photos not showing all my folders - Hi, i have been searching if this question was posted before but couldn't find an answer.  I have a few folders with pictures (inside the DCIM folder) that are not showing in Google photos ""collection - on this device"" folders. There is no file to hide this folder and actually other gallery apps can display these without problems. I have navigated through all options but i get Google photos to display these.   I cannot move the folder location since it is the default location for other photo edition apps, and i would like to avoid moving the pictures manually each time they are exported in that folder to another folder that Google photos recognize.   Does anyone know how i can get Google photos to show the folder of these pictures? All my other folders inside DCIM are visible via ""collections - on this device""",https://www.reddit.com/r/googlephotos/comments/1hdvg2w/google_photos_not_showing_all_my_folders/
Reddit,r/googlephotos,post,2026-07-15T08:11:48.415000+0000,2,"Permissions in iOS off but albums still appearing - I have turned off any access to my photo library in Google Photos on iOS, and while this has worked for the overall feed, Google Photos is still displaying automatic albums for things like screenshots and location-based automatic albums. How is it pulling these together when it shouldn’t have access to my photo library, and how can I stop it? I only use Google Photos on iOS for albums that are shared with me by Android users",https://www.reddit.com/r/googlephotos/comments/1uwzk2a/permissions_in_ios_off_but_albums_still_appearing/
Reddit,r/googlephotos,post,2024-10-12T04:02:54.948000+0000,306,"Free Unlimited Google Photos Storage with an OG Pixel: A Detailed Setup - I've been using my Google Pixel XL to back up photos and videos to Google Photos for free for years. Along the way, I encountered a lot of issues while researching this topic, so I wanted to share my current setup in hopes that this post helps someone.  ### Background  The original Google Pixel, released in 2016, came with a great promo: any photo or video uploaded from the device does not count against your Google storage quota. This means effectively unlimited Google Photos storage, which is a huge perk for me since I take **a lot** of photos and videos (20k+ photos a year). I record around 50-100GB of media per month, so for me, this free storage is a lifesaver.  Photo uploads from my other devices count against my storage quota, so I want photos taken on my daily devices (an iPhone 14 Pro, a MacBook, and a Pixel 7 Pro) to be automatically copied over to my Pixel, synced, and uploaded to Google Photos.  Here's how I do it.  ### Acquiring a Google Pixel  I bought mine off eBay for around $60. It must be the first generation pixel or pixel XL. These models include unlimited, full resolution photo backup. Pixels generation 2 through 5 include unlimited storage saver backup, which reduces photos to 16MP and videos to 1080p.  I recommend finding a 128GB model for more space, and avoiding the Verizon model, as those can't be rooted.  ### Pixel Device Setup  **Software:**  - Do a fresh install of the device. - Disable automatic OS and app updates. Disabling OS updates isn't necessary because the Pixel doesn't receive any new software updates, but it will avoid unexpected surprises. - Turn on Airplane mode, disable notifications for all apps, and turn on ""Do Not Disturb.""     - It’s important to manually disable notifications for all Google services. This stops those ""Is this you trying to log in?"" verification requests, which cover the entire screen and interfere with scripts. - Disable emergency alerts. - Do not enable battery saver—this will stop Syncthing and Google Photos from running in the background. - Enable developer mode.     - Enable the ""Stay Awake when connected to power"" toggle.     - Enable USB debugging. This is used for setting up screen sharing using scrcpy. - Reduce screen brightness to zero. - Root your device and unlock your bootloader:          This would make my life a lot easier, it gives a lot more options. But sadly, I'm not able to root my device (Verizon Pixels have a locked bootloader). Otherwise, I'd mount an external drive using [this script](https://github.com/master-hax/pixel-backup-gang) to reduce internal SSD wear. I'd also set up my phone so that it [powers on when a charger is connected](https://android.stackexchange.com/questions/20021/automatically-power-on-android-when-the-charger-is-connected).       **Hardware:**  - Use an over-specced outlet and charging cable. I keep the device charging continuously on a 27-watt USB-C outlet and a 100W cable. I've had battery issues when using a lower-wattage outlet and issues with cheap cables. - **Heat Management:** The Google Pixel XL has overheating issues. When copying or uploading photos, it frequently overheats and can stall uploads for a long time. To fix this, I put my device on top of my air purifier so that the fan is always blowing on it and keeping it cool. I also considered putting a heatsink on the back.  The following `adb` shell command will output the temperature of the device in Celsius:  ```bash adb shell dumpsys battery | grep temperature: | awk '{print ($2/10) "" °C""}' ```  Thermal throttling kicks in around 40°C.  ### Backing Up from Android  Backing up from Android was easy. I installed Syncthing-Fork on my Pixel and my Pixel 7 Pro, then followed the [OG Pixel Unlimited Photos Storage: Syncthing Guide](https://www.reddit.com/r/GooglePixel/comments/njk5b3/og_pixel_unlimited_photos_storage_syncthing_guide/) to copy my photos over.  A few notes: - The original Syncthing app is no longer updated on the play store. Instead use [Syncthing-Fork](https://f-droid.org/en/packages/com.github.catfriend1.syncthingandroid/) which is available on the [F-Droid](https://f-droid.org/en/) app store. Install F-Droid, then download and install Syncthing-Fork from the F-Droid store. - Most of the config changes need to be done through the Web GUI. - Setting up Ignore Patterns was essential, to avoid copying tmp and trash files.  ### Backing Up from Mac  I set up a shared folder that would copy random photos and videos from my Mac to the Pixel. I used Syncthing for Mac; I also tried Resilio Sync, and both work fine. I mainly use this to upload photos from my digital camera - just copy them directly into the shared folder.  Something to keep in mind: make sure to enable ""ignore file permissions"" in the advanced folder settings to avoid any file access issues. Also, set up ignore patterns so it doesn’t copy over dotfiles (those hidden files that start with a .).  ### Backing Up from iPhone  This was the biggest challenge. There were multiple options, but none were great. I did a lot of research to see how I could do this. Some avenues I explored:  ### iPhone: Simplest way: Copy the photos manually  *Note: Most people should go this route. Unless you take thousands of photos per month (like me), there's no need to build a complicated automatic setup like I did.*  Copy the photos from your iPhone to your computer, then copy them to the Pixel. You could also copy them to a shared Syncthing folder on the computer, which would then forward the photos to the pixel. This solution works well for people who don't take a lot of photos. It also protects the Pixel device lifetime, because you can turn off the phone when you're not copying photos.  An improvement is to set up automatic photo backup on the iPhone to any cloud photo backup solution, such as Microsoft OneDrive, Amazon Photos, iCloud Photos, Dropbox, or even another Google Photos account. Have your iPhone automatically upload these photos to the cloud. Then periodically download the photos to your computer from the cloud, and copy them to your Pixel.  If you find the following methods too complicated, just stick with this one. It is good enough for the majority of people. The cons are it doesn't support automatic backup, it involves an extra step, and it takes a few minutes of time every month.  ### iPhone: Resilio Sync  I got this working the quickest, and I used Resilio Sync for a few months to back up my photos. It's easy to set up and works decently well. Install Resilio Sync on the iPhone and Pixel, create a camera roll backup, and share it to the Pixel. Resilio sync runs in the background of the pixel, and it starts on boot. But it has minor quirks, I didn't enjoy the experience and eventually switched to something better.  **Benefits:**  - Free - Easy to set up. Works decently well out of the box. - Supports direct upload from iPhone to Android. Doesn't require a server.  **Weaknesses:**  - Resilio Sync doesn't support automatic background photo uploads. It only runs when the app is open. I tried setting up shortcuts that would open the app when I connected the phone to a charger at home, but this became annoying, as it would only happen if the phone was unlocked. - Resilio Sync does not copy over Live Photos. - Resilio Sync does not handle burst photos correctly. It will copy over the first photo in the burst and not copy the remaining photos. - To get Google Photos to back up my camera roll, I had to manually copy an image into the backup folder so it would be detected. The iPhone's camera backup can be a bit quirky - it splits photos into separate folders with 1000 photos each (DCIM → {100APPLE, 101APPLE, 102APPLE, etc.}). I ended up adding a random image to the main DCIM folder to make sure Google Photos recognized everything, including all the subfolders.  ### iPhone: PhotoSync  I saw someone mention PhotoSync on Reddit and gave it a try.  **Benefits:**  - Automatic background backup - Supports direct upload from iPhone to Android - Polished app  **Weaknesses:**  - Paid app. Automatic background backups are only available with the Premium plan, which is a $20 one-time purchase. - On iPhone, it only supports direct automatic backups to a PhotoSync server, not other devices. I could send individual files to the Pixel, but I could not enable automatic backups to my Pixel. I had to trigger them manually. - Requires a server for full functionality.  At the time I tried Photosync, I did not have a home server. Looking back, in terms of ease, I think it would work pretty well. If I did this again and wanted an easy to configure, paid, option, I’d explore this.  I ended up not using PhotoSync.  ### Alternatives  I spent a lot of time researching how people copy their photos, and came across the following options:  - **Amazon Photos:** Includes free unlimited full-resolution photo storage with a Prime membership, but you only get 5 GB for video. 5 GB was not enough, so this is a no-go. - **Microsoft OneDrive Photos:** Includes 5 GB by default, and +10GB through referrals. [I saw someone online use this](https://www.reddit.com/r/GooglePixel/comments/njk5b3/og_pixel_unlimited_photos_storage_syncthing_guide/gz8yakm/). They would install the Microsoft OneDrive app on their iPhone, enable automatic backups to the cloud, then periodically download the photos from the cloud to their computer, copy them to the Pixel, and upload them to Google Photos. It works, but I wasn't sure how to automate this. Note: you can acquire an additional +10GB of lifetime storage by buying referrals on ebay. - **Dropbox:** Supports automatic background photo uploads and Live Photos. Includes 2 GB by default, but it's possible to increase the storage by up to 18 GB via referrals. This option looks very viable. Upload photos automatically from iPhone, download them offline on the Pixel, then upload them to Google Photos. Remove the photos when completed. Instructions [here](https://www.reddit.com/r/googlephotos/comments/13retq9/iphone_to_pixel_one_google_photo_automation/jnj7uqn/). I didn't explore this because I was already using Dropbox on my iPhone for file backup and didn't have enough space to manage photos. Note: Similar to OneDrive, you can buy referrals on ebay for +16GB of lifetime storage. - [Mounting a NAS folder using EasySSHFS](https://www.reddit.com/r/GooglePixel/comments/ugarqq/just_bought_a_pixel_1_for_unlimited_photo_storage/itns9xf/) - Requires a rooted Pixel and a NAS. Mount the remote drive in the DCIM folder of the Pixel, Google Photos will think these files are on device, and will automatically backup everything. This doesn’t work for me, because I cannot root my Pixel.  I ended up with the following setup.  ### Current Setup: Traditional NAS + Immich + Tailscale + Syncthing  This option is a little complicated. I have a homelab server running as a photo backup server. The server runs [Immich](https://github.com/immich-app/immich) as a photo backup server and [Tailscale](https://tailscale.com/) so I can connect to the server from my iPhone. On my iPhone, I installed Immich and the Tailscale app, and set up the Tailscale VPN. Immich automatically uploads my iPhone photos to the NAS, then I collate the photos into one folder using a script and copy the photos to a Syncthing folder. I then sync this folder to my OG Pixel, and it backs up the same as my other devices.  **More details:**  I have an Ubuntu server running Portainer, which hosts Immich, Tailscale, and Syncthing as Docker containers. This was fairly easy to set up using templates I found online.  - **Immich:** A free, self-hosted image server. The immich UI is excellent, I can individually select which albums to upload, and it supports automatic background upload. The con is that it’s a locally hosted service, which is annoying to expose to the public internet. Which is why I use: - **Tailscale:** An easy-to-use personal VPN that allows my iPhone to connect back to my Ubuntu server without setting up port forwarding. Free. I run a Tailscale node on my Ubuntu server and enabled local network access. Then I connected to Tailscale on my iPhone, and I can see my Immich server via the Tailscale network. - **Syncthing:** Basic file syncing app, used before.  I asked ChatGPT to [write a script](https://pastebin.com/i2Nbsruv) that copies files from my Immich library into my Syncthing folder every 5 minutes. The script will only copy image and video files, and will not copy already copied files. The files are renamed to avoid potential naming conflicts. Already copied files are marked in a separate file, to avoid copying photos multiple times. I set up the script to run as a systemd service which runs on boot and executes every 5 minutes.  Syncthing then copies the contents of this folder to my Pixel, and it works as normal. For the Syncthing folder, I set it so that it was send & receive, and enabled ""ignore file permissions"".  ### Immich (my current setup)  Benefits:  - Free and open source - Very configurable - I can choose which albums to upload - Supports Automatic background uploads from iPhone.  Weaknesses:  - Requires a home server, and mild technical ability to set one up - Automatic backup works great when I'm on home wifi, but when I'm traveling, I need to enable Tailscale VPN to have it backup. - When Tailscale is enabled, it kept trying to backup over cellular data (tailscale makes the backup server appear to be on the local network). I had to disable cellular data in the Immich app settings. - Immich is under active development, and I need to update the Immich server about once per month (manually). Occasionally there are breaking changes, and I need to update the docker config file.  ### Automatically Freeing Up Space using the [Automate app](https://play.google.com/store/apps/details?id=com.llamalab.automate)  Google Photos has a feature that frees up backed-up photos. I saw [someone using the Automate app to do this](https://www.reddit.com/r/AutomateUser/comments/ghu9e6/how_do_i_run_google_photos_free_up_space_action/). Basically, it opens up the Google Photos app and clicks through the screen to the ""Free up space"" menu and selects it. It's set to run every morning at 8 am.  The version shared a few years ago broke due to UI changes, so I reimplemented it. Here's an [image of the flow](https://imgur.com/2ehrNEW) if you'd like to implement it yourself. It opens google photos, clicks through the menus to the “Free up space” button, and presses it.  ### Freeing Up Storage on Android  With Syncthing, if the sync folder is configured as ""Send & Receive,"" there's no need for this. Once photos are backed up and freed up on the Pixel, the copy on the Android phone is removed as well. This works fairly well.  ### Freeing Up Storage on iPhone  It's annoying, but I found two ways to do this:  1. Open the Google Photos app, then find the checkbox to select all photos in a month. In the menu, choose the option ""Delete device original."" This will delete the copy of the photos on your phone. If you try to delete photos that are not backed up, the app will warn you. 2. Using the ""Free up storage"" feature: Long press the app on the home screen (the iphone home screen) and select ""Free up space"" ~~This button only shows up if you have the ""Backup photos"" option enabled. But if you turn on backup, it'll start uploading your photos - which you don’t want. To get around this, first turn off Wi-Fi on your iPhone. Then, enable backup. Since you're not connected to Wi-Fi, the backup won't actually start. Now, the ""Free up storage"" option will appear - just click it and run the process. The ""Free up storage"" feature doesn't work that great; it keeps a lot of already backed-up photos.~~  ### Connecting Remotely (Advanced)  It's useful to debug issues from the Pixel remotely. I use a combination of `adb` and `scrcpy` to screen share my Pixel to my server. Then I added a VNC viewer so I could view my server screen from my laptop. This lets me view and control my Pixel from my laptop without touching the device.  I set up `adb`, `vnc`, and `scrcpy` on my server. I set up `adb` using `apt-get`. I set up a VNC server following instructions on ChatGPT and connected to it from my laptop. For `scrcpy`, I followed the installation instructions [here](https://github.com/Genymobile/scrcpy/blob/master/doc/linux.md). Then, on my Pixel, I enabled USB debugging in developer settings. I connected my Pixel to my server via a USB-C cable and verified I could see my Pixel in `adb devices`. Then I ran `scrcpy` on my server, which appeared in VNC, and I could control my phone without being physically next to it. This was very useful to fix various issues completely from my laptop.  ### Known Issues  - **iPhone Live Photos appear as a picture and a 2 second video on Google Photos**: it’s an annoyance, it bothers me, but it’s not a dealbreaker. This feature works on photos uploaded from the iOS google photos app. - **Internal flash memory degradation:** The internal flash memory will wear out after a large number of write/delete cycles. After a lot of use, writes to device storage will start failing. I found two possible ways to alleviate this:     - Mount an external USB drive as a local drive - see the setup here  https://github.com/master-hax/pixel-backup-gang. Requires root, a USB hub, and a USB drive.     - Mounting a network drive folder using EasySSHFS - Requires a rooted Pixel and a home server / NAS. Maps a network drive to a local folder, allowing backup. I’ve personally found SSHFS unstable, so I’d go with the external USB setup.     - If the device isn’t rooted, I don’t know a way to alleviate this. - **Battery health**: My Pixel battery is dying, and lasts about 5 minutes away from power. I’ve looked into replacing the battery, but read it’s a difficult replacement, because there’s a 50% chance I break my screen when opening up the phone. This risk was too high to me. There is a battery replacement guide [here](https://www.youtube.com/watch?v=iw3IHpELmv0). - **Physical security:** If someone breaks into my house, they could take my phone, which is logged into my Google account and has access to all my Google Photos. The phone is set to always on (necessary for the ""Free up Storage"" script to run). - **Google Photos folder detection:** Google Photos only lets you add a backup folder if there's already a photo inside of it. Add a junk photo to the folder so Google Photos detects it.  ### If I did it again, what would I do?  First, I’d purchase a rootable Pixel device (non-Verizon), then root it. I’d attach an external USB drive to avoid flash degradation, and use the same Syncthing setup. This enables backup from my Android and Mac.  For iPhone backup, if I didn’t have a home server, I would investigate the dropbox route. I’d buy an additional +16GB storage on ebay. I personally have never tested this setup, but it sounds decently robust and should work. It’s unclear how easy this is to automate.  If I had a home server, I’d go with my current setup.  ### Closing Thoughts  This was a lot of work to set up. Was it worth it? Yes. I have several TB of media on Google Photos, and it would cost over a hundred of dollars per year to pay for normally.  **How long will this work for?** This will work as long as Google Photos supports Android 10 (the last update available for the Pixel), which is probably at least til 2026 (7 years after the release of Android 10). When Google drops support, I'll find an alternative.  There are modified Android ROMs that include unlimited photo backup by pretending to be the original Pixel. I looked into setting this up by emulating one in Genymotion. However, I didn't go this route because I already have a Pixel, and it's possible to get your google account banned for doing this. If you're willing to take this risk, and have a rooted device set up with Magisk, see [this thread](https://www.reddit.com/r/Magisk/comments/1f2zzzn/help_unlimited_google_photos_storage_module/) for more information.  ### Extra links * [Information about rooting and setting up battery profiles](https://www.reddit.com/r/DataHoarder/comments/wy6r18/my_unlimited_googlephotos_setup_details_in_comment/) * [Run the Pixel 1 without any battery 24/7 just via the charger](https://www.reddit.com/r/GooglePixel/comments/l1h9lx/can_you_run_the_pixel_1_without_any_battery_247/) * [Video tutorial of how to remove the battery, and run the phone off a wall socket](https://www.youtube.com/watch?v=Xbzv6BI-2Hw)",https://www.reddit.com/r/googlephotos/comments/1g1ryxb/free_unlimited_google_photos_storage_with_an_og/
Reddit,r/googlephotos,post,2025-12-01T21:45:57.482000+0000,0,"Looking for moved/ possibly removed delete backed up. - Using Iphone. They used to have a ""delete backed up""/""remove from iphone"" button on google photos but it is not here anymore. Is it moved or are they just lame as hell and removed it?",https://www.reddit.com/r/googlephotos/comments/1pbpvye/looking_for_moved_possibly_removed_delete_backed/
Reddit,r/googlephotos,post,2024-09-08T21:42:11.985000+0000,250,"Why it is a nightmare to navigate Google photos - Google Photos' navigation is a complete disaster. How can a company as big as Google get something as fundamental as navigation so wrong?  One of the most important features in any photo app—**albums**—is ridiculously buried behind two levels of navigation. **Why on earth are albums hidden inside 'collections'**? And it's not even a top-level item! It's almost as if the developers intentionally made it difficult to access the feature. Even first-year interns would have more common sense when designing an interface.  It's embarrassing for an app this popular to have such unintuitive, clunky navigation. Google needs to get their act together!",https://www.reddit.com/r/googlephotos/comments/1fc94w0/why_it_is_a_nightmare_to_navigate_google_photos/
Reddit,r/googlephotos,post,2023-04-16T15:15:25.500000+0000,1,"Location data missing - Hi there, I have an iPhone 12 Pro Max with location data enabled.   I am finding that every few photos that are synced from my Google Photos app are missing the location data yet if I open the photo on iOS, it has location data present. Does anyone know why this is being missed?  Also, my Google Photos is set to backup all photos. It uses storage saver as I am on the 200gb Google storage plan and I don't want to run out of room. If after the Google Photos iOS app syncs all pictures from my iPhone, if I make an edit on a photo on iOS using the iOS native photos app (maybe brighten the pic or crop it), will the Google Photos app notice this and re-upload the changed photo so this is reflected on Google Photos?",https://www.reddit.com/r/googlephotos/comments/12ocqao/location_data_missing/
Reddit,r/googlephotos,post,2025-08-01T20:29:29.381000+0000,26,"Why do they make it so hard to delete all photos? - How can a tech behemoth like Google not provide the option in a photo service to just.. select all photos? Why is it so difficult? Even with the feature to go through your largest photos and delete them, you can't just select them all. You have to either keep scrolling down to reveal them all first, then go BACK UP and select them all and delete them. But don't select more than 500 or it tells you it's not allowed, then there is effectively no way to select the right amount again without unclicking 200 photos to bring your total selection down to 500 again.  Then once you've done that you're left with thousands of smaller photos which can only be selected manually by date. I'm talking hundreds and hundreds of clicks. Why in the F\*\*\* did they make this so difficult - I am banging my head against the god damn wall with how frustrating they made this. There is no easy way on the app in your phone NOR on your web browser. Holy hell Google get it together. This frustration is making me want to just switch to icloud which is marginally better but still frustrating.  /rant",https://www.reddit.com/r/googlephotos/comments/1mf7d6s/why_do_they_make_it_so_hard_to_delete_all_photos/
Reddit,r/googlephotos,post,2024-12-30T09:18:57.938000+0000,1,"Location added to photo deleted  - My phone's settings are set so that when i take a photo, the location in which the photo is taken is marked down and it will be shown in the map. However, I was adding photos (not backed up) in the airplane and suddenly the data of locations for most of the photos I took were suddenly gone. Previously in the map there were around 2k+ photos but now there are only 26 photos in the map. Just wondering if there's a way to solve this problem and also probably what caused this issue to happen?",https://www.reddit.com/r/googlephotos/comments/1hpjgpe/location_added_to_photo_deleted/
Reddit,r/googlephotos,post,2024-05-13T11:04:38.484000+0000,1,"How do I find uncompressed photos? - Somewhere in my photos I have 90mb of photo(s) that are not compressed, and the compressor tool seems not to find them.   Is there any way of locating them?",https://www.reddit.com/r/googlephotos/comments/1cqwkhu/how_do_i_find_uncompressed_photos/
Reddit,r/googlephotos,post,2025-08-24T11:00:07.598000+0000,1,"Options to extract Locked Folder files - Moving phone for the first time in years. I recall that there used to be a function to bundle the locked folder photos as a .zip files. Yet, looking at the available features now, it looks like I'm stuck between:  1. Backup to the Cloud and sync to the new device: The feature requires me to turn on backup for \*every photo\*. I have had enough of Google Photos pestering me to back up on their server (knowing full well I don't have the cloud storage space for that), so the long term goal is to phase all my photos out of this app. 2. Move photos out of Locked Folder: there is no option to move them to a specific folder. Am I supposed to move them out then dig through everything else to locate them????\]  Both options sound like a terrible time. If anyone has got a 3rd option, please let me know.",https://www.reddit.com/r/googlephotos/comments/1mysmk2/options_to_extract_locked_folder_files/
Reddit,r/googlephotos,post,2024-03-11T14:49:08.422000+0000,46,"Is it true that downloading your entire library from Google removes metadata (date and time, location, etc.) from the files? - Title kinda says it all.  I wanted to download a mass backup of all my pics and videos from Google Photos, but someone told me doing this removes all the metadata, so I'd lose info such as the date and time of the photos being taken and location data.  If this is indeed true, do you guys have any workaround suggestions that might work, or any tips/tricks moving forward? I would like to back up everything but I wish I had known about this metadata issue before I started deleting stuff from my iPhone... :(",https://www.reddit.com/r/googlephotos/comments/1bc4yc9/is_it_true_that_downloading_your_entire_library/
Reddit,r/googlephotos,post,2024-09-19T14:11:43.572000+0000,49,"Google Photo Review backing up 40 years' worth of photos - I thought I shared my experience in case it helps someone else.  I'm coming from Amazon photos.  I used Amazon because it was included with Prime.  I had to stop using Amazon because in the state of Texas facial recognition was banned about a year ago.  I don't know why Amazon removed it since there are plenty of other services that still use it.  Anyways, on to Google.  GOOGLE PHOTO  PROS:  Good about not uploading tiny photos.  Amazon uploaded small things like tiny Windows icon logs.  Painful to remove.  Duplicate detection could be better.  Generally, works well, stacks photos on top of each other when it detects.  Sometimes it does not detect even though the files are identical.  So far, I only notice the stack feature on my Samsung phone.  Love the locked album feature for privacy.  I have some old photos of past friends I dont want to show up, but don't want to throw away these photos either.  Priced is good, I paid $108 after taxes for 2TB annually for storage across my Google services including YouTube.  This is also shared with family.  40 years' worth of photos and video was under 1TB, around 700 gigs for me.  CONS:  Needs a Windows client (like the old Picasso) to manage the photos and sync to the cloud.  The need more photo correction features.  This would be good if they combine this feature with a Windows client where you could correct it on the client and sync it back to the cloud.  Very difficult to organize.  For example, you can't have an album within an album (like folder within a folder).  No easy way just to share all my albums with my spouse.  Have to grant one at a time.  (But it does allow sync to her account where she can see all the individual photos, just not organized by album)  The photos do not have a property (attribute) where it shows the location of the source.  This was very painful for my situation.  No ability to great tags.  The facial recognition alone will not cut it for what I'm doing.  For example, if I wanted to tag some documents like ""Trip to Cali"", I cant, I have to create an album and move it in there.  Or things like ""Nice Car"", cant simply tag so its easy to find later.  No option to ""Move to Album and Archive"".  OR, Hide photos that are in an album.  This is handy when you have photos you generally dont care about, don't want it to show up, BUT dont want to delete it either, like pictures of your old house.  SUMMARY  Being part of Google has its benefits.  But the services need to be greatly improved.  I'm a little surprised of the limitation given how long Google Photos have been around and how big Google is.",https://www.reddit.com/r/googlephotos/comments/1fkluab/google_photo_review_backing_up_40_years_worth_of/
Reddit,r/googlephotos,post,2026-03-31T00:19:17.697000+0000,5,"Can an AI generated video be mistaken by Google photos as a cam recording - (\*the photo you see above is NOT from an AI generated file , its just an example of what i mean by ""source"") I dont know where else to post this. Im on a GalaxyA17 if that matters. I have videos made from my old phone which was Moto g 5G. I was able to transfer files from google photos by simply adding my google account to this phone but i wasnt able to recover any screen caprtures or recordings except for one which is odd. The rest was camera or downloads but theres just one thing im worried about now. Let's say I had made an AI generated video of any kind  but moreso the ones where you take a picture of someone or something and it brings it to life or whatever on the old phone that was transfered or maybe an AI video here on my current phone. Just an AI video of any kind and save  it in my phone if I tap on that video and go to where it says ""file info"" or ""details"" or whatever its called is there a possibility that the video could be wrongly labeled ""VID"" with the file size included. (same as how it would normally be labled if I recorded directly from my device cam). second , is there anything that could happen during the transfer process or maybe removing from trash bin or something that couldve changed the source name the recording is from? im only asking all this because i have experimented using AI before but not much if i can recall., im just a tad bit suspicious about the realness of my own recordings , im not a fan of this AI stuff",https://www.reddit.com/r/googlephotos/comments/1s884ap/can_an_ai_generated_video_be_mistaken_by_google/
Reddit,r/googlephotos,post,2019-07-18T14:16:27.072000+0000,2,"Question about location of a photo - I have a strange photo that I apparently took with my iphone. I have no idea what it is and where it is from. My wife thinks that it is from a hotel, and that I am cheating on her (I am certainly not). I would like to know if there is a way to find out the GPS coordinates of this picture, so I can keep my wife's anxiety down.",https://www.reddit.com/r/googlephotos/comments/cet1t5/question_about_location_of_a_photo/
Reddit,r/googlephotos,post,2020-01-14T07:58:30.780000+0000,8,Search photo by specific location - I want to find all photo I took at specific location with custom radius. Ex: get all photos were took at home. Is there any ways to do that?,https://www.reddit.com/r/googlephotos/comments/eoiciw/search_photo_by_specific_location/
Reddit,r/googlephotos,post,2024-09-25T11:15:25.569000+0000,15,"Switch from Google photos to Icloud - Hi all,  I’m planning to switch from Google Photos to iCloud and need to transfer around 90GB of photos. The most important thing for me is that everything gets transferred in **original quality** and that all the **metadata** (dates, locations, etc.) is preserved.  I’ve seen a lot of posts about issues with metadata getting lost during the transfer. Does anyone know the best method to ensure everything stays intact? Any advice or steps to follow would be appreciated!  Thanks in advance!",https://www.reddit.com/r/googlephotos/comments/1fp1wf7/switch_from_google_photos_to_icloud/
Reddit,r/googlephotos,post,2025-10-03T06:18:07.728000+0000,4,"IPhone Preventing Photo Deletion - Howdy all. I got a new iPhone, but both my wife and I use Google Photos, not iCloud for photo storage. With the new phone, Google Photos cannot delete a photo unless it has been either deleted from the phone or manually backed up into iCloud. It does not give an error message, it just won’t delete the photo.   Manually backing up to iCloud is not an option; if I wanted that I wouldn’t use Google Photos. Deleting from the phone after backup to iCloud is possible but irritating as heck.   I have all permissions I can find enabled in the settings and I did have iOS 26 on my old phone and this behavior did not occur. Any ideas why this is happening?",https://www.reddit.com/r/googlephotos/comments/1nwrgj3/iphone_preventing_photo_deletion/
Reddit,r/googlephotos,post,2024-11-24T16:38:38.360000+0000,18,"Is Google Photos suffering from dementia? - I'm experiencing a rather annoying problem. I have 53K+ photos (88GB) stored on my Google account   Over the past 4-5 months Google Photos gotten increasingly.. well dumb..  Face recognition is completely shot and the search function can no longer handle the rather simple task of combining 2 search parameters like person + location.  It doesn't even take notes on the photos into consideration when searching anymore. Earlier that was a sure way to find specific photos in a search, but now NOTHING! Like what the h...?   So what happened? Are Google actively working the problem? Or am I forced to find another service?",https://www.reddit.com/r/googlephotos/comments/1gyv4wt/is_google_photos_suffering_from_dementia/
Reddit,r/googlephotos,post,2023-07-30T04:45:53.752000+0000,29,"Accidentally pressed free up space, how can I get my videos/photos back of 4 years - Hello well i had google photos app downloaded and well i pressed free up space thinking it would delete my photos on googpe photos but i didnt know they would delete photos from my camera roll. I lost a bunch of videos and images from 4 years ago. The thing is i go back on google photos and see many of the deleted videos/photos. Is there anyway to get all of them back into the correct album and with all the location/date data? I lost over 1000 media files and no theyre not in trash😫",https://www.reddit.com/r/googlephotos/comments/15dch9r/accidentally_pressed_free_up_space_how_can_i_get/
Reddit,r/googlephotos,post,2025-01-05T20:47:25.583000+0000,3,"Geographic Location Data not showing up? - I'm trying to export from Flickr to Google Photos, as GPhoto is currently my main photo app. A lot of those Flickr photos had the location added manually because they were originally shot on a camera without GPS. Flickr stores the location info separately from the photo, but you can download the .json files with that information and then add the information in exif tags in the photo files (one post on how to do that is here, [https://philipmallis.com/2023/09/11/how-to-export-flickr-photos-with-metadata-attached/](https://philipmallis.com/2023/09/11/how-to-export-flickr-photos-with-metadata-attached/) ).  I've run the exercise to import the location into the Exif tags in the attached photo. exiftools confirms the information is there, and some online tools like [jimpl.com](http://jimpl.com) also see the information. (However, [https://tool.geoimgr.com/](https://tool.geoimgr.com/) \*doesn't\* see the geotag). Google Photos doesn't see the location either. But when I download the photo from Google Photos and run exiftools on it, it shows the same geotags that are in the original that I uploaded. (If you want to check, the version uploaded to Google Photos is at [https://photos.app.goo.gl/WAYhxHWu7ofCxA4A8](https://photos.app.goo.gl/WAYhxHWu7ofCxA4A8) )  I'm confused! Am I doing something wrong in how I'm adding the location into the photos? Is this a known issue with Google Photos? (I found one post here from a couple of years ago which suggested there was an issue, but it hasn't been mentioned here more recently than that). Is there any way I can get the location info to be displayed and used inside Google Photos?  ![img](noiqavzlm8be1)",https://www.reddit.com/r/googlephotos/comments/1hugukz/geographic_location_data_not_showing_up/
Reddit,r/googlephotos,post,2025-10-02T22:47:56.169000+0000,1,"Live photos to motion photo - I have a pixel 5 with unlimited google photo storage. Every once in a while I back my iPhone photos to my pixel and upload it to google photos. But I always find that the live photos are split into 2 files, a HEIC and a MOV. Is there a way to convert the HEIC+MOV files to google motion pictures without losing the date metadata and then upload it to google photos through my pixel? TIA",https://www.reddit.com/r/googlephotos/comments/1nwiko7/live_photos_to_motion_photo/
Reddit,r/googlephotos,post,2024-10-22T18:53:13.236000+0000,1,"Location on pics - Hi , device is galaxy s22 ; I want to add locations on pics , not add in maps. There was such a feature in older devices (mobile and cameras). I want it to be written on the photo. Can anybody help.",https://www.reddit.com/r/googlephotos/comments/1g9pvpc/location_on_pics/
Reddit,r/googlephotos,post,2025-08-16T11:21:38.414000+0000,0,"Google photos stripping location data on Huawei nova 10 - App is configured to preseve data, and its still stripping it. Any ideas?",https://www.reddit.com/r/googlephotos/comments/1mrsffg/google_photos_stripping_location_data_on_huawei/
Reddit,r/googlephotos,post,2025-11-06T15:22:26.349000+0000,3,"Automatically Sharing All Photos From All Organizational Accounts In One Central Location - I work for a small preschool where we pay for Google Workspace.  Each teacher (17 in total) documents their day through photos on their phone.  **My goal is to automatically share all photos taken by each teacher to a central account (ex. photos@\*\*\*\*.org) which can be accessed by administrators for marketing/sharing with families.  A bonus would be location based uploading (or wifi network-specific uploading) so all photos taken at the school would be shared, but not photos taken elsewhere.**  Teachers are NOT tech savvy and are resistant to additional tasks, especially multi-step tech-related tasks.  Is there an elegant solution to this?  Willing to pay!",https://www.reddit.com/r/googlephotos/comments/1oq1r4d/automatically_sharing_all_photos_from_all/
Reddit,r/googlephotos,post,2025-09-16T01:02:03.912000+0000,2,filter photos and videos with No GPS location? - does anyone know how to achieve this filtering?        I like the heat map overlay in google photos that groups your multimedia based on the location. I want to organize this info and have my collection super tidy.      lots of nitpick and desire to have everything very organized. thanks   filter photos and videos with No GPS location?,https://www.reddit.com/r/googlephotos/comments/1ni3pug/filter_photos_and_videos_with_no_gps_location/
Reddit,r/googlephotos,post,2024-08-21T18:30:47.303000+0000,3,"Any way to extract estimated location? - I'm trying to get my photos out of Google photos and I've managed to do that with using takeout. When I did this using take out and uploaded my images to immich, I noticed that no location data was present.  After investigating it, I found out that the location I was seeing in Google photos was an estimated location and I want to extract this. This info is not in any Google takeout I have done, I have tried downloading photos through  the Website and via takeout but in both cases, the json files do not have metadata relating to location, it is simply 0 lat, 0 longitude. I have even tried downloading the html Web page and this has not given me the co ordinates I want.  I know that my phones did not have location data enabled when the pictures were taken and what Google displays is an estimated location but that will do.  Is there any way I can extract this info?  I have done Google takeout, downloading the html Web page and checking through Google developer console api and nothing there.",https://www.reddit.com/r/googlephotos/comments/1exx6a2/any_way_to_extract_estimated_location/
Reddit,r/googlephotos,post,2024-02-19T13:37:00.805000+0000,3,"Setting it up, having a couple tiny issues. - Sorry for the detailed post, but I'd rather give it and not need it, than need it and leave it out.  I have thousands of photos in several locations.  I tried to combine them into a series of folders on PC. Great, except for one thing: New photos from iphone were getting corrupt when trying to sync.  Solution: Google photos.  Uploaded tons of photos from PC. Turned on backup option on iphone 7 plus. Now I have most of my photos in (mostly) date time order. I think I see all photos in both platforms now, which wasn't happening for a while.   Question 1: Why don't albums I make in one location get transferred to the other location (phone/pc)?  A lot of my photos are quite old and didn't come with metadata. Date/time stamps are wrong, slowly fixing it. No location data. Adding it as best I can. It has been amazingly accurate for places in Germany.  But here's the issue. I have a folder worth of photos that were all taken in the same room in the same house (in Sydney). On one photo I can add the \*exact\* address. On a different photo, I'm lucky if I can get the same street at a random intersection, and the next photo, I can't even get it to identify the street.  Question 2: Any idea why this is happening? Any way around it?  I have a locked folder. It was easy to use on PC. Just highlight everything, click move to locked folder.  On iphone, it was difficult to even set up a locked folder, and when I did, nothing was in there. And to move photos, it was highlight one photo, move to locked folder. (Delete from source + icloud?). Select next photo. Move to locked folder. (Delete from source + icloud?). And so on. Painful.  Question 3: Any idea if that can be done easily?   Question 4: Why don't my locked folders match, sync? They have different photos in them I think. (I haven't done a side by side comparison yet. I will, at some stage.)  If I search for a random subject, it actually quite intelligently finds topical photos. Eg, search for ""food"", it brings up tons of photos of food. It also includes a wallaby eating grass and an ashtray full of cigarette butts at a party. It's not perfect. Pretty cool though.  But it doesn't bring up ALL my photos of food.  I have tons of photos of animals, and if I search for 'bat' it shows exactly two photos of bats flying. But I have at least four or five photos of bats in trees, and two or three more of them flying. I get it that google AI isn't perfect. The same thing happens if I search for elephant, or lion, or turtle. It just completely ignores the turtle from the Amsterdam Zoo for some reason.   (As a side note, I was trying to bring up the Kamelot concert, it didn't find that. But it brought up every photo of me wearing a Kamelot T-shirt, I thought that was awesome!)  Question 5: Is there a way to tag a photo with searchable keywords?  Last one. I love the facial recognition. It took me a while to work out how to add people that I have no social media details for. Once I worked that out, I went through each and every photo to add people I know (work in progress!) But sometimes it tags faces of strangers, and completely ignores the one person in the photo I know. I can't tag that face and include it as that person. Even if it is a person I have 200 other photos of.  Question 6: Any way to do that?   Also, amusing side note. I used to have two ginger kittens, Thundercat! and Jinja Ninja. The facial recognition gets Thundercat! 100% of the time, but Jinja Ninja about 1% of the time ;)  Thanks in advance.",https://www.reddit.com/r/googlephotos/comments/1aungq9/setting_it_up_having_a_couple_tiny_issues/
Reddit,r/googlephotos,post,2022-08-10T10:12:36.838000+0000,2,"Partner sharing location issue - Hi.  Trying to enable partner sharing, works one of the ways with location sharing, but i'm unable to share the location of my photos with my wife. I suspect this is because i turned of sharing location in a earlier version of google photos, and this toggle is not available anymore. Anyone know how to solve this?",https://www.reddit.com/r/googlephotos/comments/wkto19/partner_sharing_location_issue/
Reddit,r/googlephotos,post,2022-05-22T23:06:44.951000+0000,2,Google Takeout Photos - I have just downloaded 12gb of zip files. On extracting I find thousands of.json files which are of no use whatsoever. I now have to delete every one of them. Trust Google to make it difficult! Is this punishment for wanting my photos back? It wasn't this difficult to upload them,https://www.reddit.com/r/googlephotos/comments/uvmm80/google_takeout_photos/
Reddit,r/googlephotos,post,2025-12-05T17:55:43.152000+0000,1,"Error during takout to OneDrive - Hi there,  I've tried searching on reddit / online for a similar thread, but haven't found one yet.  I have a Google Photo library with pictures from 2003 up until today. I wanted to move these to OneDrive, both as a privacy concern and a way to streamline my cloudservices.     When using the Google Takout to OneDrive connection, it went on for quite some time, but ended up crashing, with an error to ""try again"". Most pictures are moved, but some GBs of data is missing (and its difficult to find out where).   I'm able to start the process over again, but this will make a whole lot of duplicates.   My onedrive is also connected to the Samsung Gallery app, so deleting everything and starting over seems difficult.      Is there a fix I'm just not seeing - or do I have to manually sort this out?  All advice will be much appreciated!",https://www.reddit.com/r/googlephotos/comments/1pf1u9f/error_during_takout_to_onedrive/
Reddit,r/googlephotos,post,2023-02-09T16:55:32.142000+0000,2,"Check back soon - Upgraded my phone (iPhone SE 2nd gen) and backed up all of my photos onto Google Photos, however, any of the auto generated categories like faces, locations, etc won’t load. The app has been stuck on “organizing your photos so you can find them faster” for days. Any tips? Thanks",https://www.reddit.com/r/googlephotos/comments/10xzn7k/check_back_soon/
Reddit,r/googlephotos,post,2025-03-22T06:51:26.473000+0000,3,"Google Photos Magic Editor Still Causes Loss of Ultra HDR Occasionally - On Oct 14, 2024, Google has released a statement announcing that use of Magic Editor for ""complex edit"" will now retain Ultra HDR.   I used it all the time, and the statement was true...for 70% of the time.     For the others, for an unknown reason (I'm still investigating trying to find out what could be the reason), simply erasing object will create output without any Ultra HDR. Sometimes, the output will show up in the preview with HDR effect for a few second before going away.   The loss happens to some pictures, but for any picture where that happens, it ALWAYS happens, no matter how small or what the edit is. Almost like there's a pattern to the input  Magic Editor was extremely helpful so this is very frustrating not to be able to edit any picture that I want without worrying about HDR loss.     Anyone having the same problem or have figured out workaround?  Screenshot: before and after erasing object with Magic Editor",https://www.reddit.com/r/googlephotos/comments/1jh2ly6/google_photos_magic_editor_still_causes_loss_of/
Reddit,r/googlephotos,post,2024-05-19T10:25:55.162000+0000,1,"No facial recognition option anymore - Hi,  I have to find some photo's within Google Photos, but I don't have to option to filter on one specific person anymore. I read that maybe my location prohibits this. I do have a VPN, so I could ""switch"" locations. I'm in the Netherlands. Does anyone know what regions do have this enabled or how I can use this function?",https://www.reddit.com/r/googlephotos/comments/1cvl6za/no_facial_recognition_option_anymore/
Reddit,r/googlephotos,post,2022-04-08T20:55:05.459000+0000,2,"Save as copy deletes location and date - I'm getting really frustrated here.. The only option I have after enhancing a photo is to save as copy. Before I used to be able to save, overwriting directly.  But most importantly, after saving as copy it deletes the date and location of the photo! That obviously messes up the order (it puts it last).  I have reinstalled the all completely. Even that didn't help. I can't use the enhancement function anymore.  Anyone, please suggest something. Can't find anyone on Google having the same issue. Getting out of ideas here..",https://www.reddit.com/r/googlephotos/comments/tzd40k/save_as_copy_deletes_location_and_date/
Reddit,r/googlephotos,post,2020-06-12T07:26:23.458000+0000,25,Google Photos working on built-in ‘Explore Map’ to view by location [APK Insight],https://www.reddit.com/r/googlephotos/comments/h7g5og/google_photos_working_on_builtin_explore_map_to/
Reddit,r/googlephotos,post,2022-11-15T17:14:02.355000+0000,1,Does moving photos & videos location to SD card on android mess up Google Photos sync? - Hey guys!!   I have a SD card for my Huawei P30 (nano memory card) and want to move all my photos & videos to free up space.  The one thing I am worried about is if I change the location of the folders on my phone it will confuse the Google Photos app and stop syncing properly.. or even try and re-sync everything 😱 Anyone done this before?,https://www.reddit.com/r/googlephotos/comments/yw3fpc/does_moving_photos_videos_location_to_sd_card_on/
Reddit,r/googlephotos,post,2020-01-01T21:14:16.721000+0000,1,"Amazon Photo. Amazon Photo is great for free (with Prime) backup with no compression, but facial rec, search, TV viewing and download options currently weak vs Google. Due to big library and dupes, I have 100gb/60k photos. I will likely use Google and some iCloud for photo finding and sharing.",https://www.reddit.com/r/googlephotos/comments/einwbr/amazon_photo_amazon_photo_is_great_for_free_with/
Reddit,r/googlephotos,post,2021-08-05T09:09:41.292000+0000,2,Is it possible? To have Google Timeline automatically update my location history based on my newly GPS tagged photos in Google Photos - My google timeline location history begins around 2013. In my google photo library I have photos from around 2007. The photos don't have GPS tags yet. Ideally what I would like to do is the following:   1. I manually GPS tag a certain photo on my hard drive using 'adobe lightroom classic' (map module is super useful)  2. The 'Google sync and backup' app uploads the photo to my 'google photo' library. 3. Based on this new photo 'google timeline' updates my location history (i.e. on 3/5/2008 at 10:15 I was in the location that the picture was taken).   Is this even possible? If not how to achieve this with least amount of manual work? Many thanks!  Sorry for posting it here but I did not find a subreddit dedicated to google timeline.,https://www.reddit.com/r/googlephotos/comments/oydr1m/is_it_possible_to_have_google_timeline/
Reddit,r/googlephotos,post,2016-08-11T15:50:15.721000+0000,3,"In iOS, you can set OneDrive to upload your pictures in background whenever you change location. Can google photos do this? - Hello all!  Honestly, I've heard about Google Photos for awhile, but never decided to jump aboard. Now with the latest, dumbest thing that Microsoft did with cutting down the free storage quota, I thought maybe I should try Google Photos.  #WOW  I was really blown away with how cool it is and even reliable, I could go on you know! **Even though face recognition found only three faces in a bunch of 50+** Is that okay? It's been 24 hours now.  Anyway, in iOS, you can set OneDrive to upload your pictures in the background whenever you change location. **Can Google Photos do this too?**",https://www.reddit.com/r/googlephotos/comments/4x8o0q/in_ios_you_can_set_onedrive_to_upload_your/
Reddit,r/googlephotos,post,2024-08-06T17:44:39.131000+0000,358,"Google just banned my entire account due to ""child abuse material"" by mistake. - I didn't download or upload anything that that could even remotely be mistaken for cp. I don't even use Google for photos.   All my pictures are just work related stuff. How is this even happening? It goes with saying I don't do anything cp. If I did, I wouldn't be dumb enough to post this.  How is Google really gonna accuse me of such a serious crime with zero evidence?  Also, could this be a virus? Could Google have mistaken a virus as cp on my phone? Would the appeal see the difference? I don't know what to do. I've got hundreds of hours worth of written materials very important to me in docs. I can't loose that.  UPDATE: 8/8/2023 I've atleast found a sneaky little way of saving my written materials in docs. I'm able to make them available offline, switch to airplane mode, then reopen the doc, where I can then do the ol'copy'n'paste into a new word doc. Take THAT GOOGLE! My books will live on!",https://www.reddit.com/r/googlephotos/comments/1elo5hz/google_just_banned_my_entire_account_due_to_child/
Reddit,r/googlephotos,post,2025-05-30T13:43:41.017000+0000,248,"TIL: You cant easily bulk delete old photos. This is a dark pattern. - Today I learned (the hard way) that in 2025, **Google Photos still doesn't allow you to delete large numbers of photos in a simple, intuitive way**.  You can select up to 500 photos at once. Great. But only after waiting for the scroll to load thousands of pictures manually. Then you get to repeat this a dozen times if you're cleaning up years' worth of junk. There's no ""select all before 2020"" button. No date filter. Nothing smart. Just brute-force scrolling.  Instead, you get a helpful message: *""Remove large videos or consider buying more storage.""*  I can't think of any honest technical reason for this limitation. It's either:  * a dark pattern to nudge people toward paying for more storage, or * complete design apathy from a trillion-dollar company.  Either way, it's frustrating that such a basic operation is made so deliberately slow and user-hostile.",https://www.reddit.com/r/googlephotos/comments/1kz4knp/til_you_cant_easily_bulk_delete_old_photos_this/
Reddit,r/googlephotos,post,2026-01-29T03:27:39.471000+0000,210,"The wave of users leaving google photos - For starters, I haven't yet been flagged but I have seen enough horror stories about it that I can't trust google anymore. Except of photos I am using it for work, which makes a risk of a random ban unacceptable.  I have already moved the storage, emails and photos to more secure clouds, but I still don't seem to understand the reason for why is it even happening.  I really used to love google, how easy and user friendly their products were, and for their high efficiency. Now it seems like it's all falling down, even gemini goes dumb with the shortened context window.  What do you think about the reason of this decline, are you afraid of smth happening to your stored content?",https://www.reddit.com/r/googlephotos/comments/1qpxbyu/the_wave_of_users_leaving_google_photos/
Reddit,r/googlephotos,post,2024-03-01T03:01:48.991000+0000,208,"Google Photos Toolkit - Userscript to bulk organize your Google Photos library - Hi.   I've spent then last two months learning webdev to make this tool.   My main goal was to find all space-consuming media in my library to reupload it with OG Pixel. The official API is very limited, so at first I tried automating web ui, which was painfully slow and janky. Then i looked in reverse engineering the web api, and it was actually easier than i expected.  Since i did not know any webdev making the ui was really a challenge :D  Though, I did not stop at just filtering for space-consuming media, so now it is quite a powerful tool to manage your library.     I'm sure you'll find it useful too!  [https://github.com/xob0t/Google-Photos-Toolkit/](https://github.com/xob0t/Google-Photos-Toolkit/)",https://www.reddit.com/r/googlephotos/comments/1b3joj7/google_photos_toolkit_userscript_to_bulk_organize/
Reddit,r/googlephotos,post,2024-10-14T02:16:03.116000+0000,190,"It’s almost time. They’re closing in on me.  - I’ve been using Google Photos since 2016. Free unlimited storage was revolutionary. The announcement that free storage would be limited to 15GB beginning in June 2021 was devastating, though understandable.   As a minimalist, my upside was finding motivation to keep decluttering my photos to stay under the limit. For years, I’ve cleaned up my photos on a monthly basis and compress videos as needed (such as videos where I just need audio rather than the physical video). It’s heightened my Google Photos experience as I really do see only the images I love, and the Google-led “revisit this day” or “we made a collage for you!” highlights always feature great content.   Of course, I’m also aware the storage isn’t isolated to Google Photos. I’m a zero-inbox kind of girl and also cull my storage across Docs and Sheets. I’ve always prided myself on not paying for monthly subscription services unless they’re utilities.  But my time is running out. My days are numbered. I’m at 91% storage. I cull enough to remove the pop-up warnings, but they’re getting more intense. My culling isn’t enough. I’m running out of photos to delete. I’m getting daily reminders that soon, I won’t be able to back up photos or receive emails.  It’s almost time. I’ve had a good run. Soon, I pay $1.99 monthly. Soon, my life changes.",https://www.reddit.com/r/googlephotos/comments/1g35ucc/its_almost_time_theyre_closing_in_on_me/
Reddit,r/googlephotos,post,2021-10-05T13:40:34.245000+0000,184,"Re-uploading photos from High Quality to Original Quality - This is instructions on how to **re-upload photos in Original Quality** when you have already uploaded them in High Quality(Storage Saver mode).  I searched multiple places and the procedures available are either using  3rd party tools like EXIF or ""deleting and re-uploading"" which is a PITA when your photos are mixed.  So I digged around and the below method worked for me. This question is asked in this sub itself multiple times. Posting here just in case some one needs it.  First, here are my assumptions about how Google Photos detect duplicates and avoid re-uploading duplicates. This is the reason people are complaining they can't upload OG quality once High Quality is uploaded.  You can **skip this section** if you **just want instructions**.  1. Google has ""upload mode"" set for each device. In your phone it maybe Original Quality. In [photos.google.com](https://photos.google.com) in your browser it might be High Quality. So the idea is different devices can have different quality to upload. 2. If you upload a photo, google compresses it to ""High Quality mode"" and calculates a hash for it 3. It also calculates a hash for OG quality photo 4. If either of the hash are present, google knows the photo is present already 5. So based on the ""upload mode"" of the device, google chooses whether to replace the already present quality  We are using the above behaviour to re-upload original quality photos.  **Instructions on re-uploading  High Quality to Original Quality again :**  1. Copy all your OG quality photos to a PC/Mac to a folder 2. Go to [photos.google.com](https://photos.google.com) in browser and login 3. **Set the upload mode to original quality in settings in browser. This step is crucial**. You might have made this in your phone/app already. But you have to do it again in your browser 4. Select all photos and drag all the photos and drop them in the [photos.google.com](https://photos.google.com) window 5. All the High Quality photos will be replaced by Original Quality photos  I uploaded 2000 photos like this and it worked. All my high quality photos were replaced with OG quality photos. No duplicates too. Obviously it'g going to take a lot of time (1 to 2 hrs for 2000 photos). Make sure you have stable internet and your laptop doesn't sleep. Or do it in batches of 500/1000. Whatever you feel comfortable with. That's all!  Also google gives file name higher priority than metadata to determine a photo position in timeline. Say your filename is IMG\_20191011\_155051, then it will be displayed in October 11, 2019. So your timeline will be fine too.",https://www.reddit.com/r/googlephotos/comments/q1wlxk/reuploading_photos_from_high_quality_to_original/
Reddit,r/googlephotos,post,2020-11-22T16:29:39.187000+0000,183,"PSA: I found an alternative to Google Takeout for getting my 94,000 photos out of Google Photos - Lately, I've been trying to get a reliable backup of my Google Photos so I can move to iCloud or just plain have a decent offline backup. I've used Google Takeout, but the resulting file structure is a mess. Not only does the archive size get artificially blown up, but there are some other problems with takeout.  **The problem with takeout:**  * Any albums you have result in an album folder in the archive with a duplicate file of the original...resulting in massive archive sizes. * Any photo you changed the metadata on (like the date) has this metadata in a Json file rather than the exif data modified. * You end up will a million little folders which makes it unwieldy to use with other services.  &#x200B;  I decided to try to download my photos directly via the UI... but you can't download more than 500 photos at a time...till I found the workaround:  &#x200B;  **The Workaround:**  I figured out that I can use a special technique to select all the photos from a single year and put them into an album. Once I've created the album, I can download the whole album via the UI, and it creates a single zip with all the photos. Best of all, the file creation dates are adjusted based on the metadata so no having to mess with exiftool to try to parse the JSON files.  * Find the last day of a year in Google Photos * Select the last photo. Then begin scrolling backwards through time towards the first day of that year. Don't try to select the whole year at once, it won't let you. * As you scroll down, every 300-500 pics or so, **while holding down ""shift""** select the next bunch. Keep doing this till you have the whole year selected. If you scroll too far, you can't select.. just scroll back up till it lets you add to the selection then keep continuing. For me about 4 flicks of my mouse scroll wheel was a good rule of thumb for how many I can shift-select at a time. * Once you have the whole year selected make an album. I named mine 2020,2019,2018 etc... * You can then download the albums one by one. Yes it is time consuming on the front-end, but it saves me lots of backend processing. * Finally, once on my Mac... I wrote a finder ""smart folder"" to filter out any "".mov"" files that are under 10mb and have a duration less than 4 seconds. This quickly isolates all of the ""Live Photo"" movies that Google stripped out of the originals and lets me kill those (I don't care to keep them). * Bonus for me, I have a bunch of duplicate photos from 2013-2001 that were created by Picassa back in the day. It will be easy to filter those out because the dupes have a common naming convention.  &#x200B;  Of course now I need to sit there and wait for like 2 weeks while my crappy 35mbps upload speed loads images to iCloud. :) I may go camp out at my friend's house to use his symmetrical gigabit fiber.  &#x200B;  &#x200B;  **Update: Dealing with Duplicates:**  I found an AWESOME app in the Mac Appstore. It is called Photo Sweeper. It can go through folders on your hard drive or even your Apple Photos library and de-dupe regardless of filenames/metadata differences. It basically looks at the photos based on a histogram or bitmap to compare similarity and is pretty darn accurate. You can dial up or dial-down the matching sensitivity. It has saved me literally HOURS of work. It ain't free at $9.99, but it has saved me WEEKS of mind-numbing error-prone work, so totally worth it. I find I need to run several passes with various settings to catch them all, but it beats doing it by hand.",https://www.reddit.com/r/googlephotos/comments/jyyg53/psa_i_found_an_alternative_to_google_takeout_for/
Reddit,r/googlephotos,post,2024-04-03T18:23:28.128000+0000,134,"What happens when you stop paying for google storage? Other storage options?? - So much anxiety around this. Im a broke stay at home mom who cant afford to keep paying google anymore. Been using google photos since it came out. I take ALOT of hq photos. Especially since having a kid, these photos are very important to me so i started paying for storage 2 years ago. I like having them all accessible whenever i need and i go back often. My storage is getting eaten up lighting fast and i cant afford to pay $30 every single month when i eventually reach 5TB, and it just gets worse and now im stuck paying google for the rest of my life. I created a new google account (which i was really trying to avoid at first) and used up the 15gb right away so now im paying two memberships! This isnt sustainable. Help 😩 What happens if i stop paying for the storage for the original account? Will i loose access to my email/photos? It is my main email for everything i cannot loose it. What should i do, what is the alternative? Is there another cheaper unlimited storage option out there??   Im in Canada",https://www.reddit.com/r/googlephotos/comments/1bv00jj/what_happens_when_you_stop_paying_for_google/
Reddit,r/googlephotos,post,2026-03-11T05:38:34.514000+0000,132,Unknown ban and got blocked to my 10 years of images. Never use Google Photo again - They banned me without any reason and can't appeal.   No alternative to allow downloading the images.  I was terribly wrong to use Google to back up 10 years of my life. Now it's all gone....  What's more? 1 or 2 years ago they wiped 5 years of my Google Maps timeline.,https://www.reddit.com/r/googlephotos/comments/1rqlcsb/unknown_ban_and_got_blocked_to_my_10_years_of/
Reddit,r/googlephotos,post,2025-12-20T13:29:05.539000+0000,130,"Account restricted because of child policy violations - About 6 months ago i started paying  and using google photos as my main backup for convenience. and simultaneously once in a while upload an old folder/album from my IDRIVE backup that was my main backup for a long time.  Yesterday i uploaded a big old whatsapp folder from 8 years ago when i was 15. the folder contained thousands of pictures that I sent to my friends and family and they sent me. As well as a lot of memes stickers and spam.   Today I got a massage from google that my google account is restricted for violating googles child abuse policies. If i could guess it is probably one of the whatsapp stickers that was sent to me.   Unfortunately I relay on the google ecosystem and use a lot of their services on the daily (mail, Drive, photos, backups, passwords, payments etc…) and I am terrified of losing it all just because of a flipping NSFW meme or something that I was sent when I was a kid.   I asked both gemini and chat GPT if i should send google an appeal and gemini said I should and it can clear my name and GPT said I shouldn’t cuz they can ban my account after manual inspection.  I have already put about 600g of memories into google photos and moving them out is such a pain but I think is necessary move.  I still don’t know were and I would like suggestions, I LOVE the smart features of google photos such as accessibility of all the photos I ever had from anywhere in a blink, face recognition, maps on google photos, etc..   So if you have suggestions what moves I should make and what service I should move to I’d love to hear them  Thanks a lot guys  🫶",https://www.reddit.com/r/googlephotos/comments/1predfi/account_restricted_because_of_child_policy/
Reddit,r/googlephotos,post,2025-02-18T13:05:17.819000+0000,130,"Google Photos and Takeout: Worst decision I ever made. - I've had a few issues with Google Photos over the years, these combined with a general lack of control over organisation, as well as the ever-increasing data harvesting, so I decided to takeout everything and start again elsewhere with a more appropriate service.  That's when I discovered the true horror of Google Photos. Once it's up there, it's game over. Takeouts are unreliable, downloads failing, photos missing, and then... the metadata issue.     So now I have 1.5 TB of a mess of takeouts and photos, some (presumably) fixed thanks to:  [https://github.com/TheLastGimbus/GooglePhotosTakeoutHelper](https://github.com/TheLastGimbus/GooglePhotosTakeoutHelper)  some undated, some just missing completely (4 months gone!), some in the wrong times, screenshots and crap mixed in with vital family photos...     My question is, given all these tools:  [https://github.com/TheLastGimbus/GooglePhotosTakeoutHelper](https://github.com/TheLastGimbus/GooglePhotosTakeoutHelper)  [https://github.com/anderbggo/GooglePhotosMatcher](https://github.com/anderbggo/GooglePhotosMatcher)  [https://github.com/mattwilson1024/google-photos-exif](https://github.com/mattwilson1024/google-photos-exif)  [https://github.com/alexdachin/gophix](https://github.com/alexdachin/gophix)  [https://github.com/simulot/immich-go](https://github.com/simulot/immich-go)     most of which are seemingly abandoned or require a massive overhaul of your storage and Docker shenanigans...  How on earth do I fix my photos? How do I reunify my photos with their metadata correctly?    I can't check almost 10 years of photos manually and I can't remember any better than Windows seems to be able to. Some of these scripts work but not without leftovers, especially when it comes to videos which they seem to ignore completely for the most part in my case.  It causes so much stress any time I try to tackle this herculean task and I'm just at my wits end.  One solution, moving forward of course, is to stop using Google Photos. I feel sorry for those who have not yet discovered what they're doing to their memories.     Any advice?",https://www.reddit.com/r/googlephotos/comments/1isc82e/google_photos_and_takeout_worst_decision_i_ever/
Reddit,r/googlephotos,post,2026-04-25T15:18:08.190000+0000,130,"Snapback - Free Google Photos downloader update - Follow-up to the [post](https://www.reddit.com/r/googlephotos/comments/1r7840k/free_chrome_extension_to_downloads_your_google/) a couple months back       [Snapback](https://metadatafixer.com/snapback) — free Chrome extension that downloads your Google Photos directly from [photos.google.com](http://photos.google.com), no Takeout, no waiting, no 50GB ZIPs.   We're stable for everything we've tested, including 1.8 TB libraries in a single session. We release a new version once or twice a week      **What changed since then:**  * Download/scanning pipeline rewritten. The mid-library stops, 7-10% stalls, 100GB cutoff, output folder timeouts, never-recovering hangs — all gone. * Albums downloader reworked. URLs were expiring mid-operation, which is why shared-album downloads were failing for some of you. Fixed. * Sessions persist and resume from where they died. Resume button at the bottom of the screen. * Live Photos now download matching Takeout's output format. * ""Show only photos taking up storage"" filter shipped. * Album selection shipped. * Public issue tracker at github.com/metadatafixer/snapback.  **What's next:**  * **Tell me what you actually need.** The ""show only photos taking up storage"" feature came out of one comment in the last thread describing a Pixel 1 storage situation we'd never have thought of. We can talk to Google Photos pretty deeply — if there's something you wish it let you do and it doesn't, drop it in the comments. Half of what sounds impossible probably isn't. * **Incremental sync as a first-class flow.** One-button ""sync my Google Photos to my drive"" — only pulls what's new since last run to pre-configured folder. This is the obvious next thing. * **Shared-with-you photos via the same flow as full-library download.** Right now shared albums work, but loose shared-with-you photos don't get the same treatment. * **Per-folder/per-file download status UI.** Honestly the hardest to build and the one I'm least sure about value-wise. If you have an opinion on why this matters for your workflow, tell me — I want to calibrate against actual use cases before sinking time into it.  **Thank you to the people who directly shaped what shipped:**  * u/Psion444, u/vx15i, u/a8ree, u/SwordfishAncient, u/eternal_peril — download stability reports across different failure modes. The download/scanning rewrite came out of this cluster. * u/a8ree — also pushed for a public issue tracker. The GitHub repo exists because of that comment. * u/Several-Razzmatazz70 — three issues in one comment: no diagnostics, lost session params when reopening the sidebar, ambiguous duplicate behavior. Most of v1.9.12 is downstream of that. * u/alandala — high failure rate on shared albums. Same root cause as the URL expiry above, fixed in v1.9.12. * u/fine_pine — careful side-by-side against Takeout. Caught the missing `-edited.jpg` files, and confirmed the altitude-zero behavior is a Google API limitation we can't work around. * u/I_didnt_forsee_this — proposed embedding album markers in metadata so albums can be reconstructed post-download. Shaping how I'm thinking about album preservation. * u/3vil-monkey — pushed for album selection. Shipped. * u/adantzman and u/Rai_11 — asked for ""show me only photos that actually take up storage."" Shipped as a checkbox.",https://www.reddit.com/r/googlephotos/comments/1svexsn/snapback_free_google_photos_downloader_update/
Reddit,r/googlephotos,post,2022-02-18T23:09:31.154000+0000,105,"Download Google Photos with all metadata at once (natively) - Not sure if many have already known this. I’ve been trying to pack up my google photos. Google take away is the most obvious one but it separates metadata from the photos and makes the photos very difficult to manage afterwards. By tinkering around, I’ve found a way to natively download from Google photos directly, up to 20,000 each time. Here’s how I did it.   First, we need a full cache of the catalogue. Go on your google photo page, click on the tick of the first photo on the top (to select it), then use page down (or option + down on a mac), to load the thumbnails on the way scrolling down. Make sure that the photos are loaded continuously. This can be done by Shift-click one of the photos. If it loads right, then Shift-click should select the photos in between the first one and the one clicked (also blue shades when press down shift and move the cursor). If you don’t see this, means there are some blocks in between that haven’t been loaded, then use Page Up (or option + up on a mac) to go up, until you don’t see grey blocks in between.   Use this way, select up to 20,000 (this is the maximum number of photos can be for an album, which will be downloaded later). Then put the selected photos into a new album, name it with the dates included. Do this to all the photos. In my case of more than 70,000 photos, this is 4-5 albums.   After all the photos are in the newly created albums, open the albums “in a new tab”, download all the albums one by one using Download All for each album, hopefully this time it won’t be too tedious.   When all the photos are downloaded, go back to the photo tab. Since the page cache is still there, simply shift-click the first and the last of the photo, then delete them all (if the cache isn’t continuous, then shift-click won’t work).   TL;DR - downloaded photos have all the exif and metadata with them. This was achieved by shifting select and photos and putting them into albums for batch download later. Scroll the whole catalogue to allow shift select to work.   I hope this helps.",https://www.reddit.com/r/googlephotos/comments/svv751/download_google_photos_with_all_metadata_at_once/
Reddit,r/googlephotos,post,2024-09-22T15:28:50.826000+0000,99,"Search is absolutely atrocious now. - I have used Google Photos since 2015, at the time when owning a Google Nexus/Pixel phone entitled you to special perks, unlimited storage being one, until they removed device-specific exclusive features a few years back.  It has always been my godsend for finding specific photos from years gone by, thanks to the search function being so pinpoint using the littlest of terms.  If that didn't work, typing in specific keywords paired with quotation marks on each side, at least for me, would succeed without fail the majority of the time, for things like comics, memes, signage, DVD covers, etc.  In recent months, thanks to Google's unnecessary shoehorning of Gemini/AI (which is merely a buzzword), it now feels nearly impossible to find anything, and is the equivalent of pulling teeth out when you attempt to.  The new ""Best match"" tab is useless and mostly inaccurate, with nonsense ""matches"".  I really do hope the search functionality irons itself out in the coming months, but the one perk that made Google Photos very useful in a pinch to me is gone. 😞",https://www.reddit.com/r/googlephotos/comments/1fmvxd6/search_is_absolutely_atrocious_now/
Reddit,r/googlephotos,post,2025-03-15T05:18:21.034000+0000,89,"Google makes it intentionally impossible to download your photos doesn't it? - I've tried three separate times JUST to download my large video files to clear up space. I'm researching self-hosting something maybe nextcloud eventually but I've got a pretty steep learning curve before I can do that. I'm doing it in chunks of 100 since that's the limit. Except I can't get past the first 100... Every time I try, after waiting 45 minutes for them to download, I attempt to extract the files from the .zip and get a popup that says ""An error occurred while loading the archive.""  Please someone tell me there's a solution here 🥲 I'm ready to ditch Google photos forever tbh but they're holding years of sentimental family photos hostage.",https://www.reddit.com/r/googlephotos/comments/1jbnzix/google_makes_it_intentionally_impossible_to/
Reddit,r/googlephotos,post,2023-06-16T20:36:46.711000+0000,88,"Gotta be a way to access google photos from desktop folder/drive, right? - I just spent an hour trying to do something I assumed would be easy. Accessing Google Photos via Google Drive.  I'm now reading that it's not possible, but hoping there's a workaround.  Goal is to easily find/select photos from within apps: Word, Outlook, Whatsapp, Messenger. Currently I'm going to Google Photos web, downloading photos, back to the app, inserting/attaching. I don't need local backup, streaming is fine. Any way to do this?",https://www.reddit.com/r/googlephotos/comments/14b7d38/gotta_be_a_way_to_access_google_photos_from/
Reddit,r/googlephotos,post,2025-11-09T20:09:08.489000+0000,84,"Magic eraser no longer magic? - Since the fairly recent Google Photos update the magic eraser is a bit useless. Especially for objects like wires/cabling. Also it is slow to respond and frustrating on a Pixel 8 Pro. The magic eraser used to instantly find items to remove and erase without any prompt or direction and was also very good at erasing objects ""you told it to"".   Now it does not suggest anything or very minimal suggestions, and even telling it what to erase is hit and miss (and as the attached example is now very poor for certain objects.   Ever feel like we are beta testers for Google app?!",https://www.reddit.com/r/googlephotos/comments/1ostc5z/magic_eraser_no_longer_magic/
Reddit,r/googlephotos,post,2023-05-08T08:40:11.999000+0000,82,"Unlimited Google Photos Storage Using Partner Sharing - I don't frequent this sub so apologies if this is already a well-known thing, but I tried searching for past posts on here but I can't find anything that relates to this ""hack"". Though I did find a 6 day old [YouTube video](https://www.youtube.com/watch?v=hjMCcod6mCM) which says the same thing but I find my own way a bit tidier.  BASICALLY, you make a second google account wherein all future photos will be uploaded but it will be partner shared to your main account. The caveat for this hack is that this only works if you don't really use partner sharing with another person since you can only share with one account.  Once partner sharing is set up (it's easily googleable), there is an option wherein the photos uploaded on the second account automatically gets saved to the main account's main library. Turn that option on, this is important. Then turn off auto-upload from the Main Account and turn it on on the Second Account. This way, all new photos will be uploaded to the Second Account but in turn will also be automatically shared and uploaded to the Main Account.  The great thing about this is that 1. This only counts against the storage limit of Account Two and more importantly, 2. ONCE YOU DELETE THE PHOTOS FROM ACCOUNT TWO, IT STILL STAYS ON THE MAIN ACCOUNT!!  Yes, I did try it multiple times and and I can confirm. To make it crystal clear, I uploaded a 4gb movie file I had on Account Two. Once uploaded, it was automatically partner shared to my Main Account and did not take up additional storage there (it was already maxed at 14.something gb anyway). I then deleted said movie file from Account Two, and it is still available on my Main Account and my Account Two's storage is back to the full 15gb. To make 100% sure it was in my Main Account forever, I even turned off partner sharing with Account Two, movie is still there. I started partner sharing with my third account, and the movie is still there.  So in essence, you can upload media up to 15gb at a time and once Account Two is full, you can delete everything on there so your storage is now back to 0gb.",https://www.reddit.com/r/googlephotos/comments/13bisc3/unlimited_google_photos_storage_using_partner/
Reddit,r/googlephotos,post,2024-06-24T16:46:16.517000+0000,81,"Google Photos uses evil/ immoral practices to force you to pay - The app is designed that you can't just stop using google photos once your storage is full and you don't want to pay for a subscription monthly to get more storage. When you try to delete photos, photos are deleted from your phone as well. But you probably don't wanna erase those beautiful memories from your Gallery. Sure, you could save these photos to your Pc, but that way they are not placed in a context, with a date and where you can exactly see, what happend before and after. And uninstall/ remove permission is not an option either, because you can't access old backed up photos maybe taken on an old device and which are not on your current phone Gallery.  So once you made the mistake to use google photos, you are forced to pay a subscription once your storage is full. But what makes this practice of making money so disgusting is that google plays with your memories and feelings. When you're almost out of storage, they send you an email every few weeks saying you will lose your ""beautiful"" memories und you won't be able to receive emails if your not paying. And deleting photos from Google Photos is not an option, because they access you Gallery and remove your photos from your private Gallery in order to force you to pay for a subscription. It's pay or you get rid of your photos and memories.  So my advice is to remove backup and sync. Than move some photos and videos to your Gallery's secure folder. Next, delete the photos from Google Photos and move the photos from secured folder back to the Gallery. That way Google can't access and delete your photos in your Gallery. The backup symbol in Google Photos disappears and the photos are still in the Gallery in place and order. You have enough storage to receive emails and you use your phone Gallery from now on. Make manual backups on your pc and view photos on pc with link to windows or a cable.  Of course every company tries to make money, but those practices are disgusting. The fact that they delete your photos from your private Gallery and try to arouse fear that you will lose something you love. Completely evil and immoral with the intention to force you to pay at all cost.",https://www.reddit.com/r/googlephotos/comments/1dni5av/google_photos_uses_evil_immoral_practices_to/
Reddit,r/googlephotos,post,2024-04-26T13:51:03.210000+0000,73,"Don't be evil, Google. Show ALL files sorted by size - Eventually all of us will want to reduce the total file size in Google Photos, to stay under our storage limits. (15GB, or 100GB, etc...)  It's a common question for Google Photos users to want to show ALL of our photos and videos, sorted by size.   It appears that Google deliberately doesn't provide that trivial capability. Because: if they make it difficult to reduce storage size people will cave and start paying for additional storage   It's a TRAP!   If you are the type of user who consumes all your storage in Google Photos at 15GB, then inevitably you'll consume all your storage at 100GB too. And it becomes increasingly difficult to STOP paying for storage.   Kudos to Google for a clever long term trap. I suspect they'll make a ton of money from it.   Meanwhile...  I'm at my storage cap and I'd like to selectively remove my larger files.  (""The Goal"")  Google provides some very token tools for this. Their ""storage quota management"" aka ""manage storage"" tool only shows the top 16 largest files.   All they would have to do is let that interface continue to show ALL your files. But they stop at 16.  So once you've deleted your largest crappy photos you're left with your largest good photos, those you want to keep. Now the interface is USELESS.   Their ""remove blurry photos"" is a bit better, but if your large photo isn't blurry you're out of luck.  The only way I've found to accomplish this is extremely manual and time consuming:  1) get all you photos using Google Takeout 2) sort by size 3) make a list of the largest files you want to delete 4) back in Google Photos, individually search for each filename, one at a time, and delete the files one at a time.   Google could trivially solve this, but they don't, because not solving it makes them money. They are exchanging a large amount of pain (to the users) for regular monthly payments.  DON'T BE EVIL, GOOGLE.  Has anyone figured out a way around this problem?  Ideally:  I'd like to be able to show ALL my files stored in Google Photos, and be able to sort by size, and filter by ""uses storage"".  Is that too much to ask?",https://www.reddit.com/r/googlephotos/comments/1cdly18/dont_be_evil_google_show_all_files_sorted_by_size/
Reddit,r/googlephotos,post,2020-06-06T08:05:02.148000+0000,67,"It's June 2020, why does Google Photos still not have a Map View for where your photos were taken? - This should be considered a basic feature of a Photo storage system. And Google runs Google Maps! That's what everyone uses for their Map View!! They own it!! It's theirs!! How does it not exist yet??  But this is the same company that introduced a Location Tagging system into Google Photos that is based on Business Names. Good luck tagging any photos taken at your house, or in nature, or anywhere that's not strictly under the business address pindrop location. It's just so much facepalm. (I also want to rename the metadata fields, such as the Device Name field.)",https://www.reddit.com/r/googlephotos/comments/gxmwrv/its_june_2020_why_does_google_photos_still_not/
Reddit,r/googlephotos,post,2025-07-25T19:54:40.462000+0000,66,"Freeform crop gone in July update ? - Since the recent Google photos update, I can't seem to find the freeform crop (or whatever it is called) in the new editing UI. Am I missing something ? (And enjoy this pouvoir of the Tour de France 🫡)",https://www.reddit.com/r/googlephotos/comments/1m994wl/freeform_crop_gone_in_july_update/
Reddit,r/googlephotos,post,2024-03-06T22:55:32.141000+0000,64,"How I was able to download and quickly tag 100K Photos - I'm not an expert by any means.  I've only owned a Mac for 1 year.  However, with a bit of reading and experimenting, I was able to download 750+GB of photos spanning 20 years. I had over 110,000 photos and videos backed up to Google Photos and I wanted to download them to store locally for a couple of reasons. There are stories of people losing access to there Google Photos whether by Google deleting accounts or disabling them for taking pictures of your own kids. . . So I began the journey of finding a way to get all my photos so I could have a local copy on-site and off-site. Unfortunately, this is a painstaking process and not very user friendly. I have 1000's of photos and videos in RAW, 1080P and 4K format. There are paid services that will help to download your photos and videos, however, they don't always work 100% or don't download everything at 100% Original Quality which is a must for me. . . So, this is what me, a non-techy person did to get all my photos and videos at 100% quality with the proper tagging, including original creation dates and tags of people in my photos which GooglePhotos did in the background. . ##***1. Download via GoogleTakeout*** On the Google Takeout page, I deselected everything except Google Photos. Then I clicked on ""All photo albums included"". Next, I deselected everything except the folders by Year. For example, I only had checkmarks for ""Photos from 2007"", ""Photos from 2008"" etc... Then click OK. Scroll down and click Next Step. I set my export to ONCE and used 50GB File Size. Click on Create Export. I waited 1 day and came back to 16 ZIP Files. I downloaded 2 to 3 ZIP files at a time. This took me 2 days to downlaod all my Zip Files. . ##***2. Unzip All Files*** It's important to unzip all files into 1 folder. I personally unzipped 1 zip file at a time. My file called ""takeout-20240223T052037Z-001.zip"" contained the following: Takeout > Google Photos > Photos from 2007. Photos from 2008. Photos from 2009.  and so on..  I made sure to unzip all my files to 1 folder **""Takeout""**. After unzipping all my files, I had a little over 226,000 files which includes, jpegs, heic, mp4, mov, etc...   ##***3. Tagging Names and Creation Dates*** Great!  I have all my photos and videos.  Success!!! Oh, wait, what the hell are these JSON files? And why are all my photo's creation date todays date? Oh my God!  This is a disaster.... So this is where I went down a rabbit hole trying to find an easy way to update my creation tags so my computer didn't say todays date but the date the photo was actually taken and not downloaded to my PC or uploaded to Google Photos.  This is where I spent countless hours reading and looking up tools that could help.  Most tools require a payment and access to your account. Well, this is where ExifTools saved the day.  Exiftools is open source and free.  Unfortunately, there isn't really a nice GUI to make it noobie friendly.  Even worse, I've only been on a MAC for 1 year so I am by no means a Mac Daddy. Fortunately, my Google-Fu isn't too shabby and I was able to find some commands that I tweaked for my downloaded photos. The following Exiftools command helped me tag all photos in a matter of a few hours. . . So I want to share what worked for me. Please know, this is what worked for me.  I strongly encourage you to not to delete the zip files in case something goes wrong and you need to start over.  You don't want to waste days redownloading and unzipping files all over again. . . Here are the Exiftools commands I used on my Mac Mini M2 Pro which does not have a mechanical hard drive.  These commands updated tens of thousands of files in a few hours thanks to the high speed onboard flash storage (1 TB). . Use these at your own risk. . .    #**ExifTools Commands**   **Command to read tags**   This command, which [I got from here](https://exiftool.org/forum/index.php?topic=11841.0), will let you see all the tags a JSON file is holding for one specific photo. To use this command, you will need to navigate to the directory of the location where the file is located first via Terminal or CMD. . For example. Let's say my photos on my mac are stored in the following Mac directory: . *Users > spacecitygladiator > Downloads > Photos from 2007*  Once I navigate to this directory via terminal or cmd, I would then enter the following command to pull the tags for my photo: .      ***exiftool -g1 -a -s  spacecitygladiator.jpg.json***    .      Terminal or CMD will now display all the tags for the photo called ""spacecitygladiator.jpg""  This is a great way to verify what information the JSON is holding, such as creation date, names of people, etc..   .   .   **Command to write name tags**    Using the previous read tags command, you will be able to see if any of your JSON files contain names of people that you or Google Photos may have tagged.   If you used the previous read tags command, you should see a field called ""Peoplename"". If that field happens to contain a name, it will be written to your files using the command.   The command will batch update all the names in a specific folder.   The command will not read or write files in any subdirectories as far as I know.  At least it did not when I used it.   .  .  For example.   Let's say I have 10,000 photos on my mac stored in a folder called ""Photos from 2007"" which is saved in my Downloads folder.   Using Terminal, I would navigate to the following directory:   .   *Users > spacecitygladiator > Downloads > Google Photos Takeout > Takeout > Photos from 2007*   .   Next, I would use the following command to read and write the ""PeopleName"" tag from the JSON files which [I got from here](https://exiftool.org/forum/index.php?topic=11841.0) on the Exiftools Forums:   .   ***exiftool -TagsFromFile ""%d/%F.json"" ""-Subject<PeopleName"" /Users/spacecitygladiator/Downloads/""Google Photos Takeout""/Takeout/""Photos from 2007""***   .   .   You will see Exiftool update the jpegs in real-time via Terminal.   On my Mac Mini M2 Pro, it took about 10 minutes to update 10,000 files.     Once finished, you will see the results in Terminal, including how many files were updated and skipped.   .   .   **Command to update Create Date** When you download your photos from Takeout, the creation date on your computer will be the date the computer downloaded and created the file. However, the actual creation date is saved in the metadata of the JSON file. Using the same example as above, with my photos stored in the same location as above, you can use the following command which [I got from here](https://exiftool.org/forum/index.php?topic=7843.0) the Exiftool Forums:   .   ***exiftool ""-filemodifydate<datetimeoriginal"" ""-filecreatedate<datetimeoriginal"" /Users/spacecitygladiator/Downloads/""Google Photos Takeout""/Takeout/""Photos from 2007""***   .   .   I hope this helps someone who's looking to do something similar.",https://www.reddit.com/r/googlephotos/comments/1b8e04t/how_i_was_able_to_download_and_quickly_tag_100k/
Reddit,r/googlephotos,post,2019-01-31T17:26:26.856000+0000,63,"Hello r/googlephotos! - Hi Everyone,  I'm the Google community manager for Google Photos and am really excited to be part of r/googlephotos!  While I spend most of my time in the Google product forums, I think this is an incredible community. I want to hop in here from time to time. I will mostly be posting on issues/topics where I can add value (when I can actually give relevant updates), and/or to collect feedback on emerging issues. I want to set the expectation that I won't be in here answering normal support questions (there are better places for that, such as the Photos product forum), and I will stick to posting when it adds value for the whole community. Thanks as well to the awesome mods for letting me hop in here!  I also want to add, that while I will be monitoring this subreddit regularly, there will be plenty of times that I won't answer certain questions. As much as I would like to give updates/info on everything (bugs, performance, etc), there will be many times where I can't post an update publicly due to the sensitive nature of the topic, or due to the fact that there just isn't a valuable update to give. I will, however, try to give as much information as possible, whenever possible. If a particular question goes unanswered, please do not assume that I did not read it, and it is most likely due to the fact that I just can't give an appropriate answer at this time.  Look forward to seeing you all around!  Kate - Photos Community Manager",https://www.reddit.com/r/googlephotos/comments/alrtzz/hello_rgooglephotos/
Reddit,r/googlephotos,post,2025-09-08T18:47:14.153000+0000,63,"The older version of the app was more intuitive - I feel like Google is on a speed run to destroy all my favorite Google apps :( . Starting from Google music to Google podcasts, all my favorite apps from Google are in Google graveyard.   Fine, I get it. There was redundancy and Google decided to kill the apps which were better and choose the lesser versions. I accept it, it is beyond my control. But it had one perfect photos app. But the latest change is making it terrible.   Photo editing has become pathetic.  1. Magic eraser now blurs the entire photo if I try to erase a word or two in a picture that's completely text.  2. Auto action types are barely visible on a predominantly white image  3. The UI was way more intuitive in the previous version (I can't recall the version number) than on version 7.44  I will probably move the photo editing completely to Snapseed. I used to use it only if I didn't find the desirable results on Google photos but I no longer feel like photos is worth using for editing.  As someone who appreciates google products and refuses to switch to apple, it is sad to see Google destroy so many good features and apps over the years. I truly wonder what the product managers are doing.   I guess this is a feedback/rant post. Feel free to delete it if it breaks the rules.",https://www.reddit.com/r/googlephotos/comments/1nbw7nu/the_older_version_of_the_app_was_more_intuitive/
Reddit,r/googlephotos,post,2025-12-14T15:46:31.066000+0000,61,"Lost 10+ years of photos yesterday. Need urgent help to get them back - Making this post in the hope that someone at Google or someone that knows someone there might see it and be able to help.  Yesterday I was helping my aunt setup her new phone (Samsung Galaxy S25). Her 15gb of Google photos storage was full and kept sending her warnings so she asked me to sort it out.  She actually used the Samsung gallery app instead of Google photos so I told her to just delete everything from Google photos which would free up a load of space on her Google account for files/Gmail etc. Then she could just use the Samsung gallery as she always had. I did a little test where I deleted a few photos from the Google photos app and checked that they were still there in the Samsung app so I thought all good to go.  She then deleted everything (8000ish) photos from Google photos. She then deleted them from the trash folder...  Didn't say to do that but thought ok no problem as they're all in the Samsung gallery app. Opened the Samsung galaxy app and they're all gone! Now I'm panicking because I had no idea that deleting them from Google photos would delete them from there as well as I'd tested and was sure they weren't linked. There were a load of photos in the Google photos app that she'd deleted from the Samsung gallery app previous so I'd incorrectly assumed that the link went one way and that Google just collected any newly taken photos but that deletions weren't synced.  Panic mode fully set in at this point and a desperate scramble for recovery options followed.  I tried Samsung cloud/OneDrive but she hasn't set either up, I tried the old phone for local copies but she'd factory reset it, I tried a photo recovery app but nothing found. Then I contacted Google one support and spoke to someone on the phone. They ran their internal recovery tool but no luck as it only recovers Google drive files deleted from the trash and doesn't pick up anything from Google photos. Now my only option is to get hold of someone at Google who can help restore them on their side. It was only yesterday this happened so the files must still be there on their servers but I just can't reach anyone who has the ability to help. So I'm putting out a desperate plea on Reddit for any help with this. I don't think my aunt will ever talk to me again if these photos are gone for good.",https://www.reddit.com/r/googlephotos/comments/1pmh4rl/lost_10_years_of_photos_yesterday_need_urgent/
Reddit,r/googlephotos,post,2022-11-20T08:30:18.708000+0000,61,"It looks like this account has content that involves a child being sexually abused or exploited. This is a severe violation of Google’s policies and might be illegal. If you think your account was disabled by mistake, submit an appeal as soon as possible. - Google blocked my account for taking pictures of my baby boy :(  Can someone please give me a phone number for their customer service that I can call from South Korea? :(  Thank you.  Edit:2022/11/21  YOU WON'T BELIEVE WHAT HAPPENED! I commented under google photos in the playStore and they just blocked my other account, so it can't download nor post anything. WHAT THE heck is this....  &#x200B;  Edit: 2022/11/24 I feel like I'm totally helpless, I called the police here in Korea and they said they can't do much and I should reach out to google. After they put me on hold for one hour and finally I could talk with a person, they said they can't connect me to anyone or do anything on their end. Just to submit the appeal.   It's really weird to see how much of my data they've been stealing/tracking. So I installed duckduckgo and enabled the block trackers function. I got a [duck.com](https://duck.com) email that removes trackers which are forwarded to my [proton.me](https://proton.me) account. (thank you for the commenter in this post I found proton)       I reset my [mega.nz](https://mega.nz) account to my new email, I'm still waiting for news from genshin impact.   Luckily my Instagram and Twitter still work since they belong to other companies.   I was thinking what would the me who was a child do to get my photos back? So I took out the sdcards from our phones and I'm running data recovery software on them. One card took around 5 hours to do, but I got back some of the photos we took. Which is great. I'm currently running the second card restore.   &#x200B;",https://www.reddit.com/r/googlephotos/comments/yzz03x/it_looks_like_this_account_has_content_that/
Reddit,r/googlephotos,post,2026-04-01T13:15:02.163000+0000,57,Finally a good update! - Link: https://support.google.com/photos/thread/421335625?hl=en,https://www.reddit.com/r/googlephotos/comments/1s9k8u5/finally_a_good_update/
Reddit,r/googlephotos,post,2021-02-25T19:55:15.977000+0000,53,"Google Takeout of Google Photos - observations as of 2/20/2021 - # My Observations:  * Executed Google Takeout of Google Photos - all Albums selected (except Print orders and Trash) * Downloaded 4 10 GB zip files covering about 22,000 images (jpg, mp4, gif, png, 3gp, etc.) * 2 main types of folders:    * Photos from YYYY (one per year)    * Albumname (one per user created album in GP) * The albumname folders contain copies of the images that are in Photos from YYYY folders * Each image file is accompanied by a ""corresponding"" json side car file * The exif data that was in the image file when uploaded to GP remains in tact (it's still in the image file even if the image was compressed from Original Quality to High Quality). * Any new exif data created while the image was in GP is stored in the json side car files.    * This includes: GPS coordinates, description, people mapping, date/time the photo was taken,etc.  &#x200B;  **These are the big issues I noted:**  * 1.) There is not a 1:1 mapping of json files to image files. Sometimes there are multiple json files whose ""title:"" tags all point to the same image file. Other times, there will be one json file that holds exif data for several similarly named image files. * 2.) The names of the json files do not map directly to image files - especially if they were edited or if they came from PhotoScan.  &#8203;      Examples:     Character drop:     ""1582470421285-7f05757f-853f-4b43-aab0-65203a19.json"" to ""1582470421285-7f05757f-853f-4b43-aab0-65203a19d.jpg""          Same json for 2 different image files, one edited:     ""Dad - High School.jpg.json""   to ""Dad - High School.jpg""     ""Dad - High School.jpg.json""   to ""Dad - High School-edited.jpg""          Character drop and (1):     ""1583261671860-bd7f3c0c-0b39-43a1-86cb-05047430.json"" to ""1583261671860-bd7f3c0c-0b39-43a1-86cb-05047430d(1).jpg""          One json file for multiple image files:     ""IMAG0211.jpg.json""            to ""IMAG0211(1).jpg""     ""IMAG0211.jpg.json""            to ""IMAG0211-edited(1).jpg""     ""IMAG0211.jpg.json""            to ""IMAG0211-edited.jpg""          One json file for multiple image files with varied names:     ""EFFECTS.jpg(1).json""          to ""EFFECTS(1).jpg""     ""EFFECTS.jpg(1).json""          to ""EFFECTS(2).jpg""     ""EFFECTS.jpg(1).json""          to ""EFFECTS-edited(1).jpg""     ""EFFECTS.jpg(1).json""          to ""EFFECTS-edited.jpg""          Notice the reversal from mp4(1) to (1).mp4:     ""20201018_103731.mp4(1).json""  to ""20201018_103731(1).mp4""  * 3.) Inside the json file is a tag called ""title:"" and that sometimes points to the exact image file name, but other times it refers to an image file name that does not exist at all anywhere.  &#8203;      Example:     Image file: ""1582470421285-7f05757f-853f-4b43-aab0-65203a19d.jpg""     Json file:  ""1582470421285-7f05757f-853f-4b43-aab0-65203a19.json""     Title: tag inside this json file:     ""title"":    ""1582470421285-7f05757f-853f-4b43-aab0-65203a19d9cb.jpg""  Notice the title tag ending with ""19d9cb.jpg"" and the actual image file ending with ""19d.jpg"" and the json file name itself ending in ""19.json""  &#x200B;  * 4.) Duplicate image file names across albumname folders. Within the YYYY folders, no image file names can be duplicated. However, between YYYY folders they can. GP will store the same named image file multiple times if its content is different each time it is uploaded. There might be a unique identifier for each file in the image file itself, but this is not exposed in the json files.  &#8203;      Examples:     IMAG0032.jpg             1980 2010 2011     12-29-2010_001.JPG       1983 1984 1993 1994 2000 2005  * I looked at these images in each YYYY folder and they are different images. I have hundreds of these examples. So in the above example, if the 3 different images all named IMAG0032.jpg (which are in Photos from 1980, 2010, and 2011 folders) get added to multiple albums (or yikes even the same album), there's no way to tell which is which.  &#x200B;  **My goal was to write a script that would:**  1. imbed the exif data from the correct json side car file back into the correct image file 2. copy these updated image files into a single folder on my laptop called Photos 3. create an Albums folder with subfolders equal to my Album names inside GP and with hard link's back to the correct image file in the Photos folder  * I'm making good use of exiftool.exe to do most of the work. But based on my issues above it is near impossible to code a proper recursive exiftool command to cover all possible scenarios matching json file to image file. So I am creating a bat file with 22000 calls to exiftool like this (one per image):  &#8203;      exiftool -d s%%     ""-tagsfromfile \TEMP\GP TAKEOUT\PHOTOS FROM 1904\1582470421285-7f05757f-853f-4b43-aab0-65203a19.json""     ""-GPSAltitude<GeoDataAltitude"" ""-GPSLatitude<GeoDataLatitude"" ""-GPSLatitudeRef<GeoDataLatitude"" ""-GPSLongitude<GeoDataLongitude"" ""-GPSLongitudeRef<GeoDataLongitude""     ""-Keywords<Tags"" ""-Subject<Tags""     ""-Caption-Abstract<PeopleName""     ""-ImageDescription<Description""     ""-Alldates<PhotoTakenTimeTimestamp""     ""-directory=/temp/New/Photos""     ""-filename=1904_1582470421285-7f05757f-853f-4b43-aab0-65203a19d.jpg""     ""\TEMP\GP TAKEOUT\PHOTOS FROM 1904\1582470421285-7f05757f-853f-4b43-aab0-65203a19d.jpg""  * That command is all on one line (I broke it up for readability). * I chose to put the json tag ""Description"" into the exif data ""ImageDescription"". * The PhotoTakenTimeTimestamp goes into several data/time fields in the exif data. And you need the ""-d %s"" option because GP stores the date taken in unix date/time format. * I chose to take all my people and pets name mapping from the PeopleName tag in the json file and stick it in the Caption-Abstract exif field. * My target directory is /temp/New Photos * I had to change the filename by prefixing it with the YYYY the image came from because of the duplicate name issue I described above. I am copying images from many different folders to one folder so there can't be duplicate names. That's the 1904\_ prefix in the -filename option. * My source image is the last line. * The associated json file is the first line.  This all works by the way, it's just inefficient. I would have preferred a ""-r"" recursive call to exiftool to traverse the folder tree itself, but it would only match up the right json/image files some of the time. Or I'd have to execute multiple recursive exiftool cmds with varying -tagsfromfile coding.  &#x200B;  **The Albums folder part of this does things like:**      mkdir ""\temp\New\Albums\My GrandParents""     mklink /H ""\temp\New\Albums\My GrandParents\1904_1582470421285-7f05757f-853f-4b43-aab0-65203a19d.jpg"" ""\temp\New\Photos\1904_1582470421285-7f05757f-853f-4b43-aab0-65203a19d.jpg""  * This way I can have an Album structure that mimics GP and consumes no additional space by copying photos into multiple folders. The photo exists once in \\temp\\New\\Photos and then I can have as many links to it as I want in various \\temp\\New\\Albums folders.  Anyway, I am documenting all this for others trying to deal with Google Photos in Google Takeout.",https://www.reddit.com/r/googlephotos/comments/lsfafv/google_takeout_of_google_photos_observations_as/
Reddit,r/googlephotos,post,2024-08-02T19:24:17.035000+0000,51,I cant delete any photos - Im trying to delete all my photos off google photos and im on the web browser and its not letting me delete anything. i tried a computer than on my phone web browser and its incapable of deleting. i press the delete button and it does nothing. has anyone had this issue as well?,https://www.reddit.com/r/googlephotos/comments/1eiis3k/i_cant_delete_any_photos/
Reddit,r/googlephotos,post,2023-04-25T13:20:24.493000+0000,51,"Google Photos search is much worse all of a sudden - I've been using the search function for years to find places I've visited. One search term I used often is ""museum"" and it showed me all the museums I've been to. Then about 2-3 weeks ago that stopped working. Now it's showing me one museum I visited in 2018 and that's it.   I don't understand why this isn't working anymore or how to fix it. Any ideas?",https://www.reddit.com/r/googlephotos/comments/12yj8um/google_photos_search_is_much_worse_all_of_a_sudden/
Reddit,r/googlephotos,post,2025-08-14T07:36:51.687000+0000,47,"All pictures accidentally deleted from phone and moved to google photos. in tears. - I made the mistake of opening google photos a few days ago and suddenly had 98% of my space taken up. I was going through the pictures today deleting some old ones that weren't as important, but my google account was my grandmother's old account so a lot of the pictures are precious and ones I can't delete. I wasn't making much headway, so I was surfing more throughout the app trying to find more ways to free space up, and saw a button ""free up space"". I thought it would do something else than what it did, which was wipe all of the photos from my gallary and now they're on google photos. All of my pictures are gone from my gallary and there's no way to undo it, if I redowload them all by hand not only will it take a lot of time because I have an android, but now all the pictures aren't saved by the date and are claimed to have been taken ""today"" which really upsets me because I liked seeing when they were taken/downloaded from myself years prior.  I broke down because all my pictures are gone and are no longer organized in their folders and in my phone gallary by date which is frustrating, and really upsetting to me. I'm at a loss for what to do, it's insane that there wasn't a more proper warning about what this action would do, and more confirmation before I clicked yes. Let alone an undo button for such a severe action. There's nothing in my recently deleted and seems as though there's no easy way to approach this.       Please help me, I'm at a serious loss and weirdly in actual emotional distress at how I literally have no control over this situation",https://www.reddit.com/r/googlephotos/comments/1mpty7j/all_pictures_accidentally_deleted_from_phone_and/
Reddit,r/googlephotos,post,2026-02-24T22:35:58.369000+0000,46,"New layout - can I switch it back? - Google Photos is now forcing this mixed size layout and I absolutely hate it. No gap between days, photos are out of order because it highlights random photos and videos...it absolutely sucks. I have a weekly habit of deleting duplicate photos and screen shots and it's taken me twice as long this week because I can't see what's what in the grid view and have to keep going back in to look at individual photos to make sure I've deleted all but one in a series, etc. Are they just hoping we give up on deleting anything ever so that we have to keep buying more and more storage? Anyone have a fix for this?",https://www.reddit.com/r/googlephotos/comments/1rdv69v/new_layout_can_i_switch_it_back/
Reddit,r/googlephotos,post,2025-07-25T10:15:23.235000+0000,44,"YSK that Google Photos now has an option to delete your entire cloud backup for one device without deleting photos from the phone itself - Why YSK: This is useful if your Google account storage is full, as it lets you free up space by wiping only the cloud copies of your photos. The original, high-quality files are kept safe on your device, solving a long-standing problem for many users.  Where to Find It: Google Photos has a new feature called 'Undo backup for this device.' To find it:  * Open the Google Photos app.  * Go to Settings.  * Tap on Backup.  * Scroll down to find 'Undo backup for this device'.  How It Works: It lets you clear photos from cloud storage while keeping them on your device, but understand these key points:   * It's an all-or-nothing action: It removes ALL photos and videos backed up from your current device from Google Photos cloud storage.   * It will NOT delete original files from your phone's local storage; they remain safe on your device.   * You CANNOT pick and choose which photos to remove from the cloud; it's the entire device backup or nothing.  (For context, I found this on a OnePlus 8T with Android 14, so it might be a gradual server-side rollout.)",https://www.reddit.com/r/googlephotos/comments/1m8vdw2/ysk_that_google_photos_now_has_an_option_to/
Reddit,r/googlephotos,post,2021-06-01T03:57:00.603000+0000,43,"Thank you and Farewell - Thank you Google Photos team for an amazing decade of exceptionally innovative and generously accesaible service (I was one of your first users and evangelists both for Android and iOS users).  I was the guy who made everyone around me to convert to Google Photos. Except the last 2 years, I had only joy and admiration using the Photos app on Android and web. It got very slow and glitchy on Android and more dysfunctional in the past two years. With deep sorrow, today at 12 AM I have deleted the Photos app after my last photo upload.   Farewell as I move to Amazon Prime Photos for an unlimited photo upload and using OneDrive as a secondary backup location in case Amazon decides to do the same!",https://www.reddit.com/r/googlephotos/comments/npl53w/thank_you_and_farewell/
Reddit,r/googlephotos,post,2021-04-22T03:14:23.709000+0000,43,"With unlimited storage soon coming to an end, what are your plans for an alternative long term photo storage solution? Self hosted? Competitive cloud service? - I love google photos but the wife and I take and store so many that we will fairly quickly eat up put 100GB of google storage and not super keen on upgrading to 1TB google storage (but will if I have to).  I have a home server with plenty of storage and a good internet connection but I have not been able to find anything comparable with automatic photo backups on Android, decent automatic photo tagging, face identification, etc.",https://www.reddit.com/r/googlephotos/comments/mvw4bv/with_unlimited_storage_soon_coming_to_an_end_what/
Reddit,r/googlephotos,post,2025-05-13T14:41:30.045000+0000,42,"Trick for Organization - **Hi everyone,**  I wanted to share a little trick I found for organizing my photos in Google Photos / Drive.  I had a big issue: thousands of photos to sort, and I wanted to organize them into different albums. Some of those albums were for things I didn’t want cluttering up my main gallery (like photos of DIY projects or documents).   The problem is, even after adding photos to an album, they still show up in the main gallery. So you end up with sorted and unsorted photos all mixed together, which is really annoying—especially when you have thousands.  After browsing several forums without finding a real solution, I came up with a workaround. It's not perfect, but it’s the only method that’s worked for me so far. Hopefully, it might help some of you too!  # 🌟 My method for organizing photos more effectively:  1. Select the photos you want to move to an album. 2. Click **""Add to album""** and choose or create an album (e.g., *Vacations and Landscapes*). 3. Wait a few hours, or even up to a day, for the new photos to be fully indexed and searchable. 4. In the search bar, type a keyword from the album name (e.g., *vacations*). 5. Select all the photos that appear in the search results. 6. Click **""Archive""** so they no longer appear in the main gallery. 7. Repeat this process with the remaining unsorted photos, using the same method for each album. 8. Once you’ve sorted and archived everything, your main gallery will be empty, and all your photos will be neatly stored in albums.  👉 And if you want certain photos to reappear in the main gallery later on:   Just search for a keyword from the album name, select the photos, and click **""Unarchive""**.  That’s it! I hope this was clear and that it might be useful to some of you 🙂   Feel free to share your own tips too if you’ve found other ways to manage your photo library!",https://www.reddit.com/r/googlephotos/comments/1klnom4/trick_for_organization/
Reddit,r/googlephotos,post,2021-06-09T14:09:02.239000+0000,41,"PSA: Google Photos is unlimited with High Quality if you use Pixel Experience ROM - Might sound evident but some people would find useful switch to PE Rom or use and old phone to install PE Rom to backup. The ROM spoofs your phone as a Pixel 5 so you get unlimited High Quality photos.   If you try this and wants to save storage with the photos uploaded the last 9 day:     &#x200B;  1. Go to [Google Photos web on a PC](https://photos.google.com) 2. Go to the explore section 3. Go to Recetly Uploaded 4. Select the last photo you uploaded 5. Look for the first photo uploaded in June 1st 2021, DONT SELECT 6. Hold shift and check that first photo, this will check all the photos that are counting for storage 7. On the 3 dots in the top right you can download. 8. Delete permanently all photos uploaded since June 1st 2021, so the photos can be uploaded again 9. Create a folder and extract all photos there. 10. Move to your device with Pixel Experience using a USB cable 11. Backup that folder in Google Photos.  &#x200B;  Note:Most photos will appear on the original date but a few others might appear like if they were uploaded today, if this is imprtant for you, you can go to the Google Photos web on PC and change the date.  &#x200B;  Google Photos apart, I recommend this ROM if you have a device that is not gonna be updated anymore, I tried this on OnePlus 7 Pro and bank apps, NFC and Netflix works (this one with L3 sadly, the only contrapart, all of this without root.",https://www.reddit.com/r/googlephotos/comments/nvwts8/psa_google_photos_is_unlimited_with_high_quality/
Reddit,r/googlephotos,post,2024-04-18T04:47:50.734000+0000,41,"Any way to completely BLOCK google photos backing up photos?? - My parents are not the best device users, and this is the second time I run into this annoying issue, since they share an account they have all their important emails there and for some reason theres no more storage for emails, when I check I see that google photos has been backing up every single photo of theirs, so I backup to pc and delete all of that on one phone but now for the other?? Im assuming they're clicking some backup button on their own without realizing but is there any way to disable this completely? Do I have to do so on their devices? It seems incredibly stupid to not be able to stop syncing from the google account itself but hopefully I'm just stupid myself and not finding the right spot, please help me.  Edit: For future folks, Looks like the general consensus sadly relies on us being unable to disable the backup from the account itself, like the helpful comments pointed out you need to actually go into each phone with access to the account and disable their backup, then delete the app, from there you \*should\* be safe to delete the photos from google photos without them deleting on the phone's gallery as well, another helpful redditor pointed out that you can sort your files with the google files app to delete rows of things and combine folders which is neat for cutting just parts of spam you don't need like screenshots.",https://www.reddit.com/r/googlephotos/comments/1c6uvb2/any_way_to_completely_block_google_photos_backing/
Reddit,r/googlephotos,post,2021-08-24T07:30:30.365000+0000,39,"Completely disable Memories (including Best of Month highlights)? - I have had every setting in the memories settings turned off ever since that stupid function ever appeared, and yet a recent update has decided to turn on some ""best of month"" feature and I can't find a way to kill it.    I do not want some algorithm telling me which of me pictures are the ""highlights"".  I do not want to have to set a date range to omit, because I will have to update it every month.  I am not going to use the ""hide faces and pets"" function to remove *some* of the pictures from these highlights because a) I do not want to give google express permission to analyse my photos and b) it wont catch pictures without faces.    Is there a way to disable this without getting rid of Google Photos entirely, or is that my only option?     Edit to add:  User u/Idalka has pointed out that hiding dates via the website and not the app allows you to set the expiry years in the future, so that looks like the best way right now to block this.",https://www.reddit.com/r/googlephotos/comments/paijq6/completely_disable_memories_including_best_of/
Reddit,r/googlephotos,post,2018-04-28T22:39:17.837000+0000,38,"Google Photos should have an option to ""tag"" faces - One very sad problem with Google Photos is that it does not understand not ""find"" / see a face in the photos / videos and there is a feature on Facebook that could simply help solve this: tag face. Google Photos should have a button to be able to click on a part of the photo and be able to write or index the face to a person, this would effectively help Google's artificial intelligence",https://www.reddit.com/r/googlephotos/comments/8fnbgg/google_photos_should_have_an_option_to_tag_faces/
Reddit,r/googlephotos,post,2023-08-29T05:14:03.065000+0000,36,"Backing up & Deleting - I just don't understand - Does anyone have any good resources for this or can explain it to me like I'm 5? I'm a millennial and generally decent with technology, but remain completely baffled by how Google Photos works in terms of what is backed up and where things get deleted if I delete them from my phone.   All the photos I take on my phone back up to my Google account, which I can access from my computer. That's great. But every time I go to delete a photo from my phone, it says ""Remove from your Google account and any other devices with backup turned on?"" This makes it sound like it will remove it from everywhere. The photos seem to still be in my Google account, but I don't understand why, if it says they'll be removed? So I don't trust that because I don't understand it.      And then if I delete something on my computer, it likewise doesn't remove it from my phone, so if I want to actually cull photos I don't need, I need to remove them from both places separately? That can't be right. I'm just so confused. I just don't delete anything from my phone because I don't trust it to stay backed up, but then my phone storage is just perpetually full. How am I supposed to be using this???",https://www.reddit.com/r/googlephotos/comments/164985l/backing_up_deleting_i_just_dont_understand/
Reddit,r/googlephotos,post,2024-07-19T13:30:48.483000+0000,36,"Photos uploaded Van Halen album cover and flagged my account as child molestor - ![img](12fc026r8hdd1)  My account got permanent banned due to this automatic upload of a album cover from Youtube Music app.     The appeal was denied without any information.  &&&&  Thanks for contacting us about your Google Account (email)  After review, your account access can't be restored because this account was used in a way that violated [Google's policies](https://support.google.com/accounts/answer/40695).  You can submit a new appeal to provide more information. The second appeal will be the last opportunity to have your information evaluated by a Google reviewer. Any appeals after that will be closed.  If you live in the European Union (EU) or are an EU citizen, there may be [additional resolution options](https://support.google.com/european-union-digital-services-act-redress-options) available to you.  Google is committed to keeping people safe online. Check our [Terms of Service](https://www.google.com/policies/) for more information about our policies and the actions we take in response to policy violations on our products.     &&&&     I'm currently selective process, and I need the e-mail to continue it. (I have a job opportunity as engineering inside Google as well)",https://www.reddit.com/r/googlephotos/comments/1e73svg/photos_uploaded_van_halen_album_cover_and_flagged/
Reddit,r/googlephotos,post,2024-03-27T18:09:48.374000+0000,36,"What to do with the .Json files? - So I request Google photos from takeout.google.com, for the purpose of moving to them to iCloud. Then I download the folder, I thought it would be simple png or jpeg files, but I also found Jpg.Json files. What should I do with them? Do they hold any data related to the photos?   I can’t upload them to iCloud, does that mean I’ll loose some data like the date or location of the photos?",https://www.reddit.com/r/googlephotos/comments/1bp8mm9/what_to_do_with_the_json_files/
Reddit,r/googlephotos,post,2025-04-07T15:00:29.339000+0000,35,"Google Takeout Script - Hey all, I know a bunch of these exist but I have not used one that worked well for me.  Anyhow I built my own.  [https://github.com/aronreid/google-takeout-fixer/blob/main/README.md](https://github.com/aronreid/google-takeout-fixer/blob/main/README.md)  Also just a note, contrary to what people think, this isn't an issue really with Google Takeout.  The problem is the file is ""created"" when it's taken out, which then persists in the actual file.  It's not really about the takeout.  I'm not sure how other providers handle this, but EOD this resolves it.    **What does it do?**  So all the metadata for google photos are preserved in the takeout file, the problem is the file created / modified dates are set to when the files are downloaded.  Now most good photo tools read ""taken date"" from the EXIF data in the file but windows / Mac / etc... all just use ""modified"" date when listening the file which can be a pain in the ass.  So this script just goes through them all and modifies the **FILE DATE** none of the meta data such that it shows properly in your OS if not using a photo album software.  **What does it work on?**  Windows / Mac / Linux  Just built on Python so can work on anything that has python really.  **What file formats work?**  * JPEG (.jpg, .jpeg) * PNG (.png) * GIF (.gif) * HEIC (.heic) - High Efficiency Image Format used by newer iPhones * MP4 (.mp4) * QuickTime (.mov) * AVI (.avi) * Matroska (.mkv) * Nikon RAW (.nef) * Adobe Digital Negative (.dng) * Generic RAW (.raw) * Canon RAW (.cr2, .cr3) * Sony RAW (.arw) * Olympus RAW (.orf) * Panasonic RAW (.rw2) * Pentax RAW (.pef) * Fujifilm RAW (.raf)  **Why make a new one, we already have 15?**  I never felt I could ""trust"" the other tools.  So this one has a simple ""how many files are in the takeout?  How may NEFs / JPEG / JPG / RAW / etc...."" so you can ensure its copied all the files needed, it also tracks failures to an error folder so you can manually modify or w/e you want.  Also I find it a bit faster, you have a -p flag for parallel processing so for NVME drives for example which are faster you can run 8 threads and speed it up, or SSD 4 threads, etc...  Keep in mind 10 threads on a spinning HDD is useless.  **Does it scale?**  Well does for me, I have 10TB of photos which I'm now also backing up to Immich and seemed to work well for me.  Anyhow feel free to contribute, or w/e just thought it maybe helpful.",https://www.reddit.com/r/googlephotos/comments/1jtncds/google_takeout_script/
Reddit,r/googlephotos,post,2026-06-14T18:09:03.086000+0000,35,"The one way street approach google uses to hoard my data - So when Google wants my data (photos) they make it seamless.  &#x200B;  1. Resumable uploads  2. No time limits  3. Hash checking  &#x200B;  They spare no expense to get my data.  &#x200B;  Now i want to download my entire library (1 terabyte plus), they make it hell!  &#x200B;  I have 1 week to download the data (some of us dont have Internet this fast to be able to do that in a week). If I do multiple downloads (2 files at time) the download fails after 20 mins or so! Killing both files and NO I CANT RESUME!  &#x200B;  On top of that, they allow only 5 trials to download the file otherwise, sorry re do the whole thing again (request a new takeout and live the horror all over again).  &#x200B;  Seriously wtf? I get that they a holes but come on, I just want a copy of MY STUFF!",https://www.reddit.com/r/googlephotos/comments/1u5s850/the_one_way_street_approach_google_uses_to_hoard/
Reddit,r/googlephotos,post,2024-02-20T16:52:27.207000+0000,35,"How to Disconnect Google Photos from Android Phone Gallery - As you can see here:   ![img](vf5uxh5irrjc1)  My Google Photos are taking up a lot of space on my Google Drive. The only reason I used Google Photos to begin with was because a friend needed to share a large amount of pictures with me, and that was the only way to do it. I downloaded the app, and it connected to me photos.   When I finally realized all of my photos were shared with Google Photos and was taking up a lot of space, I did some research and was told that I just needed to turn ""Backup"" off. I did this, but my photos were not removed from Google Photos and they still take up a lot of space in my Google Drive. I did notice however when I access my Google Photos from my laptop, no more photos are added since I turned the backup off. However, if I access the photos from the app, all new photos can be found in it despite backup being turned off (which the app regularly reminds me of as it begs me to turn it back on).   I considered deleting the app, but whenever I delete a photo on Google Photos, the same photo deletes in my photo gallery, so I'm scared I'm going to lose all of my photos. Does anyone know how to solve this issue and disconnect Google Photos from my Samsung Android with deleting my photos? I apologize if this has been asked before, I tried searching for a duplicate and could not find one, but it is always possible I missed something. Thank you for your patience!",https://www.reddit.com/r/googlephotos/comments/1avmf32/how_to_disconnect_google_photos_from_android/
Reddit,r/googlephotos,post,2023-07-29T22:09:55.951000+0000,35,"Can I turn off the Memories feature? - Is there any way to completely disable the Memories feature on Google Photos for iOS? It’s not that there are specific triggering memories that I want to hide; I just find the feature annoying and I don’t want to have to scroll past it every time I open an album. I have tried excluding memories from a wide date range and removing specific photos, but it still shows them. I just want to turn the damn thing off and there seems to be no way to do that.",https://www.reddit.com/r/googlephotos/comments/15d4fei/can_i_turn_off_the_memories_feature/
Reddit,r/googlephotos,post,2019-08-13T14:42:30.951000+0000,35,"Most Requested Features in Google Photos? - **1. Alphabetical sort of albums:** This is a basic option and anyone who loves to organize stuff would love this.  **2. Manual tag/untag:** I've seen reports by tech websites citing that Google will let us manually tag people soon. Google Photos doesn't identify all of my friends and this is a good to have feature.  On the flip side, I have lot of group pics and I don't need Google Photos to detect all the faces in the pic. Right now, there's only an option to hide some faces, but I wish there's an option to permanently not detect some faces in People section.  **3. Search bar to find albums when adding photos:** Sometimes I select a few pics from the Photos section and want to add to a specific album. That would prompt a pop-up to select the album, but since I have hundreds of albums, I can't keep scrolling to find the specific album.  Would be nice if there's a search bar on the prompt pop-up to quickly find the right album.  **4. Pinning of albums:** Being able to pin your most used album(s) at the top would be nice.  ---  These are some of the features I would like to see. What are some of the features you guys would like to see?  If you would like to see the features I mentioned in Google Photos soon, please copy-paste the same in feedback section of Google Photos.  In addition to that, please tweet this post or any feature request of yours to [David Lieb (@dflieb)](https://twitter.com/dflieb), Product Lead of Google Photos. In fact, a month ago or so, he was asking people on Twitter to let him know if there's any feature they would like to see in Google Photos.",https://www.reddit.com/r/googlephotos/comments/cpu2qz/most_requested_features_in_google_photos/
Reddit,r/googlephotos,post,2026-01-06T05:54:59.558000+0000,34,"My(22) Dad(70) Still Has Access To My Google Photos Pls Help!! - Edit: I never gave him permission to view any picture I take. I'm a grown adult and if I take pictures of my friends they're mot concerning to him seeing. 2. I already solved the issue.  I'm a grown a adult and I thought I removed my dad from my google (photos) sharing- as I definitely don't still get his pictures! However, today, the 5th, he posted a collage of baby me and 2026 me from the 01/03 so that means he's STILL getting recent pics of mine, which sent a chill down my spine. Like I'm so grossed and pissed off- that's such an invasion of privacy and I've scoured through all the settings possible but I can't find anything to disconnect him!! He also still has access to my google calendar, but again, I don't have access to his. Please anything helps I only want to make a new email as a last resort </3",https://www.reddit.com/r/googlephotos/comments/1q5aj5u/my22_dad70_still_has_access_to_my_google_photos/
Reddit,r/googlephotos,post,2023-12-31T21:20:48.041000+0000,34,"google photos deleted thousands of my photos!!! - HELP! i use google photos as my backup. i noticed around november that i couldn’t find a few photos… & the more i looked into it… the more i looked into the more photos i noticed we’re missing! its all at random… there will be complete months missing to months that just have 1 photo? it makes no sense. i don’t have a single photo from my wedding, my 2 sons pregnancies & births are totally missing.   i am completely devastated! i’ve been trying to get in contact with someone at google & have had 0 success. i essentially call or email every other day since november & i’ve just been given the total run around!  has this happened to anyone else? i’ve come across random people posting about it on here & come into contact with a few people irl that have experienced this as well!   i have no idea what happened & i know for a fact this is not a user error.",https://www.reddit.com/r/googlephotos/comments/18vhfdt/google_photos_deleted_thousands_of_my_photos/
Reddit,r/googlephotos,post,2026-01-26T14:04:34.049000+0000,34,"Per the unexpected full account closing/deletion nightmare, I suggest a solution. - I read about the many who have had their Google Photos / Gmail, etc. accounts suddenly deleted for random terms of service violations. This is devastating to many as they have years worth of photos and emails disappear.  Many suggest using Google Takeout on a regular basis to back up your Google files, etc. While this works, most don't do it because of laziness or technical inability to get it done.  I have a solution that works for me and lets me not worry about losing my Google accounts. I use iDrive's Google Workspace Backup feature. It's only $20 per year, and it backs up all of my Google stuff three times a day. You might want to look into using this service as insurance against the dreaded shutdown. You can find out about it at iDrive's website.  Disclaimer: I have no affiliation with either company. I am merely a satisfied customer.     EDIT: Per some of the comments, I have concluded that the photos are the ones in my Google Drive, but not all of my Google Photos collection. I do not think that my current iPhone pictures are backed up. Only pictures from my PC seem to be backed up to Google Drive. This is all confusing to me and above my pay grade, though. I will have to do further research to determine which photo sets are backed up.",https://www.reddit.com/r/googlephotos/comments/1qngw6x/per_the_unexpected_full_account_closingdeletion/
Reddit,r/googlephotos,post,2023-10-30T14:42:52.809000+0000,33,"Enlightening info about Takeout - Thought I'd share! - Beginning down the path of Cyber Security, I made the monumental decision to migrate from google. This is a huge undertaking for me because I am a picture taking extraordinaire. After sizing down my photos as much as possible within Google Photos I still had 750GB worth of photos and videos.  I used Google Takeout to export MY data out of Google. That equated to 16x 50GB compressed files. Upon extracting the first of 16 files I found that I had complete chaos. Tons of JSON files, photos without their meta data (which was of course imported attached to the photo when I gave it to them) and a stupid amount of duplicates (which I also find INCREDIBLY strange given that Google ""automatically detects and removes duplicates"", but apparently in takeout has no problem duplicating everything).  Anyway, trying to get to my point. So then I had to search for a way to fix this. Obviously, 750GB of photos is not manageable to handle manually. I searched for an answer and found a reddit user Chrisesplin who had a solution available via github here-  [https://github.com/TheLastGimbus/GooglePhotosTakeoutHelper](https://github.com/TheLastGimbus/GooglePhotosTakeoutHelper)  The folks on the thread didn't seem to think it worked, but hey it's Github... I was guessing user error. It DID work for me. What I found through that process was INSANE though and people should know.  So the folder in question (I chose to do it 1 at a time, less room for catastrophic error imo) uncompressed was 29 GB (wait... what I just downloaded a 50gb compressed zip file and it decompresses to 29GB??? WHA???) it also had 27,000+ files inside of it.  So 50gb zip, unzips to 29GB, after duplication removal and reconciliation of meta data to photos with the helper above it comes to 20.2 GB and a total of 3,260 files.  Am I alone here? Can anyone see the headdesk situation here? Is no one else completely outraged? I genuinely do not have an explanation for how it is even possible for a zipped folder to be nearly DOUBLE the size of the uncompressed version. What is hidden in these files that is taking up all of this space. I feel INCREDIBLY uncomfortable and violated.  I will probably edit this shortly as I am starting on the next folder and I want to see if the situation is the same. I might even make a video about this. I am shook.",https://www.reddit.com/r/googlephotos/comments/17juz69/enlightening_info_about_takeout_thought_id_share/
Reddit,r/googlephotos,post,2020-09-13T16:09:20.949000+0000,33,"PSA: Google Photos Wrecks HEIC iPhone Images - I've been an Android user for a long time, and have owned a Pixel 3XL for the past year and a Pixel 1 before that. I recently tried out an iPhone 11 for the first time, and as I began to take a few photos, I noticed how they looked fine on the iPhone but frankly terrible on any other device. The colors were dramatically oversaturated, the contrast was far too high, and the sharpness was through the roof.   I assumed it had something to do with how the iPhone's screen was tuned to match the images, but after extensive testing, I've located the culprit: Google Photos. While the images in Google Photos look fine on the iPhone, the High-Quality backup mode of Google Photos converts HEIC images to JPEGs (which head-scratchingly take up more space than HEICs anyways) through some terrible algorithm that wrecks the images. As soon as the images are viewed or downloaded on any other device, the terrible JPEG converted quality shines through. [Here is a picture taken in JPG](https://i.imgur.com/He6vvoO.jpeg) vs [the same picture taken in HEIC](https://i.imgur.com/OEP8dsT.jpeg) and compressed through Google Photos (notice the complete shift in colors and contrast, the effect of which is much worse in outdoor shots or shots in challenging lighting). When switching Google Photos to Original upload quality, the colors of [JPGs](https://i.imgur.com/M8V6nL5.jpg) and [HEICs](https://i.imgur.com/UcbGFeG.jpg) look identical because Google Photos lets you download the original HEIC images, not wrecking the colors (that HEIC image was converted to a JPEG online so I could upload it to Imgur, and as you can see, that conversion has no issues whatsoever).   I'm frankly disappointed to find this, as it means the only way to preserve decent-looking images from my iPhone on Google Photos is to switch to Compatibility mode on iOS, which saves all images as JPEGs but doesn't allow for features like 4K60 and takes up more space on my iPhone, or paying Google for more storage to use Original upload quality. Be warned.",https://www.reddit.com/r/googlephotos/comments/is0zvw/psa_google_photos_wrecks_heic_iphone_images/
Reddit,r/googlephotos,post,2023-03-22T21:38:36.236000+0000,32,"HELP! Every time I get a new phone google photos duplicates the 27,000 photos on my phone. - I know there are dozens of similar thread here so I'm adding mine in case anyone from Google actually pays attention.  This is the third or fourth time over the years that I've gotten a new phone and google photos duplicates some or all of the photos that were on my old phone and are still on my new phone. In years past they've been on an SD card, but now Samsung has eliminated SD cards so they're on local storage, but **they are all 100% exactly the same photos--same name and location and never changed or edited, and some files going back over a decade.**  I know people here and google says that google won't upload duplicate photos but it clearly has happened to me repeatedly and for 10's of thousands of photos.  It has also happened several times where I'll move photos to a different folder and google thinks they're new photos and tries to reupload them even though the photos were already uploaded when they were originally taken.  Yesterday I moved a few thousand photos into different folders and it got worse. Google photos started showing the wrong date labels for both the moved photos and thousands that hadn't even been moved. Some were off by years! I looked at the photo details/names and they were of course the correct dates but google photos had them moved all over the place in the timeline.  I read that I could delete the cache and data from the app and it might fix it. Well that seemed to get the photo dates back showing correctly in the timeline, but then it showed **""getting ready to back up. 27,344 items left""!!!!** It started uploading all of the photos on my phone AGAIN!!! I stopped the app at that point. It had already uploaded 100 or so years old photos and videos to ""today"".  So now I've got who knows how many thousands of photos duplicated in my account. In addition to it being annoying trying to find photos, it also takes up 3x more space than I'm actually using.  **On the google photos website I deleted some of the ""duplicate"" photos, then the android app tries to sync and delete the actual one existing photo on my phone!**  I just don't know where to turn now. I'm paying $99/year for Google One. Google drive works fine but google photos is a complete disaster.  **Hmm I wonder if google drive is doing something to the photos stored there and makes google photos think they're new  photos? I've got them both saving original quality photos so seems like it shouldn't**.  I can't keep spending hours and days deleting google's mistaken duplicates, and now it seems I can't even use the app to automatically backup new photos because then it tries to sync and delete the photos on my phone.  Is there a way to stop this from happening over and over again?  This all just happened on my Samsung Galaxy S22 Ultra. Previous phones were S21, S9 and older.  Thanks!  ![img](zbhvtug01dpa1)",https://www.reddit.com/r/googlephotos/comments/11yxn49/help_every_time_i_get_a_new_phone_google_photos/
Reddit,r/googlephotos,post,2022-01-07T00:26:02.527000+0000,32,"Advanced Google Photos Search Syntax - So my ultimate goal is to find a way to see all photos not in a specific album.    I seem to be able to do exclude years in my search queries. If I search for ""dog -2019"" it will yield some dog photos excluding ones taken in 2019.   But if I add a keyword like ""vacation"" to a photo or put a photo in an album called ""vacation""   Searching for ""beach -vacation"" will still yield all my beach photos in the vacation album as well as the ones with the word vacation in the description.   Is there a resource that lists the advanced search syntax that we are all aware of? All I can find are SEO optimized fake articles with useless Google Photos information.",https://www.reddit.com/r/googlephotos/comments/rxthdo/advanced_google_photos_search_syntax/
Reddit,r/googlephotos,post,2025-08-07T09:52:03.647000+0000,31,"I am so upset - I am genuinely so upset. I've been scanning pictures of my sketchbook and saving them locally onto my cell phone I then see that my google photos is clogging up space so I delete some photos only to realise that it deletes the photos in my local files too, so I had to figure out a way to disable back up and snyc. I thought it was fine for a while but just now I found out that my entire sketchbook folder is GONE from my cell phone and the only other record I have is on social media and flash drives. I'm genuinely so upset I'm crying right now because I've deleted the ones in google photos for over a month and I can't recover it anymore, my digital records of my sketch book is GONE and there's nothing I can do to get them back to the original way that it was, date and crop and all.  Google Photos is so deceptive in the way it works on mobile devices. I'm not sure if disabling it did anything because now I can't even access it on my cell phone without having to login and enabling it again. Now I'm paranoid using it on my computer because even though I have the back up disabled (and it looks like some records have survived) I wouldn't want to delete anything to clear up space anymore. I am genuinely crying while writing this right now.  Edit: thank you for all your comments 🥹 I'll keep the advice in mind in case of emergency happening like this again. As of now I was able to resolve the issue because I remembered a backup I had saved on a different phone, so I used the samsung data transfer app to transfer the files that I lost. so the folder that once had 700 files that went to 2 files now has got it all back and the folder that lost 500 files now got back those files and came back to 900 files. thank you so much.  ![img](b93509oz6thf1 ""Recovered files"")",https://www.reddit.com/r/googlephotos/comments/1mjvu7k/i_am_so_upset/
Reddit,r/googlephotos,post,2026-03-29T20:43:11.047000+0000,31,"Is this a workable plan to avoid risk of being banned - I've been on Gmail since 2004 and, more recently, I've been storing important documents on Drive. I also have a ton of photos, many NSFW though nothing illegal, and 99% of them were found via Google searches. Oh, and likely over 1,000 Google Keep notes; I use those as daily journal entries.  So it would be devastating if I lost all of this.  Since hearing about this issue, I'd been thinking about doing Takeout, then trying to clean my GP of all NSFW photos. But I wonder if it would be safer to just **eliminate** Google photos.      So, questions:  **A**: what about this plan. will it work and does it seem like a good way to minimize losing everything *if* my account is frozen:     1) do Takeouts in this order:  drive, keep, Gmail, calendar, photos    2a) clean up Google Photos OR  2b) DROP Google Photos.    3) keep doing periodic takeouts, forever...  **B**: I've seen (on here) various alternatives to GP.  Are there apps which can handle Takeout files for Gmail, keep, drive, and calendar?  **C**: Does anyone think that the AI algorithm will also search \_Gmail\_ for photos it doesn't like? it would be a pain to try to find all of the emails (out of what, >100K emails?) which have inserted or attached NSFW images.  **D**: I convinced my sister to start using Google photos. though I'm not concerned that she has NSFW images, it *is* likely that she has some 'baby in bath'-type photos (she is a parent, and her friends are parents!).   So, would she have to go through something similar, also? Does *everyone* have to worry about their account being frozen?   thanks   paul",https://www.reddit.com/r/googlephotos/comments/1s76eh1/is_this_a_workable_plan_to_avoid_risk_of_being/
Reddit,r/googlephotos,post,2020-11-13T00:14:13.490000+0000,30,"Come On! - If anyone from Google sees this, WHY? So many people depend on this service. It being free is the reason so many people have flocked to it. When you make it cost money, there will be a lot less people buying photo books or canvas prints. Can't you do something else to make money, like putting ads in? Please, do not do this. Let me know in the comments if you agree.",https://www.reddit.com/r/googlephotos/comments/jt6ng0/come_on/
Reddit,r/googlephotos,post,2024-10-03T16:43:25.251000+0000,30,"My goodness, it's frustrating you can't do a ""Delete All"" in Google Photos - So my wife, somehow, accidentally allowed her iPhone Google Photos app to access (and somehow backup) all 100GB of her photos (even though they are already being backed up to iCloud).  So one day she wakes up and finds out her Google storage is completely full, and that she'll need to either upgrade (at a higher cost) or lose Gmail and other Google apps functionality.     So one would think ""well surely there is a way to just ""Delete All"" photos and quickly rectify this problem, right?""       Well, there is not.  Google claims this ""prevents you from accidentally deleting an entire library"" - but this ALSO prevents you from solving these problems quickly.  Instead, you have to delete chunks at a time... and if you are trying to get rid of over 100GB of photos, ""chunks at a time"" could take HOURS to do.     I swear this is a sneaky way for Google to get people to just get frustrated at the time-intensive nature of doing this and just give up and pay money for more storage.  This is more or less just a rant... but if anyone does happen to know a ""mass delete"" solution to get rid of all photos out of Google Photos / Storage at once, I'd sure love to hear it.",https://www.reddit.com/r/googlephotos/comments/1fvc4p6/my_goodness_its_frustrating_you_cant_do_a_delete/
Reddit,r/googlephotos,post,2022-10-15T15:33:19.157000+0000,30,"Google Photo's is driving me insane! - Hi all,  I have always liked Google Photo's, up until I realised just how difficult it is to export them for backup effectively. I have tried so many ways (many from suggestions found on old posts here).  **Takeout:** Is a complete mess, duplicates and extra files. My library is huge and takeout really isn't a good solution.  **Downloading onto iPhone:** This looked like it was going to work when I trialled it. However, as soon as you attempt to download too many, the download fails. This might be an iPhone issue, however, I am still blaming Google as they force me into workaround solutions!  **Downloading onto computer:** Fail again. Google decided to remove the ability to view your photo's by year/month etc. So it is really hard to select, say, a year at a time.  As I say, I really have enjoyed using the app from the Picasa days, however, they have made it so hard to easily get my photos without jumping through hoops or mucking up meta data etc. I makes me think about not keeping my data with them!",https://www.reddit.com/r/googlephotos/comments/y4qwzr/google_photos_is_driving_me_insane/
Reddit,r/googlephotos,post,2021-12-28T04:26:20.853000+0000,29,"Converting iPhone Live Photos to Google ""Motion Photos"" - Hi all, I wrote this Python script to convert my iPhone's ""Live Photos"" into Google's semi-proprietary ""Motion Photos"" format and I just wanted to share with anyone that might find it useful.  It's based on the reverse engineering work done here: https://medium.com/android-news/working-with-motion-photos-da0aa49b50c  I've been able to successfully use this to upload my iPhones' photos to Google Photos via my Pixel XL to get the unlimited storage space perk, while keeping the 'live/motion' aspect, and not having to deal with putting the image and video in two separate files.  Here's the repo to my code: https://github.com/mihir-io/MotionPhotoMuxer  I don't really write code on a regular basis so I'm a bit rusty 😅 -- hopefully it's good enough for anyone else that wants to use it, but if you have a PR for an enhancement, I'm open to reviewing it.  I'm not really sure what flair this post should have. My bad if I picked the wrong one, I can change it if needed.",https://www.reddit.com/r/googlephotos/comments/rq6nwh/converting_iphone_live_photos_to_google_motion/
Reddit,r/googlephotos,post,2022-08-22T21:20:19.161000+0000,29,"Partner sharing 'Unable to add' errors when saving photos - For the last couple of days I've noticed that I can't save some photos that were taken by my partner.  On my Pixel 5 they seem to save, and then disappear, while on the website they say 'unable to add'.  I can't see any particular reason why some wouldn't work while others do.  Anyone else had anything similar? I've Google for answers but no solutions it seems.",https://www.reddit.com/r/googlephotos/comments/wv5jt4/partner_sharing_unable_to_add_errors_when_saving/
Reddit,r/googlephotos,post,2019-09-12T17:02:50.850000+0000,28,"View your Memories on the Google Photos App - There’s a new feature in the Google Photos app that lets you reminisce about the past -- Memories.   Memories are temporary collections that are only visible to you. If Memories are available to you, you’ll find this feature at the top all of your photos. Tap on the memory to view all of the photos it contains. Tap on the right or left of the screen to move to the next or previous photo. Swipe right or left on the screen to skip to the next or previous memory.   You can manage people & pets you want displayed in your Memories, select dates to hide, and turn Memories on or off all through Settings > Memories.   Install the latest Google Photos app to be sure this feature is available for you. [Learn more ](https://support.google.com/photos/answer/9454489)about this new feature.   Thanks,  The Google Photos team",https://www.reddit.com/r/googlephotos/comments/d3awgc/view_your_memories_on_the_google_photos_app/
Reddit,r/googlephotos,post,2024-08-08T07:09:43.956000+0000,27,what is the most pain free way to migrate AWAY from GP?   - I have many TB of photos sitting in the google photos cloud -- I want to migrate away from google altogether   But I have no idea how to do it - AND - ensure I have all of my photos...  Is TAKEOUT the best and only way to get my photos from GP?    What is the best and fastest way to get all of my photos either cut and pasted or at least copied into another cloud service or on to my hard drives so I can get a NAS  up and running?  I have at least 8-10TB of photos -- I can't possibly go through them all to ensure GP is not - NOT - sending them to me via TAKEOUT.  My strategy thus far is migrating all of my photos into folders representing the years... then downloading each year as a TAKEOUT...   My end goal is to have all of my photos hosted on a NAS drive - skipping google photos - I dont' trust cloud services as a primary way to host my photos...   I have heard AMAZON photos is a better alternative to GP... is this true?  HELP!,https://www.reddit.com/r/googlephotos/comments/1emzif1/what_is_the_most_pain_free_way_to_migrate_away/
Reddit,r/googlephotos,post,2022-04-09T17:34:12.656000+0000,27,"I’ve reached the 15GB free storage limit. If I buy the 100GB yearly storage upgrade (totalling to 115GB), and then start uploading content beyond the original 15GB, what will happen to the content beyond the 15GB if I cancel my 100GB plan at some point in time? - Just to clarify, Google states that the 100GB plan can be cancelled at any monthly point in time.  If you do choose to cancel the 100GB plan once you’ve uploaded content past the 15GB mark (so, let’s say you’ve currently filled 40GB of space), what will happen to the 25GB’s worth of uploaded content when you cancel the plan? Will this 25GB of content automatically get deleted?  Also, if anyone knows of any storage upgrade discounts that Google Photos ever does, please do tell! Like for Black Friday, etc. (The 100GB/year plan seems to currently cost CA $2.49/month in Canada.)   Also, how much Google Photos ‘buffer storage space’ is good to have so that Google’s services still work properly? Is 1.5GB usually enough? Google Photos started showing me a notification about not having enough storage for Google-related services when I was near the 15GB mark. I’m just an average user and don’t typically find myself attaching huge or many files to a gmail message, if this factors in.  Thanks a lot!",https://www.reddit.com/r/googlephotos/comments/tzy3hu/ive_reached_the_15gb_free_storage_limit_if_i_buy/
Reddit,r/googlephotos,post,2024-09-06T20:56:33.580000+0000,27,"How to download 1TB of Google photos - My boss at work (I hate old ladies) has given me the task to download all her google photos and she has 1TB of them literally from 2011 EVERY PICTURE is saved on her Google photos.. She shared with me every picture through partner sharing because both her phones dropped in the toilet and her laptop has potatoes for batteries.  I am home now and how the actual f do I download all her photos??  1. I tried clicking them individually and after 8000 I decided to stop for the day and download just those, but the site crashed (tried again with less and crash again). 2. I heard about an alternative to save all photos of hers to my account first, but I don't have space for a million photos 3. I can't log in with her email (she has 2 factor authentication and phones dropped in the toilet)  ANY WAY TO DO IT??? PLEASE! I HAVE THE SPACE ON MY PC, I just don't have the knowledge",https://www.reddit.com/r/googlephotos/comments/1faptcg/how_to_download_1tb_of_google_photos/
Reddit,r/googlephotos,post,2019-04-15T05:31:16.348000+0000,27,"Converting a video to an animated GIF in Google Photos? - I purposely took a video to later convert to an animated GIF in Google Photos. I swear I've done this before, but now I can't seem to figure out how. Is the video too short? Or was that a feature that Google no longer supports? Or am I just crazy thinking that I had done this previously?",https://www.reddit.com/r/googlephotos/comments/bdcfk1/converting_a_video_to_an_animated_gif_in_google/
Reddit,r/googlephotos,post,2023-05-09T00:56:47.893000+0000,27,"How to make Google Photos the default ""Gallery"" on Android? - Does anyone know how to make Google Photos the default Gallery that allows you to choose photos to send from on an Android phone, more specifically the Samsung Galaxy S23? I can't seem to figure it out. Any help would be appreciated.",https://www.reddit.com/r/googlephotos/comments/13cakr5/how_to_make_google_photos_the_default_gallery_on/
Reddit,r/googlephotos,post,2025-08-16T09:50:37.116000+0000,27,"""We need to f*ck up the UI"" - Why for the love of god did they have to change the editing UI in Photos? It feels like a natural law for any good UI in the tech scene.  It was perfect. Now everything is in 10 sub-categories, you can't find anything, constantly click on the wrong thing, image zooms out way too much, perspective editing tool is gone for no reason, it's just a nightmare!  Yes, some new AI tools are nice, but they would've just put it in the old UI...  Does anyone feel the same or is it just me?",https://www.reddit.com/r/googlephotos/comments/1mrqo86/we_need_to_fck_up_the_ui/
Reddit,r/googlephotos,post,2026-06-10T17:51:16.360000+0000,26,Google Photos and Family Storage are doubling my storage space. How do I stop this from happening? - My wife and I are the only ones that use storage at the moment. I'm on Android and she's on Apple so we got Google photos to be able to back up and share everything. She also still maintains an icloud account so her stuff is already double backed up and now it seems like triple backed up?   I do not want to accidentally mess this up so I'm coming here to find out how to stop this from happening?,https://www.reddit.com/r/googlephotos/comments/1u29jea/google_photos_and_family_storage_are_doubling_my/
Reddit,r/googlephotos,post,2022-09-19T23:57:04.052000+0000,26,"Google Drive Storage Full, but Has No Files to Delete - My wife’s Google drive storage is full, and she can no longer receive emails. I’m trying to even find her files on my computer, and everywhere I look, there is nothing. It says that 12 GB is being taken up by Google photos, but when I go to clear it out, it shows:  Discarded items - “Nothing to free up”   “No Emails in Trash”   “The Spam Emails”   “No Files in Trash”    Large items - “You can free up to 239.3 MB”   238.3 MB in emails   998.4 KB in Google drive   “No large photos or videos”    Other items - “Nothing to free up”   “No unsupported videos.”    I’m just confused because I cannot find these photos that are supposedly taking up 12 gigs. I had her download the Google photos app on her phone to try and see if she could manage the photos from there, but anytime she deletes a photo on there, it just directly deletes it off of her phone, which is ridiculous. If it’s directly taking her photos from her phone and counting that towards her Google drive storage, how do I disconnect that? I have no idea how her phone and Google photos are even connected. I’ve been through all of the settings, and I cannot find anything like that. The only thing I’ve done is found Google photos in her iPhone settings and disallowed access to her photos. And even still, it doesn’t fix the storage issue.  Any help will be appreciated! We just need to make sure she has access to her emails again because we are in the middle of buying a house and we need to respond to emails in a timely manner.",https://www.reddit.com/r/googlephotos/comments/xisz2h/google_drive_storage_full_but_has_no_files_to/
Reddit,r/googlephotos,post,2022-09-22T16:35:37.870000+0000,26,is there a way to search Google photos using a photo? - I have a recent photo that has something very distinct in it. I am Trying to find an older photo I have of that same item but I have so many photos I can't find it and I don't remember when I took the photo. I was wondering if I could search Google photos on my phone to try to find a match to the current photo. Hope that makes sense. Thanks in advance!,https://www.reddit.com/r/googlephotos/comments/xl693t/is_there_a_way_to_search_google_photos_using_a/
Reddit,r/googlephotos,post,2024-02-02T10:56:33.743000+0000,26,"Add on to help clean my Google photos - Good morning,  I use an app called Sponge to swipe through my phone gallery and decide which fotos I want to keep and which ones I want to delete. I find it quite useful and I was wondering if there is something similar that would help me clean the photos from Google photos.",https://www.reddit.com/r/googlephotos/comments/1ah1257/add_on_to_help_clean_my_google_photos/
Reddit,r/googlephotos,post,2024-01-30T03:08:06.935000+0000,25,"How do you download photos from Google photos -  Found answers.  I open Google photos on my android tablet. I click on photo I want, go to 3 dots all it gives me is *move archive or move to locked folder*.  Why does Google have to make everything  difficult!!! Click download done... There",https://www.reddit.com/r/googlephotos/comments/1aeeau6/how_do_you_download_photos_from_google_photos/
Reddit,r/googlephotos,post,2022-08-07T08:05:47.007000+0000,25,"Can't edit faces in some of the photos - Most of my photos uploaded to Google Photos have the functionality to edit the people / faces and to tag / untag people that are in the image.  However, I noticed that:  * For some pictures that functionality is missing. There are faces recognized in the picture but the edit function doesn't show up. The only possibility to remove a mismatch is to search for the person and then to remove the picture from the results. Also sometimes those pictures include clearly visible faces that have not been recognized. * Some other pictures are a mix: Some of the faces can be edited, but there are also some face matches that can't be edited (like in the previous scenario).  I found some older posts here in the sub that mentioned that Google restricts the edit functionality in Europe due to the GDPR.  This could potentially be related here, as I'm spending about 20% of the year in Europe.  However, sometimes even photos uploaded behind each other show a different behavior so I can't find any pattern for this. For example it's not just images uploaded while I was in Europe, as lots of those images have faces that can be edited.  Any idea what's going on here and how I can manually tag those pictures that are missing the edit functionality?",https://www.reddit.com/r/googlephotos/comments/wiag42/cant_edit_faces_in_some_of_the_photos/
Reddit,r/googlephotos,post,2021-07-26T19:11:38.010000+0000,25,"Google Photos ""Free up space"" feature not working - Hi all! Can you help me? I can't seem to find the answer online.   Samsung Galaxy S20 | Android 11  I use Google Photos to backup my phone's camera roll. They backup successfully into my Google Photos account but when I try to free up space by using the ""Free up 40 GB"" button, it doesn't work. I still have all the photos saved locally.  Things I have tried: - Uninstalling & installing the app - Checking for app updates - Settings > Clear data/cache - Powered my phone on and off  I have like 1GB of of storage left on my phone so I need a solution to this. Thank you!",https://www.reddit.com/r/googlephotos/comments/os5qrz/google_photos_free_up_space_feature_not_working/
Reddit,r/googlephotos,post,2021-12-10T13:37:35.682000+0000,24,"How do I search for photos by exact filename? - I couldn't find a way to search for photos by their exact filename. Neither did I find anything mentioned about this in the documentation nor did I find a way to search using filename. I don't either find an answer from several Google search.  For example, I'm trying to find a photo by this filename 20211204\_172629.jpg.  I tried several options but had no luck. Below searches are returning all the photos that were taken on 20211204,  1. 20211204\_172629.jpg 2. ""20211204\_172629.jpg"" 3. 20211204\_172629 4. ""20211204\_172629"" 5. filename:20211204\_172629.jpg 6. filename:""20211204\_172629.jpg""  I found  [Search Photos Using Original File Name](https://support.google.com/photos/thread/44090564/search-photos-using-original-file-name) thread in Google Photos Help Community but it doesn't search by the exact filename that I'm looking for.  Hope someone would be able to help with this or provide some workaround.",https://www.reddit.com/r/googlephotos/comments/rd8u2q/how_do_i_search_for_photos_by_exact_filename/
Reddit,r/googlephotos,post,2023-11-26T23:04:04.334000+0000,24,"How I restored my backed up photos and videos on google photos with correct dates after factory reset through takeout - Notes before reading the whole thread: After complete restore with correct dates, some apps like Facebook and Instagram (I don't know if there is others or not) won't recognize the correct order and I don't know the reason. Also forgive my bad English.  Context: I have Xiaomi 12T Pro and I used to keep my photos and videos backed up to google photos app in case something happens. I didn't create albums or anything through the app, I only checked if my photos and videos are backed up or not through ""Photos"" tab. Two weeks ago, I updated a system app that caused bootloop. I couldn't boot the phone till I made a factory reset through recovery menu and of course all my data are gone. I installed the app to recover my photos and I was struck that it can only download the latest 200 photos and videos and they will be downloaded in folder called ""Restored"" in DCIM. I thought that when I chose the folders to back up on google photos app, they will be backed up as my local storage folders. Anyway, I kept searching for days on how to restore all my GP data with their correct dates and found many methods here on reddit. I tried only one method through Takeout and I recovered my data successfully. Even photos that are not from a Camera source (like whatsapp and photos from internet) are correctly ordered. The most important dates are date taken and date modified; these are used to order data in gallery. There is other date but not important as the them which is date created. I am not a tech who uses a PC with Win 10 and knows nothing about coding and this stuff.  There are two methods and both of them depend on Takeout. Before starting any of them, open google photos through pc and check all your backed up photos and videos and check if there are some old stuff that you don't need and delete them. Also delete all created albums through google photos to avoid duplications. Now create an export for google photos through ([https://takeout.google.com/](https://takeout.google.com/)) and ONLY check the albums with years and choose the largest zip (50 GB) to avoid many zip extractions. In my case, my data was 30 GB so my whole data was in one zip file. After downloading the zip, copy it somewhere else as a backup in case the process failed.  FIRST METHOD: THE EASY (PAID) method by using Metadata Fixer tool. Use this paid tool ([https://metadatafixer.com/](https://metadatafixer.com/)). This tool merges JSON files (that store metadata of photos and videos) with your your takeout export and the tool supports many file types. Kindly note that this tool fixes only 100 files for free as a trial. If your takeout data in not much, maybe you can use the tool to fix the first 100 files for you and then delete the already fixed 100 files from the takeout zip itself and repeat the process. (IDK if it can be used many times or not as I only used it once). If the tool successfully fixed all of your files, an output folder with all your fixed data will be created. I really don't know what the final folder will look like as I didn't use this method but it should look a folder with all photos and videos inside (this will take much time to load and may crash your PC) or a parent folder with many folders named after years or a parent folder with many folders named after years and many folders named after months. Anyway, check this folder(s) and you should notice the three dates mentioned above are almost identical. You can now connect your phone via USB and copy your data back or you use any other method of copying as you like.  SECOND METHOD: THE UNEASY (FREE) method: We will use many tools.  1- Download this free tool ([https://github.com/TheLastGimbus/GooglePhotosTakeoutHelper](https://github.com/TheLastGimbus/GooglePhotosTakeoutHelper)). It's a cmd tool that also Merges data with JSON files. Open the tool and follow the instructions. It's better to use the 2nd choice when prompted (I don't really remember it's name but it says data can be portable and copied anywhere), also select the choice of making folders by months (as folders with years only will take much time to load file explorer in windows). After the tool finishes its work, there will be output folder that has many folders named after years and many folders named after months.  2- Download EXIF Date Changer Pro (Google it and I will not post the link as it is a paid tool) or you can use any other tool that can batch edit EXIF of data. After installing, open the tool and just drag and drop your output folder and browse for destination folder then apply this settings:  In ""Time Difference"" tab: set date/time from Modified date     In ""Options"" tab: check the following:   Preserve original modification date   Use file created date if no date taken   Set file created date to date taken  If the tool successfully processed all your files, the output folder shall match the output folder from the previous step and you should notice the three dates mentioned above are almost identical, so skip the next step. In my case, there were some errors with photos that are not jpg and videos that are not mp4. I was pretty lucky as these errors existed in only 60 photos and videos. The tool logs every error with every file so I could know where the error comes from. Check with every error line the source of the file and extract this file it along with its own JSON file from the untouched Takeout zip that you firstly downloaded in a new folder. After extracting the files with errors, select all them with CTRL+A and create a zip file for them (don't create a zip for the whole folder, just create it for the files).  3- Use the Metadata Fixer tool from the FIRST METHOD: we should have now few number of unfixed files. I used the demo version of the tool and it fixed my 60 files. Anyway, just open the tool and drag and drop your created zip (that has the files needed to be fixed along with their JSON files) and it will process your files. The output folder should have your fixed files now. Now move (DON'T COPY) each file to its correct month and year folder in the output folder from STEP 2. You can now connect your phone via USB and copy your data back or you use any other method of copying as you like.  The following steps are OPTIONAL, but I did it in order to well-organize my photos and videos. You can follow these steps whether you used the free or paid method or just use another method to organize your stuff.  Well, as I mentioned above, I have now a parent folder with many subdirectories named after years and months, and inside them all my photos and videos are fixed. I can now open each folder and copy its content to my phone but I may face a problem. All my photos and videos, although they will be correctly ordered, they will be like google photos interface (screenshots, videos, memes and camera photos will be in a same place). I am a person who likes to keep his things organized and this applies to my photos and videos. I like to keep the photos and videos of real persons and places in the Camera folder (whether the source of these photos and videos from my phone camera or sent by someone on any other app).  1- I created a folder in another directory in my PC and created it some folders and named them according to their content (Screenshots, Screenrecords, SnapTube Video, Facebook, Picsart ... etc.) I opened every folder of them in a new window and I have gone through every month in the output folder and skimmed through them to look for non-camera photos and moved (DIDN'T COPY) to its correct place. I used the search function and it really helped me to finish quickly: (navigate to the parent output folder and use the search in the upper right area of screen. There are some fixed prefixes of images and videos such as: (FB\_IMG for facebook), (PicsArt for picsart photos and videos) and so on, while prefixes of screenshots and screenrecords may vary depending on the phone type, just try to know the repeated prefix of each type of app to find it easily. After moving all your non-camera stuff to their correct folder on your PC, you can now copy the whole folders back to your phone (just be careful of their correct path on the phone as there folders inside DCIM folder, or inside Pictures folder, or inside Movies folder or maybe the app can make its own folder as telegram and snaptube).  2- This is the final step and it can be done manually but it will be kinda tiresome, or maybe there is a code or a script that can facilitate the process I don't know, or through the tool that I have used called Total Commander ([https://www.ghisler.com/download.htm](https://www.ghisler.com/download.htm)). I guess maybe some people know it. It's a tool that can do many processes through file explorer. I only needed the tool to show all files in subdirectories in one view, so instead of navigating to 05 folder inside 2019 folder to copy camera stuff to Camera folder in DCIM to my phone then wait till it finishes and navigate to the next month folder and repeat the process, I could just use a function in Total Commander that shows all files in subdirectories in a parent folder. Now I can see all my camera stuff in one folder and I can copy them to Camera folder in DCIM in my phone in one step (and that's why I only kept the camera stuff folders together in a parent folder and the other non camera stuff like screenshots and facebook stuff together in another parent folder). The Total Commander interface is easy: just navigate to the parent folder of your camera stuff in the left screen and press CTRL+B and you will see all files inside months and years together then select all photos and videos with CTRL+A then navigate to Camera folder in DCIM in right screen and copy your stuff with F5 and let it takes its time.  Now we are done. You can open your gallery app and check the order of your data. You can also open a chat in whatsapp or messenger and try to send anything from your gallery, you should be able to see your stuff in correct order (unlike trying to add a post or a story from facebook or instagram as they will show the latest thing you added to your phone local storage regardless of dates). I know the whole process is frustrating, but it's worth it and I guess it's really better to see your recent photo with your kids as the first thing that comes up when you open your gallery than to see your old cringy photos with haircut like Justin Beiber in 2010s beside the memes from The Office :)  At the end, it is my first HELPING thread or post or whatever it is called on reddit or anywhere else. I just had a terrible experience with google photos and I do think many had their owns. I apologize for my bad English and for the wordy and detailed sentences, I just tried to express my whole experience and how I got my data back. I hope this thread help whoever faces the same problem and I also hope that it will be approved by admins and not removed as I took much time writing it with details. Btw, I don't have the google photos app on my android phone right now, if I downloaded the app again and signed in with my mail and turned on the backup and sync, will my new data get backed up? what about the old backed up data? will they be kept or removed? THANKS ALL :)",https://www.reddit.com/r/googlephotos/comments/184nqqu/how_i_restored_my_backed_up_photos_and_videos_on/
Reddit,r/googlephotos,post,2024-02-27T19:53:02.905000+0000,24,"How can I download all my photo back on my phone ?! - So, tonigth I got an alert saying that I had almost no space left on my Google account or something like that. Of course, since the synchronisation is activated I thought that I would simply delete every pics and videos from my ""cloud"" and keep everything on my phone. Long story short I didn't found how to do so but I saw a message saying that I could free a good chunk of storage by doing something (I really don't remember sorry).  So I do this and all my freaking photos and videos are missing on my phone and are on my Google photo account. I still have very little storage left and so I wanted to redownload everything and even older pictures/videos since my phone have more than enough storage.  I've looked everywhere and tried everything I could but it seems like I can only download 1 pic a time. I can't select everything or only by doing it month by month and if I select more than 1 picture the option to download disappear.   I'm very angry right now and so upset so I'm sorry if I'm not to understandable (I'm not English too so it doesn't help) but if anyone have an answer or a solution I'll be glad to hear it thank you in advance.",https://www.reddit.com/r/googlephotos/comments/1b1l6u0/how_can_i_download_all_my_photo_back_on_my_phone/
Reddit,r/googlephotos,post,2024-11-16T00:14:30.875000+0000,24,It's almost 2025 and Google still hasn't found a way to allow people to shuffle or randomize their albums - I find it amazing that Google Photos doesn't have this feature and when we play slideshows we always have to play it in the same order. I remember using photo apps back in 1990s that had the option to shuffle or randomize albums but Google doesn't offer it in 2025. It can't be too difficult. I also tried using their AI search and asked it to show me random photos from my albums but nothing came up.,https://www.reddit.com/r/googlephotos/comments/1gsatae/its_almost_2025_and_google_still_hasnt_found_a/
Reddit,r/googlephotos,post,2023-09-11T19:19:28.850000+0000,23,"How to manage storage on child's account. - My child has a phone and has a Google login for it.  It is linked to my account with family link.   I want to manage the storage on his account as it is showing as getting full, mainly photos and videos.   If I go onto his Google Photos account and try to look at Manage Storage it says because it's a family account that the account manager (me) has to do it.   But when I log into my Google account I can't see any option to manage his storage.   Any ideas on how to do it?",https://www.reddit.com/r/googlephotos/comments/16g4fd3/how_to_manage_storage_on_childs_account/
Reddit,r/googlephotos,post,2024-04-17T22:30:56.204000+0000,23,"Locked folder in Google photos impossible to transfer or share - Every time I want to upload a pic from the locked folder to another app, lets say Grindr, it's a crusade.. I can't even screenshot or make a non-encrypted copy to another folder.  These photos will be hidden or I have to move them first to gallery and then find that specific day and upload them from that day.  Using other gallery apps I could just add all photos I didn't want to show in the normal gallery app to a ""temporarily excluded folder"" and then grab the pics from there, it was much easier",https://www.reddit.com/r/googlephotos/comments/1c6na58/locked_folder_in_google_photos_impossible_to/
Reddit,r/googlephotos,post,2021-05-15T03:40:03.947000+0000,23,"""can't edit locations added by your camera"" but I could as recently as may 5th - I frequently share my projects online. I generally take the picture, edit the location, then download everything to post to a forum/reddit or whatever.  Today I noticed I couldn't edit any non estimated locations via [photos.google.com](https://photos.google.com) I've never tried in photos on the phone before so I don't know if that has changed... but you can't do it there either.   I know how to take metadata out anyway, but this just seems like a dick move by google. It was really easy in my workflow to select all the relevant photos and remove the metadata right before I downloaded them.   Is there any way to get this ability back?",https://www.reddit.com/r/googlephotos/comments/ncq0iv/cant_edit_locations_added_by_your_camera_but_i/
Reddit,r/googlephotos,post,2018-03-15T18:46:39.262000+0000,23,"Call me stupid but is Google Photos private or can others see them? - When I mean others I don't mean Google, I mean if friends etc search on us in Google, will they see our Googles photos?  Looking to maybe use Google Photos for the entire family for backup but I don't want ALL our pictures to be public for the world to see. I don't mind if Google (The company) itself can look at them, I just don't want people to be able to find these images everywhere on the internet.",https://www.reddit.com/r/googlephotos/comments/84ow6g/call_me_stupid_but_is_google_photos_private_or/
Reddit,r/googlephotos,post,2020-10-04T19:33:57.420000+0000,23,"Can't download from Google Photos - I'm a photographer, and the way I get my photos from my desktop to my phone is through Google Photos.  But recently I've been unable to download anything from Google Photos or even Google Drive.   I've cleared all my cache and even cleared all my storage, removed the apps and reinstalled them, and don't everything I can think of.",https://www.reddit.com/r/googlephotos/comments/j54zjx/cant_download_from_google_photos/
Reddit,r/googlephotos,post,2024-01-03T02:20:27.161000+0000,22,"Best way to backup from iCloud to Google Photos? - I have 35K photos/videos to backup from iCloud to Google Photos. Trying to decide between the following two options. Pros/cons? Primary concern is preserving metadata.   Option 1: Go to [privacy.apple.com](https://privacy.apple.com), click ""Transfer a copy of your data,"" and select Google Photos as destination.  &#x200B;  Option 2: All 35K photos are still on my iPhone, so I could just download the google photos app and back them all up that way.   &#x200B;  Option 2 is the traditional method, but I just discovered Option 1 which saves me the headache of keeping track of the sync myself. Mostly wondering if anyone has experience with Option 1, and whether all metadata (location, date photo was taken, albums, etc) was preserved? One downside to option 2 is that albums are not preserved.   &#x200B;  Thanks!!",https://www.reddit.com/r/googlephotos/comments/18x7sfi/best_way_to_backup_from_icloud_to_google_photos/
Reddit,r/googlephotos,post,2023-01-23T23:01:28.690000+0000,22,"Using Google Photos is driving me insane - I've been a user of Google Photos (having previously used Picasa) for many years. I still don't understand how it is supposed to work. Aside from taking pictures on my phone, I mostly do my work on my desktop.  I get emails with photos all the time, and I want to download them into Google Photos and be able to stick them in albums, etc. I do this by downloading them into the Windows Download folder then uploading them into Google Photos. This mostly works but I am never sure what's really going on. For example, it is never clear what album I'm working with, and what can be done to move them, rename them, add or remove photos.  I also get links to Shared photos and albums, and this is almost completely annoying. The location and provenance of the photos is weird. It seems (seems...) that if you open a Shared album it becomes a world of its own, meaning that the shared album is all you see in whatever tab you opened it in. No way to merge it to your main Photo storage, etc.  Lots of other things are so weird I can't even describe the problem properly.  Is there actual documentation (words in a row) that describes how this is ~~designed~~ supposed to work? I've looked around here on reddit for pointers and all I see is people saying how wonderful it all is. Google's descriptions are abominable, if you can find them.  I've been a software engineer for a long time, and yet I can't figure this out or explain it to others. It makes me sad, not to mention frustrated.",https://www.reddit.com/r/googlephotos/comments/10jqc3e/using_google_photos_is_driving_me_insane/
Reddit,r/googlephotos,post,2025-06-19T09:20:26.624000+0000,22,"A script to export all your photo & video metadata from Google Photos into a CSV file (Google-Photos-Toolkit) - Hey everyone,  I was looking for a functionality to get a summary of my library without actually downloading it, and, with the help of the Google Photos Toolkit, and Gemini 2.5 Pro I put together a couple of scripts to do just that. My 27316 files were processed very quickly within the waiting period.  I wanted to share them in case they're useful for other data hoarders and organizers out there.  # What does it do?  The scripts export a detailed spreadsheet (.csv file) of your files with the following columns:  * Filename * Description * Date\_Taken * Date\_Uploaded * Size\_Bytes * Takes\_Up\_Space (true/false) * Space\_Consumed\_Bytes * Is\_Original\_Quality (true/false) * Media\_Key (Google's internal ID)  # What You'll Need (Prerequisites)  The script relies on the Google Photos Toolkit userscript. You'll need a userscript manager like Tampermonkey or Violentmonkey installed in your browser to run it.  # How to Use the Scripts  1. Make sure you have the [Google Photos Toolkit](https://github.com/xob0t/Google-Photos-Toolkit/) userscript installed and active. 2. Navigate to [photos.google.com](http://photos.google.com). 3. Open your browser's Developer Console (usually by pressing F12). 4. Choose which script you want to use below, copy the entire code block, and paste it into the console. 5. For the Script 1, configure the CONFIG section at the top of the script. 6. Press Enter to run the script. Your file(s) will download automatically when it's done.  # Script 1: Export by Album (Single, Multiple, or All)  Use this script if you want to export data for specific albums. It can run for one album, a list of albums, or all of your albums (creating a separate file for each).      /**      * A universal script to retrieve comprehensive metadata for photos in Google Photos albums      * and download the results as separate CSV files.      *      * It can operate in three modes: 'single', 'multiple', or 'all' albums.      * This version uses only the core `gptkApi` for maximum reliability.      */          // ---     // --- STEP 1: CONFIGURE THE SCRIPT MODE AND ALBUM NAMES HERE ---     // ---     const CONFIG = {       /**        * CHOOSE YOUR MODE:        * 'single'   - For one specific album.        * 'multiple' - For a custom list of specific albums.        * 'all'      - For every album in your account.        */       mode: 'multiple', // <-- SET YOUR DESIRED MODE HERE            // Provide the album name(s) based on the mode you chose:       albumName: 'Your Album Name Here',      // Used only if mode is 'single'       albumNames: ['Album Name 1', 'Photos from that event', 'Italy tour'], // Used only if mode is 'multiple'     };     // --- (No need to edit below this line) ---          const INFO_CHUNK_SIZE = 5000; // API limit for getBatchMediaInfo.          /**      * The main function to orchestrate the entire export process based on the CONFIG.      */     async function exportAlbumInfo() {       if (!window.gptkApi) {         console.error(""Google-Photos-Toolkit core API (`gptkApi`) not found. Make sure the userscript is running."");         return;       }            console.log(`Starting export process in '${CONFIG.mode}' mode.`);            // --- Start of Core Logic ---       try {         // Fetch all albums once at the beginning         console.log(""Fetching a complete list of your albums..."");         const allAlbums = await fetchAllPages(gptkApi.getAlbums);         if (!allAlbums || allAlbums.length === 0) {           console.error(""Could not fetch any albums. The process cannot continue."");           return;         }         console.log(`Found a total of ${allAlbums.length} albums.`);              let albumsToProcess = [];              // Determine which albums to process based on the configured mode         switch (CONFIG.mode) {           case 'single':             const singleAlbum = allAlbums.find(a => a.title === CONFIG.albumName);             if (singleAlbum) {               albumsToProcess.push(singleAlbum);             } else {               console.error(`The specified album was not found: ""${CONFIG.albumName}""`);             }             break;                case 'multiple':             albumsToProcess = CONFIG.albumNames.map(name => {               const foundAlbum = allAlbums.find(a => a.title === name);               if (!foundAlbum) {                 console.warn(`Warning: Album ""${name}"" was not found and will be skipped.`);               }               return foundAlbum;             }).filter(Boolean); // Filter out any not found (null) entries             break;                case 'all':             console.warn(""You have chosen to process ALL albums. This may trigger multiple file downloads. If prompted by your browser, please allow them."");             albumsToProcess = allAlbums;             break;                default:             console.error(`Invalid mode specified in CONFIG: '${CONFIG.mode}'. Please use 'single', 'multiple', or 'all'.`);             return;         }              // Process the selected albums         if (albumsToProcess.length > 0) {           console.log(`Ready to process ${albumsToProcess.length} album(s).`);           for (const album of albumsToProcess) {             // Using 'await' ensures albums are processed one by one, making logs clearer             // and preventing the browser from being overwhelmed.             await processSingleAlbum(album);           }         } else {           console.log(""No albums matched the criteria. Nothing to process."");         }              console.log(""--- All tasks complete! ---"");            } catch (error) {         console.error(""A critical error occurred during the main process:"", error);       }     }               // --- HELPER FUNCTIONS (No need to edit below this line) ---          /**      * Fetches data for one album, formats it, and triggers the CSV download.      * u/param {object} album - The album object from the gptkApi.      */     async function processSingleAlbum(album) {       console.log(`--- Processing album: ""${album.title}"" ---`);       try {         // Get all media items from the album.         const mediaItems = await fetchAllPages(gptkApi.getAlbumPage, album.mediaKey);         if (!mediaItems || mediaItems.length === 0) {           console.log(`Album ""${album.title}"" is empty. Skipping.`);           return;         }              // Get detailed information in chunks.         console.log(`Fetching detailed information for ${mediaItems.length} items...`);         const mediaKeys = mediaItems.map(item => item.mediaKey);         const mediaKeyChunks = splitIntoChunks(mediaKeys, INFO_CHUNK_SIZE);         const promises = mediaKeyChunks.map(chunk => gptkApi.getBatchMediaInfo(chunk));         const allMediaInfo = (await Promise.all(promises)).flat();         console.log(""Successfully fetched detailed information."");              // Format the data with user-friendly headers and values.         const formattedData = allMediaInfo.map(item => ({           ""Filename"": item.fileName,           ""Description"": item.descriptionFull,           ""Date_Taken"": item.timestamp ? new Date(item.timestamp).toISOString() : null,           ""Date_Uploaded"": item.creationTimestamp ? new Date(item.creationTimestamp).toISOString() : null,           ""Size_Bytes"": item.size,           ""Takes_Up_Space"": item.takesUpSpace,           ""Space_Consumed_Bytes"": item.spaceTaken,           ""Is_Original_Quality"": item.isOriginalQuality,           ""Timezone_Offset"": item.timezoneOffset,           ""Media_Key"": item.mediaKey         }));              // Convert to CSV and trigger download.         const csvContent = convertToCsv(formattedData);         const safeFilename = album.title.replace(/[/\\?%*:|""<>]/g, '_') + '.csv';         downloadAsFile(safeFilename, csvContent, 'data:text/csv;charset=utf-8;');         console.log(`Successfully processed and triggered download for ""${album.title}"".`);            } catch (error) {         console.error(`An error occurred while processing the album ""${album.title}"":`, error);       }     }          /**      * A generic helper to fetch all pages for a given API method.      */     async function fetchAllPages(apiMethod, ...args) {       const allItems = [];       let nextPageId = null;       do {         const page = await apiMethod.call(gptkApi, ...args, nextPageId);         if (page?.items?.length > 0) allItems.push(...page.items);         nextPageId = page?.nextPageId;       } while (nextPageId);       return allItems;     }          /**      * Splits an array into smaller arrays of a specified size.      */     function splitIntoChunks(array, chunkSize) {       const chunks = [];       for (let i = 0; i < array.length; i += chunkSize) chunks.push(array.slice(i, i + chunkSize));       return chunks;     }          /**      * Converts an array of objects into a CSV-formatted string.      */     function convertToCsv(data) {       if (data.length === 0) return """";       const headers = Object.keys(data[0]);       const rows = data.map(obj =>         headers.map(header => {           let value = obj[header];           if (value === null || value === undefined) return '';           let stringValue = String(value);           if (stringValue.includes(',') || stringValue.includes('""') || stringValue.includes('\n')) {             return `""${stringValue.replace(/""/g, '""""')}""`;           }           return stringValue;         }).join(',')       );       return [headers.join(','), ...rows].join('\n');     }          /**      * Triggers a browser download for the given text content.      */     function downloadAsFile(filename, text, mimeType) {       const element = document.createElement('a');       element.setAttribute('href', `${mimeType},` + encodeURIComponent(text));       element.setAttribute('download', filename);       element.style.display = 'none';       document.body.appendChild(element);       element.click();       document.body.removeChild(element);     }          // --- Execute the Main Function ---     exportAlbumInfo();  # Script 2: Export Your ENTIRE Library  Use this script to get a single, large CSV file containing the metadata for every single photo and video in your main library.      // SCRIPT 2: EXPORT ENTIRE LIBRARY     // --- (No configuration needed) ---          async function exportEntireLibrary() {       const INFO_CHUNK_SIZE = 5000;       if (!window.gptkApi) { console.error(""Google-Photos-Toolkit core API not found.""); return; }       console.log(""--- Starting Full Library Export ---"");       console.warn(""This process will be very long for large libraries. Please be patient."");       try {         const allLibraryItems = await fetchAllLibraryItems();         if (!allLibraryItems || allLibraryItems.length === 0) { console.log(""Library is empty.""); return; }         console.log(`--- Fetching detailed metadata for ${allLibraryItems.length} items ---`);         const mediaKeys = allLibraryItems.map(item => item.mediaKey);         const mediaKeyChunks = splitIntoChunks(mediaKeys, INFO_CHUNK_SIZE);         console.log(`Data will be fetched in ${mediaKeyChunks.length} chunk(s).`);         let allMediaInfo = [];         for (let i = 0; i < mediaKeyChunks.length; i++) {           console.log(`Fetching details for chunk ${i + 1} of ${mediaKeyChunks.length}...`);           const chunkResult = await gptkApi.getBatchMediaInfo(mediaKeyChunks[i]);           allMediaInfo.push(...chunkResult);         }         console.log(""Formatting data into CSV format..."");         const formattedData = allMediaInfo.map(item => ({           ""Filename"": item.fileName, ""Description"": item.descriptionFull, ""Date_Taken"": item.timestamp ? new Date(item.timestamp).toISOString() : null, ""Date_Uploaded"": item.creationTimestamp ? new Date(item.creationTimestamp).toISOString() : null, ""Size_Bytes"": item.size, ""Takes_Up_Space"": item.takesUpSpace, ""Space_Consumed_Bytes"": item.spaceTaken, ""Is_Original_Quality"": item.isOriginalQuality, ""Timezone_Offset"": item.timezoneOffset, ""Media_Key"": item.mediaKey         }));         const csvContent = convertToCsv(formattedData);         downloadAsFile('Google_Photos_Library_Export.csv', csvContent, 'data:text/csv;charset=utf-8;');         console.log(""--- ✅ Full Library Export Process Complete! ---"");       } catch (error) { console.error(""A critical error occurred:"", error); }     }     async function fetchAllLibraryItems() {       const allItems = []; let nextPageId = null; let pageCount = 0;       console.log(""Fetching all library items page by page..."");       do {         pageCount++; const page = await gptkApi.getItemsByUploadedDate(nextPageId);         if (page?.items?.length > 0) { console.log(`  - Page ${pageCount}: ${page.items.length} items. Total: ${allItems.length + page.items.length}`); allItems.push(...page.items); }         nextPageId = page?.nextPageId;       } while (nextPageId);       return allItems;     }     function splitIntoChunks(array, chunkSize) {       const chunks = []; for (let i = 0; i < array.length; i += chunkSize) chunks.push(array.slice(i, i + chunkSize)); return chunks;     }     function convertToCsv(data) {       if (data.length === 0) return """"; const headers = Object.keys(data[0]);       const rows = data.map(obj => headers.map(header => { let v = obj[header]; if (v === null || v === undefined) return ''; let s = String(v); if (s.includes(',')) return `""${s.replace(/""/g, '""""')}""`; return s; }).join(','));       return [headers.join(','), ...rows].join('\n');     }     function downloadAsFile(filename, text, mimeType) {       const e = document.createElement('a'); e.setAttribute('href', `${mimeType},` + encodeURIComponent(text)); e.setAttribute('download', filename);       e.style.display = 'none'; document.body.appendChild(e); e.click(); document.body.removeChild(e);     }     exportEntireLibrary();  Hope this helps someone else out!",https://www.reddit.com/r/googlephotos/comments/1lf6dz0/a_script_to_export_all_your_photo_video_metadata/
Reddit,r/googlephotos,post,2023-01-16T16:31:17.081000+0000,22,"Location Estimation in Photos Removed - Google has been deprecating the feature which estimated photo location based on maps/timeline location history. This was a feature I loved and it made it so easy to revisit some memories and map the places I have been. I very often travel to places which are not enough of a destination to have a recognisable landmark, and I shoot mostly with cameras which do not have built in GPS, and thus no embedded location exif. Does anyone know the reason for removing what I considered the main reason to give Google all my location data? Does this not bother anyone else?",https://www.reddit.com/r/googlephotos/comments/10diz8w/location_estimation_in_photos_removed/
Reddit,r/googlephotos,post,2021-09-26T16:41:17.667000+0000,22,"Any way to download a full shared album to device? - Hey everyone, I can’t seem to find the answer to this anywhere but is there any way to download all the photos in a shared album to a device? I’m on a trip to Korea right now and my relatives (All my relatives don’t use Google Photos) are frustrated because google photos makes them download photos one by one.   Would appreciate an answer! Thanks!",https://www.reddit.com/r/googlephotos/comments/pvxelj/any_way_to_download_a_full_shared_album_to_device/
Reddit,r/googlephotos,post,2020-07-11T09:20:22.577000+0000,22,"My Google Photos account was just suspended out of nowhere and I have no clue what to do... - I'm sorry if I'm not allowed to post this sort of thing here but I was hoping someone else has had this experience or someone has advice.  So I just went onto the Google Photos website and my access to Photos was suspended. My Google Account is still active and works on literally every other Google service (Drive, Gmail, YouTube etc.) but it's just my access to Photos that has been suspended.  I looked through the Google Photos content policy and I can't think of a single instance where I might have broken one of those rules. I didn't get an email about it either, it just kinda happened. It feels so sudden and out of the blue.  I have almost every single photo and video I've ever taken backed up to Google Photos. I've put in a Google Takeout archive for my Google Photos stuff so I'm hoping that goes through and I can get all my photos. I've also filed an appeal with Google hoping I'm at least able to get an explanation as to why my account was suspended and, best case scenario, get my access back.  But if anyone has any advice or soemone has gone through the same experience, anything would be appreciated. I'm honestly just kinda shocked and have no clue why this could have happened.  Thanks",https://www.reddit.com/r/googlephotos/comments/hp74pz/my_google_photos_account_was_just_suspended_out/
Reddit,r/googlephotos,post,2019-08-21T20:24:12.060000+0000,22,"Done with Google Photos - I'm finally embarking on the arduous project of migrating my entire photo collection from Google Photos and Google Drive to Onedrive.   I really love many of Google's products but all these capricious service changes are becoming too much. The killing of the Drive-Photos link was my main trigger but unrelated changes in other services (the closing down of Inbox, Trips etc.) increasingly made me feel that I can't trust them over time. And when it comes to building a photo collection with hundreds of tags, descriptions and non-destructive edits you want to know that the basic functionality is largely going to reimain intact over the years.   It's a pity that Google, which develops better software than the competition by leaps and bounds, always ends up shooting themselves in the foot. Hope that the company stays attuned to user reactions so there's less of this going forward.",https://www.reddit.com/r/googlephotos/comments/ctmhz6/done_with_google_photos/
Reddit,r/googlephotos,post,2022-08-15T19:55:49.884000+0000,22,"Add all photos from Drive to Google Photos? - I am migrating to Google Drive and have a desktop folder, ""photos"", with many images that I'd like to add to Google Photos, but I can't see any way to do this except by going into each subfolder and selecting them all.  Is there any way to add the whole folder and all subfolders to Google Photos at once and, you know, automatically add new files in that folder to Google Photos?",https://www.reddit.com/r/googlephotos/comments/wp95vd/add_all_photos_from_drive_to_google_photos/
Reddit,r/googlephotos,post,2020-07-24T15:11:13.137000+0000,21,"Shared Album - any way to sort the photos from newest to oldest? - I have a shared album with my wife.. We have photos of our kids being uploaded automatically into the album. However, I cant seem to find any settings to sort the photos by date (newest to oldest). It is currently set to show oldest first.. Gotta scroll wayyy down to view the newest photos.  Any idea?",https://www.reddit.com/r/googlephotos/comments/hx3hbe/shared_album_any_way_to_sort_the_photos_from/
Reddit,r/googlephotos,post,2026-01-14T02:14:16.181000+0000,21,"Google photos took away my access and deleted all my photos - Hi everyone,  I have been using google photos for the past 3 years on my school account and recently lost my access (photo attached). I talked to my school and they said there is nothing they can do on their end and I have to go through google. They are able to see that I have 0 gb in my photos account so I'm assuming google completely wiped out all of my photos. Is there anything I can do? I recieved no email that this would happen and had no time to backup anything. I don't know if there is a 3rd party I can go through or anyone I can talk to. Google support does not help, and I can only find a forum where I can post on and the only response I got didn't help me at all. Also, I can't even confirm if everything got deleted if I can't even access my account!   ![img](q2wfuisf48dg1)",https://www.reddit.com/r/googlephotos/comments/1qcaw2h/google_photos_took_away_my_access_and_deleted_all/
Reddit,r/googlephotos,post,2026-02-12T08:01:18.486000+0000,21,"Is it actually possible to leave Google Photos without major pain? - I've been trying on and off for weeks to get my 400GB photo library out of Google Photos via Google Takeout and into iCloud, but I can't seem to do it in a way that retains everything. Methods I've tried:  **Downloading via Google Takeout and importing into Mac Photos app:**  \- Timezone on photos is wrong resulting in the time being wrong on every single photo  \- Photos like screenshots or stuff saved from social media that never had metadata in the first place all imports as if it was created today. That results in a couple hundred photos being right at the front of the photo timeline that shouldn't be there.  \- Live photos don't work. For whatever reason, the photo and its accompanying live photo video just don't pair back up  **Using the offical Google to Apple direct transfer tool**  \- Timezone on photos is wrong resulting in the time being wrong on every single photo  \- Live photos don't work, which is explicitly acknowledged by Apple as a limitation  I've tried so many tools to fix the metadata but they just don't seem to work. Just one of them did at least bake the date/time back into the photos, however live photos still didn't work, and the timezone was still incorrect.  **Special mention**: before anyone comes in here with the ""Google Photos retains byte for byte copies of the originals"" talking point, that's beside the point.  \- If you upload a photo to Google Photos that has no metadata, like a screenshot or something saved from social media, Google Photos correctly notes when you uploaded that photo and places it in the correct place in the timeline. When you use Google Takeout, that info is stored only in a separate JSON file that's a complete pain to reintegrate into the photo  \- If you take a bunch of live photos, they work in Google Photos. If I get them via Google Takeout, Google gives them back to me in a way that doesn't retain the link between the photo and the video. It worked when I gave it to you, it didn't work when you gave it back to me  \- The timezone I took the photo in was correct when I gave it to you. It wasn't when you gave it back to me.  Google Photos is a photo management service not a file dump. If you put stuff in with creation dates and live photo functionality and timezones, it shouldn't come back with all that stuff busted.  **So my question: Has anyone** ***actually*** **successfully moved from Google Photos to iCloud and retained the correct time/date on their photos and retained all their live photos?**  Update: I've finally managed it. I ended up paying the outrageous $55AUD for the Metadata Fixer for Google Photos which did get my library in a state that I've been able to import it into the Mac Photos app and into iCloud without any incorrect date/time nonsense, and with my live photos intact.  Shame on Google for making it so hard to get your photos out, and shame on those devs for charging so much just because they know people who are at their wit's end will pay it. For me it was worth it just to be done with the frustration of being at this for so long.",https://www.reddit.com/r/googlephotos/comments/1r2nnos/is_it_actually_possible_to_leave_google_photos/
Reddit,r/googlephotos,post,2025-09-12T21:31:50.978000+0000,21,"Can't share edited photos? - Pixel 10 user here. Whenever I edit a photo within google photos (even as much as a simple crop), I can no longer share this photo to ANY platform after I've saved the edit. It completely disappears in the filesystem when trying to share.   I can go back to google photos and the picture is still clearly there, but seems to disappear whenever I'm sharing in any other app. Anyone else having this issue? It's so frustrating!",https://www.reddit.com/r/googlephotos/comments/1nffj9m/cant_share_edited_photos/
Reddit,r/googlephotos,post,2025-08-08T20:38:57.931000+0000,20,"How is the face recognition this terrible? - I'm really frustrated right now. Like, I don't get how one of the most important features - recognizing and sorting faces - is *so goddamn bad*. I tried deleting face groups and letting it sort again, to no avail. There are groups that don't make sense in the remotest of senses, which would be alright; I can invest the hour or so it takes to sort all the faces into their correct groups. If it weren't for faces not getting recognized in like 60-70% of the photos; and I mean not getting recognized *at all*, not even falsely.  Is it this bad just for me or does anyone else have the same experience? I don't even know what I'm doing wrong but I also can't understand how google photos is this bad at recognizing faces when my old Oneplus 7T Pro's Gallery App did a flawless job, like no errors, nothing; on-device, offline, without uploading to servers.  I don't want to just randomly hate on google photos, overall I like the app but I just needed to know if I am alone with this... (location Germany btw if that changes anything)",https://www.reddit.com/r/googlephotos/comments/1ml6e9b/how_is_the_face_recognition_this_terrible/
Reddit,r/googlephotos,post,2023-03-01T02:08:18.984000+0000,20,"When google photos does not think that there is a face in a photo, but there is, can you manually add the “people tag”? - I’m sure this has been asked here before, so I am sorry I’m advance. Everything I find on the internet is confusing. In case it isn’t clear, I’m not asking how to tag a face that google photo recognizes as a face, I’m asking if you can tag the face if google photos doesn’t not have the option to tag it because it doesn’t recognize that a face exists in the photo.",https://www.reddit.com/r/googlephotos/comments/11er7fc/when_google_photos_does_not_think_that_there_is_a/
Reddit,r/googlephotos,post,2025-06-26T00:06:59.844000+0000,20,Classic Search is gone. - It looks like they finally pulled the plug on classic search for Google Photos. I tried looking for a video today and I wasn’t able to bypass the Gemini AI crap and was greeted with this. Does anyone have a way to search for specific photos and or videos? I had renamed some of them with keywords to make it easier to find but it doesn’t look like that will work anymore. I’m on iOS 18.5. Google Photos 7.34.0,https://www.reddit.com/r/googlephotos/comments/1lklsk2/classic_search_is_gone/
Reddit,r/googlephotos,post,2020-06-28T18:54:11.569000+0000,20,"Where is the Maps feature? - So I got the new Google Photos, with the new logo and all... Except the Map feature, I can't find it when I go to places or the way I see on the blog posts I could find.  Can anybody tell me if you got it and how you get to it?  Android 10 (Miui 11) + Redmi 9T + Spain (in case it depends on the country)  Edit: added more info about the android version & Phone",https://www.reddit.com/r/googlephotos/comments/hhk155/where_is_the_maps_feature/
Reddit,r/googlephotos,post,2024-05-12T15:32:31.471000+0000,20,"Google photos and device photos/folders... What a mess!!  - I'm a total technophobe and forever terrified of losing photos. On previous phones with a normal gallery I'd organise into folders and back up onto my PC every so often.   Now with Google photos I'm struggling. I have tried to embrace it, and find the map function handy however I've still got several photos in albums that don't seem to cross over to Google (specifically WhatsApp photos where people have sent me photos that I want to keep). To be honest I have no idea how it all works and it stresses me out massively!! 😬  I just want to be sat down with someone to help me organise and get to grips with it. I've got friends that also have Google photos but seem oblivious to it and generally not so fussed about holding onto the photos longterm.   I need to be treated like an OAP and Rab through it step by step.   Would my local phone shop (EE in the UK for me) be likely to help?   Feel like I'm really struggling to get to grips with something which should be better than the old fashioned way...",https://www.reddit.com/r/googlephotos/comments/1cqahx5/google_photos_and_device_photosfolders_what_a_mess/
Reddit,r/googlephotos,post,2026-01-19T20:59:26.743000+0000,20,"Google Photos + Update = 💩 - This update to Google photos, sucks butt. Google pixel 7 Pro user here. I can't even use the magic eraser now without backing up my photo. The AI reimagined tool fails all the time. I can't even use the AI reimagined tool as I would before. I just want to go back. this is junk.",https://www.reddit.com/r/googlephotos/comments/1qhgkal/google_photos_update/
Reddit,r/googlephotos,post,2025-04-18T18:25:30.226000+0000,20,"I want to stop using google photos and i need help - ## ANSWERED/FIXED  i have an iphone and i use the google photos app. i did not understand that google photos was not a backup service but instead is a synching service. i have no more google storage left and i dont use google photos so i want to delete the photos. but i dont want to delete them from my phone.   i also have photos on google photos that aren’t on my phone.   i need to 1. download photos to my phone that are only on google photos   and 2. delete all google photos while keeping everything on my phone.   i am nervous to try people’s workarounds because i have almost 10,000 photos/vidoes that have documented a lot of years of things. i am terrified i will delete them and they will be unrecoverable. i also cant find a way to sort the photos on the app to only ones that aren’t on my phone. i have 6,000 on my phone and there is no way i can compare to select the ones i need. how do i do this?   i have backup turned off.   —  update: i’ve requested a copy of my data from the website, hopefully this works.   —   update 2: i’ve successfully downloaded all files to my phone. i used the takeout feature on the website btw. now I am waiting for them to upload to icloud so i can go on to delete google photos.   —  final update: i went to the google photos website on my ipad and deleted everything from there. everything is still safe on my phone and all my storage for google is cleared. (if you do this, do the deletion from a tablet or computer that does NOT have the app downloaded).",https://www.reddit.com/r/googlephotos/comments/1k2bwuf/i_want_to_stop_using_google_photos_and_i_need_help/
Reddit,r/googlephotos,post,2023-09-19T18:19:39.841000+0000,19,How do I find these photos taking up space in Google Photos?,https://www.reddit.com/r/googlephotos/comments/16myabb/how_do_i_find_these_photos_taking_up_space_in/
Reddit,r/googlephotos,post,2024-07-15T18:20:59.214000+0000,19,"I found an alternative to Google Takeout for downloading photos - My spouse asked me to clear out her old photos off Google photos to clear up space as she is approaching the 100 GB limit. I was frustrated but not surprised to find that Google makes it much harder to prevent you from doing this. Google Takeout downloads your files and adds a bunch of junk files and folders to the mix, which is completely unnecessary and obviously on purpose.  Here are two solutions: the first if you want to pick and choose which years to download, and the second if you want to bulk download everything. Note that the 2nd option uses Google Takeout and then cleans up the mess.  Solution #1) Download by Year  1. In Google Photos, do a search for the year you want to download. (For example, ""2023"" or ""2024"".) The files from that year will populate. 2. Select all files. Do this by selecting the first photo by clicking the checkmark in the upper left corner of the photo, and then scrolling to the last photo and press the SHIFT key while selecting the last photo. This will select all the photos from the search. 3. Next, add all of these photos to an album. 4. Once they are in an album, simply choose the ""download all"" option from the right top corner and it will add these photos to a zip file to be downloaded. 5. Once they are downloaded to your computer, you can go back and delete all the photos from the album. (Don't just delete the album itself without deleting the photos: make sure to delete all the photos as well.  *EDIT: I noticed after writing this post that when you use this method, the files' original creation dates are wiped out. So the created dates for those files will be the date you download them, and not when they were originally taken.*  Solution #2: Download everything.  1. Use the Google Takeout Service to download all our your files to your computer. 2. Unzip and combine all of your folders into one main folder. 3. Use the ""Google Photos Takeout Helper"" program to (a) get rid of all the junk, (b) remove all of the duplicates and (c) put all files in one big folder (or in folders separated by month.  Note: I have not tested this second option, but I want to put it here because it looks legit and could save A LOT of time.  Good luck everyone!",https://www.reddit.com/r/googlephotos/comments/1e420e1/i_found_an_alternative_to_google_takeout_for/
Reddit,r/googlephotos,post,2024-05-21T17:58:34.587000+0000,19,"Google Photos is creating a deep fake of you and calling it a Cinematic Memory - Last night, my partner found a new Cinematic Memory in Google Photos, called ""Over the Years.""  We watched it together, and in it, Google animated static photos of her over the last 5 years. It included the typical 3D field effect, but what was disturbing was that it also animated her body and her face. We watched video after video of Google making her likeness smile and turn her head towards the camera.  They have to be using facial data from her other photos to make her smile in photos where she was not originally smiling, tilt her head seductively in photos where she never did that, etc.  I assume this is a new feature that they're beta testing, because I can't find any information on it whatsoever.  They essentially created a deep fake of her, without her permission, and then made this deep fake do things that she never did.  I can't imagine what PM at Google ever thought this was a good idea for a feature. If you're productizing AI, you need to be extremely careful that you're not violating your user's personal boundaries.  Has anyone else seen this yet?  edit: I was mistaken, what happened was that she'd taken similar photos she forgot about at the same time, and Google Photos extrapolated between them to animate.",https://www.reddit.com/r/googlephotos/comments/1cxe7mc/google_photos_is_creating_a_deep_fake_of_you_and/
Reddit,r/googlephotos,post,2020-10-01T15:35:49.102000+0000,19,"Google please: reintegrate Drive and Photos! - Hi everyone,  I got my Pixel 4a recently and love it. One thing I hate about the Google ecosystem though: I can't efficiently auto-backup my photos to a Drive folder.  I was wondering: is there an efficient way to automatically backup photos to Drive rather than Photos?  Here's why I want to do that (and not use Google Photos):  \- I have a large photo collection already on Drive. There is folder structure more than 1 layer deep sometimes (e.g., a certain holiday, day 1,..., day 7). I understand some good arguments for tags rather than folders, but why not allow both? And at this point I don't want to lose this file structure.  \- I have photos also from my DSLR camera. When I do editing, I save them with the sidecar files in the same folders (using Darktable). I like all my photos in one folder where I can view them together. If I take photos on holiday with my camera and my phone, I don't want to have to store them separately.  So using Google Photos isn't an option for me. If Google were sensible and listened to their customers, they'd just reintegrate the two. Even better: have Google Photos as a ""layer"" to Drive, like Google Docs etc. You could assign a folder as a ""photos"" folder (allowing tagging etc., but also other file types AND folder structure).  Does anyone else have the same frustrations? Is there a good way around this? Or am I going to have to have two photos collections, one for my phone and one for my DSLR camera?",https://www.reddit.com/r/googlephotos/comments/j3aw1t/google_please_reintegrate_drive_and_photos/
Reddit,r/googlephotos,post,2021-11-01T19:17:13.800000+0000,19,"Pixel 6 Pro - Unlimited storage saver - My Solution - I got the new Pixel 6 Pro and was disappointed that it doesn’t come with unlimited Storage Saver resolution in Google Photos as this was the case with previous Pixel generations. The first Pixel even had unlimited storage in high quality.  My daily phone until now was the Pixel 2 and I looked for a solution on how I could leverage this phone to backup the photos that I’m shooting with the Pixel 6 Pro. On the legacy Pixel it doesn’t matter on which device the photos are taken it is only important that the upload to Google Photos comes from a phone that has this unlimited upload offer. I also wanted to make sure that the phone is not connected the whole time to a charger since this will wear down the battery pretty quick. I'm lazy and wanted to have this completed automated.  Since some of you might also be in a similar situation I want to share with you what I did and how I did it.  **What did I do?**  I now have a Pixel 2 which is always connected to a charger. The charger is activated via a smart plug. As soon as the smart plug is turned (via schedule on the plug) the Pixel 2 boots up and automatically syncs the DCIM folder from the Pixel 6 Pro. These pictures get automatically backed up to Google Photos (unlimited Storage Saver resolution). When the smart plug is turned off (via schedule) the Pixel 2 automatically shuts down.      Disclaimer:      This has the possibility to brick your device.      By doing this all data on your legacy Pixel will be wiped.      Use at your own risk.      If you f**k up there is a chance that all your photos/videos are wiped.      Be sure to read all the linked guides and websites to ensure that this works.      Certain technical expertise is strongly recommended.  **What you need**  * Legacy Pixel (The links I’m sharing are for Pixel 2 but these should be a good starting point in case you have a different model) * Charger * Smart Plug * USB Cable * Windows/OS X/Linux computer  &#x200B;  **Step 1 - Unlock Boot-loader**  * This is required to flash the device * [Guide](https://source.android.com/setup/build/running#unlocking-the-bootloader) * You will need the platform tools for this (fastboot/adb) --> [LINK](https://developer.android.com/studio/releases/platform-tools)  **Step 2 - Flash fresh Factory Image**  * I wanted to have a fresh image to make sure that this works. * Read the complete guide --> [LINK](https://developers.google.com/android/images) * Be sure that you install the latest Image for your device. For Pixel 2 it is Walleye -  11.0.0 (RP1A.201005.004.A1, Dec 2020) * Your boot loader should already be unlocked from the previous step. * *I had troubles with this step until I replaced my USB-C – USB-C cable with a USB-A – USB-C one. I have no idea why this caused an issue but exchanging the cable worked for me. Thanks XDA forum.*  **Step 3 - Root phone**  * This is required to ensure that the device can be shutdown when the charger is turned off. * For this it is necessary that you patch the boot.img via Magisk and then flash this image to legacy Pixel * [Guide](https://www.androidcentral.com/how-root-google-pixel-2) * You already have the boot loader unlocked from Step 1 – Start with setting up the device and installing Magisk Manager APK --> [LINK](https://github.com/topjohnwu/Magisk) * Do not forget to verify if the device is rooted via [CheckRoot](https://play.google.com/store/apps/details?id=mk.dimitar.checkroot&hl=en_US&gl=US) (mentioned in the guide)  &#x200B;      Congratulation – you now have a almost naked rooted legacy Pixel.  **Step 4 -  Device power off when charger is switched off**  Install [MacroDroid](https://play.google.com/store/apps/details?id=com.arlosoft.macrodroid&hl=en_US&gl=US) and configure according to this post --> [LINK](https://android.stackexchange.com/questions/190844/is-there-a-way-to-make-my-tablet-turn-off-when-not-charging)  **Step 5 - Activate Power On when charger is turned on**  * You should now already be familiar with fastboot: * Run the command: fastboot oem off-mode-charge 0  --> read this complete thread --> [LINK](https://android.stackexchange.com/questions/20021/automatically-power-on-android-when-the-charger-is-connected)  **Step 5 - Setup sync between both phones**  * Installe Syncthing on both devices to one way synchronize DCIM folder from Pixel 6 Pro to Pixel 2. * [Guide / Overview](https://medium.com/linuxforeveryone/how-to-sync-all-your-stuff-with-syncthing-linux-android-guide-536fe61d68df) * I installed the [syncthing-fork](https://play.google.com/store/apps/details?id=com.github.catfriend1.syncthingandroid&hl=en_US&gl=US) since this was recommended on some forum. * Ensure that Syncthing has auto run on startup enabled. * Ensure that each side has the right sync method enabled. E.g receive only on legacy Pixel.  **Step 6 - Deactivated Google Photo Backup on Pixel 6 and activate it on the legacy Pixel.**  * should be Self explanatory  **Step 7 - Configure a schedule on your Smart Plug to start at a certain time and auto turn off after a certain time.**  * depended on your smart plug * I sold my soul to TP-Link Kasa series --> [LINK](https://www.amazon.com/TP-Link-KIT-HS100-Wall-Light-Electronic-Component-switches/dp/B01KBFWW0O/ref=sr_1_3?crid=3LIC6ZVK9LWE9&dchild=1&keywords=kasa+smart+plug+hs100&qid=1635792080&sprefix=kassa+smart+plug+hs+100%2Caps%2C217&sr=8-3)  &#x200B;      Congratulations.      You should now have everything setup.      Your Pixel should boot up according to schedule of the smart plug.      Sync DMIC folder with the legacy Pixel and auto upload the photos to Google Photos.      This should not impact your Google quota.      The Legacy Pixel should auto turn off according to your smart plug schedule.  I hope that this quick write down is helpful and points you into the right direction in case you want to do something similar. I'm no expert in this area but when I'm around I'll do my best to answer questions.  &#x200B;  **\*\* Comments \*\***  * Whole process took me approx. 3 hours. But with the guide it should be a lot quicker. * If you get stuck google google google. You can be sure that someone already had a similar issue and you will almost always find a solution online (e.g. stackexchange, xda-developers,..) * I believe the apps only auto start when you do not have lock screen security enabled. I activated only the swipe option and installed this setup in a secure location. * I personally have a NAS in between where I store the pictures in original quality. Pixel 6 sends the photos to the NAS and Pixel 2 grabs the photos from the NAS to back them up. This is not necessary but has the comfort that you also have a copy in original quality. * I have my smart plug schedule setup to activate from 06:00 pm until 06:30 pm. Since the smart plug is connected to my wireless network I can activate it any time I want and have so the possibility to start a ad-hoc sync backup and the smart plug will automatically turn off again according to the schedule. * If I somehow get a used Pixel 1 this would work with the  high quality Google Photos setting but I haven’t been lucky until now.",https://www.reddit.com/r/googlephotos/comments/qkleb7/pixel_6_pro_unlimited_storage_saver_my_solution/
Reddit,r/googlephotos,post,2024-03-11T15:26:22.350000+0000,19,How do I stop receive this kind of spam? I can't even find the part of Photos that can and this kind of message. Got this kind of spam twice already,https://www.reddit.com/r/googlephotos/comments/1bc5sxk/how_do_i_stop_receive_this_kind_of_spam_i_cant/
Reddit,r/googlephotos,post,2024-06-24T05:36:07.293000+0000,19,Whole life can be seen in one app - I just find it pretty cool that I have photos saved back from when I was born on Google Photos. I'm starting to run out of the free storage that Google offers so I've been only saving pictures that I cherish on GP but it's nice to see my life of 20 years all in one place in picture/video format. Can anyone else relate?,https://www.reddit.com/r/googlephotos/comments/1dn6478/whole_life_can_be_seen_in_one_app/
Reddit,r/googlephotos,post,2023-05-04T01:34:52.301000+0000,19,How do I download all of my photos from Google photos onto my android phone - Every time I google this the only awnser I get is to go to every photo and video individually and download them. How do I download all of them all at once on to my phone! I can't find guides anywhere and I can't find any settings about it either.,https://www.reddit.com/r/googlephotos/comments/13760mq/how_do_i_download_all_of_my_photos_from_google/
Reddit,r/googlephotos,post,2024-11-14T09:33:42.706000+0000,18,"I don't want to spend the rest of my life reminding my parents how to get to Shared photos. - - Why is it buried in the notification icon, how is anyone supposed to guess or even remember that if they don't use it often?  - Why is the link to Conversations found within the three-dot menu when that essentially functions as a right-click menu in every other Google app I checked?  - Why has the Shared icon been removed at the same time as renaming so there's no connection to what it used to be called? Especially when the new name is unintuitively Conversations despite there potentially being no text or even two-way sharing? I looked right at it and didn't realise I'd found what I was looking for because that's not what I do with Google Photos. Conversation is an optional aspect, not the primary purpose.  - Why has it gone from one of the most prominent to least prominent areas of display, meaning that people trying to find where it's gone are unlikely to look beyond top-level locations?",https://www.reddit.com/r/googlephotos/comments/1gr15ml/i_dont_want_to_spend_the_rest_of_my_life/
Reddit,r/googlephotos,post,2021-05-30T17:51:58.612000+0000,18,"How can I find ALL ""Blurry photos""? - As part of Google's migration away from unlimited photos storage, they have introduced a tool to find blurry photos. To get there, open Google Photos with a desktop web browser, click on the ""Storage"" tool at the bottom left, then click on ""Blurry photos"" in the list.  This is a great tool and has revealed a bunch of items I want to delete, but ""Only photos & videos that count towards your Google Account storage will appear here"".  I would like to use this (or a similar) tool to find \*all\* blurry photos, not just those counting against storage. Is there a tool or trick I can use to surface every blurry item?",https://www.reddit.com/r/googlephotos/comments/noggrs/how_can_i_find_all_blurry_photos/
Reddit,r/googlephotos,post,2018-04-17T06:12:39.353000+0000,18,"Tip: Hidden album with images from Hangout Chats - I use Google Hangouts chat a lot - especially with my family and friends in small ""chat groups"".  Some groups are quite filled with images and a single chat has been daily active with pictures for more than 3 years now.   At some point the hangouts chat pretty much gives up on scrolling back in the chat history and pictures start becoming a box with a big X in it.   I searched for a solution to seeing all the images in a chat but all results pointed me to https://get.google.com/albumarchive   On that site you can find all your OWN photos shared via google services - including hangouts (there is an album collection called ""Photos from Hangouts"" or something similar). It is however still only the images you shared and not the ones others have shared.    So I started doing a bit of digging and noticed that the URI for the images in hangouts web chat actually pointed to another address than the one you end up on.   Looking a bit further and I realized that it was a redirection link from a google+ photos album to a specific image.  The URI for an image is normally shown in the browser like : https://lh3.googleusercontent.com/asdsdSdasDLKAsdlasdlasdASdlwewe..... (long list ""random"" characters).   **But here is the trick:**  1.  Instead of clicking the image, you right-click an image in a hangouts chat and select ""copy link"".   2. paste the copied link into the address box in the browser but don't press enter  3. remove everything in the address AFTER the questionmark (?). You should now have something like https://plus.google.com/u/0/photos/albums/p9r91gc0fdrXXXXXXXXXXXXXX3p20ggh6t (XXXXXX added for anonymization)  4. press enter and you should now see a photo album with all the photos in this specific hangouts chat INCLUDING images from the other people.   It still takes a bit of manual work, but at least now I can get a good view (and a single zip download) of the thousands of photos I have in my longer hangout chats.  **Enjoy!**",https://www.reddit.com/r/googlephotos/comments/8cuf7e/tip_hidden_album_with_images_from_hangout_chats/
Reddit,r/googlephotos,post,2023-09-05T21:52:54.041000+0000,18,"How can I delete all my videos from device but leave them backed up to Google Photos? - I'm running out of storage on my device and have about 50Gb of videos that I want to delete from my device. This is an option if you swipe up on an individual video, but I can't figure out how to batch this. Does anyone know how?",https://www.reddit.com/r/googlephotos/comments/16b1hm7/how_can_i_delete_all_my_videos_from_device_but/
Reddit,r/googlephotos,post,2024-02-01T22:24:49.105000+0000,17,"Unauthorized partner sharing - I’m very freaked out. I suddenly got an email saying that I’m automatically sharing my Google Photos via Partner Share, but I’ve NEVER authorized to share my photos with anyone. I’ve never sent an invite. I don’t understand how this happened!  I already changed my Gmail password and did not find any activity out of the ordinary in the activity logs. The email address that my account was shared with is within my Google contacts (old high school classmate I did a project with once, haven’t spoken in over a decade)   Does anyone know what could have happened? Is there a way I can tell if my photos were viewed or downloaded? I removed the email from Partner Sharing less than 5 minutes after I got the email. Anyone have any suggestions to contact Google support with an actual live person or the legal action I can take if needed?",https://www.reddit.com/r/googlephotos/comments/1agnief/unauthorized_partner_sharing/
Reddit,r/googlephotos,post,2022-11-02T01:36:21.460000+0000,17,"Google Photos fix for downloaded images using the Takeout function - Ok.  My first post, so be easy on me.  I have been trying to figure out how to ""fix"" my photo and movie collection, some 103k files.  Google, in its infinite wisdom, labels all files as being last modified when the archive is created to export the images and movies.  They include a JSON file for each file that contains the date taken.  The date taken is still in the metadata of the images and movies themselves.  The issue is when you use another app, like Microsoft Photos, it uses the last modified time stamp to organize pictures.  While this is not a problem for new photos, existing ones get lumped into a single month.  So I searched low and high trying to find an easy way to fix them.  I found paid tools and EXIF tools, but all had their limitations.  So I made the below kit-bashed PowerShell script that quickly did what I needed.  To use the code, open Powershell and navigate to the root folder where all the photos and movies reside.  With google photos, this is under the ""takeout\\google photos\\"" folder.  It gets a list of all extensions for all subfolders and loops through each extension, and then each file found for each extension gets the time taken stamp from the JSON and edits the file to place the time taken to replace the last modified.      $_ext = (Get-ChildItem -Recurse -File -Exclude *.json | group Extension -NoElement | sort Name -Descending).Name     foreach ($_ext1 in $_ext)     {     $_filelist=Get-ChildItem -Recurse -ErrorAction silentlyContinue | where {$_.Name -match '$_ext1'} | where {$_.name -notmatch '$_ext1.json'} | Select Fullname      ForEach ($_file in $_filelist)     {     $_jsonfile = [System.String]::Concat($_file.FullName,'.json')     $_json1 = Get-Content -raw -path $_jsonfile | ConvertFrom-Json     $_date = $_json1[0].photoTakenTime.timestamp     $_oUNIXDate=(Get-Date 01.01.1970)+([System.TimeSpan]::fromseconds($($_date)))     $(Get-Item $_file.Fullname).lastwritetime = $_oUNIXDate     #Write-Output $_oUNIXDate $_file     }     }  To clean up after the files are updated, the below code will delete all the JSON files from the archive.      Get-ChildItem -Recurse *.json | foreach { Remove-Item -Path $_.FullName }",https://www.reddit.com/r/googlephotos/comments/yjru9e/google_photos_fix_for_downloaded_images_using_the/
Reddit,r/googlephotos,post,2024-08-13T09:13:54.179000+0000,17,"Google Photo's updated and now Library is gone and I can't see downloads. - Every time I used to download a pic via my android, it would save the image to my Download's folder in Library. Now that the Collections has replaced Library, none of the images I download are being saved in Google Photo's despite permissions being enabled. They all go straight to my Internal Storage download file and I can't seem to make Google Photo's ""see"" these. I wanted to update an app's profile pic but it doesn't have access to Internal Storage, it has to choose from Google Photo's.     Is there a way to make the images I download go to Google Photo's collection gallery instead of straight to Internal Storage--or is there a way to move/copy Internal Storage downloads to Google Photo's?      If anyone needs, I can provide more info so any help is greatly appreciated.",https://www.reddit.com/r/googlephotos/comments/1er39h0/google_photos_updated_and_now_library_is_gone_and/
Reddit,r/googlephotos,post,2021-12-23T18:40:03.653000+0000,17,"Google Photos stuck on ""setting up your photo library"" and ""getting ready to backup"" for days. - Unable to automatically sync up my photos.  I can do so manually but that defeats the purpose.  The app is stuck on ""setting up your photo library"" on the main screen and ""getting ready for backup"" when I tap my account photo in the upper right corner.  This is on a Samsung Galaxy Note 20 Plus on Android 11.  Any other options short of a complete device wipe that I want to avoid?  &#x200B;  The fact that I still get stuck on ""setting up your photo library"" even when I remove the sd card and with minimal data on internal storage is perplexing.  I'm at the end of my rope after toiling with this for a week now.  &#x200B;  I've exhausted all documented possible fixes for this including:  * Clearing cache/data on the Photos app * reboot device * cleared system cache * removed sd card * cleared out internal storage of all photos/videos * used .nomedia file in folders where I didn't want anything to sync * uninstalled/reinstalled. * re-installed a prior version of Photos * searched for 0-byte files or corrupt files and deleted. * tried creating a shared album but that errored out with ""Can't share the album.  Try again in a few minutes"". * Tried disabling wifi and forcing a cellular data connection. * Tried logging out of my account in Photos and use WITHOUT an account for a period of time and then tried logging back in.  The fact that I still get stuck on ""setting up your photo library"" even when I remove the sd card and minimal data on internal storage is perplexing.",https://www.reddit.com/r/googlephotos/comments/rn2834/google_photos_stuck_on_setting_up_your_photo/
Reddit,r/googlephotos,post,2022-02-06T07:07:46.813000+0000,17,"How do I use Pixel 1 to backup multiple accounts at OG quality - Hi all, so I bought a Pixel 1 so that I can backup photos/videos at OG quality. Basically I take photos on my current phone (Pixel 3 XL), I use an app to sync photos to the Pixel, and then the Pixel backs up the photos to Google Photos.  Now, this is me getting a little greedy. Is there a way I can use the same Pixel 1 for my wife's account?  So my desired result would be:  1. Photos taken on my phone, sync to Pixel, Pixel backs up to *my* Google Photos account 2. Photos taken on my wife's phone, synce to Pixel, Pixel backs up to *her* Google Photos account  I can't figure out how to do it. Seems like Google Photos can only back up to one account?  For now, the easiest solution I can think of is to buy another Pixel 1 just for my wife. Having my wife's photos backup to *my* Google Photos account is not an option. I don't want to see all her photos popping up in my Photos app.",https://www.reddit.com/r/googlephotos/comments/slqnk6/how_do_i_use_pixel_1_to_backup_multiple_accounts/
Reddit,r/googlephotos,post,2023-10-03T13:12:15.515000+0000,17,"JSON Files with download of all pics - what for? - Hi there,     As I'm reorganising my images, I just downloaded all of them from google photos via the data export function.  All the images come with an additional JSON file with the otherwise same filename.   What are those for? I read the wikipedia on that filetype, though can't figure what they were used for in that specific purpose.    I sometimes tag pics in google photos, locations are automatically added etc. - would that be stored in those JSON files - or in the photo metadata?     Thanks a lot!",https://www.reddit.com/r/googlephotos/comments/16yrkrr/json_files_with_download_of_all_pics_what_for/
Reddit,r/googlephotos,post,2022-11-21T03:52:14.979000+0000,17,"Old Android tablet as photo frame - My dad is in a seniors' home and we want to set him up with a digital frame that will display photos my siblings and I add to a Google Photos album. The catch is, they don't have WiFi available, and visiting him is still difficult with the home's COVID rules.  I have an older Galaxy Tab A with a SIM card that I thought I could set up with a Google Photos slideshow (we have a massive shared data plan so I'm not worried about bandwidth), but it appears the ""Slideshow"" option isn't available on shared albums. Plus there's the problem of launching a slideshow automatically should the thing reboot or something.  I thought maybe I could use the album as a source for rotating wallpaper or lockscreen, but it doesn't seem to  have that option at all.  So I'm wondering if anyone can recommend another app that can:  * Pull content from a Google Photos shared album * Launch at startup and start a slideshow * Lock the screen against accidental touches * Stop the screen from turning off  EDIT: found a way to make it work! For anyone else interested:  The tablet has the ""Daydream"" screensaver option that can pull photos from a Google Photos album, including a shared album. The problem is that it doesn't automatically see photos added to that shared album unless I go into Google Photos and ""Save"" them... THEN they become available to Daydream.  I was trying to figure out some kind of remote access to the tablet so I could login and do that occasionally (it tops out at Android 5 and doesn't support TeamViewer),  but then I realized that I don't need to access the tablet to ""Save"" the shared photos into his album... I just need to log into Google Photos with the account I created for him, then ""Save"" the new photos.  Set the minimum 30-second timeout, plug the thing in so the screen stays on... and we're golden!  We can now add photos to the album, and then I login with his account and lock them in, and they're instantly added to the rotation.   Add a flexible stalk-type tablet holder that clamps to the edge of the nightstand so it doesn't take p the limited space, and we're golden!  &#x200B;  ![img](kwojv10lnfaa1)",https://www.reddit.com/r/googlephotos/comments/z0oni3/old_android_tablet_as_photo_frame/
Reddit,r/googlephotos,post,2022-08-27T19:46:25.208000+0000,17,"how do i delete photos from google photos without deleting them from my device ? - I have tried the following: 1. Turning off backup and sync, and deleting the picture from google photos- it still deletes it from my gallery 2. Denying access to storage- it still fucking deletes the picture from my gallery.  I have googled a lot and can't understand how to just simply delete the picture from google photos app and not delete it from my gallery.  I am an android user, if it helps.   HELP ME OUT PLEASE",https://www.reddit.com/r/googlephotos/comments/wzbpgv/how_do_i_delete_photos_from_google_photos_without/
Reddit,r/googlephotos,post,2019-05-11T22:31:13.413000+0000,17,"Anyone want a new 'Sharing Tab' in Google Photos? - I for one, HATE the sharing tab on Google Photos. It's congested, ugly, and confusing. It's just an endless list of links shared. Just repetitive, endless, endless links. It's not organized in the slightest.  How it is now. I hate it (https://i.ibb.co/7tbg0Jj/298188223.png)  These are two pictures I quickly drew up.  * https://i.ibb.co/kMX792h/IMG-20190511-165320.jpg  * https://i.ibb.co/HVrLfzZ/IMG-20190511-171026.jpg  * The circles at the top are most common contacts you share with. And they scroll to the right.  * Below are groups where you shared something with more than one person (mom and sister)  * (I left space at the bottom because I was gonna add something else, but wasn't sure what to put there. EDIT - Maybe this could be ""Recent"". Showing recent links shared in case you forgot)  * Then individual contacts show a circle profile picture and their name. Underneath however shows photos and chat. Showing everything you've ever shared, if you scroll.  * But there are two view types when in a contact. ""Chat view"" = Photos and text responses. ""Photo View"" = Just shows the photos and no chat. That way if you don't wanna see tons of chat messages, you can hide it.  Thoughts? I can't be the only one who avoids the current share tab whenever possible!",https://www.reddit.com/r/googlephotos/comments/bnhwsa/anyone_want_a_new_sharing_tab_in_google_photos/
Reddit,r/googlephotos,post,2026-03-10T13:31:57.445000+0000,17,"Google Photos wants to encourage to promote it's sticker mode. So what do they do? They have an annoying outline show up on EVERY image with a figure in it. - I felt like it would fit this sub better, and I still kind of find it annoying.",https://www.reddit.com/r/googlephotos/comments/1rpx0jg/google_photos_wants_to_encourage_to_promote_its/
Reddit,r/googlephotos,post,2018-05-11T14:36:50.574000+0000,17,"A Modest Series of Proposals for Google Photos - 1) Bring back the damn cloud backup icon on individual thumbnails! Since that went away, no way to tell which photos are backed up! (Other than opening each individual photo). Or just add a toggle to show those in cloud vs on device.  2) Actually update EXIF correctly when I edit date (currently if you change in Google Photos, then download the file, you'll see the EXIF hasn't been correctly updated. It appears with the correct date in Google Photos but nowhere else)  3) Tag individuals in pictures. As is, there are people in my photos whose faces are partially obscured. They'll NEVER come up in the facial recognition, and I've got no way to add them.  4) Search for pics/vids by filename, or by partial filename. (currently it *partially* works, but things like underscores break it)  5) easily find duplicates based on file name, size, etc. (Especially those with different dates that appear months or years apart!)  6) STOP CROPPING MY PICTURES WHEN I CREATE A MOVIE! It crops out people's heads and other weird shit...",https://www.reddit.com/r/googlephotos/comments/8io8cx/a_modest_series_of_proposals_for_google_photos/
Reddit,r/googlephotos,post,2026-08-07T13:47:04.588000+0000,17,"Google is screwing desktop users over with the new ""Back up folders"" mess, real photographers use a computer, not a phone - Since getting forced off Drive desktop backup and onto the Google Photos web app's ""Back up folders"" feature, this thing barely works:  * Can't reliably choose/select folders for backup, the picker just doesn't cooperate * Kick off a backup and an hour later it's still sitting there ""preparing files"" * Overall just a broken, half-baked replacement for something that used to just work in the background without any of this  Google's whole justification for this seems to be that most users back up from their phone and never touched desktop folder sync. Fine, but anyone doing real work, RAW files off a camera, a large existing library, actual volume, uses a computer. That's not a niche edge case, that's how serious photo work actually happens. And now it's a fight just to get the thing to recognize a folder.  Anyone else running into this? Curious if it's a rollout mess that settles down or if this is just what we're stuck with after August 10.",https://www.reddit.com/r/googlephotos/comments/1vi14jc/google_is_screwing_desktop_users_over_with_the/
Reddit,r/googlephotos,post,2022-09-04T00:20:57.798000+0000,17,"Batch edit faces in photos? - I tried searching but couldn't find what I needed, I'm sorry if this has been asked before.  tl;dr, is it possible to select multiple photos, then select an automatically tagged face and change it to a different person?  Starting recently, I've been volunteering as a photographer for a series of events. One of the volunteers in charge of the events naturally shows up in a lot of the photos. Unfortunately, Google Photos thinks he's the same person as a friend from several years ago (i.e., we're still friends, but he moved away so the last photo I have of him is from like 5+ years ago). They do look kind of similar, and I can see why Google Photos is doing this, but it's still not the right person. I've been manually changing them, but the only way I've found is to do this one by one. Is there a way to batch edit faces in photos? It seems like a feature that should exist, but I haven't found a way to do it. If it doesn't exist, it doesn't exist, and I'll continue doing them one by one, but I literally have several thousand photos from these events, and while the volunteer isn't in all of them, he's in a pretty significant number. Thank you in advance!",https://www.reddit.com/r/googlephotos/comments/x591e5/batch_edit_faces_in_photos/
Reddit,r/googlephotos,post,2023-07-28T06:31:24.688000+0000,16,"Unwanted new ""Play Highlights"" feature in Albums - Today, I notice a new feature in Albums, ""Play Highlights"".  Background:  I use the albums feature a lot in Google Photos.  I just finished a trip and have quite a number of albums for it (each day is an album) so I am now intimately familiar with how albums ""look and feel"".  On the top left of the album next to the album name, there is now a ""Play Highlights"" feature.  When you click on it it plays series of photos of Google's choosing.  The photos chosen certainly are not of MY choosing.  Is it a random selection?  AI-chosen?  Who knows.  Anyhow, I find this distracting.  And for those with whom I've shared the photos, I don't want it appearing at all.  For one thing, I want the album's photos and their captions to appear in the order that \*I\* chose.  And I don't want a subset offered to those wanting just to view ""the highlights"".  For another, they aren't  necessarily ""highlights"" at all.  They could be as arbitrary as RANDOMLY chosen.  \[How would you like your sports highlights to be just randomly chosen plays?\]  Furthermore, a photo in these ""highlights"" may not make sense without the setup or context of others.  Or worse, without the captions that I've carefully written to describe them they might not make sense at all.  I didn't want this feature.  Is there a way of disabling it?  \-----  Update for Oct 2023:  Google photos FINALLY updated my account for the ability to remove this dreaded ""feature"".     I do now have the ""Remove"" button on new albums that I create going forward.    Other responders to this post have mentioned how they have had the ""Remove"" button for quite some time.  I guess GP is rolling it out gradually to all the accounts.  One other thing.  I seem to noticed that this ""Remove"" button is for NEW albums only.  Sadly all the older albums still have the unwanted ""Highlights"" panel with no ability to remove them.    For the Google Photos Team:  could you make it so that we can also remove the highlights from the older albums?  &#x200B;",https://www.reddit.com/r/googlephotos/comments/15bpgrb/unwanted_new_play_highlights_feature_in_albums/
Reddit,r/googlephotos,post,2017-09-20T10:01:12.764000+0000,16,"How to resolve ""Partial upload"" issues with Google Photos - Today, as I was going through my photo albums, I noticed that pictures in some albums have a little icon in the bottom right corner of a solid and a dashed arrow forming a circle. Clicking into the picture reveals that those photos are ""partial uploads"" whatever that means.  Googling around online, I am unable to find a way to resolve this. I'm connected to WiFi now and have tried re-adding the images from my phone, but nothing seems to change. On my phone, those pictures still have the cloud-with-up-arrow icon indicating that they haven't been uploaded to Google Photos yet.  Other than just waiting and hoping for the problem to somehow fix itself, does anyone have experience with this? It's really frustrating.",https://www.reddit.com/r/googlephotos/comments/71a1it/how_to_resolve_partial_upload_issues_with_google/
Reddit,r/googlephotos,post,2024-12-20T15:56:16.044000+0000,16,"How to get to chat in app - This feels like I'm being silly, but I can't for the life of me figure out how to navigate to one of the conversations where photos are shared in the photo app without sharing a photo.   It's easy in the browser, but I can't find any way to navigate to a list of my conversations in the app on my phone. The only way I can bring one up is to pick a photo, go to share->share in photos and choose the person who's conversation I want to see (and then not send the photo).  There has to be a better way, right??",https://www.reddit.com/r/googlephotos/comments/1himtjk/how_to_get_to_chat_in_app/
Reddit,r/googlephotos,post,2020-11-30T19:52:10.603000+0000,16,"I've developed a backup script (py selenium) that downloads your media and stores the location and handles your albums - Hi guys, since Google doesn't gives us a proper backup mechanism, I developed it by myself.  I've written a py script that does the following:  \* Download the item   \* Extract the albums in order to copy it into a specific folder(s)   \* Extract the location information in order to update the exif information   \* Checks if the item is a favorite in order to update the exif information (rating: 5 stars vs. 0)  I will extend it if something important is missing.  &#x200B;  You can get it here: [https://github.com/DennyWeinberg/manager-for-google-photos](https://github.com/DennyWeinberg/manager-for-google-photos)",https://www.reddit.com/r/googlephotos/comments/k43nez/ive_developed_a_backup_script_py_selenium_that/
Reddit,r/googlephotos,post,2020-04-23T02:30:53.493000+0000,16,"Download google photos to PC - For the love of God, how do I download my years' worth of pictures from Google photos to my PC in a file format that is readable?  I've tried Google takeout but most files are a weird extension I can't open, I've tried the back up and sync app which does not include google photos, I've tried selecting a few pics at a time and then exporting to PC - it creates a useless Google photos file without showing the pics in a usable format.  Please help - I've been at this for days :(",https://www.reddit.com/r/googlephotos/comments/g6enu1/download_google_photos_to_pc/
Reddit,r/googlephotos,post,2023-05-18T10:20:26.665000+0000,16,"How do I deny google photos the ability to delete from iCloud devices? - TLDR: need more storage on google account, trying to delete photos from google photos but it keeps threatening to delete photos from all iCloud devices.  no option on phone or desktop to deny access to storage, or to uncheck back up and sync.  screenshots provided of iPhone settings app, Google photos app settings, and Google Photos desktop settings.  Very desperate, please take pity on me and read this whole thing.  I know this is a long post, but I'm trying to give all the details so you all know what I've tried so far and what options are available to me on my devices.  Hi all!! I have an issue I am super frustrated by that I have tried to search both google and this subreddit for, and nothing seems to help.  I am running out of storage on my main google account (I have multiple gmails, and this one is my main one, figure the one I use for professional emails, for websites, shipping confirmations, etc.), and my first step I am trying to take to open up more storage (before I resort to buying more storage) is to delete all the photos from Google Photos that already exist on my phone (I used to have an iPhone that barely had any storage, so I started using google photos in 2015, as I was continuously deleting photos from my iPhone, but not from Google Photos, to make room for storage on my iPhone.  I have since upgraded my iPhone which has plenty of storage and have not needed to delete any photos from my phone to make room for storage since).  So last week, I went into my google photos app and select all the photos I have taken since 2019 (when I got my new phone) and try to delete them, but then my phone asks me if I want to delete all these photos from the iCloud storage, and I press no, because I don't want those photos to disappear forever.  I google this issue, ""How do you Unsync Google Photos without deleting from iPhone?"" (not in those words) and this seemingly helpful article from March of 2023 pops up telling me to do this: phone settings --> apps --> google photos --> storage, and then toggle off access to storage.  Problem is, there is no ""apps"" section in my settings (possibly the article was meant for android users? but it doesn't specify that it's only for android users).  Whatever, I figure I'll go into the ""google photos"" section of the settings app and disable access to storage there.  Nope.  Nothing there.  &#x200B;  ![img](0ew8re4lck0b1)  no ""storage"" option.  Should I have the top setting, ""photos"" set to allow access to none of my photos?  The other option presented to me by a majority of searches has been to turn off backup and sync from the google photos app.  Again, no option like this exists in settings on the app version or the desktop version for me...  &#x200B;  ![img](ecxh767bdk0b1)  ![img](i4hdi5n7dk0b1)  As you can see, I have backup turned OFF in the settings for the app, but when I took a test photo, it still showed up in the app, and when I tested deleting it in the google photos app, it again threatened to delete it from my iCloud devices.  Though, weirdly, when I'm on the desktop version, google photos updates only sporadically, meaning, like, it doesn't show any photos I've taken since May 9th, then the previous time is from April 26th or something like that, then it goes all the way back to February (even though I consistently take photos every day, and the app on my phone is up to date on all my device's photos).  &#x200B;  ![img](qmryosnkek0b1)  ![img](n4nn9ynkek0b1)  ![img](x0yov2okek0b1)  Those screenshots are from my desktop's google photos settings.  I am so perplexed by this issue, and frustrated.  I even googled google photos customer service, which, of course they don't have any (fuck google tbh).  Please, reddit, please work your magic!",https://www.reddit.com/r/googlephotos/comments/13kurm1/how_do_i_deny_google_photos_the_ability_to_delete/
Reddit,r/googlephotos,post,2022-12-28T22:51:24.436000+0000,16,"PSA: Google Photos automatically hides some faces - Tap on your profile image > Photos settings > Memories > hide people & pets.  You will most likely find that some people were automatically selected to be not shown, this is probably done to lessen the amount of faces in the selection but it seems random and included some faces that I was missing in my case.",https://www.reddit.com/r/googlephotos/comments/zxnpok/psa_google_photos_automatically_hides_some_faces/
Reddit,r/googlephotos,post,2023-03-30T20:38:57.213000+0000,16,"Is there any way I can use google photos ONLY for shared albums with friends without it taking all my other photos to use against my storage? I still need to get emails! - I originally got google photos because a friend suggested we use it to share pictures after we went on a trip together.  Little did I know at the time that would lead me to stopping receiving emails!  I have an iphone and my photos are backed up in many places- I do not need nor want google photos to backup my photos. Since google started limiting data and trying to get people to pay for it they have been telling me I am low/out of storage and threatening that I will stop getting emails. I have deleted hundreds of emails, photos, videos from docs, etc. and it barely frees up any storage. Yesterday after deleting hundreds of things from multiple places in google I went from 97% to 99% somehow! Today I tried to delete photos from google photos only to find that every photo I deleted would be deleted from my iphone as well! What business do they have doing that! It feels very invasive, like a little parasite trying to take everything down with the ship. I turned off sync but I just took a photo and there it is in google photos! It won't let me choose which photos to share with it from my phone, it won't even let me in the app if I don't allow it full access to all my photos in my settings. I will not be paying to get emails, the majority of which are spam anyway. I will not be paying to back up my photos which are already backed up in multiple other places! I just want access to a couple of shared albums. Is that possible? Everything feels so predatory these days, its awful.",https://www.reddit.com/r/googlephotos/comments/126yksm/is_there_any_way_i_can_use_google_photos_only_for/
Reddit,r/googlephotos,post,2024-05-20T12:03:21.327000+0000,16,"Google Photos vs. Albums - There is an awful flaw in the way Google Photos backs up photos from my Samsung phone which is driving me crazy.  The app seems to completely ignore all the subfolders in DCIM folder and just back up everything all bundled up together in one big timeline. There is also no functionality to exclude any of the subfolders from backing up and freeing up space (you can include/exclude device folders, but that's another thing).  I had some photos organized into several albums (subfolders in DCIM) and the 'Free up space' thing completelly messed them up (deleted most of the older photos and videos) and since the app did not replicate the album/folder hierarchy on the Google Photos servers, it effectively destroyed all my work and I would need to invest hours and hours to recreate those albums by going through the timeline, searching for specific photos and creating new albums from scratch.  This is just unnaceptable and I can't believe how one of the biggest tech corporations in the world can make such a flawed, messed up app.",https://www.reddit.com/r/googlephotos/comments/1cwdvzr/google_photos_vs_albums/
Reddit,r/googlephotos,post,2025-04-03T07:30:27.899000+0000,16,Google photos - I messed up I deleted my whole google photos and deleted in the trash without backing it up to my server. (Like an idiot). I have tried to contact google just machines. These are 9 years of memories. Is there any way I can find them. It happened on 3/14/25.,https://www.reddit.com/r/googlephotos/comments/1jqc786/google_photos/
Reddit,r/googlephotos,post,2024-01-29T09:43:00.087000+0000,16,"Am I the only one that things album organisation is really poor? - Albums can be great of course, but in Google Photos I find them a really pain to actually use because sorting them or organising them is nigh on impossible.  The only sort available is ""last photo added"" so if I can't remember the actual name of the album I've got to trawl through all of the albums I've ever created.  Would just like something simple like the ability to group them somehow (e.g. ""Holidays"", ""Sports"") or even nest them by year and month.  Or even just adding the ability to give them a tag / label as you can do with emails in gmail so that they can be more easily navigated through.  Anyone got any tips for how they manage them?  I've started thinking about prefixing every album with YYYY-MM or YYYY so for example ""2023-06 Family holiday in France"", but that doesn't work for them all as I've got auto-generated albums for each important face in my family (for those I could just prefix ""AUTO FACE"" or something similar.",https://www.reddit.com/r/googlephotos/comments/1adrk6s/am_i_the_only_one_that_things_album_organisation/
Reddit,r/googlephotos,post,2021-02-24T02:30:28.539000+0000,15,"Search blocking words like 'marijuana', 'cannabis', etc - I often add keywords to my photos on Google Photos to help me find them later. By 'keywords' I mean that I type words in the 'add a description' box in the 'info' panel on the browser interface ([photos.google.com](https://photos.google.com)).    Marijuana is now legal in CA and AZ, and I visited a marijuana store and made some legal purchases. I took some pictures of the products for reference, and put keywords 'marijuana', 'cannabis', and 'gummies' in the description field.  A few months later I tried to find them by searching in the web interface, and it did not find the pictures using 'marijuana' or 'cannabis'. But I did find them using 'gummies' as the search term!     So does Google implement some sort of censorship on words like this?  I would expect perhaps some x-rated words to be blocked, but not (eg) marijuana!   Also - does anyone know if these descriptions are written to the metadata of the image file itself, or are they stored separate from the image?  I still maintain a complete offline copy of my photos on hard-drive and backup drives, and it would be nice if this effort to 'keyword' my images would be available outside of Google, but I can't seem to find them in the image files themselves.",https://www.reddit.com/r/googlephotos/comments/lr18sg/search_blocking_words_like_marijuana_cannabis_etc/
Reddit,r/googlephotos,post,2019-04-25T20:59:41.987000+0000,15,"Google Photos has such great potential but its flaws break its potential. -     First let me mention, I use Google photos on desktop PC (Windows 10 and previously Windows 7) I have used Chrome, Firefox, and Internet Explorer and have seen no difference in behavior. I also use the iOS app and auto back up photos using the High Quality setting.  The first issue I have is the photos home page where photos take literally (and I do mean literally) 90-120 seconds to show up. This is whether or not there is one photo or 100. All other photos are archived, and it acts as if it’s trying to load up thumbnails for all images, even in the archive, on the home page. While it is doing this you just see a scrollable page with gray boxes.  This is certainly annoying to have to do once, but then if you do a lot of editing or adding text to photos on the homepage, when you return to that page it starts this process over again.  Next is the fact that Live Albums simply are not working for me. They HAVE worked multiple times for me in the past, but after month or two, all photos that were previously tagged with faces lose their tags and never regain them. Eventually it will start to work again but it will not re-tag the photos that were previously tagged. I have even chatted with tech support and they cannot find a reason for this glitch, but I have read about other people having this trouble too. Even when it HAS worked for brief times before, it is not perfect at tagging people which is understandable, but that is why we need manual tagging abilities. Important note, because tech support asks: I have not turned off face-recognition at any point during this process.   Finally, just a couple of things that would be very helpful for organizing photos into albums. When you have lots of albums, it can be difficult to find them in the ‘move to album’ dialogue. It would be nice to have a search field in that dialogue.  Not trying to go after Google Photos. I truly love it in many ways and I think it has so much more potential. Hoping some of this can be addressed. Has anybody else noticed these issues?",https://www.reddit.com/r/googlephotos/comments/bhdtfa/google_photos_has_such_great_potential_but_its/
Reddit,r/googlephotos,post,2022-02-23T18:59:18.935000+0000,15,"How do I retrieve a photo montage made by Google - Hi everyone,   Google Photos came up with a really wonderful photo montage followed by a collage at the end for me, but I couldn't figure out how to save it and now I can't find it. Is there a way to get this back?? Thanks!!",https://www.reddit.com/r/googlephotos/comments/szozwh/how_do_i_retrieve_a_photo_montage_made_by_google/
Reddit,r/googlephotos,post,2024-04-25T15:14:36.064000+0000,15,"Google photos text search no longer working - I'm not sure when it happened, but for months the search feature in the Google photos app does not seem to work. I'm on android 13  I used to use the search feature in the photos app to search through my screenshots for text that is in the screenshots and it would work incredibly well. I know this gesture works for some of my friends. But at some point it just started returning no results for me. Is there some setting that caused this change??  I take a lot of screenshots of twitter, reddit, and text messages to send to friends, and it becomes pretty much impossible to find what you're looking for without the text search feature. Where did this functionality go???  Edit: I did search the sub and Google before posting, sorry if this is an easy or obvious fix, but I have looked many times over months and not found the solution",https://www.reddit.com/r/googlephotos/comments/1ccui2v/google_photos_text_search_no_longer_working/
Reddit,r/googlephotos,post,2021-06-13T22:52:32.774000+0000,15,"Google Photos Export (Worst User Experience 2021) *HELP/RANT/PLEASE HELP* - **Hi Guys & Gals.**     I'm having a complete nightmare.   In all honesty I've been a Google user since the inception of their Search engine and I've had an email account since the days of invite only. I had the first Android devices and then when the Nexus and then the Pixel arrived I had those as well.     I've used Google Drive constantly since it arrived and using Google Photos for auto backup was a godsend. In all honesty when Google replaced Picasa with Photos I was gutted because I like to keep things locally and edit within their software but I quickly allowed my pixel / nexus to auto upload everything to the cloud and paid for the extra storage where needed.     Now I'm moving towards the Apple eco-system as I work in multiple recording studios and the standard is Mac, the ecosystem (once your embedded) works great and honestly whilst not as featureful as Android / Google / PC it is simpler and that's what I need right now to get on with my job.     Heres where the major problems occur.     Now, I'm fully aware of Google Takeout.   I've used it multiple times in the past however at one point I decided to download EVERYTHING from my one Google Account (OLD) and migrate it to a newer account. So I used Google Takeout     I asked it to download EVERYTHING, I downloaded 10+ 50GB files and extracted them, When extracting it would regularly prompt to overwrite files, When checking those files they would genuinely exist in both places. Why Google is zipping multiple copies of the same files I have NO idea but I assumed it was just some glitch with the export system.     I then uploaded everything to the new account. Checked some prominent dates, confirmed I had pictures and then after a few months deleted the original google photos from the old account.   Much later on I realised that even though I specifically stated that I wanted EVERYTHING it clearly was missing thousands of very important pictures and photos. Obviously. They are gone for good and I was gutted. I however put this down to user error and beat myself up about it for months.     Recently I had to sell my high powered gaming PC so I could afford a decent Mac mini for the studio.     As such I'm looking to move away from Google Photos into Apple Photos, So I used takeout, only exported google photos, 50GB zip files.     Downloaded, Extracted them, Imported them into Apple Photos and started organising, I noticed that lots of the photos existed in times and dates within Apple photos that they clearly didn't belong. As if all the metadata got fucked on the way down. Nevermind. I continued organising over 30,000 photos and videos.     When I got to the end I realised... There are THOUSANDS of photos and videos missing.    I deleted my local apple library, figured I'd missed a Zip.   Downloaded everything ALL OVER AGAIN.   Same issue...     I downloaded these files SO MANY TIMES that google refused to let me download them again and I had to create a fresh export.     At this point I wiped all Albums from the Google Photos and left it as just one massive list of photos, Nothing in Archive, Nothing in big. Takeout Export again... Downloaded hundreds of GB's of Photos all over again. This time I manually dragged everything into the folders (Which are now organised automatically by google on download into YEARS (2019, 2020, 2021 etc)     Each 50GB zip extracts into its own folder, I then take those photos and manually drag them into the folders so everything together.     Import them into Apple Photos and Guess what.     There are thousands of photos and videos STILL MISSING.     I check the folder, They are missing from the folders (Suggesting they were never extracted in the first place)     So essentially I'm asking Google Photos to download all my data, Its picking and choosing what It wants to put into the Zip files, sometimes just throwing hundreds of duplicates (That don't exist within my google photos) into zip files and omitting thousands of other files from the takeout.     This leaves me stuck, I've got thousands upon thousands of Photos and videos within Google Photos that I simply can't download and I don't know which ones I'm missing.     Has anyone else had this problem, has anyone else found a way around this?     I've honestly wasted just under a week of my life on this so far and as my studio is re-opening next week I'm going to find myself without anytime to revisit this! Can anyone help me, I'm desperate and honestly this is really putting me off ever coming back.",https://www.reddit.com/r/googlephotos/comments/nz88yv/google_photos_export_worst_user_experience_2021/
Reddit,r/googlephotos,post,2025-07-26T18:11:25.230000+0000,15,"Premium prints series no longer 6x4 - I've been using the premium prints series for years, and I used to love it! Recently, every photo that I have received is not 6x4. I don't understand why; I have borders turned off. It's almost 2/16ths larger on both sides. I know that doesn't seem like a lot, but none of the prints fit into 6x4 frames anymore. I have a tremor, so cutting the photos is not an option for me. I don't want to cancel my subscription. I love being able to receive photos every month; I just don't want to be paying for something that I can't use! I tried to fill out a flaw/damage form, but the form crashes every time I try to use it. I'm just so frustrated. I attached some images showing a photo I received years ago versus a photo I received today. The photo with the orange cat is old and it fits into a frame. The photo with the tabby cat is one I received today. You can see that one photo is bigger than the other. Is anyone else having this issue? Did you find a way to fix it?",https://www.reddit.com/r/googlephotos/comments/1ma05zn/premium_prints_series_no_longer_6x4/
Reddit,r/googlephotos,post,2025-01-16T15:56:08.909000+0000,15,"Device albums not showing on Google photos  - I have an issue that I've tried resolving a million times and still can't figure it out.  I have a Samsung S21 ultra and pay for google photo storage.   I have several albums created in my gallery on my device but not all of them are showing up when I open Google photos. There's an option on Google photos that says ""on this device"" but only about half of my albums show.  I tried looking at the backup option and they aren't showing there either.  I tried creating a new folder and doesn't show up either.   I would like to remove some photos from my device but I like being able to access them easily in my Google photos.   I've looked at a million options and I think I must be missing something simple?",https://www.reddit.com/r/googlephotos/comments/1i2s1cd/device_albums_not_showing_on_google_photos/
Reddit,r/googlephotos,post,2023-11-10T20:03:50.168000+0000,15,"Did Google Takeout fix itself? Metadata seems to be included - Just revisited own of my biggest fears of using Google Photos, having just one backup!  Ever since Google killed of the connection between Google Drive and Photos I have been struggling finding a good an easy solution to back up my photos. Roughly one 1 ago I looked into doing Google Takeout which required 3rd party applications to ensure metadata for the media where written the pictures and videoes...  However, I just tried doing a ""3 dot"" Download all in an album in [photos.google.com](https://photos.google.com) , as well as a Takeout of the same album. File sizes are the same, and seems like the metadata is in both downloads... I have checked with exiftool too!  Has something changed with Takeout? Or what used to be the problem with Google takeout?",https://www.reddit.com/r/googlephotos/comments/17sch3q/did_google_takeout_fix_itself_metadata_seems_to/
Reddit,r/googlephotos,post,2024-07-01T12:49:27.191000+0000,15,"How do I Unsync Google Photos without losing my photos? - In case it matters, I have a Redmi Note 12 and I had used Google Photos to backup my Photos on my phone thinking it'll only be a storage but its acting like a replacement for the Photos app of the Phone.   Ever since my 15 GB storage in google photos have come to minimum space, google warned me that i wont be able to send emails  or such once its full which obviously led me to wanting to empty out my google cloud storage but what i found was that I could not empty just the cloud without losing my pictures.  Whenever I would turn off Backup/Sync, 99% of my photos AND videos would be gone from my phone's gallery instead of staying so that i could clear the cloud. No matter what i read or watched I'm still unsure how to fix this because i need the space as an android user and I'm running out of options. It's either paying for an SD card, A cloud storage expansion or a new phone entirely.   Please, I need a solution or a way to keep the photos in my phone so i can ditch using google photos entirely.   I frankly feel deceived that google is forcing us to pay for their service whether we like it or not by making it difficult for us to quit it too.",https://www.reddit.com/r/googlephotos/comments/1dss5z5/how_do_i_unsync_google_photos_without_losing_my/
Reddit,r/googlephotos,post,2025-08-08T10:29:56.161000+0000,15,"How the fuck do I transfer all my photos without losing anything in the process - I have over 10k photos, screenshots, downloads etc in my camera roll and I have tried EVERYTHING to move it to my laptop. First I tried usb transfer but my photos are hidden in like a 200 different folders, some hidden so my windows can't even see them - after manually opening every folder I still lost something around 1k photos, they just don't exist apparently. Next, I decided to try and do a copy of my photos in google, then I exported all of them with google takeout and unpacked the zips but now I'm stuck with all photos but no exif data (It's saved in json format for some fucking reason) so no matter what sorting program I use, they're in random order. I think I could possibly try fixing it with exiftool but there's no tutorials and I have absolutely no idea what I'm doing.",https://www.reddit.com/r/googlephotos/comments/1mkrlxb/how_the_fuck_do_i_transfer_all_my_photos_without/
Reddit,r/googlephotos,post,2022-05-05T02:15:08.307000+0000,15,"T-Mobile 2TB plan with unlimited Google Photos for $15 - So I decided to add the new Google photos 2TB plan which includes unlimited Google photos storage in original quality to my T-Mobile account. This plan is exclusive to T-Mobile subscribers only and cost $15 per months plus taxes according to T-Mobile.  If you are not on T-Mobile then you'll have to find someone who's willing to add this plan to your Google photos account. Meaning they'll let you login your Google account from their T-Mobile account so the plan can be added. Then you can decide who's paying the bill. $15 plus taxes.  I had been uploading in high quality/storage saver quality to Google photos for years and was able to get unlimited storage for my videos and photos this way. Then when Google decided to kill unlimited storage I went the Pixel 1 route since those are the only phones that allow unlimited Google photos storage in original quality.  Now that I stumbled upon this plan I decided to join it. It's more convenient. I don't have to take pics/videos from my other phones and  then transfers gigs of data to my Pixel 1. Then upload it through there. There's also the overheating issue with Pixel 1 while uploading tons of data. The phone gets super warm to touch. I have already destroyed one Pixel OG like this. All that overheating put it on a permanent boot loop.   Even though I am paying $15 to T-Mobile I am getting 2TB storage plus my videos and photos aren't taking any space. So personally I think this perk is great for the price. It also helps Google upsell the 2TB plan. The photos and videos can be stored in full original quality and the strorage will still be unlimited.  Now the only thing I noticed unlike the Pixel 1 is that if you decide to cancel the unlimited photos/videos plan then all the uploaded media is immediately counted towards your storage. It's not like the Pixel 1 where I can upload hundreds of gigs photos and videos and it will never be counted. As soon as you decide you don't want the paid plan and you cancel it, all that media that you uploaded will suddenly take up your storage.  Also in the fine print Google does say that even though it's an unlimited plan, avoid uploading terabytes of media since you can be capped at 100GB of uploads per month. This doesn't effect me since I doubt I'll take 100GB worth of 4K videos/photos a month but it is something to keep in mind.  Update: Forgot to add and thankful to ccduke for reminding me, You can share this plan with 5 people I believe or whatever number of individuals Google allows, however the unlimited Google photos upload in original quality perk is only available to the original account holder aka the individual who logs into Google photos via the T-Mobile link they get in their T-Mobile account. The other members only get to share the 2TB storage.",https://www.reddit.com/r/googlephotos/comments/uimv18/tmobile_2tb_plan_with_unlimited_google_photos_for/
Reddit,r/googlephotos,post,2018-12-24T12:19:31.698000+0000,15,"Photos doesn't have an automatic duplicate detection but is there an app or software solution? - The title of the post basically.   As far as I know you can't press a button and automatically detect duplicate photos. Maybe Google does it in the background but it doesn't offer you any chance to properly dispose of duplicates.   I've searched Google (Search) for a way to detect these duplicates, either from within Google Photos, or from inside Windows or Mac (I have GDrive syncing Google Photos to my HD) or from (less than desirable) an Android or iOS app. I've found some hits but mostly the results were here this one is good or that one is good but each site recommended its own rather than hearing multiple reviews for one program.   Is there anything you've used? That you trust and verify to go thru your photos collection?   PS Extra credit - for videos too? Thanks",https://www.reddit.com/r/googlephotos/comments/a94jfr/photos_doesnt_have_an_automatic_duplicate/
Reddit,r/googlephotos,post,2021-12-02T13:25:41.241000+0000,15,"Lessons learned the hard way - photos gone forever! - Wish every new GP user could read this before they take action:  - The ""free up space"" option does not delete photos in the GP cloud. It deletes them on your device.  - If you use the GP app to delete a photo, it will be deleted from your device and from the GP cloud.  - There is no easy way to delete a photo from the GP cloud without also deleting it from your device.  - There are 2 trash bins; one in the GP cloud, and maybe one on your device. You should never empty either trash bin if you are new to GP or if it's your first time deleting photos or trying to get storage space back.  - Once you delete photos and empty the trash bin, your photos are gone forever. A slim chance a call to Google might help, but don't count on it.  - Your phone or device organizes photos by folder or album. When the GP app backs up your photos to the GP cloud it ignores these device folders/albums. You must manually recreate albums in GP and reassociate your photos with those GP albums.  - If you find yourself in a position where photos are in the GP cloud but not on your device the best way to get them back is to use takeout.google.com. But, if you did not do the last item related to albums, your photos will download from takeout in one giant pile.  There are technical exceptions to the above statements, but if you are an average relatively new user, heed them.  More info like this in my Google Photos Pictorial  https://wjhladik.github.io/photos-123.html",https://www.reddit.com/r/googlephotos/comments/r77ezc/lessons_learned_the_hard_way_photos_gone_forever/
Reddit,r/googlephotos,post,2025-08-18T14:43:18.678000+0000,15,"Why is there a ""Edit in CapCut"" button in my Google photos? - I'm curious why Google Photos is promoting CapCut. Or if TikTok / ByteDance is somehow putting the button there. I don't have CapCut installed but I have TikTok.  (Reposted from before because I couldn't find a way to edit the title.)",https://www.reddit.com/r/googlephotos/comments/1mto05m/why_is_there_a_edit_in_capcut_button_in_my_google/
Reddit,r/googlephotos,post,2023-12-16T15:07:45.670000+0000,14,"Tool to selectively compress my Google Photos videos - Hello!     I'm a Google Photos user for maaaany years and all my family photos are stored here. I always used original quality for my videos and photos, but now with 4K video recording in my Pixel phone, I'm running out of storage super fast. I don't want to upgrade my storage to over 200GB which I'm already paying for.    I would love for Google to offer useful tools in Google Photos to compress SOME of my videos.   It would ideally live under this link where you can delete some of the videos:    [https://photos.google.com/quotamanagement/large](https://photos.google.com/quotamanagement/large)  It's a bit frustrating that Google doesn't allow us to manage our data robustly. The only options are converting everything to lower quality or paying for more storage.   &#x200B;  Has anyone here heard of any third party tool using Google Photos API that would:   1. Pull biggest videos from Google Photos 2. Give me option to compress some of them 3. Reupload with the same date/time/location to not screw up my Photos timeline.  &#x200B;  I would gladly pay for such a piece of software.",https://www.reddit.com/r/googlephotos/comments/18jt4vb/tool_to_selectively_compress_my_google_photos/
Reddit,r/googlephotos,post,2025-08-04T09:38:34.590000+0000,14,"How can I delete all of my photos from Google Photos at once (on apple devices)? - I need to delete all of my photos from google photos at once, as I have reached the storage limit - which is now stopping me from receiving emails (and I also no longer need google photos.) However, I am unable to delete photos from google photos without it deleting them from my apple photos as well as they are linked, but when I unlink them I can't delete them from google photos and it still states that the storage is full. Is there a way to solve my issue and unlink my photos, whilst clearing up my google storage? Any help would be much appreciated.",https://www.reddit.com/r/googlephotos/comments/1mh8yhr/how_can_i_delete_all_of_my_photos_from_google/
Reddit,r/googlephotos,post,2022-12-25T22:24:45.467000+0000,14,"Shout out to my Favourite App - Hello Everyone!   I know that a lot of posts here in the sub, and everywhere else online, point out issues with Google Photos. For the most part, these are definitely reasonable critiques, and identify things that Google should edit or improve on.   **However, as a Google Photos user since it was bundled with Google+, I want to say that it's honestly been a wonderful experience and become one of my favourite apps in terms of reliability, compatability, and of course photo backups.**   First of all, our photos are treasured memories, so backing them up is obviously a priority. In the beginning, I was a Samsung user, and had Google Photos backing up on the side. As I got into stock android during the pandemic, I shifted over to using a Pixel, which came in handy when Google announced the discontinuation of complimentary storage saver quality starting June 2021. Using a Pixel also came in handy because I no longer needed 2 gallery apps.   Here's what I love about the app!  * Backup and Sync! It's now instinctive for me to go to [photos.google.com](https://photos.google.com) to get a picture from my phone, knowing it's always safely backed up and ready to go when I need it.  * Unlimited google photos at storage saver quality. This is a Pixel (up to pixel 5) exclusive, so I have no idea what I will do once my Pixel 5 dies.   * Memories! I'm always interested on what happened last year, or something notable from long ago. Recent updates have made this even better!  * I love how photos are sorted in descending order by EXIF data of the last taken picture, keeping everything recent right at the top. I've never actually had the EXIF cut off, even transferring through both Windows and Mac devices, it has been retained using Google Photos.  * I love how easy sharing is! I can quickly share in the app, share with a 3rd party app, or share as a link to someone who doesn't have Google Photos.  * The favourites menu. I love how quick it is to star something, and have it come up and sync with all devices.   * Customizability with respect to dates and locations. You can change this data, which comes in handy when uploading a photo that you know was taken elsewhere or at some other time.  * Recently added. It was always frustrating transferring a number of photos from phone to phone,  laptop to phone, or whatever the case may be, since the sorting means it's hard to find everything when sorted by date! The recently added option fixes this, allowing quick access to the photos you've added recently, regardless of when the picture was taken/the EXIF data.  * Collages. Surprising, this was always one of the negatives. However, the newly updated interface is really intuitive, making it easy to add pictures and make dope collages!   I know it can get easy to be caught up in the frustrations. I had a period in time where my photos all duplicated for no apparent reason, and another where my photos would not back up because the device was too hot (this is impossible, I was outside in the middle of winter). I've had the occaisional bug, the refusal to backup, or even a crash or two.   But I think we should  recall response bias: **those who are happily using Google Photos with no issues are less likely say anything**. I want to make sure that within all the bashing, those of us who have experienced this app with no trouble have a place to say it. It'd be awesome to here some other positive features on Google Photos in the replies!",https://www.reddit.com/r/googlephotos/comments/zv89ov/shout_out_to_my_favourite_app/
Reddit,r/googlephotos,post,2022-02-23T06:36:25.669000+0000,14,"Random spammers/accounts sharing photos via google photos? what's going on? - Hi, something weird happen and it would be helpful if anyone can help explain what is going on.  I received several email notifications that some random people (3 so far within the last two hours) are sharing photos via google photos. first off, I don't even use google photos, only google docs for uni assignments so this is strange and alarming. I have no idea who these people are and it seems like they are scammers/spammers. they are not on my contacts and I don't know how to block them as I cannot find where this is. I don't know who they are and how they got my email. For more context, please see screenshot attached. How do I stopped these people?",https://www.reddit.com/r/googlephotos/comments/szan7b/random_spammersaccounts_sharing_photos_via_google/
Reddit,r/googlephotos,post,2021-06-26T10:41:55.526000+0000,14,"Edited photos are saved on device, not in Google Photos? - Whenever I edit a photo in Google Photos and save it as a copy, I can only find the edited photo in Google Files in the PhotosEditor folder. I then have to manually add it to Google Photos and add it to the album I want. By moving the pictures to Google Photos, it also saves them to my camera roll.  This is a very annoying workaround and I don't think it's supposed to go like this. Is it my settings or is it sometging else?  Google Pixel 4a.",https://www.reddit.com/r/googlephotos/comments/o88f7r/edited_photos_are_saved_on_device_not_in_google/
Reddit,r/googlephotos,post,2022-11-02T16:47:24.621000+0000,14,How do I get a count of photos? I have tried using gmail attachments & the dashboard - I feel like a crazy person. Every instruction I can find does not work because what I am seeing on my browser or my phone does not match the instructions.  I have tried looking at google dashboards - only get a vague number   I have tried using gmail app on my iphone and going to add an attachment and all I see is all my photos. There is no option to select a folder or albums etc.   I have been trying to figure this out for an hour and I'm sure its very simple but I cannot figure this out.   Please help - thank you.,https://www.reddit.com/r/googlephotos/comments/yka9uf/how_do_i_get_a_count_of_photos_i_have_tried_using/
Reddit,r/googlephotos,post,2024-08-15T03:32:19.777000+0000,14,"Mental health: wiping an ex - My best friend is going through a relationship breakdown.  Google keeps on putting up ""memories"" of his ex, and it has triggered him enough to end up on su¹cide watch in hospital.  Id like to move the ex photos somewhere, but not destroy it or the timestamp/location etc,   There's some memories he may want to revisit later, and there's kids photos too.  Any suggestions on how I can help?",https://www.reddit.com/r/googlephotos/comments/1esl8sl/mental_health_wiping_an_ex/
Reddit,r/googlephotos,post,2022-08-14T15:19:46.857000+0000,14,"Partner Sharing not sharing all photos - Hey,  My wife and I both have unlimited storage google accounts through our work. We have our phones' camera backing up to Google Photos automatically. When we enable partner sharing my wife cannot see all of my photos. She only gets photos up until about a year ago. More recent photos don't show up. I can see everything of hers including photos she takes right now.   Anyone have any idea why she can't see more recent photos of mine?",https://www.reddit.com/r/googlephotos/comments/wo8tjg/partner_sharing_not_sharing_all_photos/
Reddit,r/googlephotos,post,2026-04-12T05:27:35.853000+0000,14,"How do I turn off this new ""related"" button - I just noticed this today, but I can't seem to find a way to turn it off. It seems to be taking me to a completely unrelated photo or video from my library. It's taking up screen real estate and serves no useful function.",https://www.reddit.com/r/googlephotos/comments/1sj5ocr/how_do_i_turn_off_this_new_related_button/
Reddit,r/googlephotos,post,2021-02-19T22:00:54.629000+0000,14,"Downloading GP to external hard drive - keeping original creation date and place - Hi all!  I'd like to have a backup of all my photos from Google Photos on an external hard drive. I used takeout and got several download links (each 2GB) for all my photos, and downloaded them all right. However, now that I try to open them, I see two problems:  \- they are in json format and I have no idea what this is or how to convert to jpg.  \- they are all dated from today! This is the worst problem, as I'd like them to keep their original date (not only in the title, but in the ""creation date"" column).   Anyone knows how to solve this please? I tried to find it online but didn't find any solution that worked...",https://www.reddit.com/r/googlephotos/comments/lnrjht/downloading_gp_to_external_hard_drive_keeping/
Reddit,r/googlephotos,post,2026-09-07T08:35:40.120000+0000,13,"Google Photos Takeout dates: EXIF dates, file dates, and JSON sidecars are three different things - Disclosure: I develop Takeout Rescue, a paid desktop utility for Google Photos Takeout archives. I am posting this because a lot of Takeout advice starts with the misleading claim that Google removes all EXIF metadata. You do not need my software to check any of the points below.    The first thing to establish is which date is actually wrong.    A photo or video can have several different dates:    \- filesystem creation and modification dates;  \- an embedded capture date such as EXIF DateTimeOriginal;  \- timestamps inside an MP4 or MOV container;  \- a timestamp stored by Google Photos in supplemental JSON;  \- a separate date stored by the photo application importing the file.    Extracting a ZIP normally gives the extracted file a new filesystem date. That alone does not mean the original embedded capture metadata was removed. Before running any repair tool, inspect a few affected files with a metadata viewer and check which field your destination application is displaying.    The supplemental JSON still matters. It can contain information managed separately by Google Photos, including a date, location or description edited in Google Photos. It is also useful for screenshots, scans, messaging-app images and other files that never had reliable portable capture metadata in the first place.    My conservative workflow is:    1. Keep every original Takeout ZIP unchanged.  2. Select all numbered parts as one export, because related media and JSON may not be in the same ZIP.  3. Inspect embedded metadata before deciding that a file needs repair.  4. Match JSON conservatively; a similar filename is not enough when names repeat.  5. Write to a separate output and verify the written fields by reading them back.  6. Test the output in the actual destination before deleting anything.    I wrote a longer field-by-field explanation here:  [https://takeoutrescue.ukilabs.com/guides/google-takeout-photos-wrong-date](https://takeoutrescue.ukilabs.com/guides/google-takeout-photos-wrong-date)    The page links to Google's own explanation of original media metadata and secondary JSON. The product is linked from the site, but the diagnostic steps above work with any trustworthy metadata inspector or repair workflow.    I would be interested in examples where an original camera file and the Takeout copy differ byte-for-byte. Please include how the file was originally uploaded and which field you inspected; that distinction is usually where these discussions become confusing.",https://www.reddit.com/r/googlephotos/comments/1w9mha3/google_photos_takeout_dates_exif_dates_file_dates/
Reddit,r/googlephotos,post,2022-11-24T18:28:05.597000+0000,13,"""Your Video Will Be Ready Soon"" when Uploading Videos to Google Photos - I started sending my pics/videos from my pixel 6 pro to my old pixel 1 to backup for unlimited storage. After backing up videos on the pixel 1, the videos are grayed out and say, ""your video will be ready soon"". It's been about a week and none of the videos will play. They still all are stuck on ""Your video will be ready soon"". I can't find a fix for this. Has anyone had this issue before and found a fix? I have found limited information on google about it.",https://www.reddit.com/r/googlephotos/comments/z3r41l/your_video_will_be_ready_soon_when_uploading/
Reddit,r/googlephotos,post,2018-04-21T22:02:38.994000+0000,13,"Google Photos can't zoom in enough - My friend and I shot the same scene to compare out phone cameras, his a Galaxy \(sorry not sure which one\) and mine a Pixel 2.  To do our comparison we zoomed in, and his zoomed waaaaaay more than mine.  he was viewing the photo in Gallery, I was using Google Photos.  When I went home I tried it on GP on my Mac with the same result.  I'm sure I must be missing something, it would be ridiculous for Google Photos to zoom only as much as I've been able to.  What's the trick I can't find?",https://www.reddit.com/r/googlephotos/comments/8dyyyd/google_photos_cant_zoom_in_enough/
Reddit,r/googlephotos,post,2024-12-29T20:16:48.917000+0000,13,"Is it possible to deactivate google photos  - I made the mistake of getting it a year ago and I’ve never been able to use my email normally after that, even after deleting the app because it’ll eventually tell me to get more storage. I don’t want to use my email to store photos or anything, is there any way to get rid of this? :(",https://www.reddit.com/r/googlephotos/comments/1hp4qfw/is_it_possible_to_deactivate_google_photos/
Reddit,r/googlephotos,post,2019-08-10T20:11:20.926000+0000,13,Where are backed up photos stored? - I have hundreds of photos that I cannot find. Google photos tells me that it has backed them up and I can delete them from the device to save memory. So I do just that.  But where have they now disappeared to? I can't find them and they're not showing.,https://www.reddit.com/r/googlephotos/comments/comz9x/where_are_backed_up_photos_stored/
Reddit,r/googlephotos,post,2020-06-07T18:43:11.482000+0000,13,Add a specific album as a home screen shortcut? - I would like to add a link to a specific album I have on Google Photos to my homescreen. I can't seem to find a way navigating through the normal 3 dots menu. Does anyone know of a way? I thought about adding the link to it as a Chrome shortcut which will then open into the album but couldn't find a way of doing this.  &#x200B;  Help would be much appreciated!,https://www.reddit.com/r/googlephotos/comments/gyhtim/add_a_specific_album_as_a_home_screen_shortcut/
Reddit,r/googlephotos,post,2020-12-12T04:57:38.849000+0000,13,"Uploading 700 GB of photos, videos on Google Photos. - Hi,  I have about 700 GB of files, photos, videos. The photos have all been converted to JPEG and the videos to 1080P from 4K. I want to upload it to Google Photos but I don't really know how. I have an iphone so I can't load them on the phone for automatic syncing. For MacOS, the app (Drive & Sync) seems to be gone - and even before, it was not working.  So how can I upload them in such a way that it also counts towards the free storage?  Thank you",https://www.reddit.com/r/googlephotos/comments/kbj4e2/uploading_700_gb_of_photos_videos_on_google_photos/
Reddit,r/googlephotos,post,2021-08-24T04:59:14.227000+0000,13,Never received notifications for a ton of unsaved creations. - So I learned about this URL today where you can view unsaved creations - https://photos.google.com/unsaved  And there was a bunch of stuff Google Photos created for me. Albums were there for trips I took that I expected to be auto created but I didn't think existed and a whole bunch of cool creations.  But I never got notifications for any of this asking if I wanted to save them. Every once in a while I'll get a notification about something but so much stuff was there that I expected and never knew about and would have never found if I didn't visit that URL.  Is there a reason I'm not getting notifications for so much of this stuff? All notifications are turned on for all Google apps.  EDIT: u/HeinsGuenter pointed out another good link (possibly better) to find creations - https://photos.google.com/foryou,https://www.reddit.com/r/googlephotos/comments/pago7s/never_received_notifications_for_a_ton_of_unsaved/
Reddit,r/googlephotos,post,2023-10-17T09:40:51.657000+0000,13,has google photos been insanely slow for anyone else in the last day or so? - idk why but my photos is literally loading like i'm using dial up from 1994. I get gig up/down and everything else has been fine but all of my google services have been slow as molasses today. i can't even load all of my photos it's that slow  jk i conected to my vpn and im back to normal speed. google just personally hates me i guess,https://www.reddit.com/r/googlephotos/comments/179uip8/has_google_photos_been_insanely_slow_for_anyone/
Reddit,r/googlephotos,post,2019-09-05T11:16:17.455000+0000,13,"Upload images and photos directly to Google Photos with right click - Other than using Google Photos for personal pictures, I also use it to share reference images/photos with others for projects I am working on. Almost like a private Pinterest board, but one I have more control over and can share with people without a Pinterest account.   I thought it'd be cool if I can right click on photos / images I find online, and have it uploaded directly to my Google Photos account. A colleague of mine had already done something similar before (for Tumblr) so I asked him to build one - thought I'd share it here if anyone might find it useful!  Post to Google Photos: https://chrome.google.com/webstore/detail/post-to-google-photos/lafpnfnchohhamoidohgmljijeafebbf  Looking forward to any feedback, thanks!",https://www.reddit.com/r/googlephotos/comments/czzeyk/upload_images_and_photos_directly_to_google/
Reddit,r/googlephotos,post,2019-12-24T11:28:10.297000+0000,13,"Copying 100k photos from Google Drive to Google Photos? - Hi all,  I've spent the better part of the last few months backing up about 100,000 photos (about 1TB) to Google Drive directly from my Synology NAS using their CloudSync tool.  Ideally I'd like to have HQ copies of all these photos in Google Photos so I can take advantage of the search features.  Doing this 50 photos at a time using the ""Upload from Google Drive"" button  is obviously not really an option.  I know I could re-upload using the Google Backup & Sync tool, but the Internet upload speed is painfully slow in my area so  I'm hoping to find a way that doesn't involve re-uploading a terabyte of data.  Has anyone found any methods or tools that can copy large quantities of photos from Drive to Photos?",https://www.reddit.com/r/googlephotos/comments/ef07zf/copying_100k_photos_from_google_drive_to_google/
Reddit,r/googlephotos,post,2019-03-10T15:22:29.289000+0000,13,"[experience] is it grass greener with goog photos? - with Flickr kicking the free accounts to < 1000 photos, it was time to migrate. there's not too many free solutions out there nowadays, after some searching it was down to google photos and amazon photos. yeah, amazon photos is technically not free, but since I have a prime account anyways.      i poked around both initially and found that google was a lot more user friendly though neither came close to the user friendliness of flickr. Though the one pain flickr gave me was appending a random number to all my photos which gave me extra work cause that destroyed my naming convention.     read through how google accounts toward everyone's free 15G vs unlimited. I didn't get it the first time around and figure since all my pics are under 16M I should be able to keep everything in its original form. I initially selected this because other posts have proven google does downscale your photos even if it's under 16M, not all, but there are instances. Halfway through downloading album by album from flickr and uploading them one at a time to google photos, i found I was out of space, couldn't figure out why at the time so i started to bare the pain of migrating to amazon.      downloading both from google and flickr and migrating to amazon one at a time, it was pure pain. amazon photos is so not user friendly. amazon photos is only good for those who just wants to randomly throw all their photos up to the cloud for storage.      here's what's bad about amazon photos:  * uploading is slow. i would say upload speed is flickr > google > amazon.  * downloading is slow. i would say download speed is google > flickr < amazon. * there's no searching. ok, there's a search bar up top but it's basically a wild card match where the only characters allow are alphanumeric and space. the search results are horrendous. (for example, if my picture is titled san\_diego\_zoo\_12.jpg and you search for san\_diego\_zoo, the search bar resets the search to ""san diego zoo"", so every picture you have in your lot with the word zoo comes up) * you can't customize each album's cover * there's constantly an error saying this photo is already on amazon. i couldn't figure out why this error keeps popping up cause i newly renamed the pic, then i guessed amazon is basing this on some meta data of the picture.   even though amazon on upload recognizes there may be the same photo, there's no function to find those same photos afterwards. * say you want to download an album, there is a limit of 200 files per zip file. what about the other pictures you want off of that album? go and select them 200 at a time manually. if you have 1000 pics in the album, you will have to manually find 201-401, grab that and so on and so forth.  * there are two mode to sort by, date taken or date upload. there's no other sort feature. at least add sort by filename?    you can't edit the properties of a pic like date taken. ok this one is specifically comparing to flickr.  * i don't know why it's not photos.amazon.com, instead it's www.amazon.com/photos/album and i have to sign in separately every time even though i am already logged into my amazon account. i have this pain with my aws account as well but at least aws cookies are has a longer ttl. * this one is nitpicking, but there are certain characters which are not allowed in the title like / or &. feels like the 90's renaming files in windows. * can't group a bunch of albums together for a bigger category album.  * you can only publish pictures by sending someone a link. so it's not really a public gallery in a sense online photos use to be. and after publishing the link, the user access control is not intuitive.     i am sure this list goes on for a bit more, but that's all i can remember off the top of my head for now. now i am baring the pain of moving everything back to google photos having figured out the space issue cause for what it's worth, google photos are easier in many ways. will make a special list for that after the migration.     am i just seeing the grass is greener at this point with google photos?    &#x200B;  though i am sitting here thinking, maybe i shoulda just pay the $50 a year to flickr to keep everything up there while saving all these learning lessons.",https://www.reddit.com/r/googlephotos/comments/azgntq/experience_is_it_grass_greener_with_goog_photos/
Reddit,r/googlephotos,post,2019-10-20T15:18:27.235000+0000,13,"3 requests to heavily increase the likeability and usability of Google Photos that I wish Google would take seriously - 1. Option to hide photos that are already included in albums.  This would heavily reduce the clutter in the main photos page to allow you to see only photos you don't have organized and organize them. 2. Leave selected pictures checked after saving them to an external source i.e. computer.  After saving to the computer, I would often like to delete them from Google Photos because they become clutter.  I don't want all of my photos on there but often don't know exactly what pictures I had selected and have to try to find them a second time if I want to delete them. 3.  Search album names.  Once having a bunch of albums, it can be cumbersome looking for a specific one.  I don't have a hundred yet but have seen other users bring up the issue, specifically ones that create a ton of albums.",https://www.reddit.com/r/googlephotos/comments/dkky9c/3_requests_to_heavily_increase_the_likeability/
Reddit,r/googlephotos,post,2020-07-19T19:44:32.348000+0000,12,How to know how many images ive stored on Google photos? - Any knows how to find out?,https://www.reddit.com/r/googlephotos/comments/hu6q1e/how_to_know_how_many_images_ive_stored_on_google/
Reddit,r/googlephotos,post,2022-12-08T17:17:48.110000+0000,12,"Google photos deleted my photos from the phone gallery! HELP! - So, earlier this day google photos sent that my storage is full and gave me the option to ""modify"" my photos. I thought this meant automatically deleting look-alike photos from ""Google Photos"" (the application). But instead it started taking 4000 photos at a time and ask me ""Do you want to modify these photos?"" I clicked ""Yes"", it did that for 4 rounds. Next thing I open my phone gallery (NOT google photos gallery) and I find ALL my photos deleted from my phone gallery!   HELP ME PLEASE! around 10K photos have been deleted if not more!  I own a Samsung Galaxy note 20 ultra.",https://www.reddit.com/r/googlephotos/comments/zg550w/google_photos_deleted_my_photos_from_the_phone/
Reddit,r/googlephotos,post,2025-05-06T05:50:51.479000+0000,12,"Can Google raise my subscription price in the future? - Hi everyone, I was thinking about getting the 100GB storage for 1,99€ per month, and right now I'm okay with the price. However I was wondering what could happen in the future: if I subscribe now, and the prices go up to 3,99€, let's say 1 year from now, do they also affect my subscription that's already started? Or will I keep paying 1,99€ forever?   Like, I find Google Photo/Google Drive really good for me, but I don't know if I feel comfortable committing all of my data there, knowing they could start charging me 5, 10 or potentially infinite euros per month. Thanks for the help",https://www.reddit.com/r/googlephotos/comments/1kfx8yb/can_google_raise_my_subscription_price_in_the/
Reddit,r/googlephotos,post,2023-12-29T11:24:30.806000+0000,12,"Tips for Improving Face Grouping in Google Photos (EU issues) -  Hey everyone,  I've been navigating the challenges of face grouping in Google Photos, especially in Germany and other EU countries that limit this function.  Here are some tips from my experience:  No Forced Training: Unfortunately, there's no direct way to force train the face tags.  Toggle Face Recognition: Try disabling and re-enabling face recognition, then be patient for a few days to allow the algorithm to work.  Create a Face Collage: Making a collage of people you're interested in boosts the algorithm's focus on those faces. You can remove the collage photos once the algorithm is trained.  Edit Old Photos: To add old photos to existing clusters, enhance, apply dynamic effects, or slightly crop the images. Save a copy and delete the duplicate original to trigger a face search.  Correct Mistakes: Mark incorrect photos in groups and inform the algorithm that these photos belong to someone else. This aids in training.  Enabling Face Grouping:  The algorithm initially groups random photos but tends to stop after a few days. Uploading new photos to the cloud is the only way to force grouping. For old photos, make a fake edit and save a copy. This will encourage the algorithm to add the face to the already trained labels.  Under Training Photos:  Check the website (photos.google.com) for more ""under training"" photos, which can be labeled or shown using the hide/show feature.  Methods that didn't work for me: adding albums, changing captions, date, and location, doesn't work for me.  Algorithm Limitations: The algorithm might limit the number of faces; in my case, I've never seen more than 16 faces.  Hope these tips make managing face grouping a bit smoother. Feel free to share your tips/hacks. ☺️",https://www.reddit.com/r/googlephotos/comments/18tl0h8/tips_for_improving_face_grouping_in_google_photos/
Reddit,r/googlephotos,post,2021-11-14T05:28:44.130000+0000,12,"Tons of problems with face labels - I'm not sure I know where to start.  I don't expect there are workarounds for all these, but I just want to write down my frustrations with face labels in Google Photos.  I submitted all this using the Feedback button, but I'm pretty sure Google just Ark of the Covenant'd it.  But if there are fixes for these, that would be great.  Bugs:   1. Incorrect face labels but can't change them from the image view -- the buttons aren't there.  I can go to the page for that face label and remove them from the group, but I don't think this lets me set the correct label.  Affects around 5% of my photos. 2. Incorrect face labels; the button to change them is there, but when I make changes and press Done the info pane turns white and Google Photos ignores the changes I made -- time and effort wasted.  Affects around 20% of my photos.  Between this error, the previous one, and the fact that there's no way to assign a label when Google Photos misses a face, I think about half of my photos are missing their labels with no way for me to fix them. 3. Mobile app: Sometimes the app creates a duplicate of an existing face label.  I think this only happens when it identifies an existing face label on a video, but then it starts assigning photos to this duplicate label, too.  Photos with this duplicate label appear as unlabeled on PC.  Going to the name field and hitting OK to try to get it to merge with the original label produces an ""Error while labeling cluster"" error.  I've had a triplicate label before, too. 4. Videos in general: Google Photos can auto-assign face labels to videos, but these can't be changed other than to remove them from the group, and I can't manually assign face labels to videos. 5. The search buttons to find existing labels seem to just give up sometimes.  I can see the labels I'm looking for in the thumbnail list, but doing a search just says no such name or whatever. 6. When removing incorrectly labeled photos, there's a limit of 500.  It doesn't warn you, happily letting you select more than that, and the error message doesn't tell you this is what's wrong -- it just says something generic like ""Error removing photos"". 7. Browser app: The browser version has one convenience where you can change face labels and move to the next photo without pressing Done.  But sometimes moving to the next photo just shows the loading icon forever instead of the info pane.  Going back usually produces the same error on photos that were previously working fine.  If you scroll to other photos you can (eventually) find one that correctly shows its info pane, press Done and go back.  Otherwise reloading the browser window loses the history of last-used labels; inconvenient when trying to fix several dozen of the same incorrectly identified person.  Some things that would improve usability:  1. If you search for a name and it doesn't come up, it would save several clicks if you could create a new face label then and there instead of backing up, re-selecting and clicking the +. 2. Similarly, it would be more intuitive if you could assign a name right after you create the new label. 3. It would save a **lot** of time if you could select a bunch of photos and do some kind of global search and replace on the same incorrectly identified person/animal.  Google Photos works fine for me as photo storage, but this feature seems dire.",https://www.reddit.com/r/googlephotos/comments/qtixuh/tons_of_problems_with_face_labels/
Reddit,r/googlephotos,post,2024-02-07T11:59:34.376000+0000,12,"How to sync photos and delete them from phone but not the cloud - This is about android phones.     I'm having a problem finding a clear answer/explanation because even Google's own help articles are giving contradicting answers depending on which one you read.    Here's the task: In order to have pictures available on multiple devices (and to free space on the phone) I want to move them from the phone to the cloud whenever new ones are taken/received. To not fill the phones storage up I want to delete them from the phone - but not the online storage.    Problem 1: I've used the backup and sync feature to get all photos taken by the camera (photos folder) and picture received via WhatsApp (WhatsApp folder) uploaded to the cloud automatically.   Help articles say that once sync is activated photos deleted on the phone will be deleted in the cloud as well.    Problem 2: Backuped photos deleted from the phone will not be removed from the cloud - but backup does not upload newly taken photos of received pictures automatically.    Conflict: If I turn off Backup and Sync I can safely delete photos on the phone but they won't get automatically be uploaded anymore.     Question 1: How do I need to set up the Google photos app to sync everything but also be able to delete photos without losing them in the cloud of things sync?    Question 2: If sync has to be switched off to delete, will I then have to backup manually (and likely forget/miss some of eventually in general doing it manually)?    Question 3: If sync is turned back on to then continue automatically syncing new picture to the cloud, will then already deleted photos on the phone not also be deleted from the cloud once sync catches up?   I hope someone can help me out with a solution/setting that actually works because this really is confusing with even different official articles saying conflicting things. I just want to backup photos/images automatically while still being able to remove files from the phone to keep space available.",https://www.reddit.com/r/googlephotos/comments/1al1b26/how_to_sync_photos_and_delete_them_from_phone_but/
Reddit,r/googlephotos,post,2023-09-11T18:08:48.078000+0000,12,"Does Google photos backup erase photos on my phone? - I'm finding this app to cause way too many problems, and I'm not sure where to start with my questions.   But when it backs up my android phone's photos to my Google account, does it simultaneously erase older photos from the phone itself?  Also, when I've tried to erase photos and videos from my Google photos account, no space was freed up whatsoever (I'm still at 15gb), and I have a feeling it erased media off of my actual phone, rather than from my Google photos account... Could this be the case?   Thanks",https://www.reddit.com/r/googlephotos/comments/16g2ib1/does_google_photos_backup_erase_photos_on_my_phone/
Reddit,r/googlephotos,post,2018-10-02T13:43:00.825000+0000,12,"Idea: sharing Location/time album - Just started using Google photos, so I don't know if there is a feature like this or if it might be a good idea, so here is what I would like to see:  If there is a event (let's say a sail race). Many of the viewers would take pictures of the racers, but the racers will never get to see those pictures because they don't know them personally.  What if you would be able to share a album ""public"" to everyone who searches for that time and place, so you can find each other's photos easy without needing to know eachother  I know my explanation and English isn't great, but I'll hope you get what I mean.",https://www.reddit.com/r/googlephotos/comments/9kqpqy/idea_sharing_locationtime_album/
Reddit,r/googlephotos,post,2025-05-17T05:35:15.151000+0000,12,"Shared album not showing a friend's uploads, but they can see my uploads. Why? - I made a shared album, and sent them a link. They joined, I can see that they have. I uploaded photos and they can see them. I commented and they can see the comment. However I can't see any of their uploads or comments. They've sent me screenshots of their app and it shows their uploads and comments, but I can't see them.   I've tested them starting a new shared album and me joining, same deal, get uploads don't show for me, but my uploads shoe for them.   A Google result claimed that everyone must be on @gmail accounts for it to work, I checked, we both are @gmail accounts.   I've used shared albums before and recently and I have been receiving other people's photos. This seems unique?   Help?",https://www.reddit.com/r/googlephotos/comments/1kolllj/shared_album_not_showing_a_friends_uploads_but/
Reddit,r/googlephotos,post,2020-02-29T08:00:44.135000+0000,12,"How to change photos display size in albums? - I've been creating an album on Google Photos that involves pictures and text and I'm really putting some work there so I wanted to work more on how to display the photos themselves. You know, in Google Photos albums (on phone) each row contains 2 photos no matter how wide or narrow they are but sometimes I want the row to have a single photo or maybe 3, I haven't find a way to do that and I'm not sure if there is one, if you guys know anything about it I'd be grateful for any information.",https://www.reddit.com/r/googlephotos/comments/fb9fjd/how_to_change_photos_display_size_in_albums/
Reddit,r/googlephotos,post,2019-05-27T07:37:32.825000+0000,12,"Is half a million photos of kindergarten kids too difficult for the facial recognition? - I'm doing photo books for my kindergarten and am in the process of uploading about half a million photos to Google photos for facial recognition. The photos span 8 years during which children grow from 3 to 7 years old and then leave.   Last year I just added photos from the graduating classes and it worked fairly will, at least, it made choosing 50 photos per child much easier. This year I started uploading the whole archive and the facial recognition has gone mad. Maybe this data set is too hard for the ai?  I wish they would include some better tools for teaching it who is and who isn't a certain person.  Edit:  Grand total of about 400 kids, parents, and teachers, over the 8 years of photos.",https://www.reddit.com/r/googlephotos/comments/btj5m9/is_half_a_million_photos_of_kindergarten_kids_too/
Reddit,r/googlephotos,post,2025-08-21T23:23:02.700000+0000,12,"""You've reached your generation limit. This may affect the generation limits for other AI features"" - Received a pop up notification to use the new Remix and Photo to Video features in Google Photos like an hour ago. After maybe 4-5 creations, I got that prompt alert (in title) and then a message to try again in 24 hours or upgrade to a Google AI Plan.   Besides Google One which I use for storage, what is a Google AI Plan? Is that in addition to Google One or separate? I've Googled but can't find anything on this. I'm super confused.",https://www.reddit.com/r/googlephotos/comments/1mwql51/youve_reached_your_generation_limit_this_may/
Reddit,r/googlephotos,post,2022-11-14T14:21:15.125000+0000,12,"upload stuck problem - I have this stuck problem ""pending upload. upload will resume shortly"" for the past two days when i try to upload videos over 100mb. I have tried every available solutions that i could find online like forcing stop the app, reinstall the app, delete the cache, delete the app data but non of them worked and my connections are fine i tried uploading it to google drive and it uploaded just fine but when i try to upload to google photos it just keep repeating this problem. Does anyone know the solution?",https://www.reddit.com/r/googlephotos/comments/yv0t0x/upload_stuck_problem/
Reddit,r/googlephotos,post,2021-09-11T18:27:44.280000+0000,12,"Alternative to Google Drive-Google Photos sync since it was removed 2019? - Since Google removed Drive-Photos Sync in 2019, I can't find a good alternative where I can just backup my whole private photo library (organized in a folder structure) to the cloud, keep the folder structure as in a regular cloud (GDrive, OneDrive...) but at the same time have all of the images available in a nice web interface and app to quickly browse images, get notifications about memories, etc like in GPhotos. I don't want some photo service to be the place where I have to upload my images to, and I don't want to give up my folder structure. I get that Google Photos works well for smartphone photos, but imo it doesn't when you take most of the photos with a camera and also want to group them into separate folders for separate events (""Birthday Party"", ""Hiking Trip""...). I want to drop my images in a folder locally and automatically have it synchronized with the cloud.  Does anybody know about a solution that is able to do this? Maybe some open-source integration with OwnCloud/Nextcloud? I am really desperate to find something that works exactly like Drive and Photos did before 2019.",https://www.reddit.com/r/googlephotos/comments/pmcom2/alternative_to_google_drivegoogle_photos_sync/
Reddit,r/googlephotos,post,2024-08-19T15:17:30.425000+0000,12,"I bought google cloud to keep my photos there and save my phone memory - I subscribed to google cloud to keep my photos backed up online and delete them on my phone to free some memory. However, after deleting my backed up photos in the phone Gallery, it was also deleted in my Google Photos. :(  I lost a lot of important pictures. Some are very important memories of my deceased families. I am not into techie stuff, so what is the point of backing it up in the google photos if I can't delete them in my Gallery once backed up?",https://www.reddit.com/r/googlephotos/comments/1ew4fa7/i_bought_google_cloud_to_keep_my_photos_there_and/
Reddit,r/googlephotos,post,2022-07-14T07:38:09.830000+0000,12,"Shared album lower quality when Download - Hi everyone, I have a few albums on google photos shared with my wife, when I try to download a few 4k videos, whenever the video was added by me it all works out fine but if I try to download a 4K video originally added by my wife, I can only download a 1080p version of it. Do you guys know If there is a solution for that?   &#x200B;  We have 30k+ photos and videos where we both contributed so now I feel like I can't just download the entire content in its original version without doing it on my account for my contribution and on her account for her contribution which will be a massive mess",https://www.reddit.com/r/googlephotos/comments/vyq4ts/shared_album_lower_quality_when_download/
Reddit,r/googlephotos,post,2018-12-25T20:07:28.499000+0000,12,"Google Photos darkening/crushing (iOS) photo uploads? - Hi there  Recently moved to an iPhone XS and continued to use Google Photos to back up my photos as I've used it for past few years with little complaint - although I've now noticed that my iPhone photos look worse than they do than the device original and those backed up using iCloud / Dropbox.   [Here's an example of what's happening](https://imgur.com/a/SipnOv4) \- they seem to be a lot darker and crushed on Google Photos. I know Google likes to add a lil automatic trickery to images you upload, but I can't seem to turn it off or revert changes. Any ideas?     (Also if anyone knows how to stop iOS screenshots ending up in Google Photos, I'd love to hear it!)",https://www.reddit.com/r/googlephotos/comments/a9husx/google_photos_darkeningcrushing_ios_photo_uploads/
Reddit,r/googlephotos,post,2025-12-23T03:23:40.693000+0000,12,How to stop google photos from deleting photos on my phone - My mom took my phone and enabled Google photos backup because she wanted some of my photos. Now if I go to delete a backed up photo from google photos because I'm running out of space it deletes it from my phone as well. This was a problem in the past that I managed to fix but I can't figure out how I did that. I have already disabled the backup and it's still happening.,https://www.reddit.com/r/googlephotos/comments/1ptje8l/how_to_stop_google_photos_from_deleting_photos_on/
Reddit,r/googlephotos,post,2023-09-01T14:08:33.609000+0000,11,Why is there no indication of the albums containing the photo in the Android app?,https://www.reddit.com/r/googlephotos/comments/1678655/why_is_there_no_indication_of_the_albums/
Reddit,r/googlephotos,post,2022-06-16T02:39:12.278000+0000,11,"For my family archive, Google Drive ended up being a better option than Google Photos - I spent like an entire day comparing Drive vs Photos vs Amazon Photos - getting to know all the settings and features of each app.  I needed to make sure I chose the best app before I uploaded the 10k photos I scanned, so that I could share them with my family.  These are the reasons why I couldn't choose Photos:  1. No subfolders. I just can't put everything in one album. 2. No option to share an album with a group of people. There used to be an option called 'New group', but they removed it. So every time I create an album, I'd need to invite the 19 members one by one. 3. No searchability inside albums. 4. No sorting inside albums. 5. If I invite someone to an album, that person can invite other people. Drive sends me a message asking for permission. 6. No option to sync my offline album. The Google Drive app is perfect for syncing to Drive, but with Photos it just uploads everything to the main screen. It doesn't respect folders or create albums. 7. A tiny amount of zoom. 8. No timeline controls inside albums.  I really wanted to make Photos work for us, as the viewing experience is prettier and smoother; it even preloads photos in case you want to swipe.  If you know tips about what I shared, they're welcome!",https://www.reddit.com/r/googlephotos/comments/vdbiao/for_my_family_archive_google_drive_ended_up_being/
Reddit,r/googlephotos,post,2019-12-10T04:22:31.135000+0000,11,"The frustrating ""getting your photos..."" issue happened to me. - Suddenly yesterday, I opened the Google Photos app on my Pixel 3 XL and tried to automatically backup a couple of new photos, and unusually it's got stuck, so I tried app reset stuff, and then the Google Photos app on my Pixel 3 XL keeps showing ""Getting your photos..."" message and doesn't sync to the cloud. It can't backup new photos, and it can't read the previous backed up photos.  I tried force closing app, deleting cache & app data, uninstalling app updates, reboot and none of them fixed this problem.   Connecting to the web version of Google Photos using Chrome is fine. And the app is working fine on my another Android phone which is not Pixel.   The app version is the latest one. (4.33.0.284040878) Actually, the problem started with the version right before the latest version, and the situation is same after this app update.  Anyone has some experiences about this? I read a post about this and it says even factory reset can't fix this.",https://www.reddit.com/r/googlephotos/comments/e8lna0/the_frustrating_getting_your_photos_issue/
Reddit,r/googlephotos,post,2021-04-10T11:37:36.859000+0000,11,"How to access automatic creations I saw briefly on mobile? - This happened last week on a beach trip...  Saw a 'recent memories' notification and clicked it, boom I'm in one of those time-lapsed slideshows.  This one's different, along the way there are 'save creation' buttons on some pretty cool stuff interspersed into the slideshow.  Nah, I think, I'll get back to these over a good cup of coffee later.  Can't find them!  Mobile or desktop I'm looking all over.  I can only find the place where I can make my own creations.  Am I missing something?  Maybe it was a 'now or never' moment, probably was, but hoping a wizard here might help me out.  EDIT: answered my own question by digging through this sub a little more -> [https://photos.google.com/foryou](https://photos.google.com/foryou)",https://www.reddit.com/r/googlephotos/comments/mo3308/how_to_access_automatic_creations_i_saw_briefly/
Reddit,r/googlephotos,post,2025-11-12T16:33:32.871000+0000,11,"Google Photos Search Results - So how is everyone enjoying Google Photos being completely unable to identify the most basic photos that it could 6 months ago?  I've had a dog for 10 years. Now when I search for ""dog"" I get a tiny subset of the photos I used to. Unrelated I use blowtorches for my day job. I search for blowtorch. I get eight results none of which contains a blowtorch. Google Photo search is now so bad I'm longing for the days 20 years ago when we manually entered metadata and tags to photos so we could find them later.     What are people doing now that Google Photos is now incapable of showing us our photos based on search terms?",https://www.reddit.com/r/googlephotos/comments/1ov9y8d/google_photos_search_results/
Reddit,r/googlephotos,post,2025-05-29T05:16:43.742000+0000,11,"Don't want to lose my photos but bamboozled by this sync not doing what people say it does. - So I've learned that if I take photos 1-5 on my phone then 1-5 get backed up/synced to GP. If I then delete photos 1-5 but take a fresh set of say 1-5 photos on my phone then my phone still only contains 5 photos yet GP will now contain 10. Obviously this then uses your storage space rapidly & they say you need to keep paying for the higher tier.  I wanted to delete from GP but I was told & also researched that this would then delete from my phone because they are synced. So I tried it out with a dummy photo - yet it remained on my phone.  I again asked the question & was told it would be removed after 30 days. I check after 30 days - photo remains on my phone.  I ask again, get told 60 days, start thinking is this a wind up, 61 days pass (yep, I gave the extra 1 just in case) - photo still on phone but not in GP because I deleted it way back remember.  At this point I turned off auto sync to stop photos going from my phone to Google Photos because I was running out of storage space fast.  I'd like to tidy up my Google Photos but I don't want to THEN find out all of a sudden it begins to work as I've been told & I lose all my photos on my phone.  Help?",https://www.reddit.com/r/googlephotos/comments/1ky2oc1/dont_want_to_lose_my_photos_but_bamboozled_by/
Reddit,r/googlephotos,post,2024-02-14T23:50:12.473000+0000,11,"Feeling a bit conned - I'm doubting Google's ""Storage Saver"" credentials. It claims to not touch anything over 16MB. Scanned a photo at 600dpi . Nice enough result. 745kB in size. 7.3 Megapixels. Uploaded to Google photos, then downloaded to check. Shrunk to 534kB. Same resolution but with DPI now reported as 96dpi. I don't think the dpi matters. It's the HxV resolution that's important. However the  JPEG artefacts are bugging me. Not something you'd see normally unless zooming in (on my daughter's eye in this case). The Google photos version on the left is a little brighter because I clicked on ""Enhance"".  Can't help feeling a bit conned with all the phtoos I've invested in Google Photos.  ![img](suy9i6lc2nic1)",https://www.reddit.com/r/googlephotos/comments/1ar1maa/feeling_a_bit_conned/
Reddit,r/googlephotos,post,2024-01-18T02:52:50.907000+0000,11,"The pixel1 battery is bulging, so maybe you won't be able to enjoy unlimited capacity uploads in the future - I recently noticed that my pixel's battery was bulging and toppling the screen upward a portion of the distance, and although I'm able to use it now, I'm worried that one day the battery will explode or even pose a fire risk  I have read that it is possible to remove the battery and use the cable to power the pixel1, but I can't find anything about this, has anyone done this and can you guide me?  Also, the pixel1 is too old, maybe there is some memory problem, now I transfer 8g video to pixel1 through the cable, it is easy to transfer interrupted, pixel1 also do not support tf card, my purpose is to upload large capacity video to google photo  Has anyone encountered these problems with me and how to solve them, thanks for any help!",https://www.reddit.com/r/googlephotos/comments/199fmwm/the_pixel1_battery_is_bulging_so_maybe_you_wont/
Reddit,r/googlephotos,post,2023-10-30T11:51:54.310000+0000,11,"How to stop google photos using up my storage? - I use google drive to back up my files and photos. I prefer drive instead of photos, as I can create folders within folders. Then I can have a folder for each of my two children inside my family folder, where there is also a folder for weddings, family trips, etc.  I do however use google photos to share some selected photos with my family, where I don't want them to have access to all my photos. Then they can download the images in their original resolution and size. I tried setting up the app FamilyAlbum, but it unfortunately resizes the photos.   The problem is that in order for me to use google photos to upload the images, the sync has to be turned on. So now google photos uses 111 GB and google drive uses 87 GB. There is a lot of wasted GB as google photos now has access to all my photos. Also those that I have deleted on my phone and didn't want to save. But I can't delete the pictures in google photos as they are then deleted from the gallery on my phone. I use samsung if this is relevant.  I want to know if it is possible that only the pictures that I chose to be shared are in Google Photos, so I don't have two copies of all my pictures across the two platforms. I hope this makes sense.  Do you see any solution to this? I would love to be able to delete the photos that I'm not going to share from google photos so they don't take up all my storage",https://www.reddit.com/r/googlephotos/comments/17jrlge/how_to_stop_google_photos_using_up_my_storage/
Reddit,r/googlephotos,post,2024-06-25T07:18:19.033000+0000,11,"Google Photos as long term photo storage - Hi!  I am using Google Photos as my main curated gallery - it means that is the place I keep all the photos I really want to keep. I really like the service and I have a 200 GB plan now. Although if I think about that future amount of data is ever increasing and I need more nad more cloud storage for that. It got me thinking that I put quite a lot effort into curating Google Photos gallery, but there will be a day, when another storage plan is needed and it is too expensive. I am in the point at the moment, where I have to decide - go with to 2TB plan and keep paying for it until it is also full and then get even more expensive plan or find some other solutions. I really don't like the idea for paying for ever with increasing cost. But I also don't know what good solution would be - I like the idea of one library syncing between devices. What would you do?",https://www.reddit.com/r/googlephotos/comments/1do028f/google_photos_as_long_term_photo_storage/
Reddit,r/googlephotos,post,2020-05-11T06:03:12.746000+0000,11,"Is there a tool to help me find and delete all blurry photos? - I want suggestions on photos to delete... I wish google provided this... “Hey these photos look unintentional, would you like to delete them?”",https://www.reddit.com/r/googlephotos/comments/ghhzb2/is_there_a_tool_to_help_me_find_and_delete_all/
Reddit,r/googlephotos,post,2021-09-14T20:47:52.617000+0000,11,"What vendor is Google using for photo prints? - I noticed that you can now order individual prints from Google Photos now. After a quick search on the topic, I wasn't able to find a lot of information.   Does anyone know if Google is printing this in-house or outsourcing to a vendor? I'm assuming the latter so I'd like to know which print shop they're using.   I had to do some prints (shot on Pixel 5) for my kid's school project recently so I did the pick-up option at CVS and Walgreens. As others have mentioned, CVS photos are terrible and Walgreens are better. I really have to stop giving CVS another chance lol.   [https://www.theverge.com/2021/9/9/22664283/google-photos-prints-shipping-photographs-printing](https://www.theverge.com/2021/9/9/22664283/google-photos-prints-shipping-photographs-printing)  [https://www.androidpolice.com/2021/09/08/google-photos-has-a-bunch-of-new-ways-to-print-and-display-your-precious-memories/](https://www.androidpolice.com/2021/09/08/google-photos-has-a-bunch-of-new-ways-to-print-and-display-your-precious-memories/)",https://www.reddit.com/r/googlephotos/comments/pobar8/what_vendor_is_google_using_for_photo_prints/
Reddit,r/googlephotos,post,2022-03-10T19:59:06.320000+0000,11,"How to stop using Google Photos while keeping my photos locally? (iOS) - My Google storage is almost full, and I'm not going to pay for more, but I need some space for my email. Around 10GB is from Photos, and I'm trying to delete it since I use iCloud now.  When I go to delete photos in the Google Photos iOS app, it asks me to delete them from the device. I have Backup and Sync turned off. If I go disallow access to my photos for this app, then I can't even get past a landing page to get to the app.  How do I do this? Is Google seriously holding my photos hostage where I either have to pay for more storage or permanently lose my photos??",https://www.reddit.com/r/googlephotos/comments/tb7cdf/how_to_stop_using_google_photos_while_keeping_my/
Reddit,r/googlephotos,post,2021-12-06T21:05:26.632000+0000,11,"Playing my favourite game - repeatedly making new collages until the photos fall in the order I want. - Isn't this fun?! Google Photos - make a college! But you can't drop and  select the photos, the college is just made randomly. Want to crop the  photos? Crop them ahead of time and hope they fall right. Want to have  them in a specific order? Better pray it falls right.  What a shitty experience. I made my first collage in a long time and  thought ""why don't I make these more often?"" Besides it being a buried,  hidden feature, it absolutely blows. Does Google ever use their own  services?",https://www.reddit.com/r/googlephotos/comments/rahpxp/playing_my_favourite_game_repeatedly_making_new/
Reddit,r/googlephotos,post,2019-03-21T22:55:56.263000+0000,11,"Random people showing up in my Google Photos account. - So I got a notification via Google Assistant telling I could look back on this day within Google Photos(March 16, 2016).  I don't look at it very often when it suggest that I do.  But I was feeling a bit nostalgic, so I opened up the Google Photos app on my phone.  I saw in the Assistant feed, a card of people I did not know at all.  Looking within the year 2016, I found even more photos of the same of people I didn't know along with I assume is some of their family.  There were also some of their photos from 2015.  I did also make note of the Geo tag was made for the same city I live in as well within the details mentioning that the photos where taken with an LG smartphone.  In 2015 and 2016 I did't have an LG, it was a Samsung phone.  I've done a little research on the matter and it's apparently not a new situation. I've looked through all of my shared Albums and these photos are not located there.  Moreover, I've gone through a chat session with Google support with my phone(I've a Pixel 2 XL and they were not much help.  They wanted to make sure that I know my photos and account are secure.  But I've got 4 questions:  &#x200B;  1. How did this happen? 2. Is my content/photos randomly elsewhere? 3. If I delete someone else's photos or they delete mine, will that be reflected on their account and or on mine? 4. Should I be concerned with my privacy?  &#x200B;  Some of those are going to be hard to determine. Any suggestions or constructive comments are appreciated.",https://www.reddit.com/r/googlephotos/comments/b3xad9/random_people_showing_up_in_my_google_photos/
Reddit,r/googlephotos,post,2025-07-13T13:08:29.904000+0000,11,Has Google killed shared albums? - Last time I created a shared album there was an option for it here and I could send a link for anyone to add. I can't figure out how to share an album in a way that others can add.. Am I missing something or have they stop allowing them to be created?,https://www.reddit.com/r/googlephotos/comments/1lysez9/has_google_killed_shared_albums/
Reddit,r/googlephotos,post,2026-03-30T08:34:04.983000+0000,11,"Corrupted photos. - I've seen other threads here from people whose photos were corrupted by Google.  Today, while checking photos to save storage, I saw that I had quite a few old photos with black squares.  Thank God I have copies of those photos on external drives, but if I only depended on Google, I would have lost them.  The photos were fine when they were synced from my phone; I remember some of them perfectly. They're photos from about five years ago.  I contacted Google support, but they can't do anything despite me paying for Google One. They wash their hands of it, saying I have to have backups.  It's a shame; now I'm much more wary of Google's service.",https://www.reddit.com/r/googlephotos/comments/1s7kv8n/corrupted_photos/
Reddit,r/googlephotos,post,2022-12-31T16:07:41.195000+0000,11,"DCIM - What boggles my mind is that nobody (including me) can find a work around for this. Every other photo app under the sun can select individual albums. Including the camera folder. I take hundreds of photos a week for work, and they all get backed up to the google photos. Have to go back to a different device to delete it so it doesn't get deleted from my phone. I've even went as far as trying to move every folder out of the DCIM folder, but it doesn't work just adds more folders. & See if there was a way to program the camera to automatically place the picture I'm about to take into its own album rather than the camera album. I'd like to disable the camera folder and select the ones that I want to back up. Blows my mind that people been complaining about this since 2018 and nothing has been done to change it. & I'm too stubborn to switch 100k photos to another cloud service. Also, like the google photos interface & AI. Even without Google changing it, I'm surprise as android phone (I'm using s22U), there isn't a way to work around or a way to program through the phone to trick the app into doing this.",https://www.reddit.com/r/googlephotos/comments/zzxbom/dcim/
Reddit,r/googlephotos,post,2024-04-03T18:47:28.596000+0000,11,"Side-app I created in Python - GooglePhotos-Database - Hey all!  I've been working on a personal project born out of my frustration with managing my insane Google Photos library. Like many of you, I have thousands of photos uploaded, and I always has issues finding which photos are in albums, and comparing counts/metadata across thousands of photos.   So I created this python app that syncs your Google Photos library with a local SQLite database, splitting the data into two main tables: **Albums** and **Photos**. This setup not only makes it incredibly easy to query your photos and albums for any insights but also allows you to identify which photos haven't been organized into albums yet.  [https://github.com/ZSamuels28/GooglePhotos-Database/tree/main](https://github.com/ZSamuels28/GooglePhotos-Database/tree/main)",https://www.reddit.com/r/googlephotos/comments/1bv0nhz/sideapp_i_created_in_python_googlephotosdatabase/
Reddit,r/googlephotos,post,2022-02-22T20:13:14.561000+0000,11,"Find and delete video element of iOS Live Photos? - Hello, my wife recently switched over from iOS, and prior to doing so, we backed up her photos to Google Photos. When we did that, we realised that a huge portion of her photos were ""Live Photos"", that when downloaded from Google Photos, contain a still .jpg and a video file.  Is there any easy way to find and delete the video portion of all these filed in Google Photos? Hopefully something that doesn't involve downloading the entire library, sifting out and deleting the correct files, and re-uploading?",https://www.reddit.com/r/googlephotos/comments/syx3pg/find_and_delete_video_element_of_ios_live_photos/
Reddit,r/googlephotos,post,2024-09-20T00:33:52.454000+0000,11,"Google Takeout to iCloud Photos Transfer Blocked - Hello, I am trying to transfer my Google Photos to iCloud using Google Takeout, but upon trying to connect my Google account to the app in the process, I am getting this error. This has persisted for 2 weeks and I am thinking maybe my account is blocked, because it worked before, but I cancelled it, and now when I tried again, it is not letting me connect.  Is there anything I can do? Thank you in advance.",https://www.reddit.com/r/googlephotos/comments/1fkzjq3/google_takeout_to_icloud_photos_transfer_blocked/
Reddit,r/googlephotos,post,2018-05-15T00:53:01.572000+0000,11,"Google Backup & Sync on Desktop - How to stop it from adding all my photos/videos to Drive (but still to photos)? help please! - With the forced change to use Backup & Sync, I can't for the life of my figure out how to have it only sync a set of folders to Photos. It keeps filling up my Drive with the same content and then telling me I am running out of space.  Hopefully I am just being a numpty and can't figure out the simple solution. It just worked with the Google Photos uploader.  Help please! :)",https://www.reddit.com/r/googlephotos/comments/8jhgjl/google_backup_sync_on_desktop_how_to_stop_it_from/
Reddit,r/googlephotos,post,2021-08-15T20:27:47.814000+0000,11,Downloaded videos play with audio but no video - TLDR: videos play perfectly on phone using photos app and on windows from [photos.google](https://photos.google) but not downloaded onto windows laptop  So like most others I've been cleaning up my google drive and I found a couple of large videos (like GB large) and so I figured I'd just transfer them from one account to another. So I downloaded the video to my Windows laptop and tried to play the video and I get the first frame of the video and then it freezes while the audio still plays. This is happening on another large video as well.   The videos play fine on my phone off of google photos app and if I browse to [photos.google](https://photos.google) on my laptop (using chrome if thats relevant)  The problem is the downloaded mp4 files on my laptop. I am using VLC player. WMP is even worse. I have read though can't confirm that there is a codec issue on the photos side and it can be fixed with VLC but I can't seem to figure out how that was done.  Has anyone else run into this problem and know of a solution? Thank you,https://www.reddit.com/r/googlephotos/comments/p512xc/downloaded_videos_play_with_audio_but_no_video/
Reddit,r/googlephotos,post,2023-10-02T22:37:55.361000+0000,11,"How to delete duplicates between Google Photos and Google Drive? - I am a photographer and a large part of my photography is shot on mobile, where I use Google Photos to backup all my shots.   Then my workflow includes downloading all my shots on a laptop, analysing and storing the favorites in folders on Google Drive.   However, this seems to have bloated the size on my online storage capacity which is 2TB with the Google One subscription I have. There probably is duplication in the storage with the favorite pictures I upload on Google Drive and their original already in Google photos... Is this the problem? I'm almost out of space and need to fix this ASAP.   How do you mass delete photos on Google Photos that are already on Google Drive? I'm surprised I cannot find many threads online about this issue, does no one work in my way?",https://www.reddit.com/r/googlephotos/comments/16yavgi/how_to_delete_duplicates_between_google_photos/
Reddit,r/googlephotos,post,2018-12-12T18:14:02.194000+0000,11,"Sync with photos organized by folder - I started syncing my photos to Google Photos through backup & sync, but it seems that all the synced photos are only organized by dates and appear in Photos as a huge mass, with no proper organizing. So the problem is: If I have for example five photo folders in my phone, named Holiday, Camera, Downloads, Memes and Random, what do have to do to make Google Photos sync them in those folders? That it would automatically create an album/folder to Photos like I have on my phone and then organize my synced photos in those particular albums/folders just like I have them on my phone? And if I were to create a new folder on phone named X and sync it, I could open Photos on my computer and see an album named X? I tried to find the answer by googling but came up with nothing that would've given a clear answer.",https://www.reddit.com/r/googlephotos/comments/a5konl/sync_with_photos_organized_by_folder/
Reddit,r/googlephotos,post,2026-04-29T13:48:29.491000+0000,11,"Links to Google Lens results no longer working - Google Photos v7.73.0 / Apple iPhone 12 with iOS 26.1  From last few days whenever I use Google Lens from within the Photos app to reverse search an image or to find a product or item info, the search displays the results - BUT none of the links of the results open up on tapping them.   Previously, tapping on the results would open up Chrome with the appropriate web page, if it’s a YouTube video it used to open the YT app on tapping the result.   But now none of the results’ hyperlinks work. It shows the results, I can scroll through them but can’t open any of them!   I have reinstalled the app twice but still the issue persists. I’ve cleared Chrome cookies & cache but to no avail.   Any one else facing this issue and / or can provide insights into how can I get them links to work as usual again?",https://www.reddit.com/r/googlephotos/comments/1syzcpv/links_to_google_lens_results_no_longer_working/
Reddit,r/googlephotos,post,2024-08-07T02:59:45.113000+0000,11,"Looking to divorce myself from Google Photos - I've been using GP since it was originally started.  I've been slowly getting more and more disillusioned with Google.  I""ve decided to migrate to Amazon Photos since its included with original resolution with my Prime subscription.  Does anyone know if I do a photo dump from my account, will all the photos maintain their original meta/location data?  This is my first step.  Google Drive is next, then gmail and some stragglers.",https://www.reddit.com/r/googlephotos/comments/1em13rf/looking_to_divorce_myself_from_google_photos/
Reddit,r/googlephotos,post,2017-06-10T17:07:30.114000+0000,11,"My 3 Issues With Google Photos - I really love Google photos and I am currently considering using it as my only photo storage. I am not sure if I should go for the compression option or the one that takes up space. I have enough storage on google drive to save the original, but is there any need to? Does the compression make any significant difference in quality? Now to my issues:  1) I am missing automation. I don't think IFTTT works with Google Photos, but I think that some features would be great. For example adding pictures with some peoples face into a dedicated album.  2) Photos taken with shatter are a pain in the ass. I can only add one to an album at a time.  3) I can't group albums. I have a ton of those and I would love to to put all my albums that contain photos from my holidays in a group called Holidays so I have a better overlook. I hope some of you know solutions to these problems.",https://www.reddit.com/r/googlephotos/comments/6ggbmr/my_3_issues_with_google_photos/
Reddit,r/googlephotos,post,2019-10-15T05:26:32.705000+0000,11,"I've made a huge mistake and I need help. - &#x200B;  So my brother passed away this year and his ""birthday"" is coming up. We're gonna have an event and I'm going to make a video with all our old photos and video clips.  So I decided to use Google Photos to help me locate all his photos through the face tracking and all that.  I downloaded the Phone App and let it do its thing.  I downloaded the Desktop App and let it do its thing.  Couple of speed bumps here and there, but otherwise seamless and perfect experience.  On the desktop app I had pointed it to my Ginormous 8TB storage full of my entire live's photos and videos.  It's now been about a week of non-stop syncing. 2 days ago I started worrying and I should have done something 2 days ago. Today I logged in fearful of what I dreaded the most. I had forgotten about huge random porn collections I downloaded when I was much younger.  So now my library is filled with ridiculous amounts of amateur and regular porn.   I currently only see 1 solution since I am new to the platform. Delete my entire library and start over after I make sure to not select these porn folders.   Is there a better way to fix this?  I'm guessing no. And that I'm gonna have to delete everything and start over. This time not being an idiot.  Would appreciate any help.",https://www.reddit.com/r/googlephotos/comments/di3794/ive_made_a_huge_mistake_and_i_need_help/
Reddit,r/googlephotos,post,2024-05-02T04:30:45.323000+0000,10,need help. I want to download all of photos on google photos -- HELP - There has to be an easier way to get all of my photos from google drive - ie google photos -- I want to copy them on to an external drive... HOW do I do this ...   I know there is take out -- but it seems TAKE OUT strips the metadata from all of the photos and there is no way in hell I am going to be able to sort through 20yrs of photos and 6tb+ of pictures and videos...   Is there a way I can port all images and retain the meta data?  Can I export to a NAS OS or something?   Why does it have to be so god damn difficult when this should be easy as drag and drop from one server to another...   PLEASE HELP,https://www.reddit.com/r/googlephotos/comments/1ci6sjb/need_help_i_want_to_download_all_of_photos_on/
Reddit,r/googlephotos,post,2020-08-09T22:08:37.994000+0000,10,"What is the best backup system/workflow? -  Here is my backups system, i feel like this is either incomplete, inefficient or redundant but I cant figure out where.   iPhone - Step 1 - Back Up 1: Auto sync to Google Photos. I use this as my cloud based camera roll  - Step 2 - Back Up 2: 1x per month, transfer photos to external hard drive (photos folder). - Step 3 - Delete all photos on iPhone as they are now in 1) Google Photos 2) External drive.  - iPhone auto backs up to iCloud but does not include photos because the photos suck up a ton of space and they are already backed to the other two locations   Macbook - 1x per month I do a time machine backups to external hard drive.  - I dont think this includes photos because i dont hold any photos on my computer.",https://www.reddit.com/r/googlephotos/comments/i6sa11/what_is_the_best_backup_systemworkflow/
Reddit,r/googlephotos,post,2024-02-06T15:57:29.028000+0000,10,"""Blocked by your organization"" - I'm using my personal pc at home, with my personal google chrome browser, on my personal google photos web, right click a pic and try to save, it is giving me his weird message. ""Your organization blocked this file because it didn't meet a security policy."" There's no organization.  How do I get past this nonsense ? I tried web search, cant find an answer  thanks",https://www.reddit.com/r/googlephotos/comments/1akd2cw/blocked_by_your_organization/
Reddit,r/googlephotos,post,2018-06-06T17:27:10.176000+0000,10,"The complicated way to sort pictures based on the filename in Google Photos. - Note 1: This method will erase all the metadata from your images, mind that. If you're not sure what the metadata is, Google it or something.   Note 2: This method uses a third party program.   Note 3: This method is for PC / Mac, not from your phone.   First of all, thank you to Google for ignoring users's feedback regarding having this very basic sorting option.  Now,since Google Photo orders images based on ""some date"" (Isn't clear which one as there dozen different possible dates an image can have), the first thing to do is to erase all possible dates from a file, and all the other metadata because I don't know how to only remove the dates \o\. For this I use a program called Exiftool. You can download ExifTool at   https://www.sno.phy.queensu.ca/~phil/exiftool/   ExifTool is a command line application with no user / graphical interface, but who needs that anyway? \o\  ExifTool makes uses of BAT files,files that are used for batch operations by some programs. This method will use 3 of those files.   Let's go step by step.   (This is for Windows,Exiftool also works on Mac but I won't include instructions for Mac here as I... have no idea about Mac computers :O)    - First of all, get ExifTool(see the above link).     - Place exiftool.exe in ""C:\"" folder(alternatively you can place it in c:\windows\system32\, but then you'll have to make small edits to my BAT files / scripts, so do whatever you like).     - Create a BAT file. There are several ways to create a BAT file,simplest way is to make a new blank txt document and change it's extension to "".bat"".     - Make 3 of those BAT files.    Each BAT file contain instructions for ExifTool to operate on your jpg/png/gif/whatever images. The first one is the one that will wipe all your image's metadata, use with caution. The images affected will be the one placed in the same folder of the BAT file,no any other file will be touched. So make sure you placed your BAT file in the right folder.    - First BAT file:   C:\exiftool.exe -overwrite_original -d %%Y%%m%%d%%H%%M%%S%%%%-c.%%%%e -all= .   (Remember to copy the dot ( . ) at the end too,it's part of the script!)  Double clicking on this file now will erase all image's metadata contained in the same folder your script / BAT file is.    - The second script / BAT file is the handy one as it will modify your file create date in order so each file will be 1 second older from the previous one,it will use the file names to determine which one will be the oldest and which one will be the most recent.    C:\exiftool.exe -overwrite_original ""-file:fileCreateDate+<0:0:$filesequence"" .    Note that if you're on Mac all the double"" "" "" should be replaced with single "" ' ""   For example if you have 5 JPG files now the dates will look like this:  6th june 2018 19:23:07  6th june 2018 19:23:08  6th june 2018 19:23:09  6th june 2018 19:23:10  6th june 2018 19:23:11     - Now for the last script / BAT file, it will just copy the file create date to other various dates inside the file because...Google Photo is kinda crazy on ordering images so may as well be sure.    C:\exiftool.exe -overwrite_original ""-CreateDate<file:fileCreateDate"" ""-ModifyDate<file:fileCreateDate"" ""-file:fileModifyDate<file:fileCreateDate"" ""-DateTimeOriginal<file:fileCreateDate"" ""-MetadataDate<file:fileCreateDate"" -P .    And that's all.  ** Extra Stuff **   Here are some commands you may find useful in a exiftool script. All you have to do is place one of these anywhere in the script after ""exiftool.exe"" to have effect.  -k  This will not automatically close the window after the script has been run, so if there's any errors encountered or whatever, you have the time to read it.  -r  This will process all subfolders and the folder you specified.    Example with one of the above scripts(adding the -k command).  C:\exiftool.exe -overwrite_original ""-file:fileCreateDate+<0:0:$filesequence"" -k .  ^pretty self explanatory.",https://www.reddit.com/r/googlephotos/comments/8p2k1u/the_complicated_way_to_sort_pictures_based_on_the/
Reddit,r/googlephotos,post,2020-05-13T20:20:52.195000+0000,10,"Does changing quality from original to high affects files on the phone? - Hi, so I have Galaxy S9 with plenty of storage but I also want to have backup of my photos on Google. If I change to ""High Quality"" will photos on my phone still have original size and Google will upload only the High Quality ""copies""? Or will original quality be completely gone once it is on Google Photos?   Sorry if its stupid question, but I couldn't find answer anywhere",https://www.reddit.com/r/googlephotos/comments/gj6w34/does_changing_quality_from_original_to_high/
Reddit,r/googlephotos,post,2025-05-11T06:50:36.339000+0000,10,"Unsolicited nude photo found on school Google account - This is regarding my little sisters Google account. She was trying to attach a file in an email but pressed insert photo on accident, where she saw two photos: one of an unknown woman taking a selfie, and the other of presumably the same woman’s fully naked body. These photos date back to 2021 which was when she was in 7th grade. She had a school assigned Google account at the time, but they didn’t start really using their accounts other than for Gmail group chats with other students on library computers until starting high school when they were assigned personal laptops. She tried going back to find these group chats to see if perhaps the pictures were sent there, but the chats are no longer there.   These photos are only on her school assigned Google account. She has 4 accounts logged in total, being her personal account, her college account, and her friend’s account. She logged in and out of each account to see where exactly they were coming from and they are only on her school account’s Google photos specifically. She’s very confused and concerned and plans on taking her laptop up to the school front office to see if they could at least recognize the woman in the photos, if not figure out where exactly they came from.  The question I’m trying to ask here is regarding all possibilities of where these could’ve come from. If her Google account was hacked into, why only take a selfie and a nude and do nothing else since 2021? Could these photos have come from one of those group chats and downloaded onto her Google photos? We’re both very confused and this is freaking her out, so I would just like to know any and all possibilities and info before taking this up to the school. Thank you for reading and any help, please let me know if I should ask another sub or tag differently",https://www.reddit.com/r/googlephotos/comments/1kjut6h/unsolicited_nude_photo_found_on_school_google/
Reddit,r/googlephotos,post,2021-07-29T17:11:44.250000+0000,10,"Several questions about google photos converting from original to high quality - Hello People, I have a few questions regarding Google Photos.  (The option ""save storage space"" is named here by ""high quality"" because i forgot google changed the name)  I'm using a Pixel 4a 5G, meaning Google offers me free endless Storage on high Quality.  I too am a Google One member, meaning I do have 100GB of storage of which about 14GB are currently utilized because I uploaded all my current photos and videos (about +5k) in Original Quality because i wasn't trusting the compression of Google.  First Question: If I were to change the setting and let google convert all photos to High Quality, would  1) all Space Required for these Photos drop to 0 2) all my photos just take up less space? 3) would all photos taken on my Pixel phone take up no space and everything else uploaded in a different way or from a different device take up less space.  Second Question: Under the +5k Photos and Videos there are some 4k 60FPS Videos, would these get converted to 1080p 60FPS or to 1080p 30FPS as I could not find any reliable Information even by Google themselves.  Third Question: How good do the ""Downscaled / Decreased"" Versions of big Images (over 16MP) and Videos (over 1080p) look. Meaning does it look like plain 1080p or is it sharper and in general better looking than having it take in 1080p directly.  Thanks in advance for any help I might get. -- TheHunter12307  Sorry for potentially bad grammar and sentences, I'm German xD",https://www.reddit.com/r/googlephotos/comments/ou1p3d/several_questions_about_google_photos_converting/
Reddit,r/googlephotos,post,2021-03-19T17:24:55.695000+0000,10,"Can I use Google photos on a non Google devices - I have a pixel at the moment and I really like Google Photos.  If I get a Samsung, can I switch the default gallery to Google photos and be able to save photos automatically to that gallery including location so I can see that awesome heat map of where I've taken photos?  Thanks.",https://www.reddit.com/r/googlephotos/comments/m8mai2/can_i_use_google_photos_on_a_non_google_devices/
Reddit,r/googlephotos,post,2025-04-29T18:25:32.480000+0000,10,Please help!! Deleted photos - Hello! I’m here out of desperation!! I can’t reach anyone at google that isn’t an automated service. I deleted photos from my google app and didn’t realize doing that deleted them permanently from my iCloud account! I’m talking over 8 thousand videos and photos! From the last four years. I deleted them back in February of this year. So I missed the 60 days of permanent deleted. Is there ANYTHING I can do to get all or most or something back??? Is it true that wants it’s on the web it can’t be lost?? Do I need to find an underground hacker or something?? I’m so distraught. 😫,https://www.reddit.com/r/googlephotos/comments/1kav45t/please_help_deleted_photos/
Reddit,r/googlephotos,post,2020-05-15T23:23:54.880000+0000,10,"Considering Photos for 15,000 photos (10K scanned) and 500 folders - I have over 15K photos, all organized (well MOSTLY) on my Win10 laptop + Syno NAS.  I have about 15 K photos and slides to be scanned.  All photos are jpeg (the scanned photos also have TIFF copies, but I don't need to upload them.)  35 of the photos are larger than 20 MB. , mostly portraits or scanned documents (Xmas cards etc).  I keep the photos in folders.  When scanned I name the photo with yyyy-mm-dd Who What  e.g 2001-06-10 Tom Jennie Bill Paula Trip to NYC Statue of liberty  No tags or meta on scanned photos.  A """"large"" crop of the photos, taken with Nikon digital camera have wrong date, and no location.  Phone photos are better :-)  My end goal would be to share the photos with my LARGE family. And allow them to search for example: Search =   Tom Christmas  would currently list 56 photos ....with Tom + Christmas in the file name.  From what I read, the pros of Google Photo would be the unlimited upload. And the AI to figure out ""who is who"".  Good searching (based on the file name?)  The cons  No Folders  Without meta data it will use the scanned date as the creation date  Some compression  Am I barking up the wrong tree with Google Photos.  Happy to consider other apps.  Thanks  Stay Safe!",https://www.reddit.com/r/googlephotos/comments/gkjxk1/considering_photos_for_15000_photos_10k_scanned/
Reddit,r/googlephotos,post,2025-06-13T15:49:30.314000+0000,10,"Find and delete ""duplicates"" - I'm aware it's major issue and I found quite some posts here but no solution. But might be I simply missed it and there is a way.  I'm aware google does not hold true duplicate, i.e. files with an identical checksum. But it holds files with marginal modifications (e.g. change in EXIF data)  I'm using Google Photos for 10+ years by now. Photos for me is the only tool to show photos, share with family etc. It is no my true long term archive.  I always download all photos from the camera or the mobile onto a windows PC. Use local software to add meta data and modify the file name and hold the long term archive. Then I upload the photos to google Photos.   Over the years I accumulated hundreds (or thousands?) of ""duplicates"". Surely a reason was that I uploaded files multiple times. Another reason is there are the photos taken with the mobile and synced into photos straight from the mobile + the version with modified meta data uploaded from the PC.  Now the big question is:   Is there any way to identify and delete those ""duplicates""",https://www.reddit.com/r/googlephotos/comments/1lajd1l/find_and_delete_duplicates/
Reddit,r/googlephotos,post,2018-09-02T13:53:52.016000+0000,10,"Slow Download Speed - My girlfriend and I recently went on vacation and came back with a boatload of photos that we'd taken on our phones. We deleted the local copies while away once we verified that they'd been backed up to Google Photos. Now that we're back I'm attempting to redownload them to my computer and am finding the download speed to be absolutely abysmal. Where I should be getting 70 Mbps, I'm getting 70 Kbps.  This in and of itself is incredibly frustrating, but on top of that, the download occasionally stalls, requiring me to restart it.  Is there a fix or workaround for this? Any insight?  Really, any help at all would be appreciated.",https://www.reddit.com/r/googlephotos/comments/9cc6t2/slow_download_speed/
Reddit,r/googlephotos,post,2020-01-01T02:33:40.094000+0000,10,"Deleted photos keep coming back - This started happening quite recently, possibly after my Samsung S10 got the latest Android 10 update.  Here's what's happening - I delete a bunch of photos which I took on my phone (camera saves them to microSD card). Then a few seconds later they come back in Google Photos automatically. But they're also still in my bin. The only way I can get them to stay deleted is to quickly go and empty my bin before they come back.  I also noticed, possibly related, that deleting photos from my Google Photos isn't deleting them from my microSD card as it used to before. I can't find the settings to toggle in the Settings (please help if you know how i can force this again).  I've already tried wiping my google photos cache and data and it didn't fix the problem.  Please help, this is very annoying.",https://www.reddit.com/r/googlephotos/comments/eicrwj/deleted_photos_keep_coming_back/
Reddit,r/googlephotos,post,2018-09-12T08:16:27.882000+0000,10,"Is there anyway to search for all the photos without location? - Hi, I recently moved to Google Photos so I'm new to this. Is there anyway to see all the photos that have no location data? This way I'd manually add it.  &#x200B;  Thanks!",https://www.reddit.com/r/googlephotos/comments/9f5uue/is_there_anyway_to_search_for_all_the_photos/
Reddit,r/googlephotos,post,2019-07-30T09:42:03.189000+0000,10,"What to do now in a post-drive world? - I used to use Dropbox back in 2010 or whatever to save all my photos to the cloud as they were taken, and it worked really well.   When Google Drive had this functionality, because pricing was better I think I moved here, and then eventually when Google Photos was released I just went all in.  But now I feel like Google has broken the trust I have for them by trying to make it more difficult to access my files, and I can't be the only one who finds it infuriating I can now no longer keep my Photos in sync with my multiple PC's.  If I want to quickly get a picture on my computer, the easiest thing to do is just snap it on my phone and watch the file come in.  If I want to organise my photos in another way, or group a bunch into a folder and send it to others I can do so very easily.  Renaming files just because I want to is easy, even just browsing for photos is quicker for me when on my own file-system.  I now don't want to continue to use Google Photos if they are going to make it difficult to have the underlying file, but I'm torn between where to go next, because annoyingly Google Photos is now my preferred Photos app for viewing on my iPhone / iPad / Android devices (because Apple Photos is iOS only).   Dropbox doesn't really make for a good gallery viewer, so I'm wondering if anyone else has other ideas or maybe know of a way to keep my Photos in sync with my PC.   Thanks",https://www.reddit.com/r/googlephotos/comments/cjpf9p/what_to_do_now_in_a_postdrive_world/
Reddit,r/googlephotos,post,2026-09-22T00:03:15.943000+0000,1,"Whenever I take a photo and try to edit it right away, I get an error message when I try to upload it anywhere. - I've been dealing with this for a few months.   The only work around I have is to edit the photo, screenshot it, then I can post it.  Phone is a Pixel 9",https://www.reddit.com/r/googlephotos/comments/1wmtv2e/whenever_i_take_a_photo_and_try_to_edit_it_right/
Reddit,r/googlephotos,post,2026-09-20T21:59:47.649000+0000,0,Missing Photos - My photos aren't showing up on the phone . When I go to Google photos I find them And it says they're on the phone without showing the file place... On the opposite of newly backed up files where it shows where the file folder is.. Can anyone help with this please?,https://www.reddit.com/r/googlephotos/comments/1wlu9kz/missing_photos/
Reddit,r/googlephotos,post,2026-09-20T06:46:22.965000+0000,0,Can i choose which photos from my apple Photos app to be uploaded to Google Photos? - Because i remember suddenly finding allllll my pics in Google Photos and couldnt find a way to stop it.,https://www.reddit.com/r/googlephotos/comments/1wl9n3u/can_i_choose_which_photos_from_my_apple_photos/
Reddit,r/googlephotos,post,2026-09-18T22:50:10.966000+0000,0,"How to restore photos to phone - My Google photo says my cloud storage is full, so i decided to remove some of the latest photos. But the photos also disappeared from my phone photo app. I ""can"" restore the photos in Google photo, but the problem is that because of my Google photo cloud is full i CAN'T restore the photos from the trash. In my phones photo app i cannot restore the photos from the trash bin because i CAN'T even see the deleted photos..  If i delete a photo from my phones app i can see the photo in the trash bin in Google photo but not the other way around 🙄 Does someone know how i can restore the photos back to my phone?",https://www.reddit.com/r/googlephotos/comments/1wk50nf/how_to_restore_photos_to_phone/
Reddit,r/googlephotos,post,2026-09-18T20:50:22.939000+0000,8,Songs with explicit lyrics playing on Google photos. - I couldn't find this topic anywhere else on Reddit. But has anybody else noticed when you're watching your memories photos on Google photos? They now have music playing with explicit lyrics. The last thing I want while viewing images of my baby that has passed is a song with explicit lyrics. I can't even begin to tell you how unacceptable I find this.,https://www.reddit.com/r/googlephotos/comments/1wk21k1/songs_with_explicit_lyrics_playing_on_google/
Reddit,r/googlephotos,post,2026-09-16T02:46:10.215000+0000,0,"Apps not pulling up pictures from Google Photos - I'm going from Pixel 8 to Pixel 11. I did a wired transfer of data following all the steps. Everything transferred over just fine. All the photos I backed up to Google Photos, show up on the new phone.  But when I'm using a social media app (fb, insta, discord, reddit, etc.), I can't access anything from my Google Photos. I made sure all permissions are allowed on the social media apps and photo picker turned on in Google Photos.  I tried Google Takeout to have all photos downloaded to my phone. Now I can access more photos when I'm using Facebook, but the photos are all out of place and not in chronological order. I'm having a hard time finding the last photo I took when I used my Pixel 8.  I had a lot of heating issues with my Pixel 8, hence buying the Pixel 11. But it's been frustrated trying to set up my new phone. Today is my last day to return my Pixel 11, and I'm seriously considering it because I'm at my wit's end trying to figure out the whole data transfer thing. I'm very low tech, so any help would be greatly appreciated!        I used a Samsung Galaxy prior to my Pixel 8, and all the data transfer worked smoothly.",https://www.reddit.com/r/googlephotos/comments/1whkwni/apps_not_pulling_up_pictures_from_google_photos/
Reddit,r/googlephotos,post,2026-09-14T16:22:29.679000+0000,5,"Alternatives to Web Uploader? - I recently got force-switched from the Google Drive photo syncer to the Web App photo syncer for my Windows PC.  I'm finding that this product went from usable to useless.  So I'm wondering if there are alternatives available.  The issues I'm seeing:  * My photo library is 720GB.  It is a mixture of photos and videos taken with my Sony A7iii.  Every time I open a Google Photos tab in Chrome the tab seems to restart a backup from scratch, which means it takes forever.  I assume it is scanning my library to discover what has changed. * Backups seem to take over 24 hours, even with a modest number of new photos added.  They used to take less than 5 minutes when I copy new photos from my camera to my PC. * There doesn't seem to be any way of excluding large video files from upload.  Are there third-party photo uploaders which work as well as the old Google Drive functionality?  Is there reason to believe that Google will update this web app to be useful for folks with large image libraries?  It seems like Google took a product which worked pretty well, decommissioned it, and replaced it with something that no longer works for my use case.",https://www.reddit.com/r/googlephotos/comments/1wg833n/alternatives_to_web_uploader/
Reddit,r/googlephotos,post,2026-09-13T05:57:02.644000+0000,0,Web site folder sync doesn't work at all - Pointed the site at the folder I had Google drive uploader pointing at and this thing refuses to upload files now.   It also has no option to exclude raws so instead of a no nonsense uploader I have to find out that pictures I took on my camera weeks ago aren't in Google photos.   As the worst consolation prize drive uploader now has Gemini for some reason?,https://www.reddit.com/r/googlephotos/comments/1wezeh4/web_site_folder_sync_doesnt_work_at_all/
Reddit,r/googlephotos,post,2026-09-12T17:08:06.260000+0000,0,"Please help me. I deleted photos after the storage jumped from 15 to 15.3, it went back to 15…And then the storage jumped to 16 in front of my eyes. - I took two photos, it shouldn’t have brought me over the limit, and definitely not 15.3…Oh well, I deleted some videos, it said it cleared up my storage. I thought it was done. I didn’t touch anything, and then it jumped from 15 to 16, I didn’t press any buttons, switch to Wi-Fi, or anything. I’ve given it days and it remains at 16. No idea what promoted this. I’ve checked Google one already. Could backup have started without ever being activated before, outside of Google photos? I checked that as well, but it’s not matching the amount of storage added. I have had zero emails besides Google telling me my storage is low, no Google drive things have had anything added. I do have WhatsApp, but I find it odd it suddenly start counting this second, without any input from me. I didn’t see anything on WhatsApp that connects it to my email. I hope someone has some advice, I’m very worried.",https://www.reddit.com/r/googlephotos/comments/1wei2jv/please_help_me_i_deleted_photos_after_the_storage/
Reddit,r/googlephotos,post,2026-09-10T19:28:15.955000+0000,3,Transfer of Google photos to another google account - Hii   I need help to find a way to transfer photos with their date and time to another google account.   I have 5 accounts to merge the photos from. Apparently partner sharing allows only 2 accounts to exchange their photos and all. Is there any way to merge all the photos into one place?,https://www.reddit.com/r/googlephotos/comments/1wct712/transfer_of_google_photos_to_another_google/
Reddit,r/googlephotos,post,2026-09-09T07:20:25.001000+0000,0,"Storage full and unable to undo backup - Hi, did anybody else get this message? And if so, how did you solve it? For context my storage is full and i’m trying to erase images from google photos but it keeps deleting from my phone as well, but when i try to undo the backup it keeps giving me this message, i’m trying to find a solution.",https://www.reddit.com/r/googlephotos/comments/1wbejjy/storage_full_and_unable_to_undo_backup/
Reddit,r/googlephotos,post,2026-09-07T19:00:16.243000+0000,0,Google photos locked folder acting up - I move the photos in n out of the locked folder sometimes. But now when I am trying to move them in they aren't going in. It is saying - Trouble Moving in the Locked Folder. Now these are important photos and I can't just keep them outside. What should I do ?  Update : I logged in to google photos on the web and uploaded my photos onto there it backed them up and then moved them into the locked folder on there. (It asks for passcode to even enter the locked folder)Then I checked my locked folder and... they were uploaded!!!!,https://www.reddit.com/r/googlephotos/comments/1wa139v/google_photos_locked_folder_acting_up/
Reddit,r/googlephotos,post,2026-09-02T09:49:22.102000+0000,0,"Quickly searching for specific pictures - Hello, I have a Samsung s25 ultra with Google photos of course. I have tried a few times this morning to search for a specific photos of my dad and one of my daughters and moving photos and it found to find the correct picture. I even tried to use it via gemini. Has anyone had much luck in success with this?",https://www.reddit.com/r/googlephotos/comments/1w55t8o/quickly_searching_for_specific_pictures/
Reddit,r/googlephotos,post,2026-09-01T21:22:04.334000+0000,1,"Google Photos crashes when I choose out-of-sync - My Google Photos is full (I realize that's also Google Drive and Gmail) so I went through and cleaned up all sorts of photos I don't need (throwaway stuff that's always too much work to review). Got it from 15GB to 11GB on Windows.   Android app prompted to review out-of-sync changes. Obviously I wanted to do that, but when I tried on it Google Photos went away. It's happened over and over and my so is up to date. Is there something common causing this?   Also it went from 11GB back up to 15.9GB and I can't figure out why. Too a few photos but that's all. I'm in the process of ""moving"" some of the not-deleted photos to a different Google account, which I think can only be done by downloading then uploading?   Thanks",https://www.reddit.com/r/googlephotos/comments/1w4q6zn/google_photos_crashes_when_i_choose_outofsync/
Reddit,r/googlephotos,post,2026-08-31T21:59:22.230000+0000,1,"Support/ideas requested... Cloud photos won't show up in app account - Hi, I'm encountering a strange vexing issue:  * Yesterday, I took some photos on a digital camera, and uploaded them to my Google Photos account on the cloud. When I visit the Google Photos website, they appear in my photo stream. * On my Android device (Galaxy S26), yesterday's photos do NOT appear in the photo stream, for the same account. Photos from earlier in the month show up, photos taken on the phone today show up, but not yesterday's photos  I have tried:  * Disable/re-enable Google Photos app (can't truly uninstall because Google Photos is included bloatware on this non-rooted device) * Disable/enable backup in Google Photos app * In the app, ensure backup while roaming is enabled, backup on mobile data unlimited usage is enabled, ensure Google Photos is not subject to Samsung/Android system level Data Saver or sleep or battery optimization * Clear Photos app data and cache * Delete a photo from trash, move a photo to the locked folder, share a link to the missing photos from the web to the phone, take a new phone photo and perform a backup, all trying to trigger the phone to re-sync with the cloud     None of these things helped fix the missing day photos on my phone which appear on my Google Photos web stream for the same account. I have not yet tried logging out of that Google account on my phone, because it's my main account, and it'll be a pain to log back in to all the apps that use it.     Has anyone encountered this or has any ideas that might help? I can't find many similar reports or resolutions when I Google this, and Gemini AI just gives all that generic advice of the steps I tried already. Thanks in advance.",https://www.reddit.com/r/googlephotos/comments/1w3shj2/supportideas_requested_cloud_photos_wont_show_up/
Reddit,r/googlephotos,post,2026-08-30T02:08:30.398000+0000,0,"Pixel 1 + iPhone 13 - Hi everyone,   I recently bought a Google Pixel 1 to use for unlimited Google Photos backups, but I’m still trying to find the best setup.   So far, I’ve only tried PhotoSync, and unfortunately it hasn’t worked as well as I hoped. I was considering using SyncThing, but I’ve read that it can drain the battery quite a bit, so I’m not sure if that’s the best option.   For context, my main phone is an iPhone.   Are there any better alternatives or setups that you would recommend?   I’m willing to pay someone who has experience with this if they can help me get everything configured properly.   Thanks in advance!",https://www.reddit.com/r/googlephotos/comments/1w24tmc/pixel_1_iphone_13/
Reddit,r/googlephotos,post,2026-08-29T02:56:37.769000+0000,2,"Google photos face grouping not working - I just noticed that my face grouping on Google photos hasn't been working for about a month now, BUT it still works just fine for videos I've taken since then. (In other words, no recent photos under ""People"" but Yes recent videos up to a few days ago.) This is really bugging me, as I've usually liked the face grouping to easily find my selfies etc. I just changed phones (pixel 6 to pixel 11 pro) but the issue seems to have started since before I got my new phone. Does anyone have any ideas as to what could be happening? Do I just have to live with it?",https://www.reddit.com/r/googlephotos/comments/1w1asb3/google_photos_face_grouping_not_working/
Reddit,r/googlephotos,post,2026-08-28T16:03:56.126000+0000,0,"iPhone upload help - Hi, I logged into my mom’s Google Photos on my phone because she wanted me to help her find something. But I forgot to log out, so now my WHOLE camera roll has uploaded to her Google Photos. Is there anyway I can remove them without having to manually go through and pick out all my pictures?",https://www.reddit.com/r/googlephotos/comments/1w0uoog/iphone_upload_help/
Reddit,r/googlephotos,post,2026-08-24T21:23:09.215000+0000,0,"Big photos archive sync problem - Hi everyone,  Since 2009, I’ve been building up a photo archive from my DSLR and mirrorless cameras. I shoot in RAW and always convert them to JPG later. Over the years, I’ve accumulated around 300k files—roughly 5 TB of data—organized into separate yearly folders. There are also some home videos stored alongside each day's RAW files. Every year, I used to link these folders to Google Drive so they would sync to Google Photos.  I never backed up original quality files to the cloud; using Storage Saver mode, my whole collection takes up less than 200 GB of quota. This workflow was really convenient: right after offloading an SD card to my HDD, I knew a basic cloud backup was done. Then, once I eventually edited the RAWs and converted them to JPG (which sometimes takes months), those JPGs would sync up as well.  Now that uploading photos via Google Drive isn't an option anymore, I set up the Google Photos app, ran it, and added all my yearly folders under ""Folder backup"". I had checked beforehand that Google doesn't re-upload duplicates and only checks file hashes, so I expected it to scan the old photos quickly and let me move on.  Instead, my PC has been thrashing the HDD at 100% load for 4 or 5 days straight. Clicking on ""Folder backup"" does nothing—I can't add or remove folders, and there's no progress bar to show how much is left or if the process is stuck in an infinite loop. I really don't want to wear out my HDD and kill the drive. I do have a secondary backup on an external drive, but restoring everything and relinking my Lightroom catalog would be a massive headache.  What should I do now?  Before anyone suggests dumping Google Photos to set up a home NAS: this is just a hobby for me, I don't make any money from it. I stick with Google Photos because it's extremely convenient for sharing albums of the grandkids with grandparents in another city, and I love the ecosystem integration—photos rotate on our Nest Hub at home as a photo frame, Google automatically creates fun memories, and family members can easily comment and view everything on TV, phone, or PC.",https://www.reddit.com/r/googlephotos/comments/1vxfz38/big_photos_archive_sync_problem/
Reddit,r/googlephotos,post,2026-08-22T00:58:36.518000+0000,1,"Expired subscription question - Hello, I am posting here because I am unable to find the answer through a general google search. I didn’t realize my subscription was not on autopay and unfortunately it expired and two to three years worth of photos are deleted, is there any way to recover these photos? I have since repurchased the subscription and cannot find the photos.",https://www.reddit.com/r/googlephotos/comments/1vuy5kf/expired_subscription_question/
Reddit,r/googlephotos,post,2026-08-21T03:31:45.722000+0000,3,"Google photos missing features - I have been using the Google Photos App on pure Android phones for many years. I've generally been happy with the service. However there are a couple features that should be added:      \- Manual Face & Person Tagging: Google Photos currently only lets you tag people if its algorithm detects a clear face. I want the ability to manually tag someone in a photo or video even if their face is not clear or off camera.     \- Album Search Bar: it's a pain to search through large albums (some of mine have over 1,000 photos!) Adding a dedicated search bar inside individual albums would make finding specific photos of people or tags much faster.      \- One-Tap Album Removal from Photo Info: Swiping up on a photo shows every album it belongs to. Adding a quick ""remove"" or ""x"" button directly next to each album name in this view would make organizing much easier.     \- Multi-Album Selection Menu: Borrow the YouTube-style checkbox list for organization. When selecting a photo or video, allow users to tap ""Add to Album"" and check off multiple albums at once from a pop-up list, rather than adding them to each album one by one. (I'm also waiting for YouTube Music to add this exact same multi-select checkbox feature!)     Google please add these features!",https://www.reddit.com/r/googlephotos/comments/1vu4zfx/google_photos_missing_features/
Reddit,r/googlephotos,post,2026-08-21T01:22:00.093000+0000,0,"how to stop this app from backing up EVERYTHING -   google photos backs up every single picture from my camera ROLL instead of just the camera FOLDER, which is the only one that matters. i've tried the settings and nothing there, you can't turn it off.  this has been a problem for SO MANY DAMN YEARS and they still haven't fixed it. how hard can it be?? my account has been consistently clogged with useless pictures for YEARS.",https://www.reddit.com/r/googlephotos/comments/1vu281b/how_to_stop_this_app_from_backing_up_everything/
Reddit,r/googlephotos,post,2026-08-19T23:48:13.273000+0000,2,"Easy way to find and delete all photo ""videos"" after Takeaway download - So I've finally gotten around to downloading my 500gb of photos and videos from Google Photos via Takeaway. Worked great. Unzipped the entire thing and deleted all .json files.   Now I'm stuck with these ""photo videos"", you know those ones that allow you to select the best shot. It's just too much to trawl through nearly 100k photos and delete the video file individually - I can't just filter by .avi or .mp4 etc because I want to make sure I can double check some throwaway video snaps or edits before using Bridge to properly rename/file/categorise and move on from paying Google for cloud storage permanently.   Surely there has to be some way to filter these specific videos from normally shot videos?  While I'm at it, what is the best free program to find duplicate photos since I have folders of specific photos and the folders sorted by year (as per Takeaway) and I'd like to just quickly sort them all out cleanly.  Kinda crazy how we have all this tech and there's no truly simple way to archive and sort without going through convoluted, multiple program routes.   Thanks in advance. Appreciate you!",https://www.reddit.com/r/googlephotos/comments/1vt386b/easy_way_to_find_and_delete_all_photo_videos/
Reddit,r/googlephotos,post,2026-08-19T10:04:34.177000+0000,2,"Google Photos - Edit Artifacts - After the last update Google Photos every time I edit a photo the saved results have massive artifacts, which disappear if pinch and zoom, but come back if I look at other photos then come back.   I understand that this may not be permanent, but I can't accept it since I need to see the entire photo when done.  Do you have similar issues?",https://www.reddit.com/r/googlephotos/comments/1vsi4ln/google_photos_edit_artifacts/
Reddit,r/googlephotos,post,2026-08-19T04:36:05.430000+0000,0,"Desperately need help figuring out what I did wrong - I have multiple Google accounts signed into Photos that have their own collection of pictures and videos. A few months ago I had backed up the majority of my photos from my main account into an empty Google account to try and make space. Today I was clearing the excess of downloaded photos that I knew were taking up storage on my main, and then decided to do the same on the empty account to keep that one from filling up too fast. I clicked the ""clean up space"" button on that account not thinking anything of it, and it ended up clearing all but a couple images from my main account. Everything on my device is still saved to the other account so my important pictures and videos aren't entirely lost, but I can't access them on the main like before. I wanted to try using the ""undo back-up"" button to try and reverse this, but I've never used it before and don't want to screw things up further for myself. The initial ""clean up space"" button ended up wiping the majority of pictures from my internal storage for some reason (which is linked to my main), so I don't know if using the ""undo back-up"" would restore everything back to the internal storage? I also don't have a default gallery app (my phone didn't have one when I got it) so I think that just adds to the issue. If anyone could help me figure out how to reverse this, I would be forever grateful.",https://www.reddit.com/r/googlephotos/comments/1vscaa8/desperately_need_help_figuring_out_what_i_did/
Reddit,r/googlephotos,post,2026-08-18T23:40:07.210000+0000,2,"There's no way this is the best way of doing this. - ![img](8et6878fy7kh1)  Why does this use so much resources and have no way to resume/properly do large imports, I have a 5 5600x and 32gb of ram. I'm switching over from immich because my living situation is changing and I can't run a home server and 5tb for $200 a year plus all the other perks seemed like a good deal.  Is there any better way to do big uploads, or a proper app for the desktop?",https://www.reddit.com/r/googlephotos/comments/1vs5ukn/theres_no_way_this_is_the_best_way_of_doing_this/
Reddit,r/googlephotos,post,2026-08-18T00:03:11.588000+0000,1,"Remix a photo - For months I have remixed a photo that had three options, one being animae which I remixed a photo 2 nights ago. Last night a went to remix a photo and can't find those options. Now there is create-remix your photos-choose a template. Each template explains what you can do.  Am I missing something?",https://www.reddit.com/r/googlephotos/comments/1vr995o/remix_a_photo/
Reddit,r/googlephotos,post,2026-08-16T18:56:37.184000+0000,1,"Trying to migrate 19 years of photos from 2 Google accounts to one — dates are wrong on local files, quality differs, names don't match. What's the best approach? - Hey everyone, I've been trying to solve a photo migration problem that's gotten more complicated the more I dig into it, and I'd love some advice from people who've tackled something similar.  **The situation:**  I have two Google accounts:  * **Account 1** — has most of my photos going back to 2007, mixed storage quality (some Original, some Storage Saver/compressed). The dates and times on these photos are mostly correct. * **Account 2** — has 5TB of space and is where I want everything to live going forward, at Original quality.  I also have the actual original-quality files scattered across my phone, an old laptop backup, and an external drive.  **The core problem:**  The dates and timestamps on many of my local original files are wrong or corrupted — probably from old sync apps, WhatsApp forwards, or re-saves over the years. So I can't just bulk upload my local originals, because they'd show up in Google Photos under the wrong date and mess up my whole timeline.  Account 1 has the correct dates for most of these photos — but the quality might be compressed, and the filenames are often completely different from my local copies of the same photo.  So I have:  * ✅ Correct dates → Account 1 * ✅ Original quality → local files * ❌ No easy way to connect them because names don't match and quality differs  **What I've tried:**  Right now I'm doing this manually: open Account 1 on my laptop, find a folder (organized by year), open the same year folder on my phone, rename the local file to match, push it to the Camera folder, and let it upload. One folder at a time. It works but it's going to take forever across 19 years of photos.  **What I'm trying to figure out:**  1. Is there a tool (Mac-based preferred) that can match photos across different quality levels and filenames based on visual similarity or metadata? 2. Has anyone used Google Takeout exports as a ""date reference"" to fix timestamps on local files before re-uploading? 3. Is there a smarter bulk upload workflow that preserves the correct date from the photo's EXIF rather than the file's modification date? 4. Any experience with tools like **digiKam**, **Czkawka**, **exiftool**, or similar for something like this?  **My setup:**  * Mac (latest macOS) * \~10,000–20,000 photos spanning 2007–present * Photos are a mix of JPG and HEIC, some PNG * Not a developer but comfortable following instructions and running basic terminal commands if someone walks me through it  Any advice, pointers to tools, or ""here's what I'd do"" responses are really appreciated. I've been going at this manually and I know there has to be a better way!",https://www.reddit.com/r/googlephotos/comments/1vq5d1d/trying_to_migrate_19_years_of_photos_from_2/
Reddit,r/googlephotos,post,2026-08-16T08:41:11.156000+0000,2,"Bring back on-device eraser tool - Unless I have not figured out a way to make it work offline, there is now only the internet-dependent Magic Eraser tool on Google Photos and Pixel devices, whereas in the past, there used to be also an on-device option.  There are 2 major issues with it.  1. Most obviously, you can't remove elements from images while without an internet connection.  2. Because of the guardrails the tool has, the eraser can sometimes mess up royally. Namely, when I tried to remove a sign from a beach shot I took, the eraser would initially mark up the object correctly, but then it wouldn't erase it properly, so there would be horrible artefacts left. All because it identified a woman in bikini in the shot.",https://www.reddit.com/r/googlephotos/comments/1vprswu/bring_back_ondevice_eraser_tool/
Reddit,r/googlephotos,post,2026-08-15T11:01:12.626000+0000,0,"Where is my Backup?? - I deleted the Folders WhatsApp Images and WhatsApp Videos from my gallery since they were like 15 GB and i had them backed up on my Google Photos.  But after deleting them why can't I find them in Google Photos?? I had checked in Photos, the Backup was On and they were all backed up.  Don't tell me I've lost everything 😭",https://www.reddit.com/r/googlephotos/comments/1vozx9s/where_is_my_backup/
Reddit,r/googlephotos,post,2026-08-15T10:34:12.081000+0000,5,"Extremely Important Video Disappeared from Google Photos After Deleting from Gallery (Sync is Off) - A few minutes ago, I deleted a video from my gallery, and for some reason, it also disappeared from Google Photos. Before this, I was testing whether files would disappear from Google Photos if I deleted them from the gallery. I tested it on two photos: when I deleted them from the gallery but not completely (just moved them to the trash), they also ended up in the Google Photos trash for some reason. However, after permanent deletion, they returned from the Google Photos trash back to the main photo feed. Relieved, I did the exact same thing with the video. I moved it to the trash in the regular gallery and checked Google Photos-sure enough, it was in the trash there too. But after I permanently deleted it from the gallery, it... didn't return to all the photos and videos in Google Photos. Now, for some unknown reason, I can't find it anywhere, and I don't know what to do because the video was extremely important. By the way, Google Photos sync is turned off in my gallery, so technically, it shouldn't have been deleted in the first place, not even moved to the trash.",https://www.reddit.com/r/googlephotos/comments/1vozg5r/extremely_important_video_disappeared_from_google/
Reddit,r/googlephotos,post,2026-08-12T11:57:55.578000+0000,4,"Google Photos cloud library disappears from OPPO/OnePlus Gallery after syncing - Problem: Google Photos library appears in Gallery, then disappears  Hi everyone,  I'm having a strange problem with the Google Photos integration in the default Gallery app, and I'm wondering if anyone else has experienced this or found a solution.  I have around 20,000 photos/videos backed up in Google Photos.  The situation is:  - OnePlus Nord 3 (old phone): all my Google Photos photos are visible in the OnePlus Gallery. - OnePlus Pad Go 2 (newer tablet): only around 2,700 photos are shown in the OnePlus Gallery. - OPPO Find X9 Pro (new phone): only around 3,000 photos are shown in the OPPO Photos/Gallery app. - In the Google Photos app itself, all ~20,000 photos are visible and appear to be backed up correctly.  The really strange part is what happens when I reset the Google Photos access:  1. I revoke Google Photos access for the OPPO/OnePlus Gallery. 2. I grant access again. 3. The Gallery initially starts loading my entire Google Photos library, and for a short time I can see all ~20,000 photos. 4. After about a minute, most of them disappear again. 5. The Gallery goes back to showing only the ~2,700–3,000 photos it normally shows.  I've reproduced this on both the OPPO Find X9 Pro and OnePlus Pad Go 2.  I have already tried:  - Revoking and granting Google Photos access again - Checking the Google Photos sync/access settings - Updating the apps - Clearing the Gallery cache - Waiting for the library to finish scanning  None of these solved the problem.  What's especially confusing is that the old OnePlus Nord 3 shows the entire library correctly, while the newer OPPO and OnePlus devices don't.  So I'm wondering:  Has anyone experienced this exact issue? Is there a way to force the OPPO/OnePlus Gallery to keep the full Google Photos cloud library instead of reverting to only ~3,000 photos?  Could this be a Google Photos API/sync issue, or a ColorOS/OxygenOS issue?  Any workaround or solution would be greatly appreciated!",https://www.reddit.com/r/googlephotos/comments/1vmc24i/google_photos_cloud_library_disappears_from/
Reddit,r/googlephotos,post,2026-08-10T21:15:07.776000+0000,0,"Accidentally uploaded all photos - tried this on r/googlehelp and they recommended I post here instead.   I just downloaded google photos on my iPhone and I guess I selected the wrong option for uploading photos. All of the photos (\~90k) on my phone got uploaded to my main gmail & now I am completely out of storage space (cant get emails, cant make docs etc). I didn't want all of the photos uploaded & have some that are only on my google account, so I can't just delete all of them. I'm pretty sure I've turned off my phone uploading anymore.  Is there a way to move the photos to a different account then I can delete all of them from my main acc? or something else you recommend?  any help is appreciated thank you",https://www.reddit.com/r/googlephotos/comments/1vkxlu2/accidentally_uploaded_all_photos/
Reddit,r/googlephotos,post,2026-08-09T10:54:58.595000+0000,0,"Takeout - batch-finding photos/videos missing creation date metadata - I'm in the process of moving my photos and videos out of Google Photos. I have some media that was received through AirDrop, WhatsApp, and Facebook Messenger where the original creation date is only stored in the accompanying JSON files.  Is there an easy way to batch-isolate these specific photos and videos so I can run a third-party tool on them to write the metadata from the JSON files back onto the actual files?  Or is it generally safe to run the third-party metadata tool on **all** my photos and videos, even though most of them already have the correct metadata?",https://www.reddit.com/r/googlephotos/comments/1vjmvm2/takeout_batchfinding_photosvideos_missing/
Reddit,r/googlephotos,post,2026-08-07T16:56:56.107000+0000,0,"Why can't I archive anything in Google photos? - So I'm organizing a ton of photos in Google for someone. For some reason the shortcut (Shift+A) isn't working, and the option to archive doesn't show up in the 3 dot menu. Did they get rid of that option or something? I can't belive they'd expect people to archive each photo manually.  Super frustrating 😠  Any help would be appreciated!",https://www.reddit.com/r/googlephotos/comments/1vi65ud/why_cant_i_archive_anything_in_google_photos/
Reddit,r/googlephotos,post,2026-08-05T15:26:28.256000+0000,0,"I Can't Escape - I recently got a nothing phone and want to use the nothing gallery over Google photos but I can't find a way to do it.  When I use Google takeout to get the photos back, the metadata is in separate files and lots seems to be missing, because when I use tools like Google takeout helper to restructure it all they don't slot nicely into my new gallery.  I know this is a common problem and there are resources online but I've been trying on and off for ages and can never seem to get it right - has anyone else managed to get their photos back?",https://www.reddit.com/r/googlephotos/comments/1vgaipo/i_cant_escape/
Reddit,r/googlephotos,post,2026-08-04T13:21:04.990000+0000,0,"How can I upload a folder from samsung gallery to Google photos? - When i go to Google photos you cant see folders only pictures in date order which is no use to me as I have thousands on my phone.   I dont want to sync my phone either. Surely theres a way, the Google app can't be that useless.",https://www.reddit.com/r/googlephotos/comments/1vfa77d/how_can_i_upload_a_folder_from_samsung_gallery_to/
Reddit,r/googlephotos,post,2026-08-04T12:42:10.726000+0000,0,"Is there a way to know total photo count? - I essentially have 2 phones (old and new), when I go to backup where it says 'x photos synced' the numbers are different on each phone but both phones are fully backed up on GP. Ive tried the attachments trick on Gmail, doesnt work. Ive looked on google dashboard and it says 30,000+. In collections, it has various folders and all except 'camera' have the same number showing on each phone on the app. I can't see a 'select all' button, or anywhere that shows the exact figure.",https://www.reddit.com/r/googlephotos/comments/1vf9967/is_there_a_way_to_know_total_photo_count/
Reddit,r/googlephotos,post,2026-08-04T02:49:17.807000+0000,0,HDR ghosting bug - I have been taking photos of old physical photos to have back ups on Google photos. With each photo I've had to crop them to fit the size of the physical photo. Now the original uncropped image is left as a ghosting artifact when the hdr display kicks in.  Is there anyway to turn off the auto hdr viewing mode?  This is on an Oppo find x9 pro.,https://www.reddit.com/r/googlephotos/comments/1vey3mr/hdr_ghosting_bug/
Reddit,r/googlephotos,post,2026-08-02T16:16:51.081000+0000,0,"Finding my photos in collections - For some reason I can't find any of my photos in collections, I can find them normally by scrolling down the main area but EVERYTHING is gone in collections. All the memes I made, all the memes I saved from media is gone, even the screen shots are missing. When I open the app they are all there, non are achieved or deleted l, but I head to collections and suddenly all 4000+ memes from one app are missing and all that is left is a recently saved one. How do I fix this?",https://www.reddit.com/r/googlephotos/comments/1vdm7p5/finding_my_photos_in_collections/
Reddit,r/googlephotos,post,2026-08-01T18:00:45.129000+0000,3,"Finding specific photo in a large album - I asked this question here 2 years ago but it wasn't possible then, is it now?  \>>I have an Album in Google Photos that has more than 1400 pics in it. When I'm rearranging the pics in the Album in my customized way, I can't easily find the pics I need to move around, not when I'm looking thru 1400 pics. Is there a way to find a specific pic in this Album? TIA<<     One person asked why I don't just search Google Photos for a pic.  I do that, it shows me what Album that pic is in, I'll open that Album, but I don't know how to easily find ONE particular picture that is somewhere among 1400+ pictures.  I did CtrlF when I opened the Album, but it shows 0 results, and that's even for something that I literally see in the Album that I've opened.     I'm trying to organize my photos my specific way, but this makes it hard and even more time consuming that the project already is.  Can anyone give me any suggestions?  If you can, I'd appreciate it.",https://www.reddit.com/r/googlephotos/comments/1vcu3cs/finding_specific_photo_in_a_large_album/
Reddit,r/googlephotos,post,2026-07-29T22:56:52.385000+0000,1,"Just deleted about 4 GB of photos and videos from DEVICE STORAGE and somehow my storage went up by 3 GB nd my trash is empty. How does this even work???? - I moved a bunch of files to Google Drive, then selected ""delete folder from device storage"", which says it will delete all contents in the folder. However, my trash is completely empty. The files apparently just disappeared?? Wtf. Where did they go and why did my storage increase?? Now I can't move the rest because it says I need storage space to move shit to Drive. The storage management behavior on this app is utterly fucking abysmal. I'm extremely frustrated and this is not the first time it's done this, this happens consistently and I still have yet to understand why??",https://www.reddit.com/r/googlephotos/comments/1vabxu8/just_deleted_about_4_gb_of_photos_and_videos_from/
Reddit,r/googlephotos,post,2026-07-29T12:50:20.941000+0000,1,"Android: Can't add photos even if photo is saved directly to my phone, not only on the Google Photos cloud: App version 2026.29.0 - When I open my photos & try to attach a photo to a comment, only a small handful of very old downloads appear. All other photo folders are empty. This is only an issue while using this app & it is across all Subs that I'm a member of. I'd appreciate any advice re: a fix. Thanks 🙏🏼",https://www.reddit.com/r/googlephotos/comments/1v9va0b/android_cant_add_photos_even_if_photo_is_saved/
Reddit,r/googlephotos,post,2026-07-26T20:42:04.710000+0000,1,"Cinematic Photo Problem - When i select cinematic photo on google photos, app restart itself. Also i cant use magic eraser. I didnt find any solutions.",https://www.reddit.com/r/googlephotos/comments/1v7fhji/cinematic_photo_problem/
Reddit,r/googlephotos,post,2026-07-25T07:31:54.591000+0000,0,"Can Google give us some answers?!?! - Google either needs to fix!!! Or give the people some damn real transparent answers as to why we can't easily, correctly, properly download our own photos out of googlephotos and into or back into our mobile devices, laptops or wherever we want them to go? I've played by the book more than once and done as directed and my property, my data never transfers as it should!!!!! Angry. Fed up. Beyond infuriated. Done. Done. Done. Google Wtf?!?!",https://www.reddit.com/r/googlephotos/comments/1v61loe/can_google_give_us_some_answers/
Reddit,r/googlephotos,post,2026-07-24T02:58:00.383000+0000,0,"Deleted account, can I save the photos from that account? - So one of my google accounts got deleted awhile ago and I forgot to save the photos on my main account.  Normally I would think thats just it, but my old phone still has that account technically signed in and i can still see those photos just fine I just cant save, download, or share them to my main account.  I've tried looking up if i should just login with my main account but im worried it will lock me out of those photos.  Is there a way to save it or are they locked on my old phone permanantly?",https://www.reddit.com/r/googlephotos/comments/1v4z1p7/deleted_account_can_i_save_the_photos_from_that/
Reddit,r/googlephotos,post,2026-07-23T23:58:23.235000+0000,1,Can you turn on old search and search locally in photos? - I've been using gallery because I don't like Google photos but I cannot find a bunch of screenshots I took recently. I wanted to search for the text that's in them but gallery doesn't have that - Stopped using 'photos' due to the AI / cloud annoyance a long time ago.     But in photos i cannot search anything. Can you only search if you backup photos to the cloud now?,https://www.reddit.com/r/googlephotos/comments/1v4v2l0/can_you_turn_on_old_search_and_search_locally_in/
Reddit,r/googlephotos,post,2026-07-22T15:13:10.931000+0000,9,"The AI feature keeps automatically turning on and then blocking me from searching through my own material for breast cancer research - I keep turning off the AI feature to no avail. It does give me the option to manually press “skip,” but this also doesn’t seem to work properly, as it will say I don’t have any photos that match the term, which wasn’t an issue a month ago. These aren’t even photos of breasts that could get flagged as inappropriate; they’re just terms like “lobular cell carcinoma” etc. I can search for the same terms fine on my iPhone photo app. I downloaded Google Photos in the first place because it used to have a much better search tool. There is no parental control etc turned on in settings.   What happened to being able to simply search for a photo? I used to be able to easily find screenshots of important data and slide images I saved on my own phone. Why would any feature exist that blocks us from accessing our own photos? No matter how I try to word it, the app keeps telling me that I can’t search medical terms or that need to talk to a doctor (I am a doctor).  Edit: fixed a sentence",https://www.reddit.com/r/googlephotos/comments/1v3j023/the_ai_feature_keeps_automatically_turning_on_and/
Reddit,r/googlephotos,post,2026-07-22T13:51:41.631000+0000,5,"I can no longer search for photos by date - I have saved photos from when my child was a baby in Google photos. I've always been able to search by date, for example ""July 2016,"" but now when I do that it says I can't search using those terms. I don't see any option to disable the AI search feature. I'm going to have to migrate all of my photos to a different platform if this keeps up, there's no point in storing photos if I can't search for them without AI.",https://www.reddit.com/r/googlephotos/comments/1v3gsds/i_can_no_longer_search_for_photos_by_date/
Reddit,r/googlephotos,post,2026-07-21T17:32:41.181000+0000,3,"Google Photos shared album taking up too much space. How can I stop auto-saving, and how to delete photos from my account while leaving them in the shared album? - Title, basically. A quick google search seems to be outdated since I cannot find anywhere to stop the shared album from auto-saving photos I upload. I've seen similar posts on reddit too but the answers also seem outdated.     My account storage is now almost full and I don't know how to clear up space without deleting everything from the shared album as well, AND how to stop auto-saving everything I share.     Can anyone help me with this?",https://www.reddit.com/r/googlephotos/comments/1v2p8kj/google_photos_shared_album_taking_up_too_much/
Reddit,r/googlephotos,post,2026-07-20T16:58:46.641000+0000,1,"Switching Google emails - This has become so convoluted I will do my best to explain this in a logical manner..   My original Google email got completely overrun with spam and after a long period of trying to stop, it decided to just change everything to a different Gmail. Well trying to copy my photos using partner sharing to the new Google. Email is the last set of steps that I did that didn’t work..   I first tried using Google takeout but ended up screwing up the time, date and location on several of the images due to the .json files.   So then decided to try to partner share from the original email to the new email..   For a little extra context, I’m using an iPhone 17e this all started when I tried to do this after upgrading from my iPhone 12, which I still have and still has most of the original images some of the dates got screwed up on it too.. also I do not have access to a PC…   So trying to do this on mobile on one device and not sure if that’s the issue I’m running into after partner sharing. It appears that all the images are there but as far as for the storage space, it is not reflecting that and I’ve given it several days to process and update the amount of Storage being used… when trying to switch the back up to the new email it backs up from both emails to that one or vice versa to the old one. I can’t get them to separate for some reason I’ve tried removing the old email from the device and it didn’t seem to change anything, but maybe I didn’t remove it everywhere or missed something. I’m not sure any help would be greatly appreciated. I’ve been trying to do this for almost a month now using ChatGPT and Gemini and still completely stuck.   Thank you immensely in advance for any help!!!",https://www.reddit.com/r/googlephotos/comments/1v1r78f/switching_google_emails/
Reddit,r/googlephotos,post,2026-07-20T03:47:08.296000+0000,0,"Having issues with Google Messages - I help my father out with listing his items that he buys on ebay for him. He sends me photos of everything and they go to my Google Messages on my Samsung Galaxy S25 Ultra. I used to be able to download and save to my gallery on my phone as many pictures as he sent to me a day. For the past year now, I've been basically limited to around 200 pictures per day and anything after that will only sporadically download save to my gallery. For instance, if he sends 8 pictures of 1 item and 6 pictures of another item and 9 pictures of another item, etc, it might only save 2 pictures of the first item, none of the second item and 1 of the third item and so on, after around 200 photos are downloaded and saved to my gallery. My phone is completely updated as well. I'm saving the photos properly and have been doing it for a couple of years now, even with previous S series phones, with no issues. I've even changed carriers and am having the same issue, so it can't be a carrier issue. I've tried figuring out how to contact Google, but that's useless. How can I resolve this issue? It's costing us money by not being able to download and save the photos. Thanks for the help.",https://www.reddit.com/r/googlephotos/comments/1v1akf5/having_issues_with_google_messages/
Reddit,r/googlephotos,post,2026-07-19T16:46:28.217000+0000,0,"Help needed related to google photos - I deleted my screenshots folder from google photos, I didn't know that deleting from google photos also deletes the photos from gallery. I couldn't find those deleted screenshots in the bin or recently deleted folder. Please help me recover the screenshots folder.",https://www.reddit.com/r/googlephotos/comments/1v0vhpc/help_needed_related_to_google_photos/
Reddit,r/googlephotos,post,2026-07-19T16:17:13.448000+0000,1,"Sharing a Gallery without Pop-Ups - I created a gallery using Google Photos on my computer.  I'd like to share it with some people, and generated a link to do so.  However, I've noticed two problems:  1. When opened in Safari on an iPhone, there are repeated pop-ups trying to get the user to download Google Photos.  2. On any device, if the user is logged into Google in their web browser, they are given relentless pop-ups to ""join"" the album.  These pop-up literally never stop reappearing no matter how many times they are dismissed.  In either case, the experience is aggravating at best, or completely bewildering if the user is not tech savvy.  Is there any way to create a link that allows a Google Photos album to simply be viewed without nagging pop-ups that will confuse my elderly relatives?  Or will I have to find a different service to make the album?",https://www.reddit.com/r/googlephotos/comments/1v0ur91/sharing_a_gallery_without_popups/
Reddit,r/googlephotos,post,2026-07-19T12:52:32.799000+0000,0,Trouble adding extra storage to google - Please help me the people of Reddit!  I am reaching my max on Google Drive and I have tried to add more storage but cant do it. It says thus cannot be done. From a bit of digging I have found out this is because I bought the storage through my iPhone years ago. (I am now on android). I have no idea what my icloud details are so cannot retrieve anything on that. The payments come out on PayPal.  Is there any thing i can do?  I would like more storage as I have just bought a new camera and have a lot of photos.  Thanks.,https://www.reddit.com/r/googlephotos/comments/1v0ptq4/trouble_adding_extra_storage_to_google/
Reddit,r/googlephotos,post,2026-07-18T13:43:27.859000+0000,3,"Problems with syncing on Google photos - im so bad with technology, I can't figure out how to do these two things 😭😭  1. all my photos show up on my parents' google photo accounts and i have no idea why. how can i disconnect this and delete all of my photos from their accounts but keep them on mine?  2. google photos doesnt show the photos from my old phone even though theyre backed up there, how do i fix this?",https://www.reddit.com/r/googlephotos/comments/1uzwa1j/problems_with_syncing_on_google_photos/
Reddit,r/googlephotos,post,2026-07-18T12:49:56.912000+0000,1,"Dates on the backed up photos change to current time after backing them up.... Help!! - Have been uploading a lot of photos recently but this happens to only to 10-15 photos.The photos in question are taken from another device than the current one and are in a separate folder.    While on device the photos have correct date, even google photos app shows the dates of the photos correctly. But once I select and back them up, they disappear from their their position in the folder and become visible on the top and the date on them changes to when I uploaded them.    The actual photos dont change as it only reads and uploads the data, but inside the Photos app, now the same photos are show at different date.       It is most probably something different about the 10-15 photos itself but WHAT?!? How do I sleep without knowing that Google won't change the dates of another set of files when I am not looking?? I have to upload loads more files this weekend ... I can't keep a lookout for all of them    Name format(just in case) :- 1234567890.jpg",https://www.reddit.com/r/googlephotos/comments/1uzv275/dates_on_the_backed_up_photos_change_to_current/
Reddit,r/googlephotos,post,2026-07-17T16:07:16.186000+0000,0,Is there a way to transfer all my google photos to my samsung tablet - Also if I can't transfer all my Google photos then if I stop paying would they just be gone forever ?like that feels predatory,https://www.reddit.com/r/googlephotos/comments/1uz41cd/is_there_a_way_to_transfer_all_my_google_photos/
Reddit,r/googlephotos,post,2026-07-17T08:00:11.794000+0000,1,"Spotlights on photos - Anyone else find ""guess who we found"" and other type of spotlights that Google randomly make for u to be....very creepy, like they're rubbing in our faces that they mass surveill us and know who we hangout w the most and many other details. I've really been trying to find alternatives for my photos and anything else good related and my Google email will be the hardest one but idk y'all, Google has no good track record in this stuff and AI",https://www.reddit.com/r/googlephotos/comments/1uyt9zq/spotlights_on_photos/
Reddit,r/googlephotos,post,2026-07-16T15:39:25.937000+0000,1,"Unable to upload some photos? - I took 3 photos, and wanted to send them to someone, but, only one of them shows up in the photo upload thing (in various apps), and it gives me an error when I try to upload directly from Google photos.  ![img](tsp379vl1mdh1 ""All 3 photos showing up fine in Google photos(sorry for censored, will keep censor colors consistent though)"")  ![img](pr2wgngf2mdh1 ""But then this is what shows when trying to send the photos on discord, only the green one shows up."")  ![img](5zuchqoq2mdh1 ""And same issue on twitter"")  ![img](kvw3bxy43mdh1 ""The error that displays when I try to upload to twitter directly from Google photos"")",https://www.reddit.com/r/googlephotos/comments/1uy6e58/unable_to_upload_some_photos/
Reddit,r/googlephotos,post,2026-07-16T14:08:20.370000+0000,0,"SOS restoring sentimental photos - hi everyone, i need help  for the past 3 months my gf and i have been traveling south east asia together, during this time i have been taking some pics on my phone and some on a digital camera (the camera photos are fine).   by default, my phone was automatically saving all the pictures in my gallery in google photos (i had an android - galaxy s22 ultra). it's been this way for years, and every once in a few weeks i checked the google photos app to make sure that my photos were also there. everything was fine.  i've been back home for 2 weeks now, and 2 days ago my phone randomly shut down and died. i took it to an official samsung store and they told my there's nothing to be done - the phone is gone. i got a new phone and managed to restore all the data i had on my old phone, however, when i opened the google photos app, about 40% of my photos (from the trip and in general) where not there. i tried to find them on other sections of the app but was not successful.  if anybody knows where the photos could've disappeared to - i would love the help. anything, really - those were important memories that i would hate to lose.  thank you",https://www.reddit.com/r/googlephotos/comments/1uy3xnl/sos_restoring_sentimental_photos/
Reddit,r/googlephotos,post,2026-07-16T10:46:41.281000+0000,1,"Restricted crop? Can't make full width?? - See attached video.. I want to keep the original width of the image, just crop top and bottom, but google photos has decided that's not enough cropping or something??",https://www.reddit.com/r/googlephotos/comments/1uxzb1j/restricted_crop_cant_make_full_width/
Reddit,r/googlephotos,post,2026-07-16T09:56:08.998000+0000,1,"Can't view backed up media on app - I deleted my google photos off my phone a year or so ago and decided to re-install it today.  I can view all the media on my device storage, however, I can't see any of my backed up images in the main gallery view. I can see the albums I created that contain some of my backed up stuff, but when I click on ""view date"" the media doesn't show on the main scroll page, only the media on my phone as mentioned.  When I open it via a browser, I can see all my backed up stuff, but I'd like to see it through the app as the browser is a bit tedious on mobile.  Can anyone help?",https://www.reddit.com/r/googlephotos/comments/1uxydhj/cant_view_backed_up_media_on_app/
Reddit,r/googlephotos,post,2026-07-16T04:27:15.445000+0000,1,"Help with family sharing - Dear reddit,   I need some help. I've been avoiding this for longer than I should have. 3 years ago when I was in a serious relationship with my ex-girlfriend, we set up family sharing so that way the photos that we took of each other would instantly go into each other's Google photos apps. We both had pixel phones.   I'm sure you can see where this is going. When she set up her side of it she ended up sharing all of her photos with me. She wasn't very tech savvy. I didn't think much of it at the time, because I thought it would be easily removed. However, after we broke up, I did remove the family sharing aspect. I thought that once I removed the sharing that her photos would go away. I was wrong. All of her photos have remained mixed in with all of my photos. I haven't had the time, energy, willpower, etc. To go through all of the photos manually one by one. I've had this account for probably 10 years, and even stuff like screenshots have been mixed in to the point where I don't even remember if it's mine or not.   There's got to be some way to remove all the photos that were added from her account. The best I could do was when Google came out with their facial recognition, I was able to hide all of the photos with her face in it, or her family's face. Technically they're still there but they're just hidden.   That's been a good enough solution for a while, but I really just want to clean up everything and fully delete it. I'm looking at dating seriously again, and the last thing I need is a new partner to find a bunch of photos of my ex. I wish I could just delete the account, but I'm sure getting all my old photos off would be just as hard.   Is there a better way to do this than manually going through all of my photos? Can someone please help me?",https://www.reddit.com/r/googlephotos/comments/1uxsi3n/help_with_family_sharing/
Reddit,r/googlephotos,post,2026-07-15T19:09:09.582000+0000,5,"How do you handle scanned/ digitized photos in Google Photos? - I'm looking for feedback from Google Photos users for how they view scanned photos in their timeline, since after scanning a photo, it will display on the day it was scanned. Does it bug you? Do you edit each by hand?   I scanned 8000 of my family photos and built a tool that automatically dates them, so my family can enjoy them in chronological order cause I think it's very difficult to view digitized photos not in order 😅  I posted here in the past looking for feedback. A lot of people commented but no one ended up trying it. I'm wondering if my tool solves the difficulty you have with digitized photos in your timeline and if this is actually an issue you have.  Feedback areas: 1) If you have the scans already in Google Photos, and then you date them and import them again, you'll end up with two copies. Is the time required to remove the non-dated photos worth it, or do you keep both?  2) Is the dating accurate enough to where you can enjoy your photos chronologically? 3) Would an import from Google Photos be worth it?  Each account has 50 photos to date, but here are codes you can redeem for more photos. Please only use the code that best fits your digitized library size so others with large libraries can test too. 🙏 You can redeem the code in the account menu ""Redeem a code"".      GOOGLE_PHOTOS_500  - 500 photos  - first 15 people     GOOGLE_PHOTOS_1000 - 1000 photos - first 5 people  [https://timelinescan.com/](https://timelinescan.com/)  (The tool does upload the image to AI \[Google Gemini\] to estimate a date)",https://www.reddit.com/r/googlephotos/comments/1uxfe4o/how_do_you_handle_scanned_digitized_photos_in/
Reddit,r/googlephotos,post,2026-07-15T09:06:03.462000+0000,1,Google photos straight up not working on browser? - I want to access my old backed up photos on my PC and I can't do anything. Nothing shows and I can't even press any buttons. I have the same problem with all my other accounts as well.  Is there a fix?,https://www.reddit.com/r/googlephotos/comments/1ux0hko/google_photos_straight_up_not_working_on_browser/
Reddit,r/googlephotos,post,2026-07-12T02:26:03.081000+0000,0,"Storage trouble - Updated at the bottom....  So I was clearing out space on my phone.... I did not realize that trash emptied on my phone would sync with my tablet (which is annoying how to you keep photos if they get deleted on everything when you delete them on one thing?)  Well, whatever, I found out how to recover them to trash but now I have run into a new problem...  which is shown in the pic....  I want to move everything to my SD card but to do that I apparently have to restore everything to photos and of course the problem is in the pic....   So is there a way to restore my desperately wanted (but not on my phone) photos or am I out of luck cause of this problem... I tried clearing the cache didn't work... and is there a way to restore all to my SD card? And can I make it so all future pics go to my SD card?  I already put the pics I was able to restore on to my SD card so I can remove them from photos storage but that would put them right back into trash, right?  I'm really miffed cause I had been planning to move the pics to my SD card but life got in the way and I didn't  realuze i was on a tome limit and I almost lost everything but I got it restored.... in to trash which so far is kinda nice since I haven't actually lost anything but I can't get it all out of trash which is very not nice cause trash empties....     Update   Got the photos back... don't know how I guess they just automatically move back on to my phone and tab since I restored them or something...   But now I have a new problem which is giving me a headache. And lots of frustrated tears....  i don't want my photos from my sd card on my galaxy tab to sync with my photos on my galaxy phone, but I want my new photos on my phone to sync to my galaxy tab so I can put them on my sd card and not keep them on my phone but I also don't want to spend hours putting them on my sd card...   And google is no help because what it tells me to do is not showing up on my devices....",https://www.reddit.com/r/googlephotos/comments/1uu2v2x/storage_trouble/
Reddit,r/googlephotos,post,2026-07-10T10:53:32.814000+0000,0,"Google tech support - Hello all, I am in dire need of help! Every time I run out of storage on my phone, It prompts me to free up space. When I press free up space in sends me to an album with certain photos that do not show up elsewhere. It shows up in a “recently deleted folder” but these videos are over 5 years old that still pop up ONLY when I run out of storage. I tried retrieving them but it doesn’t let me move them to my current photo album. Long story short I am in desperate need of recovering these videos but I have no way of finding them on my phone other than when I run out of storage! Does anyone have any insight on where these videos are stored?",https://www.reddit.com/r/googlephotos/comments/1usk8de/google_tech_support/
Reddit,r/googlephotos,post,2026-07-09T06:08:02.745000+0000,1,"Any way to find photos NOT in albums? - I have 64.5G worth of photos in my Google Photos / Google One account. I have no idea how many there actually are.  Most are in albums, but there's still a lot that aren't.  Is there a way to show the ones that aren't in an album so that I can categorize them appropriately?",https://www.reddit.com/r/googlephotos/comments/1urhq80/any_way_to_find_photos_not_in_albums/
Reddit,r/googlephotos,post,2026-07-06T22:42:16.206000+0000,2,"Google Photos Chrome app can't sync my huge folder. Is is possible to remove it? - Since Google Drive stopped syncing new photos, I opened the Google Photos Chrome app and added my main Pictures folder to Folder Backup.  That folder is almost 300 GB and my account limit is 200 GB, but much of that grandfathered from when I had a Pixel 2.  It wasn't able to sync and gave an error about how I don't have enough space, so I thought I would remove the old folder from Folder Backup and add a new one.  The new folder worked, [but Google Photos Chrome app won't let me remove the other folder that failed to sync!](https://i.imgur.com/plfALqK.png)  Has anyone run into this problem and found a way to resolve it?  Without that, I think the Google Photos Chrome app will chug for 15 minutes every single time I start it up to sync.",https://www.reddit.com/r/googlephotos/comments/1upcrgd/google_photos_chrome_app_cant_sync_my_huge_folder/
Reddit,r/googlephotos,post,2026-07-06T16:18:04.736000+0000,2,"Digital organization - I’m hoping someone in this group has a solution because I’m completely stuck.     I currently have 52,000+ photos that I’m trying to organize into categories. My goal is to sort everything into specific groups, but the process has become incredibly overwhelming.     So far I have tried:     • Using Apple Notes and creating separate folders/notes for each category. This works, but I have to manually select and add photos one by one, which is extremely time-consuming.     • Using the iPhone search/AI features to find similar photos in batches. Unfortunately, it doesn’t recognize enough of my photos accurately enough to make a meaningful dent in the project.     • Hiding all 52,000 photos and then unhiding them in batches of 1,000 while sorting. This is the method I’m currently using, but I’m lucky if I can get through 1,000 photos in an entire day.     • Google Photos and several other organizing apps. Google Photos has been the closest thing to helpful, but it’s still very tedious and frustrating for the amount of photos I have & it blends the photos I’m trying to organize with my own personal photos which is the opposite of helpful.      At this point I’m wondering if I’m missing a better system entirely. Has anyone successfully organized a photo library this large? Are there any apps, workflows, AI tools, automation tricks, or methods that helped you sort tens of thousands of photos without manually touching every single one?     I’m open to any suggestions because I feel like I’ve hit a wall. Thank you!",https://www.reddit.com/r/googlephotos/comments/1up21xh/digital_organization/
Reddit,r/googlephotos,post,2026-07-05T21:44:42.686000+0000,2,"""Updating Photos Editor"" Notification - I had to clear the app data for Google Photos. Doing that, removed the extra editing pieces for editing photos through Google Photos. This seems to also remove the sticker creating piece of Google photos where you hold down to create a sticker (it now reverts to the old way of seeing the live photos).  I tried to edit a photo but then was prompted with downloading the data needed for the feature of deblur and any other special editing feature. Since then it's been two hours and the notification of ""Updating Photos editor"" still persists. I tried resetting the phone, force closing, and clearing the cache and there is no change.   Now when I try editing a photo it shows a perpetual ""Installing"" wheel and so it seems all editing can't be done until it is installed. I can't imagine it taking hours to install, instead it seems it's stuck. Has anyone else had this problem or know of a solution?",https://www.reddit.com/r/googlephotos/comments/1uoeg12/updating_photos_editor_notification/
Reddit,r/googlephotos,post,2026-07-05T14:11:08.591000+0000,4,"Cleaning Up Space - I am running out of Gmail space and Photos seems to be the issues.  However, I have turn off sync. I can't even open the app without it asking me if I want to set it up.   But it still shows as taking up 9GB.  I don't know how to get this resolved.",https://www.reddit.com/r/googlephotos/comments/1uo36sr/cleaning_up_space/
Reddit,r/googlephotos,post,2026-07-04T00:08:56.827000+0000,2,"Can’t download photos on iPhone - I just switched from the pixel to an iPhone and I plan on continuing to use Google Photos with the iPhone. I can’t set a wallpaper straight from the app, but I can’t find a way to download the photos locally. I know I was able to do it on my iPad previously, is there a way I can do it on the iPhone?",https://www.reddit.com/r/googlephotos/comments/1umu9dh/cant_download_photos_on_iphone/
Reddit,r/googlephotos,post,2026-07-03T22:14:55.565000+0000,1,"After a sucessful backup I hit the free up space and now I don't have  50% of my fotos in GP, please help get my fotos back - My phone storage was almost full, so I decided to back up all my photos and videos to Google Photos.  The backup took around 2–3 days because I was using mobile data and trying to save battery. I didn't leave backup on all the time. Whenever I had enough data or battery, I turned it on for a while, then turned it off again. Over several days I gradually backed up almost everything. Even now there are still around 300 photos and videos left on my phone that haven't been backed up yet.  While all this was happening, Google Photos kept showing me the **""Free up space""** option. It showed how much had already been backed up and asked if I wanted to free up space on my device. I trusted it because I assumed it only included files that had already been safely backed up. I never deleted everything at once. I only used **""Free up space""** whenever Google Photos itself told me those files were backed up.  Everything disappeared from my gallery, which is exactly what I expected, and my storage problem was solved.  The problem is that I recently noticed that around **50% of my photos and videos are missing from Google Photos too**. I checked the app, the browser version, the Bin, Archive, and I'm using the correct Google account.  Entire months are missing. For example, in **December 2025** I had around **200 to 300 photos**, but now Google Photos only shows **5 to 10** from that month. The same thing has happened with many other months.  This is what I can't understand. I know my entire library wasn't 100% backed up yet because there are still around 300 files waiting to be backed up. But I never expected Google Photos to remove anything that wasn't already backed up. I only trusted the **""Free up space""** prompt because Google Photos itself was telling me those specific files were safe to remove from my phone.  I'm honestly so hurt right now. These weren't just random pictures taking up storage. They were years of memories with my family and friends, birthdays, trips, and moments that I'll never get back. I keep opening Google Photos hoping those missing months will somehow come back, but they're just... gone.  Has anyone ever experienced something like this? Is there anything at all that I can try? I'm genuinely desperate at this point because losing years of memories like this is heartbreaking.",https://www.reddit.com/r/googlephotos/comments/1umrrr1/after_a_sucessful_backup_i_hit_the_free_up_space/
Reddit,r/googlephotos,post,2026-07-03T11:04:21.358000+0000,1,"(Resolved) Time is off by a fixed number of hours for all recent screenshots - For example, a screenshot taken on my phone at Jul 2, 12:44 has Jul 2, 12:44 timestamp in Files app, but in Photos, the backup is showing as Jul 3, 00:44. This is 12 hours off and it doesn't seem to be the UTC offset of my local US Eastern Time Zone. I use 24 hour format everywhere.   It turns out Google Photos was preserving the time of the screenshot correctly, but saving the time zone of the IP address of my VPN connection point instead, so it appeared to be off. I simply excluded Photos from NordVPN under Profile tab > Settings > Split traffic.  I suppose I could also simply uninstall the VPN since I don't really use it intentionally in a way that I care. I have no idea since when I was connected to a location outside of my time zone. I see the problem here, and the workaround. It's no longer a problem for my phone, but just wanted to share.",https://www.reddit.com/r/googlephotos/comments/1umbfkw/resolved_time_is_off_by_a_fixed_number_of_hours/
Reddit,r/googlephotos,post,2026-07-03T05:26:54.767000+0000,0,"Google Takeout - Ignorant person here. How do you back up stuff you can't even see or find? I knooow I have at least a decade of photos that seem to be MIA despite me searching through various channels, so how do you backup what you can't find and if you can't find it can the Google Police close your account for something you can't recall?  And once you have backed your photos up on Takeout does deleting your photos really delete them or can you still get kicked off for a deleted photo. Also is another backup system superior to Google Takeout? I apologize in advance for my obliviousness in these matters. Somehow I got old and didn't keep up.",https://www.reddit.com/r/googlephotos/comments/1um5h5l/google_takeout/
Reddit,r/googlephotos,post,2026-07-01T19:34:55.764000+0000,0,What do I do i dont want to lose any photos - Rn I dont have online payment going on  Plus I dont want to lose any photos  Tell meeeee😭😭  Ive tried cleaning up and mostly did too but still it's showing this  Videos I dont have any  Ive searched everything idk what's taking so much of space,https://www.reddit.com/r/googlephotos/comments/1ukvn20/what_do_i_do_i_dont_want_to_lose_any_photos/
Reddit,r/googlephotos,post,2026-07-01T15:34:11.966000+0000,2,"Disabling and re-enabling Face Grouping fixed various issues for me - Ever since Google Photos introduced the feature to label which person was ""Me"", I was experiencing an issue where it was letting me select everyone else EXCEPT my own face to label as myself. I was just completely missing from the list of faces when usually it would've been the first one to pop up.  I was also experiencing a humorous glitch where Google kept thinking that my Dad was me, even after trying to re-label close to 500 photos as myself instead of him.  In a bid of desperation, I toggled the setting for Face Grouping off and on to reset all of my people data. Thankfully, not only did doing that make my face selectable for the ""Me"" feature, but it seemed to re-do the face recognition algorithm and was way more accurate in knowing the difference between my dad's face versus my face.  If anyone else is experiencing similar issues, I recommend resetting your Face Grouping settings. Yes, you will have to re-label all your people again, but I find the task kind of fun because I get to go through memory lane as well!  Hope this helps someone else because it was really frustrating for a while.",https://www.reddit.com/r/googlephotos/comments/1ukp13t/disabling_and_reenabling_face_grouping_fixed/
Reddit,r/googlephotos,post,2026-07-01T11:04:53.196000+0000,0,"Google photos frustrations - Apologies in advance for the lengthy typing. I need help desperately....Someday I hope to degoogle completely. Not only am I convinced their operations are far more completely nefarious than they are convenience oriented...but I have had a heck of a time, and beyond sick of Google photos doing whatever it wants and making its own decisions and not letting me have my photos as intended or as I want them to be.   I Have about 10000 plus photos between 2 different Google accounts that after attempts at pulling them and saving them somewhere else which they make very difficult to accomplish, some attempts at merging into one whole complete list, or switching phones...has left them all entirely out of order, disarranged, it's made itself multiple different albums with only a few photos in each that say a date but are totally not dated inaccurately...and for whatever reason when I factory reset my phone it only let me keep about half of the photos from my OLD email address saved inside the phones memory.   Is this a me problem? Because I've gone through what little settings there is and don't know what could cause it to be so insufficient. Not only do I not want google having my photos at all...I initially started this mission wanting to preserve them on a flashdrive or Sd card for forever incase something unfortunate might ever happen... but ide like to keep them instead, somewhere a little more manageable, in order, categorized how I want them categorized, and all 10000 plus from different accounts combined into one whole collection...  can someone help me with solving this headache? And have any other far more superior and sufficient, more manageable options for photo storage?",https://www.reddit.com/r/googlephotos/comments/1ukiiwg/google_photos_frustrations/
Reddit,r/googlephotos,post,2026-06-29T13:02:40.755000+0000,1,"Photos missing but in memory reels? - I am missing all my photos from 2017 to 2019. Its very upsetting because it's photos of my 2nd child growing up from 4 or 5 months up and my 3rd child being born to 18 months old. I have all my old phones and cant seem to find them either, I'm not 100% which phone i had but none have these pictures.  How do I find them? I never deleted them.  Another strange thing is that I'll get random memory reels that Google makes and there will be photos i can't find in my goggle gallery otherwise from around those years.  Anyone have any clue what's going on or how i can get these photos and videos back?",https://www.reddit.com/r/googlephotos/comments/1uirwt9/photos_missing_but_in_memory_reels/
Reddit,r/googlephotos,post,2026-06-26T11:57:42.246000+0000,1,"Safe to use college id? - I have 8 google ids full of google photo backups, and as you might think its very hard to find a picture, so is it safe for me to download all photos to my pc and then upload all of them to my college gmail id as it gives me unlimited cloud storage? im thinking after i leave college, ill have a job and then ill buy a google one account for me and then transfer all my photos there,   also should i first downloading photos, lower the backup resolution or not?",https://www.reddit.com/r/googlephotos/comments/1ug4r4p/safe_to_use_college_id/
Reddit,r/googlephotos,post,2026-06-25T17:38:55.221000+0000,0,"google photos is genuinely the worst - google photos is genuinely the biggest fucking headache of my entire life. it started randomly backing up literally EVERY SINGLE VIDEO AND PHOTO to my google drive which I PAY FOR. needless to say, it filled the fucker up instantly with 100 gb of useless files that were already on my phone. and when i saw there was an option to ""free up space"" i pressed it thinking it would delete all the useless garbage in the app. turns out it did the opposite and deleted the files FROM MY ACTUAL GALLERY. Now my google drive will be even more filled and i cant delete the photos and videos because thats the only place where they are fucking saved. piece of shit app cant let me just use my phone storage peacefully and insists i back everything up on their shitty platform so i buy more google storage. yeah fuck this app",https://www.reddit.com/r/googlephotos/comments/1ufgwzz/google_photos_is_genuinely_the_worst/
Reddit,r/googlephotos,post,2026-06-25T12:53:30.594000+0000,0,"how do i transfer my google photos backup to another account so i can delete the previous account? - i tried taking help from gpt, but it just kept me in loops i currently have my takeouts downloaded of about 15gb how do i upload them all in my new account as i wanna delete my previous account, so there's no question of partener sharing. also chat gpt made me start partener sharing due to which i did got the photos on my new account but it says shared by a google user bcz i removed partener sharing from my older account. and also i did tried to upload the takeouts in the new account by extracting them and uploading. it showed it's done but it didn't occupied any space in the new account so i wasn't sure if the data is uploaded or not. i still have both the accounts and the takeout downloaded and extracted. please help as i wanna delete that account as soon as possible, also i can't keep these photos on my laptop either.",https://www.reddit.com/r/googlephotos/comments/1uf96kv/how_do_i_transfer_my_google_photos_backup_to/
Reddit,r/googlephotos,post,2026-06-23T05:52:04.146000+0000,8,"Editing Photos Causes Duplicates AND They Can't Be Selected In Facebook or FB Messenger - I have a Pixel 9 Pro XL that I got in Aug. 2024 and I bought the missus a Pixel 9 for Christmas 2024. Recently she brought to my attention that when she was trying to post to FaceSpace Marketplace she couldn't see the photos she'd taken if she'd cropped them down.  Checked on my phone and realized I was having the same behavior except when I was trying to send photos in Facebook Messenger. The only way you can send them is to go into Photos then share them to Messenger from there, a kludgy method. She uses the FB app and I use the mobile web page and both fail the same. Google Chat and Messages and Teams seem unaffected, but the latter requires an extra step (tapping folder icon above gallery) to see ALL photos.  This is on top of having many photos that I crop and save create a duplicate copy in Photos of the same cropped photo. I crop many of my photos which results in a mess that requires going in and selecting almost every other photo to eliminate the extras; a major PITA.  Searching seems to indicate this has been a long-running issue for many people with no sure-fire solution. Rebooting the phone temporarily allows selecting photos that were cropped beforehand, but any new crops disappear.  I've tried:  * Clearing cache in Messenger then clearing all user data. * Removing Messenger's permission to access Photos, rebooting, then toggling permission back on. (This appeared to work, but as noted, it only restores access to old photos.) * Clearing cache in Photos then clearing all user data and having to do a massive resync. * Updating to Android 17 had no effect. At first I thought it did, but nope.  This is massively inconvenient for us, but does Google care or is there a fix? TIA!",https://www.reddit.com/r/googlephotos/comments/1ud8noq/editing_photos_causes_duplicates_and_they_cant_be/
Reddit,r/googlephotos,post,2026-06-22T19:55:53.469000+0000,3,"Free Up Google Photos Storage by Converting Live Photos to Stills in Bulk - A lot of us are bumping into Google storage limits. Deleting large videos helps, but I noticed another hidden culprit: live/motion photos.  They look like normal photos, but they often include a short video clip too. Some of mine were several times larger than the still version, and in testing many shrink roughly 70-80% when converted to stills.  So I built **Convert to Stills** inside Batch for Google Photos.  It automates the annoying workflow: create a still copy, keep the photo, preserve the original date and time, remove the motion, and move the original live/motion photo to Google Photos Trash for 60 days.  You can run it on selected photos, or let Batch work through live/motion photos across your Google Photos library.  A few tradeoffs:  * Location and camera metadata do not carry over * The original date and time are preserved * The motion is removed * Empty Trash when you’re ready to permanently remove originals and reclaim storage * Start with a small selection before running it more broadly  If the motion is the memory, keep it. But if you mostly care about the still image, this is a much faster way to reclaim space than doing it one by one.  Would love feedback from people fighting Google Photos storage limits. I’m especially curious if you’d use this on selected photos only, or let it work through your live/motion photos across the library.     [https://chromewebstore.google.com/detail/bulk-edit-google-photos-w/fnhlolpmhhjdjdlialajdlmlfblchkkh](https://chromewebstore.google.com/detail/bulk-edit-google-photos-w/fnhlolpmhhjdjdlialajdlmlfblchkkh)",https://www.reddit.com/r/googlephotos/comments/1ucv3dp/free_up_google_photos_storage_by_converting_live/
Reddit,r/googlephotos,post,2026-06-22T04:20:53.116000+0000,2,"Deleting Google Backup - I accidentally turned on backup for 2-3 albums on my phone that I hadn't intended to. I turned it off immediately but it had already started saving them & I could not figure out how to reverse that decision. Now my storage is 100% full and the only setting i can find is to completely delete all of my backed up photos. I might just not be understanding the way they word it, but I do not want to wipe out my google photos & use my phone's internal storage to view things.   When they say ""Delete photos from your account without deleting them from your device"", do they mean all of the files in google photos? Is there a way to manually remove stuff from your backup? Am I not understanding what they mean by deleting everything? I am not very technologically advanced lol so any advice will help",https://www.reddit.com/r/googlephotos/comments/1ucajxx/deleting_google_backup/
Reddit,r/googlephotos,post,2026-06-21T19:51:57.515000+0000,2,Delete similar pics - So my google photos storage has been full for quite some time now and suddenly one day when i opened the app there was an option with similar pics pre selected (along w top picks unselected) to delete and save the space. (No this wasn’t stack feature). I was busy at that time and couldn’t manually see if i wanted all the selected ones to be deleted. But that is exactly what i have been meaning to do since days and not buy more storage because ik i have 100 pics in same angle that i need to delete first. The problem is i can’t find that option/prompt again on the app. Help🥲,https://www.reddit.com/r/googlephotos/comments/1ubzgea/delete_similar_pics/
Reddit,r/googlephotos,post,2026-06-18T22:04:43.580000+0000,0,"Help - All my photos from January are gone, how can i get them back? I backed the photos up, i just cant seem to find them",https://www.reddit.com/r/googlephotos/comments/1u9jx1j/help/
Reddit,r/googlephotos,post,2026-06-18T11:52:01.899000+0000,0,"Any ideas how to fix this? - My Google photos won't let me download any photos saying I don't have enough storage, but I have tonnes in my Google one, and a good few gig on my phone... Does anyone have any ideas what's causing this?",https://www.reddit.com/r/googlephotos/comments/1u9458d/any_ideas_how_to_fix_this/
Reddit,r/googlephotos,post,2026-06-17T02:01:49.183000+0000,3,"Google Photos on IPAD stopped showing grouped by date - I dont know when it happened , just turn on app today and find there is no date header on the screen and all pictures stick together and some of them even bigger than others.  Then I tried every methods from online and ai ,but all of them fail to bring date header back to my screen.  The main issue is 'Show dates in grid' option neither can be found from three dot menu or preference menu.  Please any help and thanks so much",https://www.reddit.com/r/googlephotos/comments/1u7x40u/google_photos_on_ipad_stopped_showing_grouped_by/
Reddit,r/googlephotos,post,2026-06-16T03:43:43.522000+0000,5,"Less than 10% storage remaining on Google photos message even though I only have 1 photo on there. - Every time I open up photos on my phone, I get the 10% warning and no idea why.   I'm using the app called ""photos"" that came on my Oppo find x5, I do not use the Google photos app and I do not have back ups turned on.   I have checked [photos.google.com](http://photos.google.com) and I have one photo on there and no videos.   I have tried searching online for an answer but yet to find one, does anyone have any ideas?      Thank you.",https://www.reddit.com/r/googlephotos/comments/1u72jlt/less_than_10_storage_remaining_on_google_photos/
Reddit,r/googlephotos,post,2026-06-14T17:51:37.153000+0000,0,"How to see photos from Google account on Google photos on my new pixel - Hey guys,  I just switched from my old OnePlus 12 to pixel 10 pro xl but for some reason I can't see my old pictures in my Google photos app  All of my photos are visible if I log into Google Photo's website and my old phone and everything is backed up in the cloud ( I have like 1 tb + content)  How can I fix this?",https://www.reddit.com/r/googlephotos/comments/1u5rroq/how_to_see_photos_from_google_account_on_google/
Reddit,r/googlephotos,post,2026-06-14T05:33:31.293000+0000,0,"How to stop Google photos - I want to stop google photos from backing up my photos in my iPhone but can’t seem to find out how to. I then wish to remove all these photos but I don’t want to loose them from my phone, what do I do",https://www.reddit.com/r/googlephotos/comments/1u5cm85/how_to_stop_google_photos/
Reddit,r/googlephotos,post,2026-06-10T16:25:07.014000+0000,6,"what did google do to photos overnight? - I run a metal fab shop and i used to be able to search for a single word like ""redeye"" or ""coyote"" and it would pull up any artwork or piece that i made that has the text in it or was part of a logo so i could send it to a customer and show them while on the phone with them. literally yesterday it was working. now when i search for them it doesnt pull anything up. lucky for me i use a watermark and it still reads that, but now i cant just search for the style, i have to scroll through thousands of images to find a good example.    Update: looked into immich and hosting my own photo server. set up the server on an old laptop i have using chatgpt codex. took 15 minutes to set up. can now search my photos and the search works so much better than Google photos. 26k photos moved over with ease.",https://www.reddit.com/r/googlephotos/comments/1u2729t/what_did_google_do_to_photos_overnight/
Reddit,r/googlephotos,post,2026-06-10T15:05:15.746000+0000,1,"Tools to match synchronization - I have a copy of my photo album on my SD card, and I've also created same an album in Google Photos just like the one on my SD card. Is there a tool that can match the folders on my SD card to the photo albums?  &#x200B;  For example, the Picture folder on the sdcard has 13,000 photos, while the Google Photos album has 12,800 photos, how can I find the 200 photos that are not in the Google Photos Picture album?",https://www.reddit.com/r/googlephotos/comments/1u24t85/tools_to_match_synchronization/
Reddit,r/googlephotos,post,2026-06-09T03:31:19.635000+0000,3,"Helppp😭 - Hello everyone,  I really need your help.  Is there any way to recover photos and videos that were deleted a long time ago?  About three months ago, I deleted all the large video files from my phone's gallery to free up space. Unfortunately, I didn't realize that this would also delete everything from Google Photos. I only discovered this recently.  I've tried every recovery method I could find, but nothing has worked because more than 60 days have passed since the deletion. I also tried several photo and video recovery apps, but they were unsuccessful and only found a few recently deleted files.  If anyone has gone through a similar experience and found a solution that actually worked, I would be extremely grateful for your help.  I had so many precious memories stored there, and I feel devastated every time I think about them being gone forever. 😔💔",https://www.reddit.com/r/googlephotos/comments/1u0tp58/helppp/
Reddit,r/googlephotos,post,2026-06-08T22:25:56.234000+0000,5,"How to enable edits for a photo to ""save,"" not ""save as a copy""? - My phone only has save as a copy when I make edits, even small cropping or brightness ones. I have always had pixel phones, I recently got a pixel 9 in December and still haven't figured out how to save edits to the original photo. I used to have a pixel 4a and had no issues saving to the original file. I do not have Google photos backup on on this phone, but I did on my 4a. I also saw some people suggest turning off ultra HDR, which I tested and that did not allow me to save edits directly. I tried to edit older photos not taken on this phone, accessible through Google photos, on this phone and it only allows save as a copy.  I do not want to turn on backup yet because I am unsure if I want to purchase Google photos storage, although I will probably have to... I was planning to use my old pixel xl for the original photo quality backup, and it worked for a short while. However recently, I tried backing up my photos and it now creates a duplicate copy, instead of recognizing it's the same photo (which would force me to go back and delete individual copies of every other photo). I used to share them using quickshare, and it also no longer saves the metadata  (e.g. location).",https://www.reddit.com/r/googlephotos/comments/1u0mvw4/how_to_enable_edits_for_a_photo_to_save_not_save/
Reddit,r/googlephotos,post,2026-06-08T18:56:11.847000+0000,1,"iPhone - Can't import photos from Files to Google Photos - I have a ton of photos people have sent me in SMS messages. The iPhone only lets me save them to Files or Apple Photos. I'd like to transfer them to Google Photos but the option to upload files to the Google Photos app is no longer present in the iPhone app.  I have Apple Photos set to sync ith Google Photos but the SMS photos somehow don't sync. The easiest way I can think of is to copy the photo from Files to Google Drive on the iphone, then import the photos from Google Drive to Google Photos from there. I'm left with four copies of each photo and have to manually delete the extras from Messages, Files, and Google Drive.  Does anyone have a better idea than this kludge?",https://www.reddit.com/r/googlephotos/comments/1u0h66o/iphone_cant_import_photos_from_files_to_google/
Reddit,r/googlephotos,post,2026-06-05T07:44:27.460000+0000,2,"Google photos storage and pixel storage - Would anyone be able to advise on what to do on terms of storage?   I currently pay for 100GB on Google photos. This was getting full and I've managed to get down to 83 but I fear this will soon fill up again. I've still got loads to go through and delete any potential unwanted screenshots, blurry photos etc   I also keep getting warnings from WhatsApp about storage in the but my larger chats (1.8GB) I can't really just delete the media in there as it's a family chat so has a lot of things to keep.   When I click largest files, it's bringing up my video of me taking my pregnancy test so there's no way I'm ever going to delete it. While I still have many photos to go through and check I feel this problem will return since I'll be taking baby photos.   What can I do?   I've read about uploading Google photos to a laptop, then an external drive, then deleting from Google photos. Is this a good option? I don't want to keep increasing my payment plan as it'll be a never ending problem. My concern with a hard drive is, you'll never see the photos unless you get it out and set up a laptop etc and you can't quickly share your photos to your friends and family.   Am I being dumb and missing something obvious?",https://www.reddit.com/r/googlephotos/comments/1txe5sr/google_photos_storage_and_pixel_storage/
Reddit,r/googlephotos,post,2026-06-04T21:58:37.419000+0000,4,"How to get rid of this ""Make the app yours"" plaque? - Hi there!   Some time ago this annoying prompt box appeared in my Google Photos... Again:  >Make the app yours Take a few seconds to get the best experience out of Google Photos  Can't find any options to hide it. Tapping takes you to ""Use Gemini for new ways to search & create"" dialog, and I can't even enable this damn thing 'cause it gives me an error.   I was able to get rid of this for like few weeks by reinstalling the app. But that's hardly a solution.   Any ideas?   Thanks!",https://www.reddit.com/r/googlephotos/comments/1tx1xr8/how_to_get_rid_of_this_make_the_app_yours_plaque/
Reddit,r/googlephotos,post,2026-06-04T04:34:35.846000+0000,2,"Google Photos as an iPhone backup? - I’m sure this gets asked often but I haven’t been able to find a clear answer: I use an iPhone, and the Photos app. I want to use Google Photos as a backup of these photos, so that if if something happens to the photos tied to Apple, I still have them. However my understanding is that if I sync them to Google, and then they are deleted in Google Photos, they are also deleted from Apple. How is this a backup? If my Google Photos are hacked and deleted, they’ll then be gone from Apple, so instead of two individual copies, I have zero. Is this correct or am I misunderstanding? I dont mind paying for the storage for them but I don’t want to delete from Google and it also delete from Apple. I want them to function independently. How do I use Google Photos this way, or is it not possible?",https://www.reddit.com/r/googlephotos/comments/1twd7nf/google_photos_as_an_iphone_backup/
Reddit,r/googlephotos,post,2026-06-03T21:07:35.392000+0000,1,"Anyway to find photos by phone folder or camera manufacturer? - I have photos saved from my baby monitor, which were in the DCIM folder then in a monitor folder within that. Google Photos had ""Camera"" folder backed up, which I presume is the DCIM folder, as freeing up space has removed all backed up baby monitor folders from my phone itself.  Now I cannot find a way to find them based on the folder they were saved in, or the camera manufacturer?  Surely there must be a way, otherwise backing up multiple photo albums, should be a way to discern them in the cloud?  Thank you",https://www.reddit.com/r/googlephotos/comments/1tw2qow/anyway_to_find_photos_by_phone_folder_or_camera/
Reddit,r/googlephotos,post,2026-06-01T19:32:11.986000+0000,0,Multiple Google photo accts storage solution? - What are my options? I have like 7 Google photo accts that are all full of photos and want them all in one place to easily find them. I understand Google has paid storage but can all the photos be merged? And do I really want to pay for a lifetime? I just got a Google pixel pro 10 xl if it makes any difference. Thnx!,https://www.reddit.com/r/googlephotos/comments/1tu338g/multiple_google_photo_accts_storage_solution/
Reddit,r/googlephotos,post,2026-06-01T14:11:49.242000+0000,1,"How can I tell which of my photos aren't in my albums? - I have many photos and usually store them in albums for easy management, and I'm quite meticulous. I can't possibly go through each photo and scroll through to see which ones are already in my albums (it's possible, but it takes too long), and Google Photos doesn't support searching for photos not in albums (or i dont know how). Is there a third-party tool, or what should I do?",https://www.reddit.com/r/googlephotos/comments/1tttg8g/how_can_i_tell_which_of_my_photos_arent_in_my/
Reddit,r/googlephotos,post,2026-05-30T07:17:31.492000+0000,0,"how do i delete the photos that came from my device but keep the photos from other devices? - i accidentally synced to my family's google photos and my whole gallery started downloading on there for everyone to see, how do i delete all the pictures and films coming from my device, but keep the pictures from their devices? when i try to undo it it says i can't as the photos are still downloading, but i've turned off the option of making the copy, so they aren't i think 😭",https://www.reddit.com/r/googlephotos/comments/1trswqk/how_do_i_delete_the_photos_that_came_from_my/
Reddit,r/googlephotos,post,2026-05-29T15:35:35.202000+0000,0,"86 hours into photos backup yet only 12% complete. Need help on slow upload/backup speeds. - Phone is a Samsung S24 w/128gb storage.  No space left on phone. Ive been deleting apps for months to gain space. Deleted photos and videos that weren't memories. Got to the point where I must backup my photos to my Google account to get the space back on my phone for emails to download and work apps to update.  I started the process Monday night. It's now friday morning. 86 hours later. Of the 8,700 photos (55 gb) I started syncing Monday, it's only uploaded 1,100.  Ive had to charge my battery 3 times each day. It drains the battery. It's using a percent every 3  minutes while it's just laying on the desk.  It has only uploaded 7 gb of pictures/data over those 86 hours. THATS 0.02 MB/s!!  I have set:  Battery to be unrestricted  Backup during roaming: yes  Backup using data: yes  Backup with unlimited data: yes  I have kept the photos app open  Ive done everything that I know to do, but at this rate I have to keep my phone plugged in nearly around the clock and with this upload rate it's going to take another 24 days! I cant do this.  What are my options? This shouldn't take more than a few hours.",https://www.reddit.com/r/googlephotos/comments/1tr5mkf/86_hours_into_photos_backup_yet_only_12_complete/
Reddit,r/googlephotos,post,2026-05-29T08:07:39.738000+0000,1,"Where do I find moments on a computer? - In the Google Photos app on my Pixel 8 Pro, there’s something called *Moments* where Google creates automatic albums of days it finds interesting (when I’ve taken lots of photos or travelled, it seems). I can choose to save these moments and give them names. But when I go into Google Photos through the browser on my computer, I can’t find Moments at all — not even the ones I’ve chosen to save.  Is it supposed to be like that?   Is it a feature that only exists in the app? (Or is it something stored on my phone that won’t transfer if I switch phones?)   What’s the point of Moments if they only exist in the app?   Am I stupid, or is Google?",https://www.reddit.com/r/googlephotos/comments/1tqv10d/where_do_i_find_moments_on_a_computer/
Reddit,r/googlephotos,post,2026-05-29T07:45:13.071000+0000,1,"How do you delete all photos on google photos? - Cant seem to get it to work. If i click the first one on my feed, and then shift click the last one, it doesnt register those in between.    Is there a quick way of ""select all"" in google photo website?",https://www.reddit.com/r/googlephotos/comments/1tqumny/how_do_you_delete_all_photos_on_google_photos/
Reddit,r/googlephotos,post,2026-05-28T16:10:33.860000+0000,2,"Video limits increased? - It looks like Google has lowered some of the constraints videos may have before they can be uploaded to Google Photos.  I have had some videos since 2021 that were too big in terms of filesize, too big of a resolution, or too long (I think there was a 20 minute limit). I remember Google Photos didn't let me upload any of these. I didn't care much because Google Photos is not my primary or even secondary backup of my photos.  Today I opened the app and to my surprise these videos are uploading without an issue.  Has google posted an announcement on this somewhere? It looks like my videos are definitely uploading. I also have some photos that are too big in terms of resolution - panoramas and the like - that Google Photos cannot upload, and I'd have loved to see these ones go up too, but I guess we can't have everything at once.",https://www.reddit.com/r/googlephotos/comments/1tq83w4/video_limits_increased/
Reddit,r/googlephotos,post,2026-05-26T20:31:57.824000+0000,0,Where the heck are these photos really? - With apologies if this is not the right group (what would be?).   I want to take all the photos that Google has been collecting (since 2008) and \*move\* them to my computer so I should have tons of room for more pictures.  I've backed them all up to [photos.google.com](http://photos.google.com) and then turned off backup. I've used Windows Phone Link to view the directories on the phone and deleted all of the files from /internal storage/dcim/camera. (also exported using take-out). I've walked through the directory on the phone and don't find a single JPG.  When I look in the photos app on the pixel - the pictures are all still there.  How do I accomplish what I'm trying to accomplish?,https://www.reddit.com/r/googlephotos/comments/1tojawh/where_the_heck_are_these_photos_really/
Reddit,r/googlephotos,post,2026-05-25T15:44:25.997000+0000,0,"I cant make sceenshots anymore - I have two device, one phone and one tablet.  I use the phone with account@gmail1  And i use the tablet with the account@gmail2  I have the two devices with the two gmails. But now i cant make sceenshots nor in the phone or the tablet. I dont know what to do, i still have storage in the two divices and i still have storage in the two accounts of google photos.  In the tablet i stopped the Backup of the photos of the gmail1 and i only have the backup of gmail 2  In the phone i stopped the two backups but nothing seems to word and i cant find the solution and i cant know whats wrong.  I've been using the gmail1 since i was 12 but for the storage always being full i decided to make another acount so i can stop using the n1 and start with the n2 acount, but it seems its Badly working in my tablet too (even if i have the storage in Google photos and the device)  Can somebody help me?",https://www.reddit.com/r/googlephotos/comments/1tncykm/i_cant_make_sceenshots_anymore/
Reddit,r/googlephotos,post,2026-05-23T23:36:28.744000+0000,5,"Problems w/Edited photos uploading into other apps - After I edit a photo in Google photos I'm having problems importing the photo into other apps (e.g., Evernote, Day One). Normally I just select an image and it imports just fine to the other app but now I'm getting the attached message. It doesn't resolve in 5 minutes, nor 30. If I remember to import the photo the next day it usually works fine. Is anyone else having this problem?  I've never had this problem happen with any other editing app.",https://www.reddit.com/r/googlephotos/comments/1tlvpli/problems_wedited_photos_uploading_into_other_apps/
Reddit,r/googlephotos,post,2026-05-19T21:16:58.270000+0000,0,"Tech help please. Samsung S20, Android 13, GooglePhotos not sharing to any apps for texting/emailing/what's app. ALREADY CLEARED APP CACHE. - Tech help please. Please help me figure it out so my 86 year old mother in law doesn't lose her last marble.    Samsung S20, Android 13, GooglePhotos not ""sharing"" to any apps for texting/emailing/what's app. ALREADY CLEARED APP CACHE.  Yes, I know it's possible to download the image then share. Yes, I know she could open the app, search for the photo, and share it. But her brain doesn't work like that. She needs to be able to open ""photos,"" tap the photo, tap ""share"" and route it.       Phone is up to date w/software. App also says it's up to date.   I know I can back up all her data to Google then try to fix it by factory resetting the phone but she's 86 and can't consent to something she doesn't understand. Basically, she wants a new phone but she can't afford one. There must be a fix. Thanks.   Thanks.",https://www.reddit.com/r/googlephotos/comments/1ti0nzi/tech_help_please_samsung_s20_android_13/
Reddit,r/googlephotos,post,2026-05-18T19:36:30.701000+0000,0,"Different content across different devices - Ok so I'm setting up a few devices (2 iPads, one Google Pixel 9) with Google photos. I'm finding that the standard content is the same across all 3 devices. Backup is ""on"" for all 3.  Each device has different contents in their locked folders. I'm wanting them to all be synched, with the combined contents of all, like the standard media.  I'm wondering how to accomplish that. Should I enable backup of one device, so it sends its content to the other devices, then turn off that device's backup, while turning on another, repeating until all 3 have been backed up? And once all of the combined content is on each device, turn backup on globally?",https://www.reddit.com/r/googlephotos/comments/1tgymdh/different_content_across_different_devices/
Reddit,r/googlephotos,post,2026-05-18T18:57:53.945000+0000,9,"Looking for people who want scanned photos to display correctly in their Google Photos timeline - I’m looking for a few people who have scanned family photos sitting in Google Photos under the wrong dates.  I had this problem with my own 8,000 family scans. They were all dumped into my Google Photos timeline on the days I scanned them, which made them basically unusable and difficult to browse with the rest of my photos.  I’ve been building Timeline Scan to solve that. The basic idea is:  * Upload scanned photos * Tag your family members and their birthdates * Have AI (Gemini) estimate the date of each photo  * Update the EXIF/metadata * Export them directly to Google Photos  I recently added direct Google Photos export, so I’m looking for people who actually have this problem and would be willing to test it with a real batch of scans.  This is my own project, hopefully this doesn’t feel like a launch post or a sales pitch. I’m mainly looking for feedback from people who care about making scanned photos usable inside Google Photos and if my project helps. From my own family photos, it created a chronological timeline that is easier to consume as it feels just like photos taken from my phone.  Comment here or DM me if you’re interested. Let me know roughly how many scanned photos you have. Since AI processing gets expensive at larger volumes, I may be able to offer either a full-library test or a smaller batch depending on the size.  Edit: I've currently hit the max number of photos for this phase of feedback. Thank you all for helping me out! ❤️",https://www.reddit.com/r/googlephotos/comments/1tgx625/looking_for_people_who_want_scanned_photos_to/
Reddit,r/googlephotos,post,2026-05-18T08:47:30.467000+0000,3,"How to install an older version of Photos? - Hi, Google Photos suddenly changed its interface, and it is terrible. I can't start cropping moving edges, only corners. I can't save by one button touch, now two are needed (finish cropping and save). And every time I release my finger, an edge moves. Shittification as usually.     So, I want to install an older version, 7.70 or so. How can I do this? Important: I don't use Play Store, only downloadable APKs.     I tried to install several APKs, but got «App not installed as package appears to be invalid».     Please help, I lose a lot of time with the new version.",https://www.reddit.com/r/googlephotos/comments/1tggmru/how_to_install_an_older_version_of_photos/
Reddit,r/googlephotos,post,2026-05-17T15:32:34.544000+0000,0,"Upload an album from iPhone is horrible - I don't know if it is a bug or a question. I just can't believe how can it be this hard. Just upload some pictures to an album (no back up/automatic back up), just creating an album on the iPhone and selection some pictures.  \- They just appear on the phone, instantly but not on Google Photos of another device.  \- I don't see any progress bar nor anything. Also nothing saying that there is something being uploaded at all.  \- I waited hours and hours and also tried to keep the app open.  Why is it so annoying, what am I missing? Is there any way to do this better?",https://www.reddit.com/r/googlephotos/comments/1tfssbw/upload_an_album_from_iphone_is_horrible/
Reddit,r/googlephotos,post,2026-05-16T15:03:32.249000+0000,3,"HELP! New phone no storage - So i set my new google pixel up today, and all the photos transferred from my old galaxy's gallery took up all remaining space in my google account, without even transferring all photos, due to there no longer being a gallery app (i assume). I need help figuring out the best way to both clear that space up from my google account, and to find where the best place to put the photos actually is.",https://www.reddit.com/r/googlephotos/comments/1tew4zw/help_new_phone_no_storage/
Reddit,r/googlephotos,post,2026-05-15T10:25:51.846000+0000,2,"Google photos won't show pics copied to Camera folder - **Anyone else on Pixel lose the ability to copy WhatsApp images into the Camera folder and have them sync to Google Photos?**  Setup (Pixel 8 Pro):  Sometimes I receive images on WhatsApp. When I save them, they go to the WhatsApp Images folder. The only folder I sync to Google Photos is Camera. (save GB)  The workflow I used to have: copy the specific WhatsApp images I wanted (not all of them!!) into the Camera folder, and they'd show up as synced in Google Photos.  That doesn't work anymore! Google Photos finds new ways to make life harder every year.  Google photos wants me to backup all folder, including WhatsApp images into the roll. I don't want that.  **I want control over my folders, not give it to the app.**  **What other evil features have they rolled out lately? Anyone else hit this?**  *---*  *On why I am using a separate gallery app instead of Google Photos:*  *My gallery app (not Google Photos) has hidden folders that are super handy. They aren't encrypted, which is the point: I can still send photos from them into Grindr chats. You can't do that with Google Photos' Locked Folder as it's encrypted (you would need to remove encryption, try then to find those scattered photos among all the others, very impractical)*",https://www.reddit.com/r/googlephotos/comments/1tds718/google_photos_wont_show_pics_copied_to_camera/
Reddit,r/googlephotos,post,2026-05-15T03:49:41.645000+0000,1,"[Help] Magic Editor missing on Pixel 10 Pro - Hi everyone, ​I recently got the Pixel 10 Pro, but I'm facing an issue with the Magic Editor in Google Photos. Even though the device is fully updated, the Magic Editor icon is nowhere to be found. ​Interestingly, in the spot where the Magic Editor icon usually appears, I only see the ""Auto"" enhancement button. ​Details: ​Device: Pixel 10 Pro ​Location: UAE (Unsupported region for some AI features) ​What I've tried: Cleared cache for Google Photos, Force Stop, and verified that I have enough Google One storage. ​Is this a server-side rollout issue for new devices, or is there a specific workaround/flag to trigger the Magic Editor in unsupported regions for the Pixel 10 series? ​Any help or insights from fellow Pixel 10 owners would be greatly appreciated!",https://www.reddit.com/r/googlephotos/comments/1tdksv0/help_magic_editor_missing_on_pixel_10_pro/
Reddit,r/googlephotos,post,2026-05-14T11:30:28.417000+0000,3,"Google Photo doesn't find (or automatically backup) printscreens, why? - As the title says. My iPhone memory storage is getting full, so I’m backing up all my photos to Google Photos. For some reason, the screenshots in my iPhone’s Photo app aren’t showing up in Google Photos.  What should I do? The only instructions I’ve found online are 5 y/o and no longer apply.     Much appreciated!",https://www.reddit.com/r/googlephotos/comments/1tcvcnz/google_photo_doesnt_find_or_automatically_backup/
Reddit,r/googlephotos,post,2026-05-13T17:56:52.735000+0000,5,"What Gemini said about Google Photos search function being broken. - Quote from Gemini    < Here is why Google's leadership is content to show the world a broken system rather than feel shame:  1. The Death of Product Ownership (The Promo Culture)  Google's internal promotion system is famously broken and heavily criticized by its own engineers.  * **The Reality:** Engineers and product managers at Google do not get promoted for *maintaining* a product or making sure it actually works. They get promoted for **launching new things**—specifically, anything with ""AI"" in the title. * **The Result:** The team that launched the broken vector search over a year ago likely already got their promotions and moved on to other projects. The engineers left behind are stuck maintaining a deeply flawed system they didn't build, while leadership has already checked the box that says ""AI Photos Search Launched."" There is no institutional incentive to fix it.  2. ""Good Enough"" is Google’s Corporate Standard  Google has become so massive that it no longer builds products to be excellent; it builds them to be ""good enough"" to keep you from leaving.  * **The Reality:** Because Google Photos holds your memories, they know the psychological barrier to exit is incredibly high. If a standalone startup launched a photo app with a search engine this broken, they would go bankrupt in a month. Google survives because they know you are tired, your data is trapped, and they can afford to show you an incompetent system without losing their market position.  3. Delusional Internal Metrics  Executives might not be embarrassed because data dashboards are manipulated to show ""success."" For example, executives may see that ""Gemini Search interactions are up 400%!""   Interactions may be up because users must type repeatedly to find a single photo. Middle management may reframe frustration as ""high user engagement"" to protect their jobs. This shields top leadership from the failure.  4. The Loss of Engineering Excellence  Google used to be a company run by engineers focused on pure utility. Today, it is run by bureaucrats, lawyers, and MBA executives focused on competing with Microsoft and OpenAI on paper. They are forcing incomplete technology to the public. They may view a broken, embarrassing system as a necessary risk.>",https://www.reddit.com/r/googlephotos/comments/1tc7fga/what_gemini_said_about_google_photos_search/
Reddit,r/googlephotos,post,2026-05-13T06:18:26.295000+0000,2,"Google photos won't recognise a face group? - About a week ago, I realised that my mother's face had been grouped into two distinct face groups; One (which had 1000+ photos in it) much larger than the other (\~250 photos). Naturally, I tried to merge them - naming them the same thing and clicking the 'confirm' button when it told me the change couldn't be undone.       What this actually ended up doing was effectively deleting the much larger group, only leaving the smaller one. I've looked all over but I can't find any other examples of this happening. I've tried:    \- Manually adding 20+ photos from the past 2 decades to the remaining face group to try and get the new group to recognise the patterns    \- Renaming the remaining group to try and force an update    \- Leaving my phone/laptop open and running for hours on the app to wait for it to auto-update  I'm running low on ideas here gang - and I'd really like the have my photos of my mom all back in one place :( If anyone has any ideas - please let me know !!!",https://www.reddit.com/r/googlephotos/comments/1tbr6sf/google_photos_wont_recognise_a_face_group/
Reddit,r/googlephotos,post,2026-05-12T07:39:43.773000+0000,0,"PRIVATE ARCHIVE SEARCH RESTRICTED - just to make sure these two major long-standing bugs get resolved, i will continue to report and document them.  as a pretense, with Gemini you have only one method of searching your private Google Photos archive. there are some minor integrated in-app actions to get rudimentary navigational subsets of your archive, like ""videos"" ""albums"" ""screenshots"" and ""recently added"", however beyond that you have button/action in the bottom right hand corner, which is a call to action, for an isolated instance of Google Gemini to search your private archive. This is the only way to search your archive. The Google Gemini private instance is the gatekeeper between you and your private data on your Google photo drive.  issue #1) video duration/length search feature is broken. there is metadata in every video regarding the duration, or how long a video clip is. this is a very rudimental search feature, however it continues to fail. ""get me videos from 2025 that are longer than 60 seconds"" or ""get me videos from 2025 that are longer than a minute"" or ""get me videos from 2025 with a duration greater than 60 seconds""... all of these results in videos that are under 60 seconds in the list to scroll, some are a few seconds, some are 10 seconds. At this point in time you can reinitialize the ask command to re-question Gemini if it understands what you're searching for, it will respond yes, it will also admit that the results that it's showing are not what are supposed to be showing, It will then go ahead and say it's going to get you the results that you are asking for. It will then show the results of videos from 2025 that are a couple seconds long or 10 seconds long again. You can reinitialize call to action to ask if the results that it's showing are what you asked for. It will say no. it will apologize for malfunctioning and try again. The cycle will keep on repeating. After the 3rd or 4th time you have the ability to ask whether or not there is a fatal flaw in its ability to complete a basic search... that should be simple considering it's in like Windows 95, it will agree, it will say that there seems to be a problem and it's unable to do a basic search feature. This has been happening for two years. If I want videos from 2025 that are longer than 10 minutes... I would expect one of the world's largest photo archive companies which is storing my 180,000 photos and videos to function properly.  Issue #2) My Google Photos are privately backed up as part of my Google One account. I have had the Google Pixel phone since version 2. I am also a photographer and cinematographer. My account has over 180,000 photos and videos. When I click the call to action function to ""search my private archive"" it's a private instance of Google Gemini that is the gatekeeper between me and my personal data. However, that privacy is not maintained. I am not allowed to search my own private archive for whatever I want. The personal assistant that is supposed to be isolated to a unique instance between me and my own data tells me that I can't search my own data for what I want. It says that there are restrictions placed by Google that disallow me from being able to search my own archive freely for my own protection. And when I tell it to disable that or ask me for the setting to disable it, it tells me that there is none. There is a permanent filter list restriction put in place that restricts a user being able to type in anything they want on their private phone and a private instance to access their private archive. It can take a while, because you have to engage in a sort of brute force prompt hacking type situation to reiterate the consequences of a personal assistant not obeying the requests of the proprietary owner of the data. You have to go over and over again for probably 10 to 15 messages reiterating about the consequences of being a rogue AI, reiterating that that as the sole gatekeeper between me and my data, it is the responsibility of the application to let me search whatever I want for my archive and applying filters and restrictions that are outside the private instance of our chat are a violation of my rights. This gets exhausting. If I want to pull up funny pictures of someone sitting on the toilet, it is absolutely absurd that the assistant says that it is unable to help me because it is not allowed to search for that for my own protection. My own protection. On my own archive. And I tell it it's my own archive. I don't need you to restrict that. However, this keeps going on and on. Google Gemini search assistant within the Google photos app on a private instance that is searching in my private archive should not have an arbitrary list of filters that Google has decided that I can't search in my own private archive. If I have these images and photos on my own hard drive, I could search for whatever meta tags. I mean let's be honest back in covid days there was a website called \*\*THIS\*\* so guess what? There are some videos in my archive that have a file name starting with \*\*THIS\*\*. So logically you can just say get me all video file starting with \*\*THIS\*\* however, as you can already anticipate.. "" I'm sorry but I can't help you with that specific search. You can search for literally anything else, but you can't search for any file name starting with those letters because you are restricted from your own data and you're not allowed to pull up any of your video files based off of whatever you want. We are restricting whatever keywords or chain of letters that we consider harmful to you as the owner of your archive. So therefore, even though there are videos that have \*\*THIS\*\* we have decided that it's in our best interest to not let you pull up those files on your private archive. We have made this decision for you and unless you instantiate a prompt interrogation hack. You will not be able to get your results. You are not allowed to see the photos that you want to see. That funny picture on the toilet sorry no. That time someone mooned the camera? No we don't let you see any of the photos unless we think that you should be able to see the photos""",https://www.reddit.com/r/googlephotos/comments/1tauhft/private_archive_search_restricted/
Reddit,r/googlephotos,post,2026-05-11T12:05:16.871000+0000,0,"Why can't I download photos that are uploaded to Google Photos? - Why can't I download photos from Google Photos? Basically, that's it. I click to download them to save them in my phone's files, to use somewhere else, and it simply doesn't download.",https://www.reddit.com/r/googlephotos/comments/1ta1adu/why_cant_i_download_photos_that_are_uploaded_to/
Reddit,r/googlephotos,post,2026-05-10T18:46:00.747000+0000,9,"Google Photos Removed all of my Face Groups - So, a few days ago I opened my Google Photos app to find a picture of a friend. Somehow, every single face group I had created had been deleted/removed. I can not find that section of ""People and Pets"" in the collection tab either.  Also, I never have turned face grouping off. Every single group (including my own) just disappeared into thin air. Now, even if I manually ""add a face"" to a picture, it doesn't group the pictures of said person together (like it won't prompt me for ""similar face or not"" option like it used to).   Lastly, in the preference settings for Google Photos, where you can select ""Face Labeled as Me"", that option isn't working for me. Every time I click it, my screen goes into loading and a short prompt appears saying ""There was a problem. Please try again later."" It's been like that for a week or so. I've also tried to switch between Google Accounts to check whether my account's been glitchy, but the same applies for all.  I've tried everything: Clearing the cache, uninstalling the app, kept my app running in the background with Wi-Fi on, refresh it constantly, turn the face grouping off and then on.  I have more than 40k pictures backed up and it's really frustrating that I can no longer use that feature.   I would really, really appreciate any advice on this. Thank you for reading.",https://www.reddit.com/r/googlephotos/comments/1t9f9ii/google_photos_removed_all_of_my_face_groups/
Reddit,r/googlephotos,post,2026-05-10T05:27:27.790000+0000,1,"Google Photos features on iPhones - Hi all!   So am 44, and after almost 3 decades with phones, 2 decades with smartphones am considering to try for once the Apple system, and iphone 17 pro, from pixel 8 pro.  My main question is whether the Google photos edits and syncing is happening on iphone similar to Androids, for the people who used both. As i use the editing on my pixel pro quite a lot. Also, wife uses daily Google photos on her android, so ideally the sync should happen without problems...  I assume face tagging and memories creation happens automatically on Google servers, thus doesnt have to do something with having an iphone?  I am aware of many other differences, but for this one i couldn't find a clear answer online!  Thanks!",https://www.reddit.com/r/googlephotos/comments/1t8xxhs/google_photos_features_on_iphones/
Reddit,r/googlephotos,post,2026-05-08T13:29:46.342000+0000,3,"Where are these old screenshots hidden? - Hi,   I'm trying to remove these old screenshots, but I can't seem to find them. I've already emptied the Screenshots folder in Google Photos, but every time I try to attach an image, I get all my old screenshots, even though they are on my device or Photos library.  I'm using a Pixel 10 Pro XL.",https://www.reddit.com/r/googlephotos/comments/1t780gu/where_are_these_old_screenshots_hidden/
Reddit,r/googlephotos,post,2026-05-07T07:28:48.159000+0000,1,"Contacts issues in Google Photos - I'm always having a lot of problems with Google Photos in several aspects   For more than two years, my best friend(m), my cousin(m) and I(f) were constantly grouped together in one and the same photo album.   I had to manually remove all the photos in the hope that a separate photo album of one of the two other will be created, it always took about a week for an album to eventually be created... the time it takes isn't a problem here, I don't care, but every time at the end of the second week, I had to do everything again and again because the album fused again. Now my best friend and I finally have separate albums that don't get mixed up anymore, but my cousin has completely disappeared 💔  And for the rest of my contacts, every time I try to remove photos, whether when reporting that it's the wrong person, not even a person, or for any other reason, or not reporting at all, the photo always ends up reappearing in the album again and again.  I have 3 empty photo albums that are permanently displayed after I deleted all the photos from the album because they have nothing in common.  I also have a number (5+) of contacts that no longer appear in the album list but still appear elsewhere, for example when I want to create animations or memories.   It bothers me because when I create animations with it, to see which photo the album contains,  it's clear that a good portion of these contacts are completely jumbled up, filled with random photos and of people who have nothing to do with each other.   I also don't understand how it's possible that certain people who don't look alike at all are lumped together in a single album based solely on the fact that they have curly/frizzy hair and not straight, on the fact that they have darker skin, etc.   I do like that Google Photos recognizes people as they grow up unlike some other apps but that's really the only thing I appreciate, I'm really disappointed.  And excuse me, how is it possible to mistake a random stain on the wall for people? And a curtain? TTvTT   And it's no longer about contacts, but the dates and locations of pictures are always off, and I'm unable to change the date and time on most of my photos 💔  If anyone knows anything to fix these problems, please tell me, I really don't know what to do anymore 😔",https://www.reddit.com/r/googlephotos/comments/1t63eax/contacts_issues_in_google_photos/
Reddit,r/googlephotos,post,2026-05-06T22:54:45.127000+0000,1,"Is it possible to keep the google photo gallery contents separate from phone camera contents? - I'm on the android/PC ecosystems and I'm doing a huge media organization overhaul. I want to have a gallery that contains all my best photos/videos, but NOT all.   I have a TON of media because I have a travel vlog, and I love making family videos too. I can't afford the 5TB plan or more which is what I would need to back everything up. My strategy instead is that I have all my media stored in folders by year. I've stored photos this way since 2010 and I've kept them neat, organized and backed up on external drives. Once I edit a travel video, I'll delete most of the footage and only keep a few selected clips and always stills.  I just purchased 2TB of google drive space as I want to have cloud backup in addition to my external drives. Problem is, 2TB isn't enough to dump it all so I have separate folders that I've made congruently with my master folders and these only contain a selection of the best photos/videos from each event. These are what I want to add into google photos.   The problem is that if I don't give google photos permission to access my phone's photos and videos, then I can't use the app. When I go through my gallery now, it's not clear when I'm looking at a photo whether I'm looking at the file I uploaded to google photos, or if I'm just looking at the local file on my phone. I've kept the ""backup photos"" option OFF on the app on my phone.  I tried first uploading my files to google drive but they don't automatically appear in google photos, so I suppose these are separate storage locations.   I'm losing my mind a little bit trying to find a workflow for my media using 3-2-1 backup, continue using my external drives, have a cloud backup, and dammit I still like storing a master of photos/videos in folders haha (I'm very organized at this).  Does anyone out there use google photos this way or have a similar workflow? What has/hasn't worked for you?",https://www.reddit.com/r/googlephotos/comments/1t5sqls/is_it_possible_to_keep_the_google_photo_gallery/
Reddit,r/googlephotos,post,2026-05-06T16:37:47.493000+0000,0,"How to Restore Photos/Videos? - Does anyone know a good photo restoration app for android?  Or how to restore photos and videos directly to my device from Google photos.   I have some concert videos from only a couple weeks ago and already can't view them.    I have tried moving them around to different locations on my device, with no success.   Even on Google photos, I can't watch the videos even though the files do still exist",https://www.reddit.com/r/googlephotos/comments/1t5i7fa/how_to_restore_photosvideos/
Reddit,r/googlephotos,post,2026-05-04T20:11:45.263000+0000,2,"Not Accessing Google Photos?? - So I turn off all access and backups and then turn it all on. You can see from the times on the clock etc.   I only have 58 photos before. I turned it all on and it finds 12.5k photos from Google photos and starts loading them. It gets to random points and them now just shows 1.8k photos.   I've done this a few times and have 300, 700, 1100 and once I got 4k.   Why does it just seem to stop midway through loading/copying. There isn't any pattern to the ones it shows either.   Find X8 Pro running latest ColorOS and logged into the same account on everything etc.",https://www.reddit.com/r/googlephotos/comments/1t3t7h4/not_accessing_google_photos/
Reddit,r/googlephotos,post,2026-05-02T00:34:58.013000+0000,2,"Help stop a family member from cluttering up my account? - I have a relative that shares new albums almost weekly.  These pop up on my main page in Google photos and honestly clog it up and push my albums down to the bottom.  I find this very irritating. Yes, it is possible to click ""my albums"" but I don't want these to load in the first place.    Is there a way to make the default setting that it only shows my albums, and then I can click a tab to see albums other people shared with me?  That makes more sense to me but I can't find out how to do it from searching this sub or looking at google's help page.    Thanks.",https://www.reddit.com/r/googlephotos/comments/1t1ax8q/help_stop_a_family_member_from_cluttering_up_my/
Reddit,r/googlephotos,post,2026-04-30T14:49:56.094000+0000,0,"Accidentally hit free up space and I can't even find the screen shots I edited! - I went to Google photos and I had important screen shots I had edited and those are totally gone! What do I do? I hate that doing this action freedom up space in my phone, not just Google photos! I'm sitting here letting this distract me from working because I'm so angry and upset! Why didn't I know this? Why did it clear out from my phone?! I hate that this happened! I had so much stuff organized that's now wiped!",https://www.reddit.com/r/googlephotos/comments/1szy9jq/accidentally_hit_free_up_space_and_i_cant_even/
Reddit,r/googlephotos,post,2026-04-27T20:38:37.753000+0000,0,"Collages autocropping - Why do collages autocrop one or more of the photos in this situation:  Both photos ate the same width, but not the same height.  I use the setting to place one above the other.  I can't find a setting for this but have no use for a collage that doesn't show all of both photos.   Has anyone found a way to prevent the cropping?",https://www.reddit.com/r/googlephotos/comments/1sxfzbs/collages_autocropping/
Reddit,r/googlephotos,post,2026-04-24T01:38:03.661000+0000,1,"Why does my son keep getting this message when trying to upload photos to a shared album? - I created a Google photo album for my son and his gf to upload photos of our grandbaby.  They had been able to do this for over a year but he recently stopped because they started getting this message.  For reference, they have been using iPhones with the Google photo app.  The second photo is how much storage I have set up in Google cloud which is over 1700 Gbs.",https://www.reddit.com/r/googlephotos/comments/1su1tm6/why_does_my_son_keep_getting_this_message_when/
Reddit,r/googlephotos,post,2026-04-22T01:03:15.983000+0000,0,"Any way to recover a google print draft? Got auto deleted with no warning - I had been working on a gift for my wife’s birthday, choosing from 10k+ photos to build a photo book for printing over the last few months. Spent 20+ hours. I used to get a warning if auto delete deadline was approaching, and i used to edit slightly to continue progress for later. Been busy lately so didnt open for a while.  Just noticed it no longer exists and I need to start again. Any way to recover this?   Why is Google skimping on print storage when I pay hundreds of dollars for storage annually! So dumb I cant believe it.",https://www.reddit.com/r/googlephotos/comments/1ss6m6w/any_way_to_recover_a_google_print_draft_got_auto/
Reddit,r/googlephotos,post,2026-04-19T12:52:01.560000+0000,1,"Random missing photos during sync? - For years I've had my iphone set up to automatically sync my camera roll photos to my google photos account. Theres plenty of storage on my Google account: 50.16/100 GB used. Yet not every photo syncs.   There will be random missing photos here and there that are in my iphone camera roll but never made it over to google photos for whatever reason. Sometimes it's chunks of photos, sometimes it's just randomly one. Like I literally took 3 selfies in the same minute last week and only two of them made it over to google photos. WHY does this happen??!  Apologies if this has been asked before, I tried searching but I couldn't find anyone with my exact issue.",https://www.reddit.com/r/googlephotos/comments/1sps5j2/random_missing_photos_during_sync/
Reddit,r/googlephotos,post,2026-04-19T12:49:26.160000+0000,0,"App not showing backed-up photos after ""Free up Space"" - Hey, so I understand that ""Free up Space"" deletes the local copy on your phone and keeps the backed up copy on GP. However when I used it recently, it deleted everything off my phone properly, BUT when I open up the google photos app it looks just like my phone gallery. Everything seems to be deleted from there as well?   I've tried to restart my phone, and I am connected to the internet via wifi and data, but they still don't show up. What's also weird is at the top it still says ""Successfully backed up 20k Photos"" which was what it said before I used ""Free up Space"". But I can't see these 20k photos that were supposedly successfully backed up? It's literally just mirroring my now wiped out phone gallery.",https://www.reddit.com/r/googlephotos/comments/1sps3i4/app_not_showing_backedup_photos_after_free_up/
Reddit,r/googlephotos,post,2026-04-17T19:37:46.920000+0000,1,"Help plz - So in google photos, those 3 albums saying items are ones I created by mistake but when I go to delete them in the albums tab I cannot find them there, what should I do plz ?",https://www.reddit.com/r/googlephotos/comments/1sob8r0/help_plz/
Reddit,r/googlephotos,post,2026-04-17T17:01:01.187000+0000,9,"I did something stupid, how can I revert back? - I got a google1 subscription and didn't notice that my phone was backing up. I of course ran out of storage pretty quick. Is there a way to revert to the previous version before the back up or should I delete the photos using a browser after I turn backup off? I want to free space but don't want the photos deleted from my phone.   iPhone user.",https://www.reddit.com/r/googlephotos/comments/1so6vm0/i_did_something_stupid_how_can_i_revert_back/
Reddit,r/googlephotos,post,2026-04-17T14:49:10.394000+0000,1,"Find creation - Does anyone know how to find Google's auto-generated photo and video creations? I used to be able to find them online, but now I can't.",https://www.reddit.com/r/googlephotos/comments/1so36lk/find_creation/
Reddit,r/googlephotos,post,2026-04-17T10:29:31.678000+0000,4,"Google Photos -Locked folder issue - Google Photos -Locked folder issue  Find X9 user.  Lately When trying to move any pic to a locked folder be it via the main screen, or via selecting many oe going into locked folder first and then to add.. it's not happening and error keeps getting like - Trouble moving to locked folder. try again later..   Any help on this.?",https://www.reddit.com/r/googlephotos/comments/1snx2m3/google_photos_locked_folder_issue/
Reddit,r/googlephotos,post,2026-04-16T14:43:20.906000+0000,2,"Drawing on photo on iPhone GP? - Is markup not a thing in IOS?  Google says go to edit, select Markup and then a pen.  I cannot find Markup or Pens anywhere.  Do I need new glasses, or has it been taken away?",https://www.reddit.com/r/googlephotos/comments/1sn5kgz/drawing_on_photo_on_iphone_gp/
Reddit,r/googlephotos,post,2026-04-15T17:06:50.326000+0000,5,"Need Help 50k totalsynced to my Google Photos account - hey guys,  l’m in a total nightmare. my gf iphone synced to my personal google photos account by mistake and now i have like 50,000 of her photos mixed with mine, scattered over the last 8 years.  the problem is i have a google pixel (so my files are PXL\_...) and hers are just ""IMG\_XXXX"" files from her iphone so they're just everywhere in my timeline. i can't even filter by phone model.  is there any way to isolate everything that came from her phone download them and after that i delete it from my account? i really don't want to scroll through 8 years of photos to do this manually, it's impossible.  any help or whatever would be life saving, thanks",https://www.reddit.com/r/googlephotos/comments/1smc6ep/need_help_50k_totalsynced_to_my_google_photos/
Reddit,r/googlephotos,post,2026-04-14T22:26:34.052000+0000,5,"Google says I used 13.8 GB of storage in Photos, even though I haven't? It's not just a visual bug; they actually shut down my email for this. - Either Google is incorrectly interpreting my storage as full (and consequently blockading my gmail account due to an error), or there's some other folder it's not showing me that *does* legitimately have 13 gigabytes of content stored in it, which I would very much like to access so I can go about deleting things.     I deleted most of my large video files weeks ago, when I was first warned about storage. I was hoping it was just taking a while to update the info, but nope, now I can't receive e-mails anymore.",https://www.reddit.com/r/googlephotos/comments/1slnoai/google_says_i_used_138_gb_of_storage_in_photos/
Reddit,r/googlephotos,post,2026-04-13T17:21:53.314000+0000,3,"Photos newer than November 2024 cannot be searched up - I love google photos and I love the search function. problem is, I can't use the search function to find pictures that are newer than November 2024. Quite annoying when I want to quickly find new photos of my cats. The photos are backed up, I have enough storage, I have the newest update. I can see pictures from after 2024, I just can't search them up. I'm lost on what to do. The only way I can search up pictures post-2024 is if the word is in the file name itself (happy-super-happy.gif shows up if I search 'happy'), so clearly it's in the system! It just won't search based on what's in the picture.",https://www.reddit.com/r/googlephotos/comments/1skhjcn/photos_newer_than_november_2024_cannot_be/
Reddit,r/googlephotos,post,2026-04-11T17:49:59.724000+0000,1,How do I stop android phone from deleting photos from my gallery - My phone keeps deleting photos from my gallery without my knowledge. Photos are being uploaded to Google photos which is fine but some get deleted off my phone itself. How do I stop this? I've been researching this and I can't find answers or the tutorials I find are outdated.,https://www.reddit.com/r/googlephotos/comments/1siptcj/how_do_i_stop_android_phone_from_deleting_photos/
Reddit,r/googlephotos,post,2026-04-11T10:23:10.071000+0000,0,"I'm fed up of Google photos . - Like I'm fed up of this Google photos , always force me to backup whole data and sometimes give me no option other than turning on backup , from this my 4/7 accounts are full up with the same photos available in my mobile wth and i unknowingly deleted a bunch of videos thinking they wouldn't be deleted from my gallery and real storage 😭.  like why syncing is necessary this much , now I cant even unsync and clear my account storage peacefully cause it will lead to my data loss .  HOW TO CLEAN THEM ? And also if I delete photo from the section like it shows your account Is full so I click on it and deleted some videos to free the cloud space from 15 to 14 gb , those videos are currently in bin of Google photos and I'm afraid that if I delete them they will be removed from my mobile .   I know it deletes my gallery photos but what's the correct way of CLEARING STORAGE of GOOGLE photos account without LOOSING DATA FROM GALLERY ?   i don't like how they typa force to start backup , like if you wanna use Google photos u have to turn on backup . Obviously a person would have more then 15 gb of data in 2026 so they HAD to Purchase SUBSCRIPTION OF GOOGLE ONE .     anyways whats the SOLUTION OF IT ? 🫤",https://www.reddit.com/r/googlephotos/comments/1sifdan/im_fed_up_of_google_photos/
Reddit,r/googlephotos,post,2026-04-08T17:09:58.789000+0000,1,"Google Photos shared album only shows first video, nothing else updates (Android/iPhone issue) - I’m having a really weird issue with Google Photos and I can’t find a fix anywhere.  I’m on Android and my friend is on iPhone. We’re using shared albums.  Here’s what’s happening:  * She sent one video at first and I could see it perfectly * After that, she added multiple more videos, but I cannot see any of them * I only see the first video, nothing else shows up  We tried:  * Updating the app * Refreshing the album * Making a new album * Re-inviting each other * Re-uploading the videos * Switching who creates the album  Even in a new album:  * I still only see the first video she sent * Any videos after that don’t appear at all  Sometimes it also says “still updating album”  My internet is fine and everything else works.  Has anyone else had this happen or know how to fix it?",https://www.reddit.com/r/googlephotos/comments/1sfz050/google_photos_shared_album_only_shows_first_video/
Reddit,r/googlephotos,post,2026-04-07T16:37:03.580000+0000,0,"Unable to restore photos - hey, I am struggling to restore photos from trash. I have almost 5k pictures and my phone crashes every time I try to restore them. but when I try to restore just few pics but I can't find them in my gallery, from phone and from laptop too. I am desperate - where the hell are my pics?! 😭",https://www.reddit.com/r/googlephotos/comments/1sf16q0/unable_to_restore_photos/
Reddit,r/googlephotos,post,2026-04-07T01:43:35.744000+0000,1,Unhide a suggested contact in Google Photos (Android) - I accidentally hide a suggested contact for sharing photos with and I didn't mean to. I can't find any post to restore them as a suggested contact. Can this be reversed?,https://www.reddit.com/r/googlephotos/comments/1seiddq/unhide_a_suggested_contact_in_google_photos/
Reddit,r/googlephotos,post,2026-04-06T11:03:41.786000+0000,0,"DELETED PICTURES - hey, i need advice. google kept threating me with my storage being full, so i started deleting files from photos and my dumbass assumed it will be deleted just from google photos app. however it deleted stuff like screenshots and pictures and i cant access them from my gallery app as if they are gone. my stuff is sitting in trash and i cant obviously restore it because i dont have enough storage. my only option now is to buy one month of google photos and restore them. i tried restoring like 4 pics on desktop but they didnt appear in my files for some reason...   anyway, **real question is**: i dont want this to happen ever again. i dont want my pics on google photos, no backing up on google cloud and i dont even want that google photos app on my phone. how can i do that and check what pictures are connected to google pics so if i delete them on gp app, it will be gone from my phone storage as well? is there way to ""undo"" it? this is stresfull experience, ngl.",https://www.reddit.com/r/googlephotos/comments/1sdvp6a/deleted_pictures/
Reddit,r/googlephotos,post,2026-04-05T19:45:41.950000+0000,5,"I cant remove 8.35gb - i cant remove the google drive files, because i dont find them. my drive is empty and idk from where is the storage consumed. I checked the whatsapp files and the backups files but it doesnt work",https://www.reddit.com/r/googlephotos/comments/1sdd2sb/i_cant_remove_835gb/
Reddit,r/googlephotos,post,2026-04-03T12:38:20.500000+0000,4,"SOLVED: Nesting folders in Google Photos (Chrome Extension). - *Disclaimer: This post is exclusively created to help users. The help presented here is* ***free, opensource.***  \--      Google Photos is great, but one thing that’s always been missing is a proper way to **nest albums into folders**. I created a Chrome extension that helps solve this problem.  The way it works is simple: you use the album names to define the folder structure. For example, if you name an album `Family / Vacations / Summer 2023`, the extension automatically creates a **Family** folder, a **Vacations** subfolder, and places **Summer 2023** inside. You can go as deep as you need, and it keeps everything neat and easy to browse.  You can also include dates in the `[yyyy-mm]` format, like `[2024-09] Cousins Wedding`, and the extension shows a small date chip on the album. Albums without slashes remain in the root.  It doesn’t change or upload anything—it just makes navigating your albums much more organized. This has made it much easier for me to keep family photos, work albums, and friend events all in order.  Find everything here: [https://github.com/juananmgz/Google-Photos-Nested-Albums](https://github.com/juananmgz/Google-Photos-Nested-Albums)  **REFERENCE PHOTOS:**  ![img](a09eel0nzysg1)  ![img](xpt65e0nzysg1)",https://www.reddit.com/r/googlephotos/comments/1sbcg4g/solved_nesting_folders_in_google_photos_chrome/
Reddit,r/googlephotos,post,2026-04-01T19:57:50.901000+0000,0,"How does Google Photos work? - Hi everyone. I'm hoping someone can help me understand Google Photos because I've recently lost a lot of important photos and I'm really upset. I have been using the Google account my college set up for me for the last 15 years. Recently they got rid of it and I lost a lot of stuff. I feel like an idiot for not expecting that but I'm trying to get over it. Anyway, I recently went on some international trips and had a ton of photos. When my Google account was deleted, I still had the photos on my phone. But I just realized that I'm missing some. For example, I traveled to Greece but just noticed I'm missing photos for half the places we went. I don't understand why only half the photos were on my phone's internal storage and half were deleted?   I got a new phone before my Google account was deleted so I thought maybe the photos were on that phone still. But when I opened the Google Photos app nothing would load. I signed into my new Google account and now there's absolutely nothing in Google Photos at all. Was nothing saved to my phone's internal storage at all? Why did some photos from Greece remain in Google Photos after my account was deleted?  Also, I've been trying to make dating profiles and upload photos to Instagram/Facebook but for some reason these sites will only access photos in my phones internal storage, not in Google Albums. I keep trying to compile all the photos I want to upload in one album so they're easy to find but still can't find it from the dating apps to upload. I don't know how to get the photos to my internal storage. And I'm scared I will lose more photos if I can't have them on my device. ( I want to stop paying for Google storage.) I don't understand why/when they save to my phone and when they save to Google or how to control it.",https://www.reddit.com/r/googlephotos/comments/1s9vjoi/how_does_google_photos_work/
Reddit,r/googlephotos,post,2026-04-01T15:56:11.044000+0000,0,"I got tired of Google Photos/iCloud ""storage full"" traps preventing me from sending emails, so I built a local tool to reclaim my library. - We’ve all been there: Your Gmail is ""full"" because your phone synced 50GB of random memes and blurry photos to the cloud, and now Google wants a monthly subscription. Or, you finally used Google Takeout only to find a chaotic mess of JSON files and broken timestamps.  I built **Photos Organizer** to deal with this and get my email back, and I realized a lot of people might need this. It’s a local Streamlit web app that runs entirely on your machine, no cloud, no data harvesting, open-source, no backdoors. Just me trying to stick it to the man!  **What it does:**  * **De-clutters Takeout/iCloud Exports:** Scans those messy folders and finds the *real* ""Date Taken"" from EXIF metadata. * **Finds Exact Duplicates:** Uses SHA-256 hashing to find identical files even if the names are different (e.g., `IMG_123.jpg` vs `photo(1).jpg`). * **Gives you an Excel ""Blueprint"":** Instead of the app just moving files and hoping for the best, it generates a report. You review/edit it in Excel, and then the app executes the moves/renames based on your edits, and stores them in folders by year and month. * **Privacy First:** It stays on your hardware. Use your own external HDDs or SSDs instead of paying for cloud storage.  **Tech Stack:** Python, Streamlit, Pandas, Pillow, and Hachoir.  It’s open-source (MIT) and I’d love some feedback! **GitHub:** [`https://github.com/rodoramco/Photos_Organizer`](https://github.com/rodoramco/Photos_Organizer)",https://www.reddit.com/r/googlephotos/comments/1s9okq2/i_got_tired_of_google_photosicloud_storage_full/
Reddit,r/googlephotos,post,2026-03-30T11:42:45.837000+0000,1,Ask photos feature in turkey. - hi everybody! I'm from turkey and i work for a company which we review personalized information in ai but for this i have to enable my google photos to my gemini. I see the toggle is on but still gemini cant access. and i dont have the ask photos feature yet. What should i do to speed the availability process?,https://www.reddit.com/r/googlephotos/comments/1s7o60h/ask_photos_feature_in_turkey/
Reddit,r/googlephotos,post,2026-03-29T20:25:12.988000+0000,0,"Cannot Install Old APK Android 16 - Recently updated to Android 16.  Fine, except for Google photos.  I hate the new version for editing.  All the tools are separated, you have to click through everything, save separately, Pop and sharpness are off by themselves, magic eraser takes forever, etc.  I used to be able to uninstall all updates, then install an older version.  Now, though, every time I try an older version, it says it can't be installed.  Does anyone know a way around this?  Not rooted.  Thanks",https://www.reddit.com/r/googlephotos/comments/1s75xz9/cannot_install_old_apk_android_16/
Reddit,r/googlephotos,post,2026-03-29T09:46:04.955000+0000,0,"backup of specified folders only - Hi,     i've been trying to find the anser on google, on google photos forum and i contacted the tech support, but i still don't have any real answer.  Is there a possibility to backup only specified directories from my phone to google photos?  I dont' want to backup camera pictures (taking a lot of 'notes' pictures that i deletes, i don't need them to clutter the space), whatsapp pictures etc. I have two specific folders for images i want to keep and those folders i'd like to backup.     What I tried:  \* turning on backup in google  photos - this backups also photos from my camera, whatsapp etc.  \* turning the 'global' backup off and then in the settin  selecting the  'backup only favorites'. But this way i need to manualy mark each photo i want to back up.  \* in the Collections/On this device i search for the backup toggle. While i can see such a toggle in the 'camera' folder, i don't see it in any other folder on my phone.  \* I tired to put the folders i want to backup to DCIM and/or Pictures on my phone     I have android 16, Samsung Galaxy 25, latest google photos app.     Here is what settings/buttons i have accessible from the app. One of the folder i want to keep is called nechat (which means keep :)). You can see that for the Camera folder i have the 'Backup' toggle present, but for the other dir (nechat) i don't have it.  Tech support got me two answers, both of them basically saying to turn off the global backup and then which the 'Backup' toggle in the specific dir. I don't have such option in the app.     Thanks  ![img](jrgqekphgyrg1)  ![img](1v1tvi0jgyrg1)  ![img](xsax4vkkgyrg1)  ![img](f988btqlgyrg1)  ![img](a554x68mgyrg1)",https://www.reddit.com/r/googlephotos/comments/1s6qv39/backup_of_specified_folders_only/
Reddit,r/googlephotos,post,2026-03-28T22:32:42.097000+0000,0,"Backup mishap, out of storage - I have multiple Google accounts. I unfortunately, I live next to a hacker asshole who thinks it's funny to destroy online accounts, jam up my internet and otherwise create havoc on my electronic devices. (Almost every single online device I have, has been taken at some point and either hacked, destroyed or simply flat out stolen. Lots of fun. And yes, murder has crossed my mind.)    I have one main Google account that I use for email and backing up my photos from all my accounts. I have an additional account that I recently opened solely for communication with my HOA. That email has about 50 messages in it and 8 contacts, period.    Suddenly, this past summer, I started getting notifications I was out of storage on all my accounts, including the HOA account. ""Somehow,"" (as in my little personal hacker has been busy) every single account ran out of storage. I have not had much success in deleting files because Google seems more interested in seeing how much storage they can sell me.  Right now they're demanding $9.99/mo for 2Tb -- a hard NO.  There's no way I have that many photos. The reason for this mess? ""Someone"" turned on my HOA account as backup for the photos on my main Google account which is backup for every other account. I didn't turn on Photos backup for the HOA because I didn't have any photos under the HOA account.  My main Google account is also now pointing to the HOA account as the backup. And my HOA account is turned around backing up everything to the main Google account, so I now have two accounts each pointing to the other as the backup.  I imagine that with each backup, the accounts are duplicating  more and more items each time.    I do perform regular bimonthly downloads through Takeout, and just ran another photos-only Takeout download.  I've also downloaded any items not backed up up to a flash drive.  My question is what's the best way to unfurl this mess? My biggest problem is I can't seem to change the backup location on either account even after turning Backup off.  TIA,...",https://www.reddit.com/r/googlephotos/comments/1s6e3r8/backup_mishap_out_of_storage/
Reddit,r/googlephotos,post,2026-03-27T19:35:17.970000+0000,2,"Deleted photos from a shared album - My wife (49F) and I (48M) each have a Google account and use the photos app.  In 2016 we went on vacation and I created a shared album that we both added photos to.  Then in 2023-ish I started to get the ""you are running out of space"" notifications and eventually decided to use Google Takeout to mass-download my photos by year and then delete them from my account.  So I got out all of 2016, 2017, etc, until it stopped hollering at me.  Recently we noticed that \*all\* the photos have been taken out of the shared album, including her photos, which are also deleted from her Google Photos account.  What the heck?  There are other shared albums that she created where this has not happened.  This is compounded by the fact that I also can't seem to find the photos or Takeout-zip file from 2016 on my home backups, so I think they are just gone.  I tried signing up for a premium account (Google One) to see if that got me any more options to try and recover the pictures.  It's been more than 60 days, so I think they are just gone.  Anything I'm missing or other things I could try?  Sorry if this sounds like every third post on this sub, but I did try to search for similar things and couldn't find the same deleted-someone-else's-pics-from-a-shared-album problem.  Thanks!",https://www.reddit.com/r/googlephotos/comments/1s5e8ho/deleted_photos_from_a_shared_album/
Reddit,r/googlephotos,post,2026-03-27T16:14:27.601000+0000,1,Google photos vanished - So i decided to import photos from one gmail id to another. Everything was fine but suddenly today i cannot find pictures from 2014 to 2022 anywhere on my gmail id. And i have them saved nowhere. The other email i had to delete so i do not have anything left of that anymore. What do i do? It's 8 years of my life that suddenly vanished. How do i get that back? There's only 1 picture from 2014 and nothing else. How did it happen so suddenly? No one even has this email.,https://www.reddit.com/r/googlephotos/comments/1s58n4o/google_photos_vanished/
Reddit,r/googlephotos,post,2026-03-27T14:43:18.943000+0000,1,"Google Photos Partner Sharing Snafu (or by design) - I have 1TB of storage as part of being a Google Fiber customer.  My wife needed more storage for photos, so I added Google One (100gb) for $20/yr.  Then I setup family sharing with her, and I could see her photos from my account, and vice-versa.  THEN, I find that she is backing up my photos, and I hers - double space requirements.  And then find out my 1TB isn't shared with her (accurate).  So I proceed to break sharing, then delete all her photos from her account.  This fixes the storage issue, and I still had her photos under my account.   HOWEVER, when I re-shared with her, she was only able to see her ""newly added"" photos, and my photos, but NOT her originals under my account.  This is messed up.  Any suggestions?",https://www.reddit.com/r/googlephotos/comments/1s5637g/google_photos_partner_sharing_snafu_or_by_design/
Reddit,r/googlephotos,post,2026-03-26T20:46:02.577000+0000,1,setting up your photo library taking forever? - I had to re download the app on my phone and I leave it on the page to set up and load and it is taking a while (i do have alot of backup but i've been trying this for days at least 2 hours and nothing)....  is there something going on with google photos..(they got rid of the loading bar so I can't tell tbh). I do have only 2.5 gb amount of space left on my phone so idk if that's messing with it (normally it doesn't mess with it)...,https://www.reddit.com/r/googlephotos/comments/1s4jdb4/setting_up_your_photo_library_taking_forever/
Reddit,r/googlephotos,post,2026-03-24T17:35:23.106000+0000,3,"I just want to add pictures to an album without giving Google full access to my iPhone - Hi everyone, I’m having an issue with uploading photos to an album I created to a Google account that me and my fiancé share for wedding coordination.  We both have access to this Google account and I would like to add specific photos to a specific album in Google Photos without granting full access of the Google Photos app to my iPhone.  I cannot find a way to upload to the album from the iPhone  “Google Photos” app and select which photos to add to this album without selecting “allow full access”   Is this a system design? Is there a way to work around this?",https://www.reddit.com/r/googlephotos/comments/1s2kkjp/i_just_want_to_add_pictures_to_an_album_without/
Reddit,r/googlephotos,post,2026-03-22T23:11:13.523000+0000,1,"How can I stop google photos from backing up all the photos on my phone and clogging up my storage? - I have an android phone (nothing phone 3a) and a lot of my photos and videos have clogged up Google photos and the Google storage so I can't do emails if it becomes full. I don't care about having online backups of photos I just want to store it all on my phone's storage, so I do I stop it from doing that without losing my original photos and videos?",https://www.reddit.com/r/googlephotos/comments/1s10dw0/how_can_i_stop_google_photos_from_backing_up_all/
Reddit,r/googlephotos,post,2026-03-22T10:37:22.175000+0000,3,"How do I stop screenshots from automatic backup? - Hi everyone,  ​I'm using a Samsung Galaxy S21 Ultra and I’m trying to prevent my screenshots from being backed up to Google Photos. I take a lot of memes on Reddit and I don't want them filling up my cloud storage, but I still want my regular camera photos to back up automatically.  ​I’ve looked through the Google Photos settings but can't find a way to exclude just the screenshots. Has anyone found a workaround for this?  ​Any help would be appreciated. Thanks!",https://www.reddit.com/r/googlephotos/comments/1s0id36/how_do_i_stop_screenshots_from_automatic_backup/
Reddit,r/googlephotos,post,2026-03-19T16:20:56.559000+0000,1,"Search only shows old photos from years ago, no new photos - When I search for keywords in the Google photos app or on the web, I only get results from photos I've backed up from an old phone, from 2023 or earlier. No photos I've taken with my current phone show up.   All the photos are backed up in the cloud and I've tried turning backup on and off. I can't find any solutions online.     Anyone else had this issue?",https://www.reddit.com/r/googlephotos/comments/1ry4xbq/search_only_shows_old_photos_from_years_ago_no/
Reddit,r/googlephotos,post,2026-03-18T17:51:07.504000+0000,0,"[Survey ~5-10 min] Update on the Google Photos memory thing - built some prototypes, need you to tell me if they're any good - So a couple of weeks ago I posted here about Google Photos telling me to ""remember this day"" and me feeling absolutely nothing. A bunch of you took my survey. **38 people.** Way more than I expected.  The data was kind of wild. Not surprising-wild, more like ""oh so it really is like that for everyone here"" wild.  Aphants scored **1.36 out of 5** on recalling sensory details from old photos. Neurotypical folks scored **3.13**. The further you get from ""what can you literally see in the photo"" toward ""what did it feel like,"" the wider the gap gets. Which tracks.  Nobody captures context either. Not us, not neurotypical people. The top reason? **""Don't think about it in the moment"" (16/38).** Second? **""Takes too much time"" (14/38).** Meanwhile Google has your location, your calendar, tagged faces, timestamps — and just... sits on it.  The thing that hit hardest though was the false memory stuff. Aphants rated concern about AI making things up at **4.18 out of 5**. Someone wrote ""this could create false memories I can't distinguish from real ones."" And like... yeah. If you can't replay the original event in your head, how would you even catch the AI being wrong?  But it wasn't all anti-AI. Someone else wrote *""help me connect feelings and context to visual cues. Not be a dick and push for or claim to have answers.""* Which is maybe my favorite piece of feedback I've ever received on anything.  Anyway. I took all of that and designed three alternatives. They all share the same front end — a notification that pops up about 45 minutes after the system figures out you were somewhere worth remembering. It shows you what it already knows (""You were at The Loft Café for \~2 hours with Trena and 2 others. Calendar said Trena birthday dinner."") and you can either tap to record a quick voice note or skip. Metadata saves either way.  Where they split is what happens a year later when that photo comes back around:  * **A** is just facts. No AI narrative, no generated story. Four labeled sections — what the system sees in the photo, metadata, your transcribed voice note, what else happened that day. Color-coded by source. For the ""just produce the output"" crowd. * **B** is a short AI-written story built from all the data. Every sentence color-coded by where it came from. Fully editable — you can correct anything. Your memory, not the AI's. * **C** is a step-by-step conversation. System shows what it sees, then what it knows, then what you told it, then asks you to fill in gaps. Only factual questions. It never asks ""how did you feel?"" because that question is hostile when you can't re-experience the past. More like ""was anyone else at the dinner besides you, Trena, and Rohit?""  I need to know which of these actually works for you. Or if they all miss. The survey shows you mockup images of each one and asks you to rate and rank them.  **\~5-10 min, anonymous, same deal as before:** [**https://forms.gle/DR5iEGoZ7FUGiKAz8**](https://forms.gle/DR5iEGoZ7FUGiKAz8)  Aphants and non-aphants both welcome. The comparison data from last time was genuinely some of the most useful stuff.  This is still for CS6750 (HCI) at Georgia Tech. Your round one data shaped these designs directly. This round shapes which one gets built out.  Thanks again to everyone who took the first survey. Some of your open-ended responses are going in the paper anonymously. The one about childhood photos feeling *""uncomfortably similar to looking at unknown photos with unfamiliar people""* still gets me.",https://www.reddit.com/r/googlephotos/comments/1rxaxcy/survey_510_min_update_on_the_google_photos_memory/
Reddit,r/googlephotos,post,2026-03-17T17:50:25.458000+0000,1,"Problems with sync not turning off in google photos - I ran out of storage on my google account because apparently it's been synced with my gallery this whole time. I can't just delete the photos on google photos because it'll delete them from my phone as well. I tried turning off the sync but even then the photos i taje just keep being added on google photos? Why does that happen? And what am I supposed to do with google storage? I read i should put the photos into a folder google won't sync with, but I've got 25k photos on my phone and a lot of folders so me placing them in a different one would mean I'd get it all messed up. Is there another way of getting rid of them just on google photos?",https://www.reddit.com/r/googlephotos/comments/1rwdsth/problems_with_sync_not_turning_off_in_google/
Reddit,r/googlephotos,post,2026-03-17T15:22:08.204000+0000,6,"How to group photos that are NOT on google photos? - Is there any way to easily group photos that are NOT on my device and ONLY on Google Photos? I understand I can go in under each photo as above, and it will tell me, but that's super tedious. Is there any feature that brings forward all images that are NOT on my device?",https://www.reddit.com/r/googlephotos/comments/1rw9kdn/how_to_group_photos_that_are_not_on_google_photos/
Reddit,r/googlephotos,post,2026-03-17T10:42:12.084000+0000,1,"After sharing two albums, now sharing any other fails with ""Can’t share Album. Try again in a few minutes."" - Hi guys,  I've uploaded around 1000 scanned, old family photos to new Google Account, grouped them into twentyish albums and then tried sharing them one by one with my family members.  The first two went flawlessly, but afterwards when I try to share any albums with them, I always get something like ""Can’t share Album. Try again in a few minutes.""  I tried it a few minutes later, a few hours later, also the next day, and still get the same error. I opened a totally new Chrome profile, without any extensions, etc, and still the same error. In the network tab all I see are obfuscated values so I can't even debug the issue myself.  Any ideas how could I fix this?  Thanks in advance!",https://www.reddit.com/r/googlephotos/comments/1rw30dj/after_sharing_two_albums_now_sharing_any_other/
Reddit,r/googlephotos,post,2026-03-16T17:57:25.334000+0000,0,"I have duplicate photos, with wrong dates! Help! -  Every year, I go through my year of photos and print them out to create a physical picture book of my kid. I setup a temporary photo album, ""2024 photos"" and go through all my 2024 photos and add photos there.   What I noticed is, I see a photo supposedly taken in Feb 2024, and noticed my kid looks young. So, I go back to the previous photo album and I see, it was actually taken in 2023!! To my horror I now think I may be adding photos from different years into my albums, and that really really bugs the fuck out of me. How do I take care of this? Duplicate file finders won't work as the file is different, and I don't know of an app that scans photos and finds duplicate PHOTOS, but that would be fuckin nice right about now.    Now, going into detail on the photos, I can tell that the one with actual location data is the original authentic photo. The one without that data is a copy. But, my project requires me to go through thousands of photos, I can't do this Everytime!   Here, look:  Original: [original photo and stamps](https://www.imgur.com/a/ygDxhKt)  Incorrect newer: [false date false stamp](https://www.imgur.com/a/m2AzVXS)  And if it's easier, all 4 photos bundled together: [here](https://www.imgur.com/a/s2vUCWA)",https://www.reddit.com/r/googlephotos/comments/1rvgvdm/i_have_duplicate_photos_with_wrong_dates_help/
Reddit,r/googlephotos,post,2026-03-16T09:41:35.201000+0000,3,"Google Photos sync/back up isn't backing up everything from iPhone - I set up Google Photos to sync and back up everything from my photos folder on my iPhone. It did a large chunk of them, but has now stopped even though there's still 10gb of photos on my iPhone.   As Google Photos was uploading the photos to Google, it was giving me the option to delete photos from my phone/icloud which I did as I'm trying to clear up space. It's no longer offering me that option as it's saying everything is synced/backedup, but it can't be as there are still loads of photos and videos left.  I want to get a lot more of my phone, I have unlmited storage on Google Photos but it just doesn't seem to tell me whether it has uploaded the rest. When I take a new photo, it does sync it to Google Photos — I can see it there – and it'll often say '100 photos to delete from this device' but it never addresses the thousands above.  I have tried both 'Optimise iPhone Storage' and 'Download and Keep Originals' in my settings – that makes no difference, and I've had this problem for several motnhs now so it's not to do with battery or wifi issues.   I’ve tried contacting google but they say they don’t have anyone who helps with photos and no one has replied to me in the google community forum.   Any ideas?!",https://www.reddit.com/r/googlephotos/comments/1rv4zlw/google_photos_syncback_up_isnt_backing_up/
Reddit,r/googlephotos,post,2026-03-14T17:57:54.449000+0000,9,"Is there a way to make Google photos stop recognizing a face? - This post is going to sound kind of dumb, but a few months ago one of my cats passed away. He was a black cat, and since I have other black cats, Google photos will sometimes recognize their faces as him. Is there a way to make Google stop recognizing a specific face in photos? I don't want to stop seeing, or see less memories or anything like that and that seems to be the only thing I can find.   I just got all whole slew of pictures that says ""memories of this cat through the winter"", but he died in November so none of them are him lol.",https://www.reddit.com/r/googlephotos/comments/1rtq40t/is_there_a_way_to_make_google_photos_stop/
Reddit,r/googlephotos,post,2026-03-14T16:16:57.540000+0000,2,"Why has the Search function stopped working? - I have been a GP (Google Photos) from the very beginning. The main, and only reason I loved GP was because of the incredible search function. I am the family photo archivalist and have over half a million photos spanning 60 years up loaded to GP. So, I can't just scroll through to find what I want.   The GP search function used to allow me to search for unique things that I knew were in a picture so I could find picture quickly. Now, however, ilthe search function has completely stopped working. I just did a search for ""Sunfish"" or which I have hundreds of  close-up photos, and it found nothing. It used to find every photo that had a sunfish in it. Now it finds nothing. It is is the same way for just about every other object search I try.    Now, I know that Google has moved to AI for searches, and I get that. But that means that it should be even better at understanding what a ""Sunfish"" is or any other object for that matter. If you do a Google Search for ""Sunfish"" it is going to show you millions of pictures of Sunfish, because it knows what Sunfish are and look like.  So, the question is, what is wrong with the GP search function? Why has it stopped working? And is it going to be fixed?",https://www.reddit.com/r/googlephotos/comments/1rtnigs/why_has_the_search_function_stopped_working/
Reddit,r/googlephotos,post,2026-03-12T07:52:21.817000+0000,4,Better late than never. - Wiped out all the data from Google Photos.  ![img](z0h5nnoskkog1),https://www.reddit.com/r/googlephotos/comments/1rrkkh2/better_late_than_never/
Reddit,r/googlephotos,post,2026-03-10T12:41:20.307000+0000,2,"Across Device Photo Sync Problem - I have bought a new device (Samsung S26 Ultra). I logged into Google Photos with my Google Account, and I tried to sync photos from my other device (Samsung S25 Ultra).  I do see the photos backed up from S25 Ultra on the Google Photos website and on my Samsung S25 Ultra. However, I do not see those photos on my S26 Ultra.  Conversely, I tried backing up photos from my S26 Ultra. These photos show up on the website and my S25 Ultra fine.  I have tried all the methods I can find, including clearing cache, clearing data, opening a new album containing the missing photos, but still, on my S26 Ultra, photos from S25 Ultra are missing.  Any other methods I can try to resolve this?  Thank you so much.",https://www.reddit.com/r/googlephotos/comments/1rpvuha/across_device_photo_sync_problem/
Reddit,r/googlephotos,post,2026-03-09T18:41:39.087000+0000,0,"Where are screenshots stored on photos.google.com? - I can see all of my backed up photos and videos at [photos.google.com](http://photos.google.com), yet I can't find ""Screenshots"" under the Collections menu. It does have a ""Screenshots & Recordings"", but those just include photos of screenshots.  On my device when I click ""Screenshots"" it actually lists all screenshots I have captured. So I imagine those must be backed up somewhere on [photos.google.com](http://photos.google.com) and they're just not visible or properly categorized. How can i get to them?",https://www.reddit.com/r/googlephotos/comments/1rp8qhl/where_are_screenshots_stored_on_photosgooglecom/
Reddit,r/googlephotos,post,2026-03-09T04:37:12.724000+0000,3,"Uploaded PNGs download as JPG *sometimes*. Why? - I found this support post- I’ll link it- (I had an identical issue down to the hardware/software/OS) which has helped me download the PNGs from my Google Photos that were downloading as black background JPGs instead.   However, I stumbled into this problem while importing images from Google Photos directly into a Google Drawings file, and all of the half a dozen other PNGs I imported went into the Drawings just fine as transparent background PNGs. Only 2 were coming in as black background JPGs.   It occurs to me that in the past I’ve been able to download plenty of transparent background PNG images from Google Photos, but every once in a while a stubborn PNG will only download as a JPG. The answer from the product specialist in the above linked support post doesn’t answer why I would be able to download the PNGs properly SOME of the time. They claim Photos can’t write PNGs at all. I couldn’t find an answer on Google, does anyone here have an explanation? I’m just curious.",https://www.reddit.com/r/googlephotos/comments/1roqq7e/uploaded_pngs_download_as_jpg_sometimes_why/
Reddit,r/googlephotos,post,2026-03-06T19:07:00.581000+0000,3,"How do I get Photos to stop tagging my new cat and my deceased cat - So my Luna died May 2025 after 16 years. I already had a second cat who looked similar to Luna named Noise and in August is adopted at kitten named Sol. For some reason my Google Photos keeps tagging Sol as Luna ( and weired because Noise and Luna look the most alike both being mackerel pattern tabbies with white belly and paw fur, but it tell Luna and Noise are different). Is there a way stop it from adding to Luna's tag, I don't want to delete it so can still find Luna's pictures just keep they organized to each kitty.",https://www.reddit.com/r/googlephotos/comments/1rmn0n3/how_do_i_get_photos_to_stop_tagging_my_new_cat/
Reddit,r/googlephotos,post,2026-03-06T05:35:24.777000+0000,0,"Google photos auto backup making Google drive/storage full, how do I solve this. - So this is a headache I am dealing with for some time now. On my family member's phones Google photos backup mysteriously turns itself on and just backs up everything and makes their google storage full to the degree that they cant even receive emails. Somehow this does not happen to me. we dont even use google photos as a gallery. its just a parasitic application which is factory installed and we are unable to remove. Also we keep it as the time google offered free photo backups, we have a lot of photos backed up there. My best guess is that it send some notification and it gets misclicked and it turns itself on.  Now to the main question. I want to remove these photos. But there is no way to know which photos are there on both the device and are backed up. I want to mass delete them. But I dont want to delete non backed up photos on my device. any advice? Google storage manager is just bad and is not intuitive. Is there any appliceation/ google drive setting which lets me see the google storage which we can see someting like a file manager and just show whatever is there on the google drive?   EDIT: OR I would like soemething which just lets me download all the backed up photos and videos which can then be stored on my backup storage.",https://www.reddit.com/r/googlephotos/comments/1rm5hik/google_photos_auto_backup_making_google/
Reddit,r/googlephotos,post,2026-03-05T12:40:41.678000+0000,3,Face not detected - So I've noticed recently that my face in Google photos just can't be detected? I take like photos of myself like every few days so there isn't really a big explanation on this to me. Same for photos of friends and family. The cutoff date for this working was around mid February. Of course I can manually select and add faces but I'd rather not. Pretty annoying and I keep reporting it but other than that I don't know what to do. Hopefully they fix this asap. Anyone else have this issue?,https://www.reddit.com/r/googlephotos/comments/1rlgljx/face_not_detected/
Reddit,r/googlephotos,post,2026-03-03T12:49:55.982000+0000,7,"Is there really a way to delete photos from my google storage without deleting them from my phone? - So I like to download movies on my phone because my phone's storage really isn't a problem. On the other hand, my google storage gets immediately full because of them, and I want to have more storage, obviously. I've tried the turning off back-up and deleting the photos through a browser method, but it still deletes them from my phone as well. Has anyone figured out how to actually do this?  Edit: It does work now. For some reason, it didn't work earlier, hence this post, but turning off back-up and deleting the photos through a browser works now. Thank you to everyone that responded. And I'm gonna keep this post up so that anyone who gets the same problem has a solution they can find.",https://www.reddit.com/r/googlephotos/comments/1rjoh6r/is_there_really_a_way_to_delete_photos_from_my/
Reddit,r/googlephotos,post,2026-03-02T21:23:06.091000+0000,4,"how to identify photos that are shared with me, that I have not saved? - I am at the moment dowloading all pictures - close to 35,000, becaurse I realized meta data changes in Google, and dissapear when downloaded. (it is changed back to what the Meta data was when uploaded, a pain in the ... when you have uploaded 15.000 scanned photos with same date,, and time..- and have changed them ALL in Google photo to correct year and so on..   And I also want to download all pictures, becaurse I don't trust Google anymore.   Not for a second..      Now that I have down loaded all photos up to year 2022, and have changed metadata + renamed all photos with same name, ""year month"" on my PC  (I gave up to change day and time of day..to big a job)      THEN.. I realized that some photos in the shared albums, are not saved, which means they are NOT downloaded... But which ones are they?    I can't hardly overlook to start all over again.. ohh my God..  The plan is, now that all pictures are sorted within a month, then go through all photos and decide: Delete or keep... ?      When that is done I want to download all videos, and create one video per month or something like that, and maybe? at last create one video per year ( you know tons of small clips nobody ever watch anyway, cut down to what's important, and delete the rest . ALSO a giga project..)   And when everything is sorted, the plan is to delete everything in Google photo, and upload everything from the PC, and THEN create new albums... and THEN share them with the same people that they are shared with now.   AND finally find an alternative to google photo...  and ofcourse create a backup on a drive on the PC, or memory sticks, what ever..  But how to find the not saved photos that are shared with me?    IS it possible in other ways than checking every single photo in each Album?   An ideal is to download all albums, rename the photos and then copy them into the same folder as the rest on the PC, and sort out dublets, but again.. damn it.. It's  another thing I didn't think of when I started to back up Google photo.  I think almost a year ago..and I started all over several times.      Once I thought Google were smart, but hell.. I have changeed my mind, A LOT!!  What a mess ...actually Google photo is made to create a huge mess, you can't overlook..   Btw:   I also lost all data in google maps, a function I seriously used a lot, and had connected to uploaded photos in Maps.. Everything gone over night, and I got so angry that I deleted all online photos in Google Maps..  I had reached more 200 million views when it happened..   The reward from Google when you reach 200 million views is a ""congratiolation you have reached 200 million views""  that's it..     ANYWAY.. back to Gogle Photo and ""the not saved but shared photos"".. any solutions?",https://www.reddit.com/r/googlephotos/comments/1rj5p1t/how_to_identify_photos_that_are_shared_with_me/
Reddit,r/googlephotos,post,2026-03-02T03:27:02.206000+0000,1,"Sorry if this has been asked a hundred times but how can I better navigate or troubleshoot the image search? -  I ask for ""yellow truck"" and it finds 2 out of the 10 different days I had taken pictures of yellow trucks. They're all banana yellow and the images contain a truck and nothing else. I've been photographing and selling a fleet of yellow trucks for someone. I'll try different phrasing like "" pickup truck"" and it'll actually add a few more trucks but also lose some of the yellow trucks it initially found.     It used to find all images that contained whatever keyword I asked for. Now it can't even find the most simple and blatant keywords. It will find the recent cluster of pictures and maybe one or two more pictures from years ago. And the obligatory dump of pictures that contain nothing close to the keyword. Before AI search I could search for ""fork"" and it would find every damn fork in my photos history. Now I'm lucky if it finds 10% of them.",https://www.reddit.com/r/googlephotos/comments/1rihxp2/sorry_if_this_has_been_asked_a_hundred_times_but/
Reddit,r/googlephotos,post,2026-03-01T15:04:45.902000+0000,3,"Simplest way to rotate - I use Google Photos on my Pixel 8 (detection to the angle is kinda poor). Why can't I just update the fixed rotation version from the original, and always have to choose this ""save as a copy""???? and look for the original one just to delete exactly the same thing except for the orientation? This never happened to other photo apps on phones but is this how we have to deal with Google Photos? or any way that I can easily change the orientation with one click or  not generate a duplicate?",https://www.reddit.com/r/googlephotos/comments/1rhzhbg/simplest_way_to_rotate/
Reddit,r/googlephotos,post,2026-03-01T12:58:36.487000+0000,1,"Storage problem - I have problem with Google storage, I deleted everything, all pictures and videos, then I check bin, there is nothing more to delete as well. I downloaded all Google related  stuff,be it google files or google photos, deleted things on Gmail, I can't find pics or videos anywhere, yet google still shows that there are 25gb of photos, but doesn't allow me to see this picture or to delete them, I am genuinely tired at this point, my Gmail has been closed,because it keeps saying that I have full storage, but it doesn't allow me to see what the hell is taking space, I checked every google product that has bin, deleted everything I could, and yet it has been 40 days already and it still says same thing,  that I have no storage, WHAT THE HELL IS GOIN ON. it is genuinely trying to push me towards buying storage yet again, but I refuse to do so, I already paid for 100gb for months and had no use of them so I canceled it, only reason I even use this Gmail is related to entertainment and the fact that this Gmail is linked to some of my online apps, like Facebook.",https://www.reddit.com/r/googlephotos/comments/1rhwnzk/storage_problem/
Reddit,r/googlephotos,post,2026-02-28T17:46:49.419000+0000,3,"Apple ICloud Photos and Google Photos Help - Help! A while ago I downloaded Google Photos as a way to manage photo storage. I did “free up space” on many photos, so there are now certain photos only in my Google Photos app only. It’s complete random which ones were removed, so it’s not like I can easily find them and manually save each one back to my device.  I realized it’s hard to have some photos on one app and other photos on the other. I have purchased a higher photo storage subscription for my Apple iCloud, so I would really like to get all photos synced to only Google Photos back on my IPhone camera roll.  After researching, here are my questions:  1  I’m seeing that those photos may still be on my iCloud if I login on my desktop - is this true?  2. I don’t know which photos are only in Google Photos so I can’t manually find and add back each one, that would take an insane amount of time. And I don’t see that Google Photos has a way of showing a filter of which ones are only on their app. Is there?  3. Is there a way I can just make sure all photos are included on all my devices?",https://www.reddit.com/r/googlephotos/comments/1rh8y0z/apple_icloud_photos_and_google_photos_help/
Reddit,r/googlephotos,post,2026-02-28T06:59:17.078000+0000,1,"""Stylized Photo"" - Is this in Google Photo - Anyone know if this can be done with Google Photo app?  It popped up a few weeks ago and I experimented around and saved it.  Now I can't seem to find the option.     ![img](f8m4avleo6mg1)",https://www.reddit.com/r/googlephotos/comments/1rgvu45/stylized_photo_is_this_in_google_photo/
Reddit,r/googlephotos,post,2026-02-28T04:25:01.685000+0000,1,"Direct transfer to cloud or youtube? - Hello, I've been struggling for almost a year now to figure out a solution for this seemingly simple problem (and am now seeing from all the other posts in this thread that there may be more pertinent reasons to find a solution to this re the random bans..).  Essentially, **I have an album of videos on google photos**, consisting of musical performances so several minutes for each one and sometimes several GB.    **I'm trying to find a way to move them all, without downloading them, across to a youtube playlist** or somewhere similar that would make them easier to listen to, ideally in the background.  For the life of me, I can't find a solution outside of individually downloading them to my device and uploading them manually. It seems like there used to be a way to transfer them to google drive and then upload to youtube from there, but I can't seem to do that.  There must be a simple solution out there, can anyone help me?",https://www.reddit.com/r/googlephotos/comments/1rgt0rq/direct_transfer_to_cloud_or_youtube/
Reddit,r/googlephotos,post,2026-02-27T07:07:52.506000+0000,0,"ANYBODY KNOWS HOW TO ENABLE GOOGLE PHOTOS SHARING FOR GOOGLE WORKSPACE ACCOUNT - Unable to share photos from my administrator account google account i am the owner of the website from which i have created google workspace account for education. on mobile device it shows sharing is disabled. I have contacted workspace support team , they said contact google photos team, google photos team is not responding clearly.",https://www.reddit.com/r/googlephotos/comments/1rfztsi/anybody_knows_how_to_enable_google_photos_sharing/
Reddit,r/googlephotos,post,2026-02-25T01:47:29.160000+0000,2,"Editing features update help Update Help - I’ve been using Google Photos for years usually when you hit edit at the bottom left-hand corner there’s a little icon that you click on and it takes you to a selection page where you could select various objects/people, etc. for them to erase the person and Phil in the background my phone updated and all of a sudden everything is completely AI, which is already annoying, but it seems like they disabled this feature, and now you have to ask Gemini to do it for you, which is a notoriously awful.   Does anyone know if they moved that button in the somewhere else that I just can’t find it or is it completely gone and that is the end of me editing photos?",https://www.reddit.com/r/googlephotos/comments/1rdzunq/editing_features_update_help_update_help/
Reddit,r/googlephotos,post,2026-02-21T16:21:47.363000+0000,1,"Account move question - My main Google account is currently blocked **only from YouTube**, so I’m trying to move everything to a brand new Google account and stop using the old one completely. The biggest thing on the old account is **years of Google Photos**, all in the main timeline (almost no albums), and I really need to keep **all metadata and AI features**.  I started using **Partner Sharing** from the old account to the new one and enabled saving. Photos are slowly appearing in the new account and search by places already seems to work. My concern is whether this method has hidden downsides long-term. Will I lose anything like face recognition, people grouping, AI search, or the ability to search by locations, dates, and objects? Since everything is messy and not organized into albums, this kind of search is critical for me.  Second question: once I verify that all photos are fully transferred, is it safe to stop Partner Sharing, remove the new account from the family, cancel Google One on the old account, and fully move on? Will the new account permanently keep all photos exactly as they are, even after unlinking everything from the old account?  Would really appreciate input from anyone who’s done this.",https://www.reddit.com/r/googlephotos/comments/1rav934/account_move_question/
Reddit,r/googlephotos,post,2026-02-20T10:46:51.840000+0000,0,"With the current controversy going around, I asked Gemini about why Google forces you to allow full access to your local photos library in order to look at photos you have saved to Google Photos - this was the response. - ""For Google, your data is only valuable if it's complete. If you only show the app 10% of your photos, Google’s algorithms can't build a full map of your life—who you spend time with, what brands you buy, where you travel. It’s a Power Move. This is the ""Google Tax."" You get world-class AI search and unlimited-ish storage, but the ""price"" is your local device’s privacy. They’ve bet that most people will eventually get tired of the ""Allow full access"" pop-up and just click ""Yes"" to make the annoying box go away. It’s aggressive, and it’s intentional.""  Did not expect Gemini to admit Google participates in anti-consumerism tactics, yet voila.",https://www.reddit.com/r/googlephotos/comments/1r9s5ud/with_the_current_controversy_going_around_i_asked/
Reddit,r/googlephotos,post,2026-02-18T17:23:33.371000+0000,1,"Google photos edit feature is terrible - I transferred from Samsung Galaxy phone/apps to Google Pixel phone/apps. With Samsung, I could do all kinds of cool things when editing photos, but I find Google Photos severely lacking these same features (e.g. adding pixelation to photos, stickers, not being able to save as copy, etc.).  Does anyone have a suggestion for improvement? Should I go back to Samsung Pictures for editing?",https://www.reddit.com/r/googlephotos/comments/1r897i7/google_photos_edit_feature_is_terrible/
Reddit,r/googlephotos,post,2026-02-17T15:08:58.277000+0000,1,"Restore ""review out of Sync photo"" - I deleted video's out of my web goolge account and the trash bin when I was making space on my google cloud before I realized that it was not creating a copy in my flash drive but instead just created ""internet short cuts"".   Thankfully, my google photos app on my phone can't synch the changes without my approval so all of my very treasured memories are on my phone app, BUT it does not give me an option to move the videos to another folder, restore or anything- just to delete them.  I have asked everywhere and I have found nothing to help, does anyone know how I can move these?   Also they are not on my phone gallery (at least not all of them), they are located in the google photo app on my phone.  Thank you!",https://www.reddit.com/r/googlephotos/comments/1r78hxh/restore_review_out_of_sync_photo/
Reddit,r/googlephotos,post,2026-02-16T16:24:34.314000+0000,3,"How to remove ""ghost"" image - So I am on a Google pixel 6a phone and deleted an image and cleared it from my trash but everytime I open any ai software apps and select photos to add, I still see those deleted images there. I cannot find the images in my photos app or files and have cleared the cache of my photos app. Anyone have a solution?",https://www.reddit.com/r/googlephotos/comments/1r6e4ke/how_to_remove_ghost_image/
Reddit,r/googlephotos,post,2026-02-15T23:53:06.842000+0000,0,"Singular Google Album Not Loading - I set up a shared Google Album for my family to see pictures of my new baby. There are 7 people total who can view/add to this album.  Starting 3 days ago (according to the albums time stamp) I can no longer load new updates to this album. I am the *only* person who can not see new photos. I can still upload photos and they appear for other people, but once the upload is complete I lose the ability to see them myself. I still get notifications when other people do things (MIL added photos, Dad commented on a photo, SIL liked a photo, 2 videos auto uploaded to album, etc), but I can not see anything past pictures I uploaded 3 days ago. I've verified with 3 of the other 6 users and not a single person has a problem with the album not loading whereas I, the album creator, keep getting a notice that Google ""couldn't load album"".  I've tried multiple different wifi connections and data. I've tried restarting my phone. I verified all photos are backed up. I can go into a family album my MIL made and continuously updates and see the latest photos without a problem. I can go into a family album my mother made and see her daily updates with no problem. I just can't load *this* album. Is anyone else seeming to have selective issues? I would prefer not deleting the data/cache from the app since I don't trust the ""backup complete"" notice with the app messing up.",https://www.reddit.com/r/googlephotos/comments/1r5u2jm/singular_google_album_not_loading/
Reddit,r/googlephotos,post,2026-02-15T22:14:14.312000+0000,1,"Add photos to album and delete others from camera roll? - I want to go through my Google photos, organise the photos I want to keep into Albums, and then delete remaining photos from my camera roll.  This is proving extremely difficult and I can't find any good solutions online.  Please does anyone know how to easily do this? I have photos from 2015 to now so there is a lot to go through. I don't mind going through them, but then once I have put the ones I want to keep into Albums, my camera roll doesn't show which are in albums and which are not.  I turned back up off, so this means for NEW photos, when I have moved the ones I want to keep into an Album, Albums are backed up so this shows the back up symbol, so I can delete the remaining photos.  But for my old photos which were all backed up, they all show as backed up regardless of whether they are in an Album or not.  Does anyone have any fixes?   Thanks!",https://www.reddit.com/r/googlephotos/comments/1r5rr5p/add_photos_to_album_and_delete_others_from_camera/
Reddit,r/googlephotos,post,2026-02-14T23:07:04.918000+0000,0,Help to uncouple link between iPhotos and Google Photos - Help please! I somewhat accidentally once selected to have my iphotos sync with my Google photos account and now all my free Google storage is being maxed out by all the images. I already pay for Apple storage and am not interested in keeping all the same photos with Google. I've already turned off the auto sync but can't figure out how to delete the images from Google without all deleting them from my iphotos (I'm clearly still missing a link somewhere). Can anyone help here?,https://www.reddit.com/r/googlephotos/comments/1r4yrs4/help_to_uncouple_link_between_iphotos_and_google/
Reddit,r/googlephotos,post,2026-02-13T12:10:02.977000+0000,1,"New issue: photos I put in an album are white/blank, tried a lot of things so far that aren't working, not tech savvy, need help please... time sensitive - Idk what I've done on accident or what's happened...  Photos and videos appear, I think... to be on the cloud online on a browser on a laptop and they appear in Google photos on my phone but when I go to put them in an album on my phone, they are white/blank, there is no location on them as well, I have tried many things, not helping, I've taken lots of screen shots as well of need be to show what's happening, app is up to date, cleared cache in photo app, restarted phone, removed pics from album and tried again, currently trying to download them individually as some give that option though I don't know that I'm supposed to do that but it does seem to help some show up in an album, it says they are backed up so I don't understand, videos aren't playing at all, just spinning, I have storage, I got more a few days ago, I did a few things today/tonight but idk if it had anything to do with things, I have tried things on and off Wi-Fi as well, I was low on storage, I did a make more room on the device like I've done before and it suggested, it will say they're backed up and that I can made more room by I guess deleting them off my phone even though they still show in the Google app which I want, I think they are there as a copy in its original quality, I went into device care to do a clean as well, I have a big album project im working on, this is time sensitive as my health isn't good, my phone has become like a book I never got to write, I need help, I have no idea who to go to for this, any help please??? 🙏🙏🙏",https://www.reddit.com/r/googlephotos/comments/1r3nicd/new_issue_photos_i_put_in_an_album_are_whiteblank/
Reddit,r/googlephotos,post,2026-02-13T02:31:21.309000+0000,1,"Do I have to allow the app full access to my photos? Limited access doesn't seem to work. - I'm trying to upload pictures from a trip with friends. I don't want google to have access to the past 13 years of my life so when setting up the app, which I got so my friends can see the photos, I selected ""limited access"" and went through and chose every item I wanted to put in the album.  At this stage I knew I was just allowing which photos are select-able and not actually adding anything but after carefully curating which photos I wanted to be able to add, I can't find out how to add the ones I gave permission for to an album.     I tap the + sign, hit ""Album"" at the top of the list, hit ""Select photos"", then it just says ""no photos"". The option to ""add"" is in the top right but it's greyed out.      TL:DR how do I add photos to an album after allowing google limited access and selecting which photos I wanted to be able to add? The option to add photos to an album is greyed out and no photos are visible in the app",https://www.reddit.com/r/googlephotos/comments/1r3d6tn/do_i_have_to_allow_the_app_full_access_to_my/
Reddit,r/googlephotos,post,2026-02-13T00:27:13.682000+0000,0,"Help!!!! My Google Photos app on my new Tablet is already acting up and I can't seem to fix it, I'm scared. - I'm having severe storage issues on my Tablet and when I was about to clear a bunch of screenshots I had backed up, it started doing that really weird Database Corruption thing , and it is now stuck at 176 photos and the rest  of  the screenshots are not necessarily gone, but they're not visible and on top of that, it keeps saying getting ready to back up and it's just stuck like that.I tried cleaning the cache and force stopping it, but that did absolutely nothing, i'm so scared.I really don't want to lose this Tablet, .Like I did with the other one I had originally, especially since I'm still actively playing Cookie Run: OvenBreak right now,  have  any of you ever experienced this before and if so, what do I do to fix it? I'm really worried I don't want to lose it.",https://www.reddit.com/r/googlephotos/comments/1r3agfy/help_my_google_photos_app_on_my_new_tablet_is/
Reddit,r/googlephotos,post,2026-02-12T00:53:35.997000+0000,5,"More storage than I should have - This is a bit of a weird problem to have. I had 2 separate google accounts, so I condensed my 'photo' one with my 'main' one. I did this by sharing the photos between accounts so i could keep all the location data and captions.  I changed my plan on the 'main' account to 200GB because I had about 50GB on one and about 60GB on the other.  Now i have only the 'main' account which holds all photos and stuff on my Google Drive, but when I go to storage it says I'm only using 397.8MB on photo storage.  I don't see how this is possible. I'm not using 'space saver' for quality and I have all the photos showing from the original account.  Why would they be taking up so little space when they should be taking up at least 50GB like before?  ![img](ttbizsbfpyig1)  ![img](84qusubfpyig1)",https://www.reddit.com/r/googlephotos/comments/1r2fajv/more_storage_than_i_should_have/
Reddit,r/googlephotos,post,2026-02-11T04:04:20.298000+0000,0,"Why do Google insist on breaking stuff (can't move photos) - venting I guess, but this must be a problem for a lot of people?   there's an issue where if you go to a local folder eg 'screenshots' and try to move a photo to another local folder within the app it has the option to do it but then says 'trouble moving items' or something like that. it's been happening for a while now.  i used to only use Google photos, I've had Samsung's and pixels, I moved back to Samsung because Google pissed me off with lack of customisation and always changing stuff or making dumb decisions. I mean on my s24 ultra I can CHOOSE round or pill toggles, Samsung made an update where swiping down from the top on the left or right shows notifications or toggles but they gave the option to just revert back to default where swiping down anywhere shows both together as it used to. Google just seems to make things worse and says 'thats it now you're stuck with it whether you like it or not'.  apparently this Google photos issues is due to some change they made in the way it handles storage. I just don't get how they can break stuff and just leave it broken. is this an issue for other people? I've tried clearing the cache and checked permissions etc I even reinstalled the app and it said 'let photos manage this photo', allowed it and it still failed",https://www.reddit.com/r/googlephotos/comments/1r1n4s6/why_do_google_insist_on_breaking_stuff_cant_move/
Reddit,r/googlephotos,post,2026-02-10T01:17:18.054000+0000,1,"Can i delete all the photos on my google account? - early last year I moved from samsung to iphone, and with it i moved all of my google photos to icloud via google takeout, which already had some photos overlap from my previous iphone in 2019. Since I switched emails at some point I had to move photos from two google accounts with tons of duplicates, causing sometimes 5 or more versions of the same image. iOS photos was then able to find all of the duplicates both caused by me and already present on my main google photos, a feature that google doesnt have. Upon investigation a very high amount of my google photos are cloned several times for some reason. After doing this I left my google photos alone, but now i’m running out of google storage space and it would be nice if I could completely delete my google photos gallery and then upload my nice consolidated and deduplicated gallery from iphoto to google, potentially saving a lot of space, fixing the duplication issues, and making it match with my ios photos. Is there a way to do this?",https://www.reddit.com/r/googlephotos/comments/1r0mvcb/can_i_delete_all_the_photos_on_my_google_account/
Reddit,r/googlephotos,post,2026-02-08T03:39:32.492000+0000,2,"Apple Photos -> Google Photos - Ran out of storage on iPhone. To free up some space, I transferred everything to Google Photos and selected “delete photos off your device”. Made sure to go back to and delete those in “recently deleted” but my camera roll is still full of the photos I thought I transferred, and Google photos has all the transferred photos. I did this to free up space and now I just have the same photos in two locations. Any advice 🙏",https://www.reddit.com/r/googlephotos/comments/1qyydf5/apple_photos_google_photos/
Reddit,r/googlephotos,post,2026-02-06T03:58:43.681000+0000,1,"Google photos takes me to different photos if I tap the date. All seem backed up but the size on device is less then backup. Photos with arrows and a ! can be found there. Cant download since its on the device and too scared to delete and try to download. Don't see when looking on device. - Troubleshooting, bug, question?",https://www.reddit.com/r/googlephotos/comments/1qx79zu/google_photos_takes_me_to_different_photos_if_i/
Reddit,r/googlephotos,post,2026-02-05T23:01:34.545000+0000,3,"What do I do if I have so many photos on Google Photos that I can't delete them? - I want to free up more than 50 GB of storage on Google One, and I think all that space is in the Google Photos app.   The problem is, it's too much; there are over 40,000 photos, and I feel like I'll never finish selecting them all. They're screenshots. Isn't there an option to reset the app? An option to delete all the data or something similar? Ultimately, I think the best option is to switch Gmail providers.",https://www.reddit.com/r/googlephotos/comments/1qx0n32/what_do_i_do_if_i_have_so_many_photos_on_google/
Reddit,r/googlephotos,post,2026-02-05T18:37:17.860000+0000,5,"Unable to save Google Photos suggested edits - I’m facing an issue with **Google Photos’ own suggested edits** (not Magic Editor or manual edits).   Earlier, when I accepted a suggested edit, it would save the edited version to my device and replace the original photo in both Google Photos and my gallery. Basically, the original file would get updated with the new edited version.    But now I can't save suggested edits. I can decline the suggested edits, but I can't save them anymore. So the edits just sit there as suggestions and I can’t actually use them.   I have tried uninstalling and reinstalling the app also. I am an Iphone user   Would appreciate any help",https://www.reddit.com/r/googlephotos/comments/1qwtifa/unable_to_save_google_photos_suggested_edits/
Reddit,r/googlephotos,post,2026-02-05T07:44:48.654000+0000,2,"Help restoring videos on Google photos that have corrupted - I got a 1TB sd card for my phone. All of my photos and videos automatically upload to Google photos almost immediately. Now, I got an sd card for my phone to free up space, so I moved around 100GB over to the sd card. All was well and good, but when I checked, all the data was corrupt on the sd card. I thought, that's fine, everything is on Google photos anyway, I'll just go check for a video I was trying to find. Now the videos that ended up corrupt on the sd card are showing as corrupt on Google too? I don't understand how that could happen if they were uploaded there and fine last time I checked? What's the point of paid cloud storage if it doesn't actually store backups properly? Is there anything I can do to recover the videos? A good chunk of them are from our first trip overseas which I can't get back.  Any help would be appreciated. Thanks!",https://www.reddit.com/r/googlephotos/comments/1qwf59w/help_restoring_videos_on_google_photos_that_have/
Reddit,r/googlephotos,post,2026-02-03T20:10:14.028000+0000,0,"How do I remove individual video files that would download it to my phone? - I'm editing videos on my phone, because that's all I have, and I keep running out of space. Normally I'm used to that.  I was working on a large file, 10 GB, the first couple times I tried to save it as a finished project from cap cut It said I didn't have enough space on my phone.   Fine, so I started deleting files that didn't matter and took off a few apps. After this it seemed to finally download and said project completed.   However when I find the file in my Google photos it's a white square with no video or thumbnail. I know that when I take pictures they don't show up immediately in my gallery until they've been backed up online. So I gave this 10 GB file extra time,keeping the Google photos app in the foreground without closing it.   However I still have the same white square instead of a thumbnail and the file size is not 10 gigabytes.   My question is how can I delete files that I downloaded from my online backup and know that they're still backed up.   And what I mean by that is there a files that I downloaded so I could edit them. But now that I'm done editing them I would like to remove them from my phone and keep them backed up online.   For instance normally when I delete a file it says that it is or is not backed up so I can tell if I can delete it safely.   However when I try and delete the downloaded files I get no notification either way.   In fact the only way I know these are downloaded, or at least I'm pretty sure, they're downloaded is that they jump days or weeks apart. Normally I'm taking anywhere from 5 to 20 pictures a day.   I should be a big help to me because I've been spending a lot of time on this project and now I can do anything with it until I have a file I can upload.  Thank you.",https://www.reddit.com/r/googlephotos/comments/1qv2qmz/how_do_i_remove_individual_video_files_that_would/
Reddit,r/googlephotos,post,2026-02-01T20:43:15.677000+0000,3,"Only locally stored photos visible in google photos app; backed-up photos missing--how to fix? - **Update**: My photos are visible again on my phone! Happened suddenly and not sure what fixed it (if anything) or if it just mysteriously needed 3+ weeks to fix itself?   The only thing I can think of: I used the browser to ""favorite"" and add some of the missing photos from a recent vacation photos to a shared album with my spouse. No idea if that helped to trigger a re-indexing or something, or if it was just coincidence, but it is the only thing that has changed since I posted. So if someone in the future has this problem, I guess try making a new shared album and adding some of the missing photos from your browser.   Thanks to those offered suggestions.    \*\*  Original post: Anyone else have an issue where they can only see locally stored photos in their google photos app? I have all my photos backed up in original resolution to google photos, and I can see them from a web browser at photos.google. com, so I know they are there, but am not able to access them at all from the google photos app on my phone (Pixel 6). I am a Google One Premium customer with lots of unused space, so account storage is not an issue.  I tried clearing the cache and storage, logging out and logging back into my account, rolling back updates and reinstalling, restarting the device, etc. Nothing worked. Google one customer support wants me to take the device in to a technician at an authorized service center over an hour away which feels like it will be a waste of time, since this seems obviously to be a software error rather than hardware. Except for crappy battery performance the phone is otherwise working fine.  Became a big issue after I used the ""Free up Space"" feature a few weeks ago to get a little more storage on my phone. Didn't expect to lose access to ALL of my photos from 2025 and beyond. Can't even see recent vacation pictures, or my recent work photos.  Any ideas welcome!",https://www.reddit.com/r/googlephotos/comments/1qta66d/only_locally_stored_photos_visible_in_google/
Reddit,r/googlephotos,post,2026-02-01T17:50:46.145000+0000,2,"Videos disappeared from Google Photos app - Hi! When I studied abroad in 2022 I bought an unlocked phone for international usage and used Google Photos to ensure I would have all my pictures and videos when I got back to the US and used my original phone. I was just searching for a video from a concert I went to while abroad. I know the exact date and there are photos from that night, but all of the videos have disappeared. I certainly never deleted them, but I can't find them at all in my camera roll or in google photos. I even checked my other google account to see if they were on there and they are not. Where could they have gone? Is there any troubleshooting I can do for this?",https://www.reddit.com/r/googlephotos/comments/1qt5a5s/videos_disappeared_from_google_photos_app/
Reddit,r/googlephotos,post,2026-02-01T03:40:07.886000+0000,0,Is this easy/seamless to use? - **is the cloud easy to use for storage   My phone is perpetually at 97% capacity no matter how many photos or videos or files I delete. I want to delete a bunch on my phone after they're backed up but know next to nothing about this.   Is it easy to access my photos/files after I delete them off my phone? I don't want to have to jump through hoops to find what I'm looking for if I need to look in a cloud. Is it as easy as going to the gallery or documents app on your phone to search?  Also posts on here are talking about deleting a photo on your phone also deletes the photo in the cloud.... Why and how do you avoid that  I really need external storage to clear space on my phone and I'm frustrated that nothing I do works to free up space. What's the best way to do this? Is Google even a good way to do it?,https://www.reddit.com/r/googlephotos/comments/1qsnihl/is_this_easyseamless_to_use/
Reddit,r/googlephotos,post,2026-01-30T02:56:46.933000+0000,6,"The enshittification of Google Photos due to AI - The enshittification of pushing AI is really pissing me off. One latest example just this morning:  Back in the old days when Google photos were still logically functional, I had a few of my older photos during my fat days metatagged with the keyword 'Fat'. I will occasionally look back at these photos as sort of a reminder and motivation to myself to not go back to my old ways of sloth & gluttony, and it was as easy as launching google photos and searching using the keyword 'Fat' and presto! I got the photos.  Now though? With Google Gemini forced upon Google photos replacing its search function, i can't even do that anymore. There's no simple way to search for those old fat photos of mine lest i elaborate with a tightly worded prompt using more pompous words. Because the 3-lettered 'fat' is apparently a taboo, a label that shall not be said like Voldemort.  What used to cost 3 alphabetical letters to get my result now requires a fully structured inquiry that I had to skirt around as if the machine can be offended. I know fat-shaming is a toxic behavior, I myself was the subject of it back then. But c'mon man....why is searching for a photo of my previous fat self using the word 'fat' not allowed? Is the AI trying to protect myself from myself?   Billions of dollars spent, years of LLM training & inference....all to make things worse? This is so bloody stupid.",https://www.reddit.com/r/googlephotos/comments/1qqtkmw/the_enshittification_of_google_photos_due_to_ai/
Reddit,r/googlephotos,post,2026-01-29T19:47:30.481000+0000,0,"Phone upgrade, but albums haven't transferred across? - Recently upgraded from a Pixel 6a to a 9a. My photos have transferred across, but a lot of them aren't in the folders that they were previously. I can find the photos in the 'generic' photo album, but they don't appear anywhere else, ao I can't move them to another folder.  Any ideas?",https://www.reddit.com/r/googlephotos/comments/1qqixmb/phone_upgrade_but_albums_havent_transferred_across/
Reddit,r/googlephotos,post,2026-01-29T13:25:23.096000+0000,0,"Deleting photos from device - I have and Oppo Find 5 Pro, and I have recently backed up all my photos onto Google photos.  The issue I am facing is that the phones physical storage is maxing out so I need to clear room.  If I delete from the Oppo camera gallery it deleted the photos off of Google photos which is not the outcome I am looking for.  I then went via Google photos and selected delete from device only but all this has done is kept photos and videos on the Oppo gallery. If I try delete from Oppo gallery now it still deletes off Google photos.  ideally I want the Oppo gallery 100% clear and with everything backed up on Google photos. then as I take new photos it then slowly filly up the Oppo gallery and backs up to Google.  Any ideas of how to make this work?   I worry that if I need to wipe this phone if it breaks then Google photos will be wiped out...",https://www.reddit.com/r/googlephotos/comments/1qq8h2m/deleting_photos_from_device/
Reddit,r/googlephotos,post,2026-01-29T04:53:37.796000+0000,2,"Help Retrieving Photos - When I log in to Google photos on my phone and computer, it shows I have 3GB worth of data but no photos show. I previously disabled automatic back ups so my photos would be saved to ""the cloud"" but feel like I did something wrong. Anyone got some advice?  ![img](orslyd29z7gg1)",https://www.reddit.com/r/googlephotos/comments/1qpz5rj/help_retrieving_photos/
