video_title,video_id,author,text,likes,date,url
Move/Transfer Google Photos from One Account to Another,alsgmypywoE,@TechyDruid,👉 Full step-by-step Guide: https://techydruid.com/move-google-photos-account/,2,2026-02-07T12:47:59Z,https://www.youtube.com/watch?v=alsgmypywoE&lc=UgwCELQlPiFn9026yht4AaABAg
Move/Transfer Google Photos from One Account to Another,alsgmypywoE,@ketsugi8167,"Whenever there’s a problem that I’m too technologically daft to solve, there’s always random Indian youtuber to save the day",630,2023-08-24T03:23:23Z,https://www.youtube.com/watch?v=alsgmypywoE&lc=Ugwn0_5FtIC0DXfXnHF4AaABAg
Move/Transfer Google Photos from One Account to Another,alsgmypywoE,@adityarajparichha9846,Thank You Very Very Very Much Brother 🙏🏻🙏🏻🙏🏻,16,2024-04-12T18:13:20Z,https://www.youtube.com/watch?v=alsgmypywoE&lc=UgxPM7yklskpBp1IFNd4AaABAg
Move/Transfer Google Photos from One Account to Another,alsgmypywoE,@gblizzard7518,"You're The Man!!!  Great Job.  So easy, and you have a stress free voice, like you're just nonchalantly helping us out.",53,2024-06-06T16:36:18Z,https://www.youtube.com/watch?v=alsgmypywoE&lc=UgwjKD4b5G6KpOX6T294AaABAg
Move/Transfer Google Photos from One Account to Another,alsgmypywoE,@mamo9561,Thank you so much. This is a straight and to the point ilustration.,26,2023-09-24T20:46:13Z,https://www.youtube.com/watch?v=alsgmypywoE&lc=UgzdB9tR1j_Hh8Kqy6F4AaABAg
Move/Transfer Google Photos from One Account to Another,alsgmypywoE,@ኤርትራ-ሃገረይ,3 years since you uploaded this clip but really I found best option on January 2026. Thanks  Sir respect 🙏.,1,2026-01-15T20:37:24Z,https://www.youtube.com/watch?v=alsgmypywoE&lc=UgzsrLg4oUgzci0naUN4AaABAg
Move/Transfer Google Photos from One Account to Another,alsgmypywoE,@JapaRealityTechnologiesInc,Thanks for being so concise and helpful. Cheers,18,2023-11-25T10:50:57Z,https://www.youtube.com/watch?v=alsgmypywoE&lc=Ugz6M1jyNcRXqvH2OtN4AaABAg
Move/Transfer Google Photos from One Account to Another,alsgmypywoE,@vandanajagroo5653,"I am using a laptop to do all the transfering but all my pictures are on my phone, when i do that translation, would be the same like if its on my phone?",4,2023-08-08T01:03:53Z,https://www.youtube.com/watch?v=alsgmypywoE&lc=Ugyd6ivvNT5y3_TIdbZ4AaABAg
Move/Transfer Google Photos from One Account to Another,alsgmypywoE,@marksoi308,"first method work well, I shared the photos in batches of 1500, thanks💯",5,2024-09-29T16:04:48Z,https://www.youtube.com/watch?v=alsgmypywoE&lc=UgwjTOLshaAkeZq12tl4AaABAg
Move/Transfer Google Photos from One Account to Another,alsgmypywoE,@RyanH0809,Ive used MultiCloud Transfer for my Google Drive accounts and it worked flawlessly. Ill be trying it with Google Photos next.,21,2023-11-19T00:18:23Z,https://www.youtube.com/watch?v=alsgmypywoE&lc=Ugy31XZEtaql3117Vht4AaABAg
Move/Transfer Google Photos from One Account to Another,alsgmypywoE,@dengamashamba8116,"The 1st method did the most for me, thanks",4,2024-06-18T09:08:44Z,https://www.youtube.com/watch?v=alsgmypywoE&lc=UgzTexpKEItvvMAW9a14AaABAg
Move/Transfer Google Photos from One Account to Another,alsgmypywoE,@simratariq5329,"my concern is that, when i copied the link and opened it from other account it got saved to ""partner sharing"" so when i am deleting the photos from original account, its also getting deleted from the other account",1,2024-06-26T05:48:53Z,https://www.youtube.com/watch?v=alsgmypywoE&lc=UgwIo0PQ8I850fECQUJ4AaABAg
Move/Transfer Google Photos from One Account to Another,alsgmypywoE,@kuldeepraghav3585,"ahhh, from 2015 to 2024 .... 20500 photos, can't even select with that shift option, manually selected all, and at the end it says can create link only for 1500 photos at once !!! why didn't you mentioned it 😭😭😭😭",209,2024-02-03T09:32:21Z,https://www.youtube.com/watch?v=alsgmypywoE&lc=Ugw_Hx-8I8y7oRGK_uV4AaABAg
Move/Transfer Google Photos from One Account to Another,alsgmypywoE,@sumitparmar9219,There is a limitation of 1500 items each transfer,8,2023-06-04T07:56:00Z,https://www.youtube.com/watch?v=alsgmypywoE&lc=UgzMYDOB2tLWEFU-g-x4AaABAg
Move/Transfer Google Photos from One Account to Another,alsgmypywoE,@Stella-gu9lk,Wow...use method 1 so easily done...... and here i was stressing that my google account is getting full. Thank you thank you thank you techy drud,6,2024-09-20T14:28:26Z,https://www.youtube.com/watch?v=alsgmypywoE&lc=Ugxm-9s-DJY5DJHtjZ54AaABAg
Move/Transfer Google Photos from One Account to Another,alsgmypywoE,@veerajprogemrj7955,nice video. only one addition in1st method is u can share n save 1500 images/videos at one time. thanks for nice information,2,2024-08-22T06:52:05Z,https://www.youtube.com/watch?v=alsgmypywoE&lc=UgxYgQfI6CvS26b0OAp4AaABAg
Move/Transfer Google Photos from One Account to Another,alsgmypywoE,@sanusaura,No music no disturb ye bhot accha kiya ❤❤❤,3,2025-03-17T14:24:00Z,https://www.youtube.com/watch?v=alsgmypywoE&lc=UgyUZ_7NWmbgpHxRyQ14AaABAg
Move/Transfer Google Photos from One Account to Another,alsgmypywoE,@MegaHorse7,"pressing the shift key and left clicking the last image is not working for me , its onlly saving my first and last image?",0,2024-07-02T13:31:52Z,https://www.youtube.com/watch?v=alsgmypywoE&lc=UgzXjiUQ3u_AkRqoICN4AaABAg
Move/Transfer Google Photos from One Account to Another,alsgmypywoE,@prasashtisrivastava1039,You have no clue how much of a problem I had or how fast you solved it with one small step. Thanks a lot.,8,2024-09-24T21:39:12Z,https://www.youtube.com/watch?v=alsgmypywoE&lc=UgzAtxvnO1YpLdBeK1x4AaABAg
Move/Transfer Google Photos from One Account to Another,alsgmypywoE,@affordable6646,Nice video - Straight and to the point😊,11,2023-10-22T12:44:55Z,https://www.youtube.com/watch?v=alsgmypywoE&lc=Ugz0W_Bdm5TmHtLQmYd4AaABAg
Move/Transfer Google Photos from One Account to Another,alsgmypywoE,@PiusOkwuego,Great Guy. Love this video. Simple and yet very illustrative. Straight to the Point.,7,2024-01-11T09:56:55Z,https://www.youtube.com/watch?v=alsgmypywoE&lc=UgzK74tEnMji_paSExZ4AaABAg
Move/Transfer Google Photos from One Account to Another,alsgmypywoE,@joelguillerm4278,"thanks for this useful video ;
Little question :
when you transfer photos via MulCloud, are the albums names and contents transferred too, or only photos are transferred ?",3,2023-12-05T10:39:19Z,https://www.youtube.com/watch?v=alsgmypywoE&lc=UgxXb-bXJP4dxxcayf54AaABAg
Move/Transfer Google Photos from One Account to Another,alsgmypywoE,@MakeTimeToPlay-Angela,Thanks! A MILLION ....pictures. Only a zillion to go. But at least I have wiggle room now and will still be able to send and receive e-mails. :)  You are appreciated!,2,2024-09-09T02:17:32Z,https://www.youtube.com/watch?v=alsgmypywoE&lc=Ugy0drw_iQwQbViBuht4AaABAg
Move/Transfer Google Photos from One Account to Another,alsgmypywoE,@envi4994,Do Multcloud change the image quality?,2,2024-03-09T03:41:31Z,https://www.youtube.com/watch?v=alsgmypywoE&lc=UgxwlyV_0cT9mrqCJKJ4AaABAg
Move/Transfer Google Photos from One Account to Another,alsgmypywoE,@thirukarthikamurugan9393,"method 1 perfectly worked fine for me, all the photos remained in the other account even if I deleted it from my first account ""as I saved it as mentioned in video"" . Thank you!",37,2024-01-02T09:17:12Z,https://www.youtube.com/watch?v=alsgmypywoE&lc=UgxH2szI6W4epzPwWYh4AaABAg
Move/Transfer Google Photos from One Account to Another,alsgmypywoE,@AsharAhmedShaikh,"Hello, 
I transfered the photos from 1st account to 2nd as you showed after that i deleted some photos from 1st account it also get deleted from 2nd account also any solution you can suggest plz",1,2025-05-13T15:38:21Z,https://www.youtube.com/watch?v=alsgmypywoE&lc=Ugz4eK60fw_E1UlF9Nl4AaABAg
Move/Transfer Google Photos from One Account to Another,alsgmypywoE,@christianrooversmusic,"For the first method, do you have to wait a period of time after clicking “save” on the second account before deleting the album from the first account?",0,2024-03-09T19:32:28Z,https://www.youtube.com/watch?v=alsgmypywoE&lc=UgzhtP5R1rDDmQrcmxN4AaABAg
Move/Transfer Google Photos from One Account to Another,alsgmypywoE,@Sneha_mahapatra,"Bro you dropped this 👑 
Thanks for helping",4,2024-10-17T04:53:02Z,https://www.youtube.com/watch?v=alsgmypywoE&lc=UgwWJfUv7mknmaH2ZJl4AaABAg
Move/Transfer Google Photos from One Account to Another,alsgmypywoE,@azharhussain3207,"Doesn't work if you have more than 1500 photos to migrate. The Share  button is not able to generate the link because the file size is too huge & mutlcloud would not be justified since it's a manual process of selecting each photos, so not possible to select 4-5k of pictures.",0,2024-04-18T07:50:16Z,https://www.youtube.com/watch?v=alsgmypywoE&lc=UgyOa3fYq-na_OB3mRF4AaABAg
Move/Transfer Google Photos from One Account to Another,alsgmypywoE,@pytsr,Very good tool and the method to move/copy the photos. Thank you so much,0,2024-12-15T09:37:00Z,https://www.youtube.com/watch?v=alsgmypywoE&lc=Ugy7Y6Y4L3D9FG6DdPl4AaABAg
Move/Transfer Google Photos from One Account to Another,alsgmypywoE,@arifk4531,⚠️Guys the limit is 1500 photos to create link⚠️,1,2025-08-02T04:34:45Z,https://www.youtube.com/watch?v=alsgmypywoE&lc=Ugyx6UFLuP1neM8Zcbp4AaABAg
Move/Transfer Google Photos from One Account to Another,alsgmypywoE,@kumkumkhatri3853,So can we then delete the photos from the initial account after moving them to the other account. The photos would be save in the second account right??,0,2025-08-01T10:00:26Z,https://www.youtube.com/watch?v=alsgmypywoE&lc=UgwUqM8ssbBDO8duVD54AaABAg
Move/Transfer Google Photos from One Account to Another,alsgmypywoE,@EmielBrok,Thanks for the video. In my case though method 1 does not work; as soon as I remove the foto from the original account it also disappears from my other Google account? Am I the only one who has this?,1,2024-06-24T12:24:48Z,https://www.youtube.com/watch?v=alsgmypywoE&lc=UgzrqX3rZjObK0PVNVR4AaABAg
Move/Transfer Google Photos from One Account to Another,alsgmypywoE,@sherinreshma2113,but if we delete the photos in first account it also deletes in second account ? what have to do ?,0,2024-09-29T09:28:11Z,https://www.youtube.com/watch?v=alsgmypywoE&lc=UgwowWPIZ5TX56jn1D94AaABAg
Move/Transfer Google Photos from One Account to Another,alsgmypywoE,@RakibMoksud,"Vai, I did the same. my 1st Google account was full. therefore I transferred the photo to my 2nd Google account. I deleted the photos (Which I transferred), but Google is not clearing my 1st account space. I freed 5 GB of space, but my account still shows full. What should I do?",1,2024-08-11T08:38:51Z,https://www.youtube.com/watch?v=alsgmypywoE&lc=UgxQEhj9bYvcQq3BHdd4AaABAg
Move/Transfer Google Photos from One Account to Another,alsgmypywoE,@Zozo-rn7fl,Thankyou so much! So easy can do on my phone 👍🏼,5,2023-01-26T23:56:52Z,https://www.youtube.com/watch?v=alsgmypywoE&lc=Ugyx1RtkuHNmui6_NIJ4AaABAg
Move/Transfer Google Photos from One Account to Another,alsgmypywoE,@gurpreetSingh-ir3ho,do the photos get deleted if i remove it from my bin as the space consumed by my 2nd google photos is 1 gb but the actual size is 14 gb . please respond,1,2023-03-21T18:49:58Z,https://www.youtube.com/watch?v=alsgmypywoE&lc=Ugz-mKDpqh_t6-KVk6x4AaABAg
Move/Transfer Google Photos from One Account to Another,alsgmypywoE,@yaminiagarwal9690,This video was very helpful. Thank you!,0,2023-09-12T16:57:32Z,https://www.youtube.com/watch?v=alsgmypywoE&lc=UgygeWwXoO5vC9SSrK54AaABAg
Move/Transfer Google Photos from One Account to Another,alsgmypywoE,@ராகுல்-ஞ3ன,"The photos when transferred to the other account and when saved,they don't take up any space.how does that work?",0,2025-10-20T09:27:44Z,https://www.youtube.com/watch?v=alsgmypywoE&lc=UgzirupNZsjQEYVKo8d4AaABAg
Move/Transfer Google Photos from One Account to Another,alsgmypywoE,@Finnleigh.Jackson4141,"Your English is good. Can you make a video about how to transfer large files, e.g. emails with large PDFs or Word files?",2,2024-09-23T16:41:44Z,https://www.youtube.com/watch?v=alsgmypywoE&lc=UgwK_DsvY6gcmnFDHo54AaABAg
Move/Transfer Google Photos from One Account to Another,alsgmypywoE,@samiyakhalid2181,tried the first method shared and saved to the other account as mentioned but deleting photos from first account deletes from the second one as well:(,0,2024-09-07T20:25:15Z,https://www.youtube.com/watch?v=alsgmypywoE&lc=UgwrySMci2UlzNcNFPN4AaABAg
Move/Transfer Google Photos from One Account to Another,alsgmypywoE,@heliospace,This is a better way to share images to another account but I can  only use this for family cause you can't give your freinds your email 😂 or them giving theirs so still using Discord for that kekw,5,2022-10-19T04:05:24Z,https://www.youtube.com/watch?v=alsgmypywoE&lc=UgzsOGtF9846UoNhMUp4AaABAg
Move/Transfer Google Photos from One Account to Another,alsgmypywoE,@vinayakpatil531,whenever you sign in into another account the fresh google photos opens up the link doesn't open,1,2025-01-28T10:23:56Z,https://www.youtube.com/watch?v=alsgmypywoE&lc=UgyZkt95uUETA-IKMEB4AaABAg
Move/Transfer Google Photos from One Account to Another,alsgmypywoE,@mahbrotha1354,Just what I needed! Thank you so much!,2,2023-08-03T11:10:43Z,https://www.youtube.com/watch?v=alsgmypywoE&lc=Ugznksmgj6_k-lx8Wf54AaABAg
Move/Transfer Google Photos from One Account to Another,alsgmypywoE,@ahmadshahnasih1974,I can’t find save option in my second account to paste photos. What should I do?,0,2024-09-22T21:31:49Z,https://www.youtube.com/watch?v=alsgmypywoE&lc=UgzY8P1IotIwjVIcudN4AaABAg
Move/Transfer Google Photos from One Account to Another,alsgmypywoE,@JituExplorerDiary,Thanks a lot...Does it copy photos in album?,0,2023-05-03T13:54:39Z,https://www.youtube.com/watch?v=alsgmypywoE&lc=UgxcSYwdaJ1paR0cH-d4AaABAg
Move/Transfer Google Photos from One Account to Another,alsgmypywoE,@bhagyashreerajurkar10,"I used the sharing method, but it's not able to save it to another email ID. The size is 9.2 GB. Any idea why",0,2026-09-08T13:56:44Z,https://www.youtube.com/watch?v=alsgmypywoE&lc=UgyW72BI50K2JpqdPp14AaABAg
Move/Transfer Google Photos from One Account to Another,alsgmypywoE,@rudolfcastañeda,even the dates wil be copy? the dates is important to me,1,2023-07-14T11:05:31Z,https://www.youtube.com/watch?v=alsgmypywoE&lc=UgyUVk5lVXMCB97LauF4AaABAg
Move/Transfer Google Photos from One Account to Another,alsgmypywoE,@bigSnick1856,When I log into the new account I can't get the upload to cloud button. I get download only.,0,2025-03-15T14:55:56Z,https://www.youtube.com/watch?v=alsgmypywoE&lc=Ugx4IjocbGElqsqAuSl4AaABAg
Move/Transfer Google Photos from One Account to Another,alsgmypywoE,@noufalabdullatif7371,"Hello, 

I just bought a new android phone and would like open my google photos there. But here is 3 important things I would like to do:
-  Create a new gmail, move the data from my current gmail to the new gmail
-  Change my plan from the free 15gb plan to a more storage plan
 - Change the back up settings from Storage Saver to Original Quality 

My question is what are the order of these steps? considering I don't want to risk losing any data from my old phone.

Please help as this is a special complex case.",0,2024-04-01T00:31:27Z,https://www.youtube.com/watch?v=alsgmypywoE&lc=UgwAwfq5Xq2G_abXBjx4AaABAg
Move/Transfer Google Photos from One Account to Another,alsgmypywoE,@ayushmishra190,"Thank You So Much, Eloquent Explanation, Nice Technique",0,2024-02-23T14:10:18Z,https://www.youtube.com/watch?v=alsgmypywoE&lc=UgxLcauw1FbEwAqfUjF4AaABAg
Move/Transfer Google Photos from One Account to Another,alsgmypywoE,@umaimashahnaz,"Thanks 
It's working.

Thank God.

Thank you for giving this information.",0,2025-05-18T20:06:23Z,https://www.youtube.com/watch?v=alsgmypywoE&lc=UgyarIxL2mRLd-7Yk4R4AaABAg
Move/Transfer Google Photos from One Account to Another,alsgmypywoE,@asparagus.,This is very useful. Thank you so much.,2,2023-05-25T13:48:23Z,https://www.youtube.com/watch?v=alsgmypywoE&lc=Ugx4pMztezHQhHXFPTV4AaABAg
Move/Transfer Google Photos from One Account to Another,alsgmypywoE,@Therealknowledge786,i selected my all data and it gave error while generating link that 1500 items is the most that can be shared at one time,17,2024-02-13T03:40:28Z,https://www.youtube.com/watch?v=alsgmypywoE&lc=UgyBW3zD9VyDfnFOSSJ4AaABAg
Move/Transfer Google Photos from One Account to Another,alsgmypywoE,@narayanpatil700,"what about dates, is dates change in new accounts or remain same as old??",0,2025-05-19T09:26:59Z,https://www.youtube.com/watch?v=alsgmypywoE&lc=UgzYEAj6-AqaIz-27xF4AaABAg
Move/Transfer Google Photos from One Account to Another,alsgmypywoE,@warren2010,Thank you very much!!! This is a godsend!!! Much appreciated bro!,2,2023-03-10T06:42:03Z,https://www.youtube.com/watch?v=alsgmypywoE&lc=Ugy8kK1JYaRzU_zpDtR4AaABAg
Move/Transfer Google Photos from One Account to Another,alsgmypywoE,@bharathidasanr1466,Google photo backup . you made life easy,0,2025-01-14T18:43:53Z,https://www.youtube.com/watch?v=alsgmypywoE&lc=Ugy5puhSJSJwl5Ekkbx4AaABAg
Move/Transfer Google Photos from One Account to Another,alsgmypywoE,@anarcho-monarchistgaming2094,Thank you now I can use my main gmail account again!,0,2024-05-24T22:31:17Z,https://www.youtube.com/watch?v=alsgmypywoE&lc=UgySPrYNVyaE_wRYg3l4AaABAg
Move/Transfer Google Photos from One Account to Another,alsgmypywoE,@SUKANIA-ji6jc,First method worked for me thank you,0,2024-12-10T18:10:59Z,https://www.youtube.com/watch?v=alsgmypywoE&lc=Ugys2nHNpjfxfAinwbR4AaABAg
Move/Transfer Google Photos from One Account to Another,alsgmypywoE,@cobra_vlogg,Hi bro i have shared google photos from primary account to new account and it is auto-saved all photos in secondary account. Then can i delete all google photos from my primary account so that storage will be reduced? So it will not affect /delete in the secondary account? Can i delete from 1° account? Bro plz reply fast as much as possible.,1,2024-09-09T08:37:17Z,https://www.youtube.com/watch?v=alsgmypywoE&lc=UgwrnBZ_4jTwtKAj6Op4AaABAg
Move/Transfer Google Photos from One Account to Another,alsgmypywoE,@saminamalik1138,the ctrl a doesnt work it works on text for me,0,2024-04-27T13:54:38Z,https://www.youtube.com/watch?v=alsgmypywoE&lc=UgwdMt6W05xg5WckMcJ4AaABAg
Move/Transfer Google Photos from One Account to Another,alsgmypywoE,@ColtzNut,The first method works fine except for the fact that the location doesn't seem to come through.  Does the MultiCloud method transfer the location?,8,2023-08-07T20:14:11Z,https://www.youtube.com/watch?v=alsgmypywoE&lc=Ugw8PTEiHzHDmT3pMLR4AaABAg
Move/Transfer Google Photos from One Account to Another,alsgmypywoE,@1DPhil.,This information was very useful. I used the first method and it was a success.,0,2023-06-27T22:06:26Z,https://www.youtube.com/watch?v=alsgmypywoE&lc=Ugy_H9ZXo5VkW8BWlIp4AaABAg
Move/Transfer Google Photos from One Account to Another,alsgmypywoE,@srikanthsanta24,"1st  was working perfectly,thank you bro",0,2025-12-11T03:34:41Z,https://www.youtube.com/watch?v=alsgmypywoE&lc=UgwFpf3-MUFREODbBlx4AaABAg
Move/Transfer Google Photos from One Account to Another,alsgmypywoE,@juggernautjigsaw99,Great video man this guy is amazing love him got me through transferring my photos,2,2024-01-15T18:10:52Z,https://www.youtube.com/watch?v=alsgmypywoE&lc=Ugz0iD_NG9UpcmwE7hJ4AaABAg
Move/Transfer Google Photos from One Account to Another,alsgmypywoE,@rachanamishra4641,But the link shared option was from original account from where we deleted now. You sure after a while the photos from second account won’t get affected ?,0,2025-10-12T03:58:26Z,https://www.youtube.com/watch?v=alsgmypywoE&lc=Ugymd62F4KdvxTqMZiJ4AaABAg
Move/Transfer Google Photos from One Account to Another,alsgmypywoE,@Annsu2017,"Hi, I also have a very specific question here! I have about 3 google accounts- for pics & gmail. The thing here is if I login into all 3 accounts, how can allow back up of my gallery pics & videos to just 1 specific account?? And if I login into 3 accounts on my phone, can I prevent from login into google photos??? Kindly answer my queries if possible. TIA!!",0,2024-02-09T16:21:39Z,https://www.youtube.com/watch?v=alsgmypywoE&lc=UgwlU1JAHaOXIBe9WzZ4AaABAg
Move/Transfer Google Photos from One Account to Another,alsgmypywoE,@Sweetbaby92015,I can't  see the save button on my new account.  Please help me. It's showing only upload button  only.,0,2024-04-05T19:38:35Z,https://www.youtube.com/watch?v=alsgmypywoE&lc=Ugz6yHE-tC6EYsCE2zh4AaABAg
Move/Transfer Google Photos from One Account to Another,alsgmypywoE,@santoshirathore,"Thankyou very much it worked i used first method, it's quick thanks",0,2025-09-26T11:12:10Z,https://www.youtube.com/watch?v=alsgmypywoE&lc=UgxO_fuiBF1wiLVvLuF4AaABAg
Move/Transfer Google Photos from One Account to Another,alsgmypywoE,@Mrudula-Y,No it's not working i tried and my google pics are 3k + it's showing items not shared,0,2025-10-08T12:52:55Z,https://www.youtube.com/watch?v=alsgmypywoE&lc=Ugzo7Wd9vlc9jg684tZ4AaABAg
Move/Transfer Google Photos from One Account to Another,alsgmypywoE,@ShaifShafiq,Which method will also keep the dates and time intact? Also is mutlcloud safe to use considering the data is private ?,14,2024-01-11T08:21:35Z,https://www.youtube.com/watch?v=alsgmypywoE&lc=UgyI_EbkdtZVDfValrl4AaABAg
Move/Transfer Google Photos from One Account to Another,alsgmypywoE,@ifailedgenz6679,ive transferred 12gb worth media into another account but it shows up as only 6gb? anyone has an explanation?,0,2024-08-19T18:03:36Z,https://www.youtube.com/watch?v=alsgmypywoE&lc=Ugw-H8fKs2Dfs3eGkBN4AaABAg
Move/Transfer Google Photos from One Account to Another,alsgmypywoE,@more9130,Thanks for saving time !! It was really helpful,0,2025-04-09T16:16:16Z,https://www.youtube.com/watch?v=alsgmypywoE&lc=Ugxcz4cfAFg-yGnTvNR4AaABAg
Move/Transfer Google Photos from One Account to Another,alsgmypywoE,@Connorlomax,Option 1 worked fine and I moved all my videos successfully BUT why did my new account show 8.2Gbts of data used but only 3.2Gbts were freed up from my original account. What's that all about?,0,2024-08-24T07:41:12Z,https://www.youtube.com/watch?v=alsgmypywoE&lc=UgxEjTrWZYB9AXUhBDR4AaABAg
Move/Transfer Google Photos from One Account to Another,alsgmypywoE,@lissa.sahsah,"If I delete the first account entirely, will it cause any problem?",0,2024-08-07T11:42:37Z,https://www.youtube.com/watch?v=alsgmypywoE&lc=Ugx8OelSPVpttaqFwrN4AaABAg
Move/Transfer Google Photos from One Account to Another,alsgmypywoE,@praveenkokkirala-wz1cz,"I have moved google photos from my primary account to another account. the account where I moved to, the pics got added and the size of account increased. But when I deleted the photos from my primary account , the size remained same. I deleted things from trash too. But still the did not decrease........Does anyone have the same issue?",0,2025-01-21T00:39:17Z,https://www.youtube.com/watch?v=alsgmypywoE&lc=UgyyO6WT2OXCK1KSdIx4AaABAg
Move/Transfer Google Photos from One Account to Another,alsgmypywoE,@hello6342,Are the albums also transferred in any of the 2 process,0,2024-04-24T13:00:05Z,https://www.youtube.com/watch?v=alsgmypywoE&lc=UgxHlFySZeP4MQigGqp4AaABAg
Move/Transfer Google Photos from One Account to Another,alsgmypywoE,@junechen3404,The first method only allowed 1500 photos.  Trying the second method now.,0,2023-06-27T09:46:45Z,https://www.youtube.com/watch?v=alsgmypywoE&lc=UgylZh13vzrgBFHkiTF4AaABAg
Move/Transfer Google Photos from One Account to Another,alsgmypywoE,@melannyzunun4743,YOU SAVED MY LIFE THANK YOU,0,2024-04-28T21:23:36Z,https://www.youtube.com/watch?v=alsgmypywoE&lc=UgzDKqBuKGBceZsOQCd4AaABAg
Move/Transfer Google Photos from One Account to Another,alsgmypywoE,@Annsu2017,What is the maximum number of pics & videos we can share? Or is there is a limit?,0,2024-02-09T16:18:55Z,https://www.youtube.com/watch?v=alsgmypywoE&lc=Ugw1jTp9pcbz8R7A_mt4AaABAg
Move/Transfer Google Photos from One Account to Another,alsgmypywoE,@sulemantoor4828,are these pictures saved with a time and location stamp?,0,2023-11-27T08:40:46Z,https://www.youtube.com/watch?v=alsgmypywoE&lc=UgzexaM7IngNuln5MgN4AaABAg
Move/Transfer Google Photos from One Account to Another,alsgmypywoE,@Winningmindset18,the first method is good. thank you,0,2023-07-12T10:49:48Z,https://www.youtube.com/watch?v=alsgmypywoE&lc=UgyWAjhrJoJdzXbpo5V4AaABAg
Move/Transfer Google Photos from One Account to Another,alsgmypywoE,@sonampatel4027,Here is my review. It worked thanks brother 👍,0,2025-06-22T21:24:18Z,https://www.youtube.com/watch?v=alsgmypywoE&lc=UgxF2PsSJc3ezH8gF3h4AaABAg
Move/Transfer Google Photos from One Account to Another,alsgmypywoE,@vibes001-e8o,How to take backup of photos of other devices remotely when we have its Gmail I'd and password,0,2024-05-23T11:48:47Z,https://www.youtube.com/watch?v=alsgmypywoE&lc=UgzZJV9YlyUpXNbzEXJ4AaABAg
Move/Transfer Google Photos from One Account to Another,alsgmypywoE,@NandiniLokhande-o2p,i tried your first method and I tested deleting some pictures to see if actally works but it didn't. The pictures got deleted from both my mails,0,2026-07-05T13:24:16Z,https://www.youtube.com/watch?v=alsgmypywoE&lc=Ugzh2qPcnfHVu189ptt4AaABAg
Move/Transfer Google Photos from One Account to Another,alsgmypywoE,@Mr_Paul_ays,Thank you so much short & simple.,1,2023-11-21T13:53:25Z,https://www.youtube.com/watch?v=alsgmypywoE&lc=Ugw1rSIDHObEj55F3UZ4AaABAg
Move/Transfer Google Photos from One Account to Another,alsgmypywoE,@santoshsaini622,solved...thanks bro,0,2026-01-01T15:31:26Z,https://www.youtube.com/watch?v=alsgmypywoE&lc=UgxpCi46AUVMAW3yel54AaABAg
Move/Transfer Google Photos from One Account to Another,alsgmypywoE,@cricgrasp,"Thank you boss , you save my time ❤",0,2024-05-17T05:18:05Z,https://www.youtube.com/watch?v=alsgmypywoE&lc=UgxtJPv6gSAe7PydXHB4AaABAg
Move/Transfer Google Photos from One Account to Another,alsgmypywoE,@shashisugandhi7760,Thank you buddy. really helpful and concise video,0,2024-10-01T05:20:44Z,https://www.youtube.com/watch?v=alsgmypywoE&lc=UgxdmZzhvqhYfwqHxU14AaABAg
Move/Transfer Google Photos from One Account to Another,alsgmypywoE,@RishabhSinghisking,Thank you so much the first method works well for me 😄,0,2023-11-01T08:37:29Z,https://www.youtube.com/watch?v=alsgmypywoE&lc=Ugx3hmSmO2QyY-8T-hd4AaABAg
Move/Transfer Google Photos from One Account to Another,alsgmypywoE,@rickwilliamsvideo,Wow!!! Finally got the right way! Thank you!,1,2023-01-28T21:07:08Z,https://www.youtube.com/watch?v=alsgmypywoE&lc=UgwUngZB6w_l-1ScFMN4AaABAg
Move/Transfer Google Photos from One Account to Another,alsgmypywoE,@elizavetagroza5395,Thank you! That was very easy to understand guide,1,2024-01-01T13:44:59Z,https://www.youtube.com/watch?v=alsgmypywoE&lc=UgyeBA9D22VRfMEvKdp4AaABAg
Move/Transfer Google Photos from One Account to Another,alsgmypywoE,@samikshapatel8635,I can't see the save option in my Google account. Any help?,0,2025-02-03T17:37:15Z,https://www.youtube.com/watch?v=alsgmypywoE&lc=Ugxl5ROR2iK9qNZHHj54AaABAg
Move/Transfer Google Photos from One Account to Another,alsgmypywoE,@tanarucker,"In the first option, how do you get past the limit of 200 photos?",0,2024-01-06T21:08:19Z,https://www.youtube.com/watch?v=alsgmypywoE&lc=Ugx3O8uqy6tOh__ucL54AaABAg
Move/Transfer Google Photos from One Account to Another,alsgmypywoE,@testing12521,How can I transfer 14.99 GB data to another dummy gmail as a back up?,0,2024-08-23T02:47:12Z,https://www.youtube.com/watch?v=alsgmypywoE&lc=Ugx4l-yEzecwzzvfrnl4AaABAg
Move/Transfer Google Photos from One Account to Another,alsgmypywoE,@kanishkarohila2500,Photos are getting deleted from account two,0,2023-08-12T11:59:20Z,https://www.youtube.com/watch?v=alsgmypywoE&lc=Ugxmkcvoe-wh6ZGs3Zl4AaABAg
Move/Transfer Google Photos from One Account to Another,alsgmypywoE,@priyankachamoli131,It resolved my problem.. Thankyou 🎉,0,2025-03-09T10:03:49Z,https://www.youtube.com/watch?v=alsgmypywoE&lc=UgzzEQsx35kdLyu1iyd4AaABAg
Move/Transfer Google Photos from One Account to Another,alsgmypywoE,@sonamgaikwad4248,Thank you for om point explanation 🙏👏,0,2026-02-20T02:26:38Z,https://www.youtube.com/watch?v=alsgmypywoE&lc=UgwKAPhz2UQsnJn95bd4AaABAg
Move/Transfer Google Photos from One Account to Another,alsgmypywoE,@Rajnish_Kaushik,"This was good, great work!",0,2023-08-10T06:29:15Z,https://www.youtube.com/watch?v=alsgmypywoE&lc=UgxOQalz3gwj_z62nax4AaABAg
Move/Transfer Google Photos from One Account to Another,alsgmypywoE,@iwanttowatchyoutubenow,Do you have to do this on a computer?,0,2023-06-19T20:21:03Z,https://www.youtube.com/watch?v=alsgmypywoE&lc=UgwpZfmfh1VwGXI9R6F4AaABAg
Move/Transfer Google Photos from One Account to Another,alsgmypywoE,@pavansatkar8155,You are a saviour..❤️,0,2023-03-02T20:50:27Z,https://www.youtube.com/watch?v=alsgmypywoE&lc=UgzVs5Kw28AV7P5EgMR4AaABAg
Move/Transfer Google Photos from One Account to Another,alsgmypywoE,@nikhilkovoor,"Cant make slect all photos, what to do",0,2025-10-08T15:27:41Z,https://www.youtube.com/watch?v=alsgmypywoE&lc=UgyRXNPrsNxX_BSQq5p4AaABAg
Move/Transfer Google Photos from One Account to Another,alsgmypywoE,@mekailkamran03,Worked perfectly!  Thanks man!,0,2024-03-25T04:38:36Z,https://www.youtube.com/watch?v=alsgmypywoE&lc=UgyNYzRxgZE2zYl4xTZ4AaABAg
Move/Transfer Google Photos from One Account to Another,alsgmypywoE,@mercyimeldaabe4305,Thanks very much…. This has been so helpful,0,2024-02-29T09:53:13Z,https://www.youtube.com/watch?v=alsgmypywoE&lc=UgwcDdUcZeYoD0RMKZZ4AaABAg
Move/Transfer Google Photos from One Account to Another,alsgmypywoE,@jishii6284,"Thank you, very helpful!",0,2023-07-19T20:39:34Z,https://www.youtube.com/watch?v=alsgmypywoE&lc=UgxiCjoptXRd7VwZKDZ4AaABAg
Move/Transfer Google Photos from One Account to Another,alsgmypywoE,@86tilinfinity,Great video. Very helpful. Thank you!,2,2023-08-15T16:32:39Z,https://www.youtube.com/watch?v=alsgmypywoE&lc=UgyfP3ImmniaEfy3jep4AaABAg
Move/Transfer Google Photos from One Account to Another,alsgmypywoE,@historylovers8604,"dont understand when u opened second account, photos were alreday there",0,2025-10-05T07:27:44Z,https://www.youtube.com/watch?v=alsgmypywoE&lc=UgyxvfpX4cE9wKh42AB4AaABAg
Move/Transfer Google Photos from One Account to Another,alsgmypywoE,@gokusonic92,thank you bro.. you saved my day,0,2024-04-15T10:25:24Z,https://www.youtube.com/watch?v=alsgmypywoE&lc=UgwuUPCF1bp95x5oXk14AaABAg
Move/Transfer Google Photos from One Account to Another,alsgmypywoE,@pushtithaker6189,I am not able to select all google photos at once,0,2024-09-06T06:02:23Z,https://www.youtube.com/watch?v=alsgmypywoE&lc=Ugxx_--nXQ9Rbk9mLKt4AaABAg
Move/Transfer Google Photos from One Account to Another,alsgmypywoE,@deveshshukla2314,I am getting save photo options,0,2024-12-25T17:20:10Z,https://www.youtube.com/watch?v=alsgmypywoE&lc=Ugy_5eRcduj9W5hJRBt4AaABAg
Move/Transfer Google Photos from One Account to Another,alsgmypywoE,@AnitaDevi-vg1wn,I dont get the saved tab in another account,0,2025-06-07T09:19:35Z,https://www.youtube.com/watch?v=alsgmypywoE&lc=Ugw5vh80NCmVWF1X9j14AaABAg
Move/Transfer Google Photos from One Account to Another,alsgmypywoE,@malitaus5672,"very simple, thank you!",0,2023-08-09T20:23:56Z,https://www.youtube.com/watch?v=alsgmypywoE&lc=Ugxwtixabohi6l-rtzF4AaABAg
Move/Transfer Google Photos from One Account to Another,alsgmypywoE,@Peachstrokes,my gmail shows 0 even after i downloaded the pictures,0,2023-08-14T20:04:44Z,https://www.youtube.com/watch?v=alsgmypywoE&lc=UgyXKCG2-kVWNsVIJQN4AaABAg
Move/Transfer Google Photos from One Account to Another,alsgmypywoE,@sujiboutique,"Hi , I can't move from one account to another account, there is a problem ,can't move ,give me a solution",0,2024-03-29T05:54:07Z,https://www.youtube.com/watch?v=alsgmypywoE&lc=Ugx9bFHIsBclZoVrBiR4AaABAg
Move/Transfer Google Photos from One Account to Another,alsgmypywoE,@KING-ym4su,If we have large amount of data ex: i have 13.5gb of data in my account.. how can i transfer all the data to another one ?,9,2023-04-12T14:33:11Z,https://www.youtube.com/watch?v=alsgmypywoE&lc=UgzkKreYU4onZDGw4iN4AaABAg
Move/Transfer Google Photos from One Account to Another,alsgmypywoE,@tonyme2,will it still keep the original date?,0,2023-07-30T19:35:24Z,https://www.youtube.com/watch?v=alsgmypywoE&lc=UgzPTN00aB82O21JUz54AaABAg
Move/Transfer Google Photos from One Account to Another,alsgmypywoE,@princysanghvi1,Thank you this is really helpful to me😊,0,2024-05-15T18:34:36Z,https://www.youtube.com/watch?v=alsgmypywoE&lc=Ugw8c233cXgL2p95qiZ4AaABAg
Move/Transfer Google Photos from One Account to Another,alsgmypywoE,@krishnamarketingmhow2769,Thank You So Much for this GREAT HELP,0,2025-01-10T13:46:10Z,https://www.youtube.com/watch?v=alsgmypywoE&lc=UgxlHFLO_VA3xfo9qkx4AaABAg
Move/Transfer Google Photos from One Account to Another,alsgmypywoE,@TravelRNsunny,You saved my day bro. Thanks,0,2025-01-08T11:01:26Z,https://www.youtube.com/watch?v=alsgmypywoE&lc=Ugz-JYfR7hf51QjLd1F4AaABAg
Move/Transfer Google Photos from One Account to Another,alsgmypywoE,@AmanDubey-y5m,Thank you,0,2025-05-25T11:46:01Z,https://www.youtube.com/watch?v=alsgmypywoE&lc=UgyGMkLihfdu6GeIkO94AaABAg
Move/Transfer Google Photos from One Account to Another,alsgmypywoE,@radhikashrotriya8772,But sir apne y to bataya ni  new tab mai  jo photos copy krwaye the unka kya krna hai?,0,2025-09-05T20:30:05Z,https://www.youtube.com/watch?v=alsgmypywoE&lc=UgyXUv0vHkqK4yNCOUZ4AaABAg
Move/Transfer Google Photos from One Account to Another,alsgmypywoE,@saptakkhan3456,Brother I'm grateful to you.,0,2024-08-31T07:49:45Z,https://www.youtube.com/watch?v=alsgmypywoE&lc=UgxmCYnzTN4aCagad_h4AaABAg
Move/Transfer Google Photos from One Account to Another,alsgmypywoE,@shuvambharatiya,We can only move 1500 selected items. Not more than that,0,2025-11-02T19:45:53Z,https://www.youtube.com/watch?v=alsgmypywoE&lc=UgxbeLQs_y25fntjmnp4AaABAg
Move/Transfer Google Photos from One Account to Another,alsgmypywoE,@Krishna13847,"i dont want to see my current google/gmail id address name, its very ugly, what should be done? i dont know much",0,2024-01-10T11:54:52Z,https://www.youtube.com/watch?v=alsgmypywoE&lc=UgxeENwNH9T-3Ss8hnZ4AaABAg
Move/Transfer Google Photos from One Account to Another,alsgmypywoE,@himanshubisht7978,I have created a new account to have some space in my original account..i have transferred all my photos to my second account as my first account was full. Since all photos from my first account are transferred then my second account should be full in that case..but it is not,330,2023-01-09T05:23:45Z,https://www.youtube.com/watch?v=alsgmypywoE&lc=Ugyn39juuSPy_talJlp4AaABAg
Move/Transfer Google Photos from One Account to Another,alsgmypywoE,@JShubham113,"I am having a problem, cannot select all photos using shift button (size -9 gb)",0,2024-04-08T16:13:38Z,https://www.youtube.com/watch?v=alsgmypywoE&lc=UgzaSBaKmiHfsVicqGF4AaABAg
Move/Transfer Google Photos from One Account to Another,alsgmypywoE,@ilynroque123,"there's no ""SAVE"" in my 2nd account. I cannot copy them",0,2024-02-25T06:55:50Z,https://www.youtube.com/watch?v=alsgmypywoE&lc=UgweXnqe4g5dnK-Kzad4AaABAg
Move/Transfer Google Photos from One Account to Another,alsgmypywoE,@binhanifPk-ig4il,Love You Bhai behtreen Kam hogya........💗💖💝💘💌,2,2024-10-18T12:35:03Z,https://www.youtube.com/watch?v=alsgmypywoE&lc=UgxEox8t88ovNRZ5Lut4AaABAg
Move/Transfer Google Photos from One Account to Another,alsgmypywoE,@AdityaKatwa,Can we do the same with videos?,0,2024-10-12T12:36:00Z,https://www.youtube.com/watch?v=alsgmypywoE&lc=UgzsJc6RBw3cNs_iP1J4AaABAg
Move/Transfer Google Photos from One Account to Another,alsgmypywoE,@lianperry2188,"The option of sharing, if you share photos from a to b, awesome. But if you need to delete photos in a, the photos will also be deleted in b. Saving the photos on b (when shared from a) is impossible.",7,2023-06-04T20:45:08Z,https://www.youtube.com/watch?v=alsgmypywoE&lc=Ugy2aGkGEWWXwHEYdK14AaABAg
Move/Transfer Google Photos from One Account to Another,alsgmypywoE,@hmdmok,thank you so much for the tips,0,2023-05-12T10:43:39Z,https://www.youtube.com/watch?v=alsgmypywoE&lc=Ugwlr9kS1vGY8YYCSn14AaABAg
Move/Transfer Google Photos from One Account to Another,alsgmypywoE,@tulsiroy3506,The save option hasn't appeared,0,2026-01-18T18:04:37Z,https://www.youtube.com/watch?v=alsgmypywoE&lc=Ugwl9qaBJzZy4YQOU-R4AaABAg
Move/Transfer Google Photos from One Account to Another,alsgmypywoE,@mahdionfire,videos are not saving what to do,0,2023-11-08T11:39:09Z,https://www.youtube.com/watch?v=alsgmypywoE&lc=UgyArWzKSnyNhm0HdO14AaABAg
Move/Transfer Google Photos from One Account to Another,alsgmypywoE,@gss418,Thanks for the information. Quick question: is there maximum limit to transfer photos to the destination account..i have many pics and videos stored from many years,2,2023-06-08T07:41:27Z,https://www.youtube.com/watch?v=alsgmypywoE&lc=Ugxf66Q_eSVDW_tqO594AaABAg
Move/Transfer Google Photos from One Account to Another,alsgmypywoE,@aliwalyallah,"I blocked the first account from the other. How can I retrieve it? Please, I want to transfer my photos😢",0,2024-09-20T18:28:50Z,https://www.youtube.com/watch?v=alsgmypywoE&lc=Ugy5jVPVdjpYvys_9W14AaABAg
Move/Transfer Google Photos from One Account to Another,alsgmypywoE,@reshna225,Not useful.when iam deleting files both files get deleted,0,2024-02-23T10:09:54Z,https://www.youtube.com/watch?v=alsgmypywoE&lc=Ugwu1V2CXRZJ5_5frTt4AaABAg
Move/Transfer Google Photos from One Account to Another,alsgmypywoE,@aaniyadays,Great video. Thank you.,0,2023-07-22T19:37:51Z,https://www.youtube.com/watch?v=alsgmypywoE&lc=Ugxf-cuLmDyYuS3XIlp4AaABAg
Move/Transfer Google Photos from One Account to Another,alsgmypywoE,@asadqasim2157,"Brother, i login sam account in Mobile also, but saved photos not showing in mobile, what to do?",0,2025-09-04T10:08:07Z,https://www.youtube.com/watch?v=alsgmypywoE&lc=Ugw_W7LVp9V5iyAvXqZ4AaABAg
Move/Transfer Google Photos from One Account to Another,alsgmypywoE,@vedantkhakhadiya4699,And what if our first account got deleted?,0,2024-03-10T12:59:25Z,https://www.youtube.com/watch?v=alsgmypywoE&lc=UgyQNbZWkNC3M_McoMJ4AaABAg
Move/Transfer Google Photos from One Account to Another,alsgmypywoE,@TheDianaJC,"Thank you, very helpful and timesaving!",0,2025-04-06T10:51:03Z,https://www.youtube.com/watch?v=alsgmypywoE&lc=UgzGQ1lDFcPslwB2CJV4AaABAg
Move/Transfer Google Photos from One Account to Another,alsgmypywoE,@mueez_shykh,Thank you Bro Really appreciatted🥰,0,2025-03-23T19:18:32Z,https://www.youtube.com/watch?v=alsgmypywoE&lc=Ugw5qj473DSZNjfrr-x4AaABAg
Move/Transfer Google Photos from One Account to Another,alsgmypywoE,@Okordoliberty,"This was helpful, thank you!",0,2024-07-25T21:42:03Z,https://www.youtube.com/watch?v=alsgmypywoE&lc=UgzlOC6dL8hqGu1VCNd4AaABAg
Move/Transfer Google Photos from One Account to Another,alsgmypywoE,@sujabhavanigandham9832,"Bro backup  I want whatapp images ,whatsapp downloades  to one gmail account 
 And other like camera ,downloads and , editphots folders to another account  broo howw??",0,2026-05-29T17:44:12Z,https://www.youtube.com/watch?v=alsgmypywoE&lc=Ugw2i6e0rxpbh5VAZqV4AaABAg
Move/Transfer Google Photos from One Account to Another,alsgmypywoE,@mekailkamran03,Good stuff. Gonna try the first one,0,2024-03-23T11:07:40Z,https://www.youtube.com/watch?v=alsgmypywoE&lc=UgykdlA4p4aFqjtjx_t4AaABAg
Move/Transfer Google Photos from One Account to Another,alsgmypywoE,@arunprasad4827,It worked. Thankyou so much,0,2024-02-14T13:34:43Z,https://www.youtube.com/watch?v=alsgmypywoE&lc=UgwbGfoHyE8COHzxqRx4AaABAg
Move/Transfer Google Photos from One Account to Another,alsgmypywoE,@rahulbehl6756,"very useful, thanks a ton",0,2023-07-06T09:18:45Z,https://www.youtube.com/watch?v=alsgmypywoE&lc=Ugw75ncNbIT2POO-5pJ4AaABAg
Move/Transfer Google Photos from One Account to Another,alsgmypywoE,@yashparikh3884,"Thank you so much, you made my day❤",0,2025-03-22T12:50:10Z,https://www.youtube.com/watch?v=alsgmypywoE&lc=UgwxMgPMeBbXUn2LNZ14AaABAg
Move/Transfer Google Photos from One Account to Another,alsgmypywoE,@namitadash3953,"It's can not moved, it's only sharing photos between 2 accounts",0,2024-06-24T04:54:28Z,https://www.youtube.com/watch?v=alsgmypywoE&lc=UgyEXHWN745Qvr9KHxx4AaABAg
Move/Transfer Google Photos from One Account to Another,alsgmypywoE,@vidhyabharathi7133,It's getting deleted after i delete in my old account,0,2025-07-25T16:15:23Z,https://www.youtube.com/watch?v=alsgmypywoE&lc=UgyOKrC5ylUVvBUa3tN4AaABAg
Move/Transfer Google Photos from One Account to Another,alsgmypywoE,@ankushchauhan3647,"Thanks a lot dear, God bless you.",0,2024-08-16T14:17:55Z,https://www.youtube.com/watch?v=alsgmypywoE&lc=UgwxdKoUQ6ljkHI8nCx4AaABAg
Google Product Strategy Interview: Photo Storage,Impwn4rCMKo,@aced_io,Don't leave your product management career to chance. Sign up for Exponent's PM interview course today: https://bit.ly/3tUEbXQ,0,2022-05-05T23:11:17Z,https://www.youtube.com/watch?v=Impwn4rCMKo&lc=UgzK7xBtlhwGASGvZ0d4AaABAg
Google Product Strategy Interview: Photo Storage,Impwn4rCMKo,@ЮляБас-п7н,"When he mistakes calling the interviewer Steven not Kevin, I was like “what a relief. He is a human”😅",26,2023-01-26T16:00:55Z,https://www.youtube.com/watch?v=Impwn4rCMKo&lc=UgyzkXnAKVFzT7e6rmd4AaABAg
Google Product Strategy Interview: Photo Storage,Impwn4rCMKo,@mayankbitsmech,Why would you force fit Porter's five forces  here ?,12,2022-12-07T02:02:14Z,https://www.youtube.com/watch?v=Impwn4rCMKo&lc=UgzxMMYT29N5x0TKsQR4AaABAg
Google Product Strategy Interview: Photo Storage,Impwn4rCMKo,@Askvedika,"I was waiting, for one thing, for the entire interview - Power of Vertical Integration ....... Android integrates to Google Photos seamlessly, it also has apps on iOS, because people have Gmail, many Apple users have Gmail. That is the power no one has..... One strength that keeps them going, and maybe be able to push pricing over to customers as well.... Also he looks like Sebastian Vettel (damn cannot unsee it)",38,2021-07-10T19:34:19Z,https://www.youtube.com/watch?v=Impwn4rCMKo&lc=Ugw4uXc5Lw8rAKPs4f54AaABAg
Google Product Strategy Interview: Photo Storage,Impwn4rCMKo,@princessdipi,"The first exponent mock interview that I've seen which is not ""rehearsed"" or pre-prepared. Good job there!",40,2022-01-22T03:03:37Z,https://www.youtube.com/watch?v=Impwn4rCMKo&lc=UgyjTrq3FpNGHIUWrUR4AaABAg
Google Product Strategy Interview: Photo Storage,Impwn4rCMKo,@Funkyfrogplays_icepack,"I would also add AWS / S3 as a huge play in the photo storage ecosystem, and iCloud as a powerful competitor on device. Amazon’s other weakness then is lack of device persistence where photos are taken.",33,2021-10-02T05:52:49Z,https://www.youtube.com/watch?v=Impwn4rCMKo&lc=UgwKw5YXJQDl2MdDcJ94AaABAg
Google Product Strategy Interview: Photo Storage,Impwn4rCMKo,@thecoffeehog,Good retro towards the end by the interviewee.,0,2026-09-22T04:18:16Z,https://www.youtube.com/watch?v=Impwn4rCMKo&lc=Ugy_3kWRYySVuI0iOrR4AaABAg
Google Product Strategy Interview: Photo Storage,Impwn4rCMKo,@LKMUCHIK,Dropbox: am I a joke to u?,10,2021-12-18T17:05:02Z,https://www.youtube.com/watch?v=Impwn4rCMKo&lc=UgwCvz5WRmO7ry5-T4B4AaABAg
Google Product Strategy Interview: Photo Storage,Impwn4rCMKo,@CoolvibesUSA,Watching Kevin not blinking tricked me a couple of times that the video was frozen on the right side :),3,2021-10-30T13:42:02Z,https://www.youtube.com/watch?v=Impwn4rCMKo&lc=UgxNjiZsqTEWE8s-Qh54AaABAg
Google Product Strategy Interview: Photo Storage,Impwn4rCMKo,@airliu1,"Nice interview, very good job thinking on the spot and responding to Kevin's answers.",10,2021-12-31T06:15:21Z,https://www.youtube.com/watch?v=Impwn4rCMKo&lc=UgwT6AYsPhcJP3MBY1t4AaABAg
Google Product Strategy Interview: Photo Storage,Impwn4rCMKo,@tigerrx7,"Like real estate agents say location, location, location; PMs need to re-center on users, users, users. One of Amazon’s LP is to not focus on competitors too much, there’s a reason for that. 

P.S. These interview sessions are NOT easy.",8,2022-04-18T19:33:20Z,https://www.youtube.com/watch?v=Impwn4rCMKo&lc=Ugx5CgB6Rj6xq9uNbn94AaABAg
Google Product Strategy Interview: Photo Storage,Impwn4rCMKo,@simarpreetsingh5981,"How do you answer this type of question when you haven't used the products or aren't aware of them? The features, pricing, how they work, etc. I feel like I would draw a blank. Any ideas?",1,2025-04-22T18:13:02Z,https://www.youtube.com/watch?v=Impwn4rCMKo&lc=UgxCNXMfoq0G64JoQXh4AaABAg
Google Product Strategy Interview: Photo Storage,Impwn4rCMKo,@buffalotuber1,"I agree with some of the other commenters that this interview was not well done.  He basically identified ""opportunities"" that were features Google Photos already has.  A big mistake was not thinking through the existing pain points for users of photo products, and attempting to exploit those.  He could have asked the interviewer about this, which may have provided guidance.  If no guidance was given, then think through the journey.  User actions are: taking pictures; determining which photos I want to add to google photos; getting from my phone to google photos; organizing them (this could be done either before or after uploading to photos); finding photos; sharing photos.  Think about a time in a group conversation thread when you wanted to share a hilarious picture of someone - it can be really difficult to find that picture in your photos.  So how can we leverage our search and recognition capabilities to solve that problem in the best way possible.

It's also a really bad idea to switch the Pros/Cons table to Effort/ Risk/Impact mid-flight.  That would be a huge red flag and show that you aren't a structured thinker, and don't have confidence in your decision-making.",40,2021-07-01T21:26:53Z,https://www.youtube.com/watch?v=Impwn4rCMKo&lc=UgykEzpTBfWQv_aosTV4AaABAg
Google Product Strategy Interview: Photo Storage,Impwn4rCMKo,@Ashkr675,"Umm yeah I’m Kevin😆😂 epic! 
Great video as always.",2,2022-03-11T09:33:29Z,https://www.youtube.com/watch?v=Impwn4rCMKo&lc=UgyW8u3wI9YQhsCPeS54AaABAg
Google Product Strategy Interview: Photo Storage,Impwn4rCMKo,@DiptarkaSaha-s7d,This is hands down the best strategy mock interview I have seen. The flow of thought is so clear and structured that I feel like I am watching a movie with a great story unfolding.,0,2024-07-26T06:36:14Z,https://www.youtube.com/watch?v=Impwn4rCMKo&lc=UgwG2XuMaHZ0PRJpukR4AaABAg
Google Product Strategy Interview: Photo Storage,Impwn4rCMKo,@Sassyfam13a,He didn't solve it nicely. The interviewer was silent most of the time. Not recommended doing that in the interview,3,2022-01-11T09:42:01Z,https://www.youtube.com/watch?v=Impwn4rCMKo&lc=Ugz6DQBx19_gVyuXCp94AaABAg
Google Product Strategy Interview: Photo Storage,Impwn4rCMKo,@Keepingitreal33,Kevin has the best poker face ever!,19,2021-08-25T03:27:57Z,https://www.youtube.com/watch?v=Impwn4rCMKo&lc=UgwrkXzdyMprNYES9cF4AaABAg
Google Product Strategy Interview: Photo Storage,Impwn4rCMKo,@ferritafreshi8169,I really liked this mock interview.  Really a good one and I got the feeling that it was not rehearsed or scripted.   Thank you.,0,2023-07-17T09:14:32Z,https://www.youtube.com/watch?v=Impwn4rCMKo&lc=UgzdrIQsT8-XysotuAN4AaABAg
Google Product Strategy Interview: Photo Storage,Impwn4rCMKo,@shrutianand5872,"i think the interviewee was well prepared in advance things like google has 1.2 b users,,you might not know this all the time or on the fly and saying amazon has confusing ux/ui doesn't make sense..we can;t measure it",1,2022-05-10T02:24:19Z,https://www.youtube.com/watch?v=Impwn4rCMKo&lc=UgzIFnwjUHvOIUXn8c94AaABAg
Google Product Strategy Interview: Photo Storage,Impwn4rCMKo,@itachi2023,Very helpful videos man :),3,2021-06-28T20:50:19Z,https://www.youtube.com/watch?v=Impwn4rCMKo&lc=UgwsI0VLJyLcX-Ef3Yx4AaABAg
Google Product Strategy Interview: Photo Storage,Impwn4rCMKo,@barkhabhatia7546,"I will throw in Users pain points like Laziness to keep photos organized, photos are all over the place iphone, icloud, print media, instagram, Facebook etc, Ability to click a good photo I mean tell me how many people you think take a good photo of you :), creating engagement through photos e.g. if there is any latest trend on social media, how to engage with your family and friends on regular basis through photos etc. Some aspect of how to make photos more engaging for people with special needs.",0,2022-09-12T01:51:36Z,https://www.youtube.com/watch?v=Impwn4rCMKo&lc=UgzYx8EiQ-bxVy8YjUV4AaABAg
Google Product Strategy Interview: Photo Storage,Impwn4rCMKo,@parul2j,Good one - we can add the advantage of convenience to users as google is integrator . over all great thinking shown at the spot,0,2025-11-16T15:45:27Z,https://www.youtube.com/watch?v=Impwn4rCMKo&lc=UgxgJl6n3AcvaOGKYt54AaABAg
Google Product Strategy Interview: Photo Storage,Impwn4rCMKo,@davidshacklette6119,This is wonderfully done.,0,2022-06-25T00:37:09Z,https://www.youtube.com/watch?v=Impwn4rCMKo&lc=Ugz3wtizEqE2fsCnBVZ4AaABAg
Google Product Strategy Interview: Photo Storage,Impwn4rCMKo,@fifi24sagitarius,Where does user segment come in,0,2024-05-25T23:27:47Z,https://www.youtube.com/watch?v=Impwn4rCMKo&lc=UgynbUqAgP4x5TCGV-x4AaABAg
Google Product Strategy Interview: Photo Storage,Impwn4rCMKo,@MohammedKhan-qs5nr,Why not create a strategy to reduce costs storage on our end as an alternative? See how much it costs us to store a typical person's lifetime photos and what our current margins are and how much can we reduce if we were to be creative with photo storage,0,2024-03-16T12:37:07Z,https://www.youtube.com/watch?v=Impwn4rCMKo&lc=Ugy4jFSfU6QP7XbNapt4AaABAg
Google Product Strategy Interview: Photo Storage,Impwn4rCMKo,@zekoomrkva,"He was very knowledgeable about details in both offerings, how often does that happen in real interviews?",8,2022-04-13T20:57:08Z,https://www.youtube.com/watch?v=Impwn4rCMKo&lc=UgzQBNvhAWoGDGz9RNJ4AaABAg
Google Product Strategy Interview: Photo Storage,Impwn4rCMKo,@generalog5826,Does anyone what tool is being used for whiteboard ?,0,2022-08-29T05:41:53Z,https://www.youtube.com/watch?v=Impwn4rCMKo&lc=UgxwVyK7F6mLlgEQzld4AaABAg
Google Product Strategy Interview: Photo Storage,Impwn4rCMKo,@batmakshimohan-arvind2127,Isn't it the case all the ideas mentioned here are already existing features in Google photos? Is it not the expectation that we need to build a new strategy rather than exploring the current features of the application?,15,2021-06-29T07:45:11Z,https://www.youtube.com/watch?v=Impwn4rCMKo&lc=Ugx2VcrDZjrJNu83fWt4AaABAg
Google Product Strategy Interview: Photo Storage,Impwn4rCMKo,@generalog5826,"Suggestion: Get rid of those ads popping in the middle (not youtube ads), very annoying",0,2022-08-29T05:53:46Z,https://www.youtube.com/watch?v=Impwn4rCMKo&lc=UgyCAGcpSfmACZY-MWF4AaABAg
Google Product Strategy Interview: Photo Storage,Impwn4rCMKo,@cyrilajay,"Good interview, but the lack of metrics was a big miss!",0,2022-06-19T12:03:49Z,https://www.youtube.com/watch?v=Impwn4rCMKo&lc=UgwsWaajXQJy3Rv4__14AaABAg
Google Product Strategy Interview: Photo Storage,Impwn4rCMKo,@silasshih2037,structure,1,2021-07-05T15:09:27Z,https://www.youtube.com/watch?v=Impwn4rCMKo&lc=UgwGgW_IEFLEOoZ9OLp4AaABAg
Google Product Strategy Interview: Photo Storage,Impwn4rCMKo,@amirmhp3397,it was amazing,0,2022-12-18T08:19:14Z,https://www.youtube.com/watch?v=Impwn4rCMKo&lc=UgxHYrTKGSxWGGJDckZ4AaABAg
Google Product Strategy Interview: Photo Storage,Impwn4rCMKo,@nrique_s,His chin is so sharp that it cut off my internet,0,2025-03-29T14:53:43Z,https://www.youtube.com/watch?v=Impwn4rCMKo&lc=UgyaQeovaBCuxpUjdWx4AaABAg
Google Product Strategy Interview: Photo Storage,Impwn4rCMKo,@OnionKnight541,the white-board in this example seems to be sooo helpful to the interviewee. is that a good way to do it in an actual interview? it almost seems like a cheat sheet 🤔,2,2021-12-10T10:50:28Z,https://www.youtube.com/watch?v=Impwn4rCMKo&lc=Ugwrug8ifEM6XiuuHpl4AaABAg
Google Product Strategy Interview: Photo Storage,Impwn4rCMKo,@AbhishekKumar-l9f4q,nice,0,2023-11-01T11:28:19Z,https://www.youtube.com/watch?v=Impwn4rCMKo&lc=Ugw4cLIbMQDGP5f67Bl4AaABAg
Google Product Strategy Interview: Photo Storage,Impwn4rCMKo,@CaliLuke,"IMHO this wasn't a good interview. The candidate should have analyzed the situation from first principles and explain the baseline tactics on how to react to a pricing war, and then figure out the competitive landscape more thoroughly and then decide on a plan of action. For example, there's already a similar paid service Google Photos sought to undermine for a while, Apple Photos. What happened there? Is the situation similar now or not (IMHO it's not for a few interesting reasons). Then once you understand what's the competitive situation, you can make suggestions.",35,2021-07-01T16:34:52Z,https://www.youtube.com/watch?v=Impwn4rCMKo&lc=UgxzGZtIW8j6yvsSTEx4AaABAg
Google Product Strategy Interview: Photo Storage,Impwn4rCMKo,@srinivasn415,Beautiful,0,2023-10-31T15:25:28Z,https://www.youtube.com/watch?v=Impwn4rCMKo&lc=UgxcZozgM_u0lLeFLBt4AaABAg
Google Product Strategy Interview: Photo Storage,Impwn4rCMKo,@adityagovindarajan505,Great well structured mock interview. What is the white boarding tool that the candidate used?,1,2022-02-22T17:03:45Z,https://www.youtube.com/watch?v=Impwn4rCMKo&lc=Ugx9Xu-ugJAaCtRt0bp4AaABAg
Google Product Strategy Interview: Photo Storage,Impwn4rCMKo,@LosAngelesKitchen,its unfair that you put ads exactly at a point which is very important to hear.. highly distracting.. !!!,3,2021-09-18T03:22:51Z,https://www.youtube.com/watch?v=Impwn4rCMKo&lc=UgzWPCh11PIjmSzjTOp4AaABAg
Google Product Strategy Interview: Photo Storage,Impwn4rCMKo,@MariannaMilkis,"This interview shows a solid framework, but the response to me felt completely lacking user empathy and coming from a place of tech privilege. None of the features discussed would sway a user who would switch because of free unlimited storage to remain. I agree with the self-assessment - he did lose track of the goal.",0,2026-02-01T07:03:57Z,https://www.youtube.com/watch?v=Impwn4rCMKo&lc=UgzGltohHS5h8gkpJll4AaABAg
Google Product Strategy Interview: Photo Storage,Impwn4rCMKo,@SuperKillaki,This was a bit all over the place,1,2023-08-07T19:22:48Z,https://www.youtube.com/watch?v=Impwn4rCMKo&lc=Ugz6cMl6dUPNt4XrovF4AaABAg
Google Product Strategy Interview: Photo Storage,Impwn4rCMKo,@anishghosh25,Did Google actually see this interview? Most of the features he suggested are now a part of google photos.,0,2025-04-01T06:53:56Z,https://www.youtube.com/watch?v=Impwn4rCMKo&lc=UgwhY3GsTC8epVg-xX94AaABAg
Google Product Strategy Interview: Photo Storage,Impwn4rCMKo,@devendradceite1,"I think the biggest miss in the approach was to ask clarifying question about Amazon photos: Why they are launching it? for Brand building, for engagement and retention as a prime member (sell more prime membership), strengthening ecosystem. monetisation as a stand alone product, or as an ancillary product to funnel users into their e-commerce store and",2,2023-09-14T07:08:46Z,https://www.youtube.com/watch?v=Impwn4rCMKo&lc=UgzR76_eVls1zdZPto14AaABAg
Google Product Strategy Interview: Photo Storage,Impwn4rCMKo,@japanboy31415,Sloppy interview im sorry to say that,0,2024-07-02T21:10:44Z,https://www.youtube.com/watch?v=Impwn4rCMKo&lc=UgzyzDNG_Ejmsi9Ze8x4AaABAg
Google Product Strategy Interview: Photo Storage,Impwn4rCMKo,@RachelLiu-c2y,this is gripless,0,2025-10-26T01:00:18Z,https://www.youtube.com/watch?v=Impwn4rCMKo&lc=UgzZ-N8UM56kccc7k1d4AaABAg
Google Product Strategy Interview: Photo Storage,Impwn4rCMKo,@aionyoutubem365,"You are a meta PM, you were told no resource constraints and yet you prioritized based on effort! Very stupid (Interview rating 3/10).",0,2025-01-02T05:57:43Z,https://www.youtube.com/watch?v=Impwn4rCMKo&lc=UgyVwX-FOLMD2gVwcqV4AaABAg
Google Photos - Google Basics Part 5,Wc5eZcp1PdA,@namal7862,you look like Santa Claus of Christmas and your videos are real gifts for through out the life,1,2024-06-02T19:05:57Z,https://www.youtube.com/watch?v=Wc5eZcp1PdA&lc=UgyNuqbflCC_UEyf3414AaABAg
Google Photos - Google Basics Part 5,Wc5eZcp1PdA,@cmdrbozo,"Good video, but I have not figured out how to auto-sync cloud photos to my desktop. 

Appreciate Doug A's suggestion to use ""Free up space""  instead of deleting from phone.",6,2019-02-02T02:23:47Z,https://www.youtube.com/watch?v=Wc5eZcp1PdA&lc=UgxSoLZpMp1B4CSa3V54AaABAg
Google Photos - Google Basics Part 5,Wc5eZcp1PdA,@BruceKupper,"Another feature you did not mention that can be very helpful is to include two or more subjects in the search by adding ""&"" or ""and"" after the first subject.  You could have only pictures of mimi and farley together!  Love Google!",4,2019-01-24T23:41:39Z,https://www.youtube.com/watch?v=Wc5eZcp1PdA&lc=Ugx8EyMNybMxs1gSvZ94AaABAg
Google Photos - Google Basics Part 5,Wc5eZcp1PdA,@StuartCattell,"Thanks Steve for another great tutorial. I would just like to add that Mentioned at around 9 mins the 'basic editing things'. If you click on the down arrow that looks like a wide letter 'v' to the right of the options for 'light' and 'color' you get options for adjusting the exposure, contrast, highlights, shadows, whites, blacks and vignette. Also saturation, warmth, tint, skin tone and deep blue.",2,2019-01-22T22:17:54Z,https://www.youtube.com/watch?v=Wc5eZcp1PdA&lc=Ugww2-gJDqk5hQuzGxZ4AaABAg
Google Photos - Google Basics Part 5,Wc5eZcp1PdA,@DietmarWittmann,So far I have stored my pic by date. I hope that with google photos I can still retrieve the by date,1,2022-03-28T18:09:44Z,https://www.youtube.com/watch?v=Wc5eZcp1PdA&lc=Ugz2HR0H6W-sw8hopcp4AaABAg
Google Photos - Google Basics Part 5,Wc5eZcp1PdA,@gmavon,"I would like to be able to delete blurry, multiples or any photos. How do I do it so they remain deleted? Are you able to assist me please? Thank you.",2,2019-02-28T07:28:53Z,https://www.youtube.com/watch?v=Wc5eZcp1PdA&lc=UgxX4SsyOsVibYKeOCV4AaABAg
Google Photos - Google Basics Part 5,Wc5eZcp1PdA,@stephenbarber5865,"Thanks Steve just found your channel, I stumbled across it and found it very user friendly looking to catch up with the rest.",0,2024-05-21T15:47:40Z,https://www.youtube.com/watch?v=Wc5eZcp1PdA&lc=UgwrFTVedeWEmcs7RXJ4AaABAg
Google Photos - Google Basics Part 5,Wc5eZcp1PdA,@barriemoorcroft534,"You have 500 Likes, and just 5 dislikes (I don't know why u have even 5) but that is a 100 to 1 ratio. That is Vastly more than any other YouTube who normally has a 1 in 10 maybe 1 in 20 ratio. That means you are 5 times better dude!!!
Excellent video.
Just the information I was looking for. Im a new subscriber.
Cheers dude,",1,2019-04-14T02:12:23Z,https://www.youtube.com/watch?v=Wc5eZcp1PdA&lc=UgzUUKX5L3owGeGtxZZ4AaABAg
Google Photos - Google Basics Part 5,Wc5eZcp1PdA,@kathleenward7699,"great video, would you do one on transferring photos from dropbox to google photos",2,2019-03-18T22:04:05Z,https://www.youtube.com/watch?v=Wc5eZcp1PdA&lc=UgyUS5dWjk4oPA2-GZx4AaABAg
Google Photos - Google Basics Part 5,Wc5eZcp1PdA,@raven122199,I recently set up my google photos and the face recognition recognized a picture of my daughter now (Shes almost 15)  and one from when she was about 3 years old! Tripped me out lol!,0,2019-07-28T08:46:21Z,https://www.youtube.com/watch?v=Wc5eZcp1PdA&lc=Ugx0VUM7VwbpCzN4_GN4AaABAg
Google Photos - Google Basics Part 5,Wc5eZcp1PdA,@abiering,"Great video.  I am beginning the process of organizing my digital photos.  I have iOS, Google, Amazon, and Shoebox.  I need to organize in 1 place.  After watching this, I’m thinking Google photos.  Do you delete your photos from iOS or do you not even have that app on your iPhone?  I have pix in so many different places, it’s confusing.  What would you suggest?  Also so many are eating up my space, aren’t they?  Thanks for your help.also is there a setting to get rid of duplicates in Google?",2,2019-01-21T18:06:18Z,https://www.youtube.com/watch?v=Wc5eZcp1PdA&lc=UgyQTeeBot0uWVb0ZfF4AaABAg
Google Photos - Google Basics Part 5,Wc5eZcp1PdA,@eddiemattison7792,"So, at 5:37 you're saying that the photos in Google Photos ARE the photos in my phone?   They are not COPIES of the photos?   So if I delete from one, I delete from the other??",0,2023-12-30T03:41:59Z,https://www.youtube.com/watch?v=Wc5eZcp1PdA&lc=Ugwp0vTdfFTCF5pjLmx4AaABAg
Google Photos - Google Basics Part 5,Wc5eZcp1PdA,@janem3575,"Recently found your channel.  Big thank you, Steve!  And Cannuck to boot!",0,2023-07-01T09:10:59Z,https://www.youtube.com/watch?v=Wc5eZcp1PdA&lc=UgyzLFJxf8JLytHJwAJ4AaABAg
Google Photos - Google Basics Part 5,Wc5eZcp1PdA,@iammacnathan,Another great tutorial in your series. Very informative!,2,2019-01-21T19:24:05Z,https://www.youtube.com/watch?v=Wc5eZcp1PdA&lc=UgzX_lbZ0u4CC4BMMyJ4AaABAg
Google Photos - Google Basics Part 5,Wc5eZcp1PdA,@شروحاتبرامجبالعربي,اكتشفت قناتك حديثا، يا عم فيديوهاتك محترفة وشرحك مفيد وممتع وتعلمت اشياء كثيرة منها. واصل ولك مني ٱعجاب ومتابعة، واصل.,0,2019-01-24T16:44:10Z,https://www.youtube.com/watch?v=Wc5eZcp1PdA&lc=UgxAMC7XtPysSjTlhB54AaABAg
Google Photos - Google Basics Part 5,Wc5eZcp1PdA,@tmpatklk,"Thanks, Steve, for another well-done, informative video. I use Google Photos for family history work. I scan old photos and share with extended family. I organize them into shared albums. I don't have a mobile device which would offer the possibility of Google Lens. I use it on my Chromebook. Eventually, if it becomes able to use Google Play Store, I might be able to use Lens then. I like the ability to make subtle color adjustments. I use the information part for captioning the pictures.",0,2019-01-22T14:46:37Z,https://www.youtube.com/watch?v=Wc5eZcp1PdA&lc=Ugy8kTRJETHPFyOZHsR4AaABAg
Google Photos - Google Basics Part 5,Wc5eZcp1PdA,@louiseforsythe1043,He is great!,1,2025-05-14T20:04:48Z,https://www.youtube.com/watch?v=Wc5eZcp1PdA&lc=UgyxqaZTRbdVkoU_nQB4AaABAg
Google Photos - Google Basics Part 5,Wc5eZcp1PdA,@plainsailingmotivation,I have loads of duplicate photos in my Google photos. Is there an easy way to resolve this?  Thanks Steve,1,2019-08-31T21:45:21Z,https://www.youtube.com/watch?v=Wc5eZcp1PdA&lc=Ugy2DA9NvYys2YmWQ254AaABAg
Google Photos - Google Basics Part 5,Wc5eZcp1PdA,@pssst3,This video needs to be updated annually.  Don;' be surprised if in 2021 Google moves Photos into Youtube as they are doing now with Music.,0,2020-07-02T17:57:35Z,https://www.youtube.com/watch?v=Wc5eZcp1PdA&lc=UgzVZ-IrD_XtsHGi-4V4AaABAg
Google Photos - Google Basics Part 5,Wc5eZcp1PdA,@phaze1053,"Great video so thank you. Just an FYI in case you're interested but in Australia, Google Lens exists in G-Photos but is not available for PC (but can be used if you install an Android simulator). Also, there's no Photo Books options on either my Android or PC. I msg'd both Google and Samsung who both advised it's not available in this market. I suppose I'll have to take their word for it. btw, great hair.",0,2019-07-02T18:04:32Z,https://www.youtube.com/watch?v=Wc5eZcp1PdA&lc=UgwKB4haX_prbzGhCkl4AaABAg
Google Photos - Google Basics Part 5,Wc5eZcp1PdA,@markmaumill2548,"Love the Google Lens feature.  I didn't know about it, Thanks Steve",0,2019-01-27T20:32:27Z,https://www.youtube.com/watch?v=Wc5eZcp1PdA&lc=Ugwv9g0Mc1IMteAaO_Z4AaABAg
Google Photos - Google Basics Part 5,Wc5eZcp1PdA,@billgross3579,"This is the video in the Google series that I've been waiting for! Thank you! Just for fun, I did a screenshot of just you, Steve, from the video. Then I tried out Google Lens ...
... It identified similar bookshelves! :-)",1,2019-01-22T04:46:49Z,https://www.youtube.com/watch?v=Wc5eZcp1PdA&lc=UgyySCvuqS3W818whJd4AaABAg
Google Photos - Google Basics Part 5,Wc5eZcp1PdA,@NuttyMan2012,"Good video, thank you

I would like to say I don’t think that Google should poo poo the ideas of folders, because the idea of folders within folders ie albums with albums is still a great idea and could be incorporated in google photos, let me give you an example.  If you like cruising you may go to the same place on different  ships, so I would like to be able to upload one folder “Holidays” and within that folder have many more folders like “queen Mary 2013” and Queen Many 2018” at the present time you cannot upload folders/albums within folders/albums so after many years your screen would be so cluttered with albums",1,2021-06-06T12:14:27Z,https://www.youtube.com/watch?v=Wc5eZcp1PdA&lc=UgxaK78uL3ljkzM3od94AaABAg
Google Photos - Google Basics Part 5,Wc5eZcp1PdA,@bonniemottram7099,my photo library is not accessible to my business FB account.  How do I access on all gmail accounts and all FB pages I manage?,0,2021-03-09T02:03:38Z,https://www.youtube.com/watch?v=Wc5eZcp1PdA&lc=UgxkdcC5wwvniyJ4ZCh4AaABAg
Google Photos - Google Basics Part 5,Wc5eZcp1PdA,@notapro968,Awesome video,0,2019-06-29T17:13:13Z,https://www.youtube.com/watch?v=Wc5eZcp1PdA&lc=UgwIVfrcz1uALLNOAhR4AaABAg
Google Photos - Google Basics Part 5,Wc5eZcp1PdA,@brettbrunsell5769,If I delete a video from my iPhone photos then go back into google photos to view the video the quality of the video is much worse than it is when I have the video in both Apple photos and google photos. Can you explain this? Thank you,0,2019-11-11T06:30:04Z,https://www.youtube.com/watch?v=Wc5eZcp1PdA&lc=Ugz7Cc2Gg9WRDNFen_d4AaABAg
Google Photos - Google Basics Part 5,Wc5eZcp1PdA,@bets9759,I love your videos because they are clear and give lots of information slow enough for me to follow. I am looking for how to name a picture in google photos on my iPhone. Google says he is his cousin. He was just born and I can't get him renamed. I can't find a YouTube on this. Most say you have to download and do all kinds of very complicated things which I know is not it. I used to know because I have many named already.,0,2020-12-05T17:33:39Z,https://www.youtube.com/watch?v=Wc5eZcp1PdA&lc=Ugz7Bu1QS2IlSHOHGv14AaABAg
Google Photos - Google Basics Part 5,Wc5eZcp1PdA,@WarrenWilson,Well done,0,2019-01-21T17:05:46Z,https://www.youtube.com/watch?v=Wc5eZcp1PdA&lc=UgxpLo4vGvl1NNPlXYJ4AaABAg
Google Photos - Google Basics Part 5,Wc5eZcp1PdA,@jimbailey8951,"Love your channel.  I'm trying to organize my pictures and when I move a photo from camera to album, the photo is in both places. If I delete it from camera it deletes in both places. How can I just keep it in the new album?",0,2023-02-11T16:30:40Z,https://www.youtube.com/watch?v=Wc5eZcp1PdA&lc=Ugwvyl-r4iRnQUlf5Up4AaABAg
Google Photos - Google Basics Part 5,Wc5eZcp1PdA,@ElisaGalvan-t1k,"hello steve, do you hAVE a video informing how too empty google photos trash. I already deleted them from google photos, but they went to the google photos trash, and i would like to delete fron there also. Or they will stay  there for 60 more days. thank you",0,2025-07-20T14:49:09Z,https://www.youtube.com/watch?v=Wc5eZcp1PdA&lc=UgyJLMjesQZ40kI8QPV4AaABAg
Google Photos - Google Basics Part 5,Wc5eZcp1PdA,@susanmarris3585,Can you tell me if Google photos has the ability to find duplicate photos that are contained in your photo area?,0,2020-04-19T18:48:39Z,https://www.youtube.com/watch?v=Wc5eZcp1PdA&lc=UgyPf8EDaRMWVDjYUv94AaABAg
Google Photos - Google Basics Part 5,Wc5eZcp1PdA,@robertcale6725,it will do all this stuff but how do you move picture from phone to computer  everything id do fabulouse but the how to make it work,1,2022-06-26T18:52:00Z,https://www.youtube.com/watch?v=Wc5eZcp1PdA&lc=UgwVBV_VVlKG0KXCsAd4AaABAg
Google Photos - Google Basics Part 5,Wc5eZcp1PdA,@awakekat,Is there a way to strip off the meta data of the photos so that the location is not there for privacy?,0,2019-04-26T12:51:23Z,https://www.youtube.com/watch?v=Wc5eZcp1PdA&lc=UgyMlFzAzbtMQRzGAiF4AaABAg
Google Photos - Google Basics Part 5,Wc5eZcp1PdA,@cwestran,"Thanks Steve, love your videos. Maybe to add Google offers free unlimited lower resolution photo storage that does not affect your free space or alternatively keep your photos at full quality but it counts against your space. I personally have purchased additional space to store my photos. Too many photos lost from disk failures and no backups.",1,2019-01-21T17:00:15Z,https://www.youtube.com/watch?v=Wc5eZcp1PdA&lc=UgwHa0F1DgrdEpTRaKt4AaABAg
Google Photos - Google Basics Part 5,Wc5eZcp1PdA,@davidgory1757,"Now, if you are an iPhone/iPad/Mac person, how do you take photos off the Apple Photos app/iCloud (to save storage on devices and having to pay for more iCloud storage) without losing the pictures in Google Photos.  Also, is there any way to get Google Photos to keep the album structure from Apple Photos?",0,2019-01-21T17:22:16Z,https://www.youtube.com/watch?v=Wc5eZcp1PdA&lc=UgwmgaLi_YY3P_atr_Z4AaABAg
Google Photos - Google Basics Part 5,Wc5eZcp1PdA,@AlanMorrisSF,How to you manage to keep photos on line but not fill up your phone?  I stopped synching photos and just upload those I want to save online.  Is there a better solution?,0,2019-10-07T03:00:42Z,https://www.youtube.com/watch?v=Wc5eZcp1PdA&lc=UgzYpxnMEyYgXQHCF5x4AaABAg
Google Photos - Google Basics Part 5,Wc5eZcp1PdA,@davedube-dd,"Funny, in the USA we tend to spell it Gray and in the UK it's generally spelled, Grey.",0,2019-01-21T19:19:42Z,https://www.youtube.com/watch?v=Wc5eZcp1PdA&lc=UgziFO0bVXW8Y0F7I654AaABAg
Google Photos - Google Basics Part 5,Wc5eZcp1PdA,@idlersdream826,"Thanks Steve, another great video. Regarding some features not being available everywhere, here in the UK, we don't have the face recognition feature as EU Privacy law prohibits it. Oddly though, I mainly use Amazon Photos with my Prime account, (unlimited, no compression like Google), and that app does have face recognition, although it's not that good as you can't fix any errors!  It mixes up my Grandson & Granddaughter for example.",0,2019-01-21T17:26:10Z,https://www.youtube.com/watch?v=Wc5eZcp1PdA&lc=UgzoGAXDEZWuQlXoP6F4AaABAg
Google Photos - Google Basics Part 5,Wc5eZcp1PdA,@TheJimilagro,"My only problem with Google Photos is the duplication of photos.  I wind up with multiple copies of the same photo and it drives me nuts.  You’d think with how smart the software is it could find duplicates and not upload them.  I don’t mind the size of the photos as I don’t have any that are so big they get compressed.  None of my photos were compressed when they uploaded and they still fit within the free service and are fine for printing, etc.  I just can’t stand that I have as many as 8 or 10 of the same photo because Google cannot recognize that they are duplicates.  It shouldn’t be that hard to fix that.",0,2019-01-22T16:30:00Z,https://www.youtube.com/watch?v=Wc5eZcp1PdA&lc=UgwW-x_zKlKnL3-_Y0d4AaABAg
Google Photos - Google Basics Part 5,Wc5eZcp1PdA,@alesiaplock4584,What if you forgot  your password and started another account. How can I get my photos out from my old account and possibly combine  them. Im afraid of loosing my old one.,0,2019-01-28T19:05:40Z,https://www.youtube.com/watch?v=Wc5eZcp1PdA&lc=Ugx1Xcie3TsMO4VWMvt4AaABAg
Google Photos - Google Basics Part 5,Wc5eZcp1PdA,@gillianmcauliffe6664,I am trying to work out how to have photos uploaded automatically to the drive from a phone. Sometimes it works sometimes it doesnt.,0,2019-01-24T10:16:29Z,https://www.youtube.com/watch?v=Wc5eZcp1PdA&lc=UgzmFAg_kdKRXWh1tqR4AaABAg
Google Photos - Google Basics Part 5,Wc5eZcp1PdA,@landonpraught5958,I use it once in a while it is cool thanks Steve .,0,2019-01-21T17:09:26Z,https://www.youtube.com/watch?v=Wc5eZcp1PdA&lc=UgwScEm4fJsJFDK-dIF4AaABAg
Google Photos - Google Basics Part 5,Wc5eZcp1PdA,@stevecraig6256,My iPhone syncs new photos to Google automatically when connected to WiFi.,1,2019-01-21T16:45:27Z,https://www.youtube.com/watch?v=Wc5eZcp1PdA&lc=Ugwm_k-hgu3tsfR6YO54AaABAg
Google Photos - Google Basics Part 5,Wc5eZcp1PdA,@mikemiles3068,"Just found you on YouTube, Great Video!",0,2019-04-26T02:04:13Z,https://www.youtube.com/watch?v=Wc5eZcp1PdA&lc=Ugy5d9d6BE0ZNUlJ9kN4AaABAg
Google Photos - Google Basics Part 5,Wc5eZcp1PdA,@crystlngrclj,"Hi I have blank image on Google photos and cannot delete it either, is this a virus? How can I remove it. Thanks",0,2022-01-28T02:57:17Z,https://www.youtube.com/watch?v=Wc5eZcp1PdA&lc=UgzUADlYxqHM38dEepx4AaABAg
Google Photos - Google Basics Part 5,Wc5eZcp1PdA,@bjlokey9817,I cant seem to find a way to ha e Photos play a slideshow with photos I choose.  Is there a way and I just missed it.  Thanks,0,2019-02-04T15:05:57Z,https://www.youtube.com/watch?v=Wc5eZcp1PdA&lc=UgzKTqpVV6hDxd0dbex4AaABAg
Google Photos - Google Basics Part 5,Wc5eZcp1PdA,@BobBridgesbob,Absolutely fantastic video!  Thanks!,0,2019-12-18T23:28:29Z,https://www.youtube.com/watch?v=Wc5eZcp1PdA&lc=UgwfNLZ-J8p98PNIk1N4AaABAg
Google Photos - Google Basics Part 5,Wc5eZcp1PdA,@dkscmi,Love the help.  Great videos.  Thanks.  Any ideas as to why IOS is so slow in uploading photos to Google Photos and what to do about it?,0,2020-07-10T17:12:27Z,https://www.youtube.com/watch?v=Wc5eZcp1PdA&lc=Ugzu1UxQHqohVvVeEkJ4AaABAg
Google Photos - Google Basics Part 5,Wc5eZcp1PdA,@jeanabbott279,"If you have your photos both in Photos and Google Photos, what happens when you edit -- which should you do it in and how do you synch?",0,2019-07-27T21:20:52Z,https://www.youtube.com/watch?v=Wc5eZcp1PdA&lc=Ugw-dy6Pko7pQ0x1C5B4AaABAg
Google Photos - Google Basics Part 5,Wc5eZcp1PdA,@TheTDGroup26,"Great video Steve, but does it help with storage issues on both Mac and iPhone as I need a photo's storage option that can remove them from my devises and store them safely in the cloud with easy access? Brian",0,2019-07-08T13:32:15Z,https://www.youtube.com/watch?v=Wc5eZcp1PdA&lc=UgxdT3qVg1WMi9IpagN4AaABAg
Google Photos - Google Basics Part 5,Wc5eZcp1PdA,@JohnTomlinson,Great video Steve but no longer interested in google photos as since they went to back up and sync I have not had my photos syncing despite following their instructions and can find no answer to the problem. I am now trying to rely less on Google products like this as when they go wrong which they inevitably do find support answers is very time-consuming.,0,2019-01-22T16:08:32Z,https://www.youtube.com/watch?v=Wc5eZcp1PdA&lc=UgzygYaXMvB7C-nclYl4AaABAg
Google Photos - Google Basics Part 5,Wc5eZcp1PdA,@ap3432,I recently got an email that there shutting down my google+ account what does that mean to me.,0,2019-02-02T18:01:29Z,https://www.youtube.com/watch?v=Wc5eZcp1PdA&lc=Ugx0FaBswZ1v7EA9kY54AaABAg
Google Photos - Google Basics Part 5,Wc5eZcp1PdA,@daktari1942,face recognition does not work on my computer (in France !),0,2019-03-03T17:08:22Z,https://www.youtube.com/watch?v=Wc5eZcp1PdA&lc=Ugzu7iDIdUvAJDU3XQF4AaABAg
Google Photos - Google Basics Part 5,Wc5eZcp1PdA,@robbien.3964,"My question is somewhat similar to Annette’s, you mentioned that organizing (digital) photos has become almost impossible. Do you think we should even try anymore? Or should we just set a regular schedule—I’m thinking anywhere between weekly and yearly depending on how many photos one takes—to purge unwanted photos and to work on our photo books (for those who are interested in that)? Should we be trying to rename our photos to something meaningful anymore? Thank you for your trusted opinions.",0,2019-01-22T13:46:19Z,https://www.youtube.com/watch?v=Wc5eZcp1PdA&lc=Ugzk4Pl6n8NHdgxU4gh4AaABAg
Google Photos - Google Basics Part 5,Wc5eZcp1PdA,@davidbennion876,How do you find Google photo books.??,0,2023-03-18T21:31:40Z,https://www.youtube.com/watch?v=Wc5eZcp1PdA&lc=UgzNXyX2Xdie2ptUEAt4AaABAg
Google Photos - Google Basics Part 5,Wc5eZcp1PdA,@freedomsaoirse,"How do you have your settings set?  My photos didn't back up to cloud.  I don't have a large data plan and have them set to sinc on wifi only.  But, i lost a slua photos recently that way.  So, I was wondering if the settings were off on the App or Computer or both.",0,2019-05-20T12:59:41Z,https://www.youtube.com/watch?v=Wc5eZcp1PdA&lc=Ugxi2HuXUZB7v5Yr-WB4AaABAg
Google Photos - Google Basics Part 5,Wc5eZcp1PdA,@Mikein203,Love your channel!,0,2019-01-21T16:37:26Z,https://www.youtube.com/watch?v=Wc5eZcp1PdA&lc=Ugzya-Qg_chrH6UvdZx4AaABAg
Google Photos - Google Basics Part 5,Wc5eZcp1PdA,@Chasshepb,"Steve! Thanks for all of your wonderful content! I am trying to share google photos to my company google folder for photos. I can't seem to drag and drop, UNLESS the photos are on my laptop. Is there a way to share those between google folders without downloading? #perplexed but a BIG fan. Charlie",0,2019-01-31T17:04:40Z,https://www.youtube.com/watch?v=Wc5eZcp1PdA&lc=UgxT2SyM2AqmG6UenBt4AaABAg
Google Photos - Google Basics Part 5,Wc5eZcp1PdA,@bets9759,"One more thing Steve. I have an iPhone XR and I have different words in photos and Albums than you do so I can't seem to see how to rotate and on the bottom row it just has Photos search and library. In library it has favorites, archive, utilities and trash. In 'search' it has people and all the categories but no way to edit except for light. Any suggestions?",0,2020-12-05T17:42:00Z,https://www.youtube.com/watch?v=Wc5eZcp1PdA&lc=UgxXxPsKMSzpUO3ix5F4AaABAg
Google Photos - Google Basics Part 5,Wc5eZcp1PdA,@kittybracio6883,"How do you stop the preparing to backup google photos on android phone Samsung Galaxy S5. after it says backup complete, it still says preparing to backup and then the circle of death keeps scrolling saying there are 69 or 10 items left to back up? I tried deleting cache, deleting photos cache on the app, switching from backup using wifi to data back to wifi, I even deleted data , I switched to no files to selected files, I tried to deny and then allow storage   permissions, ?? can I backup these files that are synced to my googles photos on my computer and how? I have a windows 7 HP laptop computer?  I did all this as of January 16,2021 with no success to fix the getting ready to backup and finally backing up all items. How do you know if items are in fact backed up because I do not see the check mark in the icon cloud ?  I had put all my photos camera, screenshots,studio etc. onto my sd card so there are no photos on device so if you do not give permission to allow storage then how do you get it to backup anyway? How long do you have to remove storage permission and then enable it back?",0,2021-01-17T02:36:11Z,https://www.youtube.com/watch?v=Wc5eZcp1PdA&lc=UgxhT1S4iQ3vLfL8_hx4AaABAg
Google Photos - Google Basics Part 5,Wc5eZcp1PdA,@mishellyx_0913,"Excellent video!  Very articulate, easy to understand and lots of good information!  Thank you.",0,2020-06-07T16:00:39Z,https://www.youtube.com/watch?v=Wc5eZcp1PdA&lc=UgzEifsxVzFcW2NSH8J4AaABAg
Google Photos - Google Basics Part 5,Wc5eZcp1PdA,@gamezta2747,Stephen Fehr,1,2019-03-16T21:34:44Z,https://www.youtube.com/watch?v=Wc5eZcp1PdA&lc=Ugx_Y3XJRTCWLod36_94AaABAg
Google Photos - Google Basics Part 5,Wc5eZcp1PdA,@alejandrolazcano1183,How to delete duplicated photos?,0,2020-08-22T14:35:48Z,https://www.youtube.com/watch?v=Wc5eZcp1PdA&lc=UgxjeiOjB6YEZdxyZ954AaABAg
Google Photos - Google Basics Part 5,Wc5eZcp1PdA,@SignorLuigi,"Hi Steve, I think you're right about Google Photos having to be open for it to sync. At least, that was my experience. Having said that, I finally decided that the nice functionalities of Google Photos was not worth the potentially scary (as you would say) invasion of my personal life by having access to all my photos. Gives me the shivers just thinking about it. Just today, Google was hit with a multi-million dollar fine by the EU for violating its privacy laws. Impressed to see you mentioning the privacy issue surrounding Google products, especially Google Photos.",0,2019-01-22T16:37:57Z,https://www.youtube.com/watch?v=Wc5eZcp1PdA&lc=UgzGugU7FbRasRx0yiB4AaABAg
Google Photos - Google Basics Part 5,Wc5eZcp1PdA,@chrispistocco,"I hope you read this comment, If you do, Hi......and Great Video as usual!!",0,2019-01-21T20:58:36Z,https://www.youtube.com/watch?v=Wc5eZcp1PdA&lc=UgzzzAdKQTDXc-gTYyl4AaABAg
Google Photos - Google Basics Part 5,Wc5eZcp1PdA,@syro01,"Steve, what does this give me more than iPhoto from mac if I use IOS?",0,2020-04-26T15:49:00Z,https://www.youtube.com/watch?v=Wc5eZcp1PdA&lc=UgycjeFOce1pV-kpSmd4AaABAg
Google Photos - Google Basics Part 5,Wc5eZcp1PdA,@Michelle_9_27,Is google drive the same as google photos?,0,2019-05-11T07:38:44Z,https://www.youtube.com/watch?v=Wc5eZcp1PdA&lc=Ugw9CoABWIGoeq5YWMt4AaABAg
Google Photos - Google Basics Part 5,Wc5eZcp1PdA,@tamerat3794,Great video! Thank you! Farley and Mimi are adorable!,1,2019-08-20T13:58:44Z,https://www.youtube.com/watch?v=Wc5eZcp1PdA&lc=UgzwGxiGPqCE5YebF4R4AaABAg
Google Photos - Google Basics Part 5,Wc5eZcp1PdA,@elizabethferguson9280,"Excellent content.  Thank you. In case I ever do anything impressive, do you have an affiliate program? I would definitely recommend your videos if you do or if you do not.  I especially like that you broke up the Google videos into a series. It is easier to digest and more easily works into my time constraints.",3,2019-05-31T01:35:17Z,https://www.youtube.com/watch?v=Wc5eZcp1PdA&lc=UgzUWsE0E1LkBQq9Zy14AaABAg
Google Photos - Google Basics Part 5,Wc5eZcp1PdA,@DjangoGroen,Android does it in background,0,2019-01-29T01:09:48Z,https://www.youtube.com/watch?v=Wc5eZcp1PdA&lc=UgxbjXTgRwr8YOb6Iop4AaABAg
Google Photos - Google Basics Part 5,Wc5eZcp1PdA,@dgvisual7476,"Great video! Dear Steve, Farley is as world-famous as you are. How do you think Google would not recognize it? ;-) I keep insisting that not using tags/labels is still one less star for the GPhotos rating. Google AI can be extremely ""intelligent"" but ""subjective"" classifications will never occur. Let's say, marking some photos as ""technical"", ""romantic"", ""important"", ""familiar"", ""funny"", etc.",0,2019-01-21T18:28:16Z,https://www.youtube.com/watch?v=Wc5eZcp1PdA&lc=Ugwawa2jl7jgwK8den94AaABAg
Google Photos - Google Basics Part 5,Wc5eZcp1PdA,@dennisdiede,I don't know if this has changed recently but a few weeks ago - if I delete a photo from google photos - it also deletes it from the source I uploaded it from. Deleting photos should not be automatic like uploading them should be. Control Issue????,4,2019-01-22T05:29:03Z,https://www.youtube.com/watch?v=Wc5eZcp1PdA&lc=Ugzb77zeQPasCWbLFdJ4AaABAg
Google Photos - Google Basics Part 5,Wc5eZcp1PdA,@edladendorf2799,"Hi Steve. Love your videos. I use a chromebook, PC, and android phone. While on the PC, I made a new folder titled ""Civil War"". I uploaded quite a few files (.jpgs) relating to the Civil War to this folder from my PC. Everything looked great, but when I closed the program, the folder did not show up on any of my devices whenever I opened Google Photos again. So I tried again. Same result.  Any suggestions? Is it possible to recover the folder?",1,2019-07-21T20:20:45Z,https://www.youtube.com/watch?v=Wc5eZcp1PdA&lc=UgzEABg1sxCv4jPg86h4AaABAg
Google Photos - Google Basics Part 5,Wc5eZcp1PdA,@laurac4572,Do you know if there’s a way to rename multiple photos all at once? Let’s say I have 100 photos and I want to rename them “anniversary 2018.1” “anniversary 2018.2” and so on.,6,2019-01-22T04:07:32Z,https://www.youtube.com/watch?v=Wc5eZcp1PdA&lc=UgzLuIsNjNWpex3sxzN4AaABAg
Google Photos - Google Basics Part 5,Wc5eZcp1PdA,@tinaklinkenberg3415,"Thank you for this most helpful video.  The question I have is when your photo is in the cloud, how do you access it and can anyone access your photos?",0,2020-04-30T22:28:18Z,https://www.youtube.com/watch?v=Wc5eZcp1PdA&lc=UgxFeBY9YRRw3BRZin14AaABAg
Google Photos - Google Basics Part 5,Wc5eZcp1PdA,@garlandlewis1000,Great video. Is there a way to not allow Google to copy video or GIFs to the cloud?,0,2020-11-05T03:33:25Z,https://www.youtube.com/watch?v=Wc5eZcp1PdA&lc=UgxcV1j7iNtkgXLOtbF4AaABAg
Google Photos - Google Basics Part 5,Wc5eZcp1PdA,@sofirehman5296,Is there any way to back up my Google photo by using other google account because my account is not working difficult to sign in😥,1,2020-05-14T10:25:20Z,https://www.youtube.com/watch?v=Wc5eZcp1PdA&lc=UgwUBFPE1nPaXKYHUdx4AaABAg
Google Photos - Google Basics Part 5,Wc5eZcp1PdA,@10byhisgrace,"Too many words.  Cut it down, please.  I think you have very valuable information.",0,2019-07-07T22:55:45Z,https://www.youtube.com/watch?v=Wc5eZcp1PdA&lc=UgwAatYT-Rj9pnlQ3uR4AaABAg
Google Photos - Google Basics Part 5,Wc5eZcp1PdA,@blairdawson,"I was hoping to find information on how sync Google photos reacts when you delete a photo from your Iphone library, will it delete from Google Photos as well. Also vice versa if you delete from Google Photos will it delete from your iphone photo library ?",3,2019-01-21T18:23:13Z,https://www.youtube.com/watch?v=Wc5eZcp1PdA&lc=UgzFjXGGn1Z5IT94z4t4AaABAg
Google Photos - Google Basics Part 5,Wc5eZcp1PdA,@mikefanning7604,"Thanks Steve. Great information. I am in the process of uploading ~30,000 photos and videos from my  2011 MacBook Pro. It had been 7 days so far and the Upload/Synch window currently says “Synching 106864 of 232514”. Is this normal to take this long? What do these numbers mean? Do I continue to hang in there? Thanks in advance for the feedback",1,2019-06-05T10:34:26Z,https://www.youtube.com/watch?v=Wc5eZcp1PdA&lc=UgxJnhBREgJ8aaHt8zp4AaABAg
Google Photos - Google Basics Part 5,Wc5eZcp1PdA,@mkvhoqnuncdotfwqumbm845,text,0,2021-12-10T15:21:06Z,https://www.youtube.com/watch?v=Wc5eZcp1PdA&lc=Ugwtdl_W7Tij9k64-mp4AaABAg
Google Photos - Google Basics Part 5,Wc5eZcp1PdA,@MoMo-00,This is pretty much a repeat of another video he made a while back..,0,2019-01-24T05:58:11Z,https://www.youtube.com/watch?v=Wc5eZcp1PdA&lc=UgzMSuxUK-p2oiIBA7R4AaABAg
Google Photos - Google Basics Part 5,Wc5eZcp1PdA,@DjangoGroen,Google lens sucks sometimes. I had a photo of my bread. And it thought it was a big Mac 😂,0,2019-01-30T23:26:47Z,https://www.youtube.com/watch?v=Wc5eZcp1PdA&lc=UgzX1CxeDvM01u2S8eR4AaABAg
Google Photos - Google Basics Part 5,Wc5eZcp1PdA,@mkvhoqnuncdotfwqumbm845,text,0,2021-12-21T02:53:26Z,https://www.youtube.com/watch?v=Wc5eZcp1PdA&lc=Ugwi-z0iveUQ61iNS9B4AaABAg
5 Awesome Google Photos Features You've Got to Try,c8wr7GSGjw0,@StephenButlerOne,"Just last month Google photos notified me of a video it made of my daughter, photos from her being one charting her to now (ten). It wad titled 'they grow so fast'. It actually made my wife cry.",49,2018-09-30T17:10:23Z,https://www.youtube.com/watch?v=c8wr7GSGjw0&lc=Ugx4UHB1NJwk60Our054AaABAg
5 Awesome Google Photos Features You've Got to Try,c8wr7GSGjw0,@BobLarimer,A great feature I love about Google Photos: I created a new folder and set that folder to be the only folder shown on my chromecast screensaver.  Then while my wife and I were on vacation in Alaska we dropped pics in that folder regularly and the kids automatically got to follow along via the chromecast back across the country.,9,2018-11-14T14:47:12Z,https://www.youtube.com/watch?v=c8wr7GSGjw0&lc=Ugw0xdELzZDu5AZErbR4AaABAg
5 Awesome Google Photos Features You've Got to Try,c8wr7GSGjw0,@skatoolaki,"Google Photos changed my photo organizing life. It took a few days to upload all the pictures on my computer into Google Photos, taken over a decade & a half from old digital cameras and early smartphones, but it was so worth it. Thousands of photos now easily found by date, location (at least the ones taken on later devices), face, and even object. The ease of organizing albums, sharing them, and the ability to find photos when before I would have to manually look through hundreds of dated folders has helped me see photos I hadn't seen in years (especially poignant when a lot of them feature loved ones who are no longer with us). It is incredibly easy to sync photos from my phone to Google Photos and access them on my pc in seconds (and vice-versa).

Also, so much YES! to ""Free Up Space"". My old iPhone had hardly no space and I take a lot of photos and was always running out of room until I started syncing them all to Google Photos.  

I honestly cannot recommend Google Photos enough.",6,2018-10-05T01:49:04Z,https://www.youtube.com/watch?v=c8wr7GSGjw0&lc=UgwCeszztYnj2Vau1wR4AaABAg
5 Awesome Google Photos Features You've Got to Try,c8wr7GSGjw0,@ponytailhawk,I was organizing all my photos through Google photos in my God you wouldn't believe how many accidental screenshots I took in through the years lol,13,2018-09-30T05:52:29Z,https://www.youtube.com/watch?v=c8wr7GSGjw0&lc=UgwpuEb72zDczh2afM54AaABAg
5 Awesome Google Photos Features You've Got to Try,c8wr7GSGjw0,@LucasVanEnger76,Every single smart phone (Android & Windows) that I have had I've the years has used Google Photos for archiving. That's about 9years worth of photos that have never been lost. It can be daunting to wade through it all but Google makes it easier.,6,2018-09-24T13:44:50Z,https://www.youtube.com/watch?v=c8wr7GSGjw0&lc=UgwxnSOvZb5_YzUNJfN4AaABAg
5 Awesome Google Photos Features You've Got to Try,c8wr7GSGjw0,@Shrimpspiration,"Google photos is amazing. You can also search by;
1. The type of food you ate when you took a picture
2. The color of the dress
3. Two people together
4. Recognizes car models",4,2018-10-21T20:41:45Z,https://www.youtube.com/watch?v=c8wr7GSGjw0&lc=UgzelsnYyZx9EAXQ6b54AaABAg
5 Awesome Google Photos Features You've Got to Try,c8wr7GSGjw0,@techopsguy,Photo scan is another amazing feature in Google Photos for getting physical photos digitized,3,2018-09-25T04:32:38Z,https://www.youtube.com/watch?v=c8wr7GSGjw0&lc=UgyBcVdEoQfobYwY3jN4AaABAg
5 Awesome Google Photos Features You've Got to Try,c8wr7GSGjw0,@neonhorizon-c1c,"I have just started using Google Photos, it looks amazing, and I now have much more space on my iPhone thanks to this .",1,2020-12-18T02:06:23Z,https://www.youtube.com/watch?v=c8wr7GSGjw0&lc=Ugyi8xRJ2v0USz13rIN4AaABAg
5 Awesome Google Photos Features You've Got to Try,c8wr7GSGjw0,@GeeksOnTour,"I'm SOO glad you love Google Photos!  I (aka Chris Guld) am a volunteer for Google Photos Forum, a Top contributor, I love using and teaching Google Photos. Keep spreading the word. We are also happy Patrons of Dotto Tech. Just one comment on downloading from Google Photos to computer - Takeout is messy, I like to download my albums one by one. Open the album, click the 3-dot menu and there is a ""Download All"" command. That makes a .zip file of that album. I do that every month, so I have all my best photos on my computer's hard drive.",42,2018-09-24T13:54:59Z,https://www.youtube.com/watch?v=c8wr7GSGjw0&lc=Ugxo0jhNkIK3bOlGRY54AaABAg
5 Awesome Google Photos Features You've Got to Try,c8wr7GSGjw0,@projectM1K3,"I found your editing really helpful in this video. I know it seems straightforward, but, as a teacher, I really appreciate the little things done to really help watchers understand the process. Thanks again!",4,2018-09-25T00:49:34Z,https://www.youtube.com/watch?v=c8wr7GSGjw0&lc=UgyGHc9bZaZ3s7Fu8894AaABAg
5 Awesome Google Photos Features You've Got to Try,c8wr7GSGjw0,@swrennie,"I'm usually the guy showing people how their phones work at parties...fun, huh? Didn't know about Google Lens - thanks!",1,2018-10-05T20:42:59Z,https://www.youtube.com/watch?v=c8wr7GSGjw0&lc=Ugymqshv3z1Lpu5pHFF4AaABAg
5 Awesome Google Photos Features You've Got to Try,c8wr7GSGjw0,@TravelingBrigitte,I  just found these features this past weekend. Organized my photos with facial and created an album of my current trip by location. What a time saver. So thrilled.,1,2018-09-24T14:33:39Z,https://www.youtube.com/watch?v=c8wr7GSGjw0&lc=UgxGMUde-6G5P81we9l4AaABAg
5 Awesome Google Photos Features You've Got to Try,c8wr7GSGjw0,@baileywilliams3559,Haven't read any comments but I searched for a color like 'red' and it found all photos with red in it!!! I thought that was amazing. 😀,1,2018-09-30T12:52:12Z,https://www.youtube.com/watch?v=c8wr7GSGjw0&lc=UgyECwbZWs7cOotOnnl4AaABAg
5 Awesome Google Photos Features You've Got to Try,c8wr7GSGjw0,@benrex6403,I saw the thumbnail and instantly I felt that I can trust this guy.,1,2018-10-02T13:12:09Z,https://www.youtube.com/watch?v=c8wr7GSGjw0&lc=UgyXzONelymFcy5adOl4AaABAg
5 Awesome Google Photos Features You've Got to Try,c8wr7GSGjw0,@SamCordery,"Good overview Steve, but Google Photos does so much more.  The manual editing is extremely powerful both on mobile and full browser, and the auto edits (previously called auto-awesome) are stunning.  My favourite feature comes with creating an Album - the ease with which you can add and organise the images and videos within is superb, however you can also add text boxes, maps, travel maps etc to create a simple blog of a trip that is easily shared and easy to invite others to collaborate on.  Occasionally Google will make you a video of a trip - very nice, but it's never quite to my liking - fortunately you can easily edit, trim and organise the clips, change mucks and titles etc.  Truly a staggering product",6,2018-10-03T07:09:59Z,https://www.youtube.com/watch?v=c8wr7GSGjw0&lc=UgxEkoQ3Y3iSD-XIawp4AaABAg
5 Awesome Google Photos Features You've Got to Try,c8wr7GSGjw0,@matthewyessian4973,Does anyone know how to search for pictures that are not assigned to albums?  I do keep all my photos in albums and trying to go away from Flickr but having a hell of a time trying to see what is not assigned to an album?  Thanks,3,2018-10-23T18:57:20Z,https://www.youtube.com/watch?v=c8wr7GSGjw0&lc=UgzfZrSKcpVC4-myT3Z4AaABAg
5 Awesome Google Photos Features You've Got to Try,c8wr7GSGjw0,@M1cha3lP,The archive advice was great. I use Google Photos every day and didn't know this.,1,2018-10-03T10:47:32Z,https://www.youtube.com/watch?v=c8wr7GSGjw0&lc=UgyT76IBe2MJuGWtJs54AaABAg
5 Awesome Google Photos Features You've Got to Try,c8wr7GSGjw0,@neilbrackstone1819,If you think that’s spooky I searched for woodpecker on my iPad photos of a holiday in Mexico and it found a photo of a woodpecker that was very shadowy and I wasn’t sure it was a woodpecker but turns out it was... awesome,2,2018-09-24T19:35:07Z,https://www.youtube.com/watch?v=c8wr7GSGjw0&lc=UgxB6uIOU4AGqS-8Nql4AaABAg
5 Awesome Google Photos Features You've Got to Try,c8wr7GSGjw0,@tongkrut,"I have been using Google photos for just a few months, after years of trying to organise all my pics. from various cameras and phones this is the perfect solution,  I cannot believe it hasn't been more advertised.  However the back up and sync system for adding the photos appears to be lacking a method to move all my pics. from one computer to another, as I have numerous desktops and notebooks. The only way I have found is downloading all the photos on each device which takes hours. Is there not a way to copy the photos from an external drive onto a new computer then the sync option will just index the files, ""Dropbox"" does this so moving all my cloud storage is very fast.",4,2018-09-30T02:04:20Z,https://www.youtube.com/watch?v=c8wr7GSGjw0&lc=Ugy_TeMXu98YURimyXd4AaABAg
5 Awesome Google Photos Features You've Got to Try,c8wr7GSGjw0,@bryan_ferrer,What is the cloud icon with slash over it? why is my photos in google photos if it my back up and sync is off?,1,2018-09-28T11:20:07Z,https://www.youtube.com/watch?v=c8wr7GSGjw0&lc=UgxFdb5J1jVAZfhtKM94AaABAg
5 Awesome Google Photos Features You've Got to Try,c8wr7GSGjw0,@delboyinoz1,"Google Lens just blew me away , incredible. Thanks Steve 👍🏻👍🏻",0,2018-12-28T11:28:19Z,https://www.youtube.com/watch?v=c8wr7GSGjw0&lc=UgxwQ2xKeuWNWP3PJVR4AaABAg
5 Awesome Google Photos Features You've Got to Try,c8wr7GSGjw0,@Silva007ish,"Steve i love your channel. I have learned so much and when I was trying to organize my wealth of photos from iPad, telephones,cameras, your video helped me decide about using google photos. The feature I love love love...is creating an album and then sharing with those specific people who are in those photos.just a great way to keep track of all our STUFF. THANKS AGAIN!",0,2018-10-09T19:14:28Z,https://www.youtube.com/watch?v=c8wr7GSGjw0&lc=UgxXWFEX21askgvxmCN4AaABAg
5 Awesome Google Photos Features You've Got to Try,c8wr7GSGjw0,@ricksevans,How about a video comparing backing up photos to iCloud vs. Google? What problems will you have if you decide to switch? Is _both_ better than either one?,2,2018-09-24T18:44:36Z,https://www.youtube.com/watch?v=c8wr7GSGjw0&lc=UgwF_lMmqIHsnUdwEY94AaABAg
5 Awesome Google Photos Features You've Got to Try,c8wr7GSGjw0,@kosfactor,"You can search for events, birthday, wedding. You can search for things, cars, cars. You can ask Google assistant to bring this up as well.",1,2018-10-06T17:32:20Z,https://www.youtube.com/watch?v=c8wr7GSGjw0&lc=Ugz8O9GDsH7L369XuRh4AaABAg
5 Awesome Google Photos Features You've Got to Try,c8wr7GSGjw0,@DavidPopowich,I use Google Photos every day and thank you for the Lens tip...... Powerful!,1,2018-09-27T14:17:28Z,https://www.youtube.com/watch?v=c8wr7GSGjw0&lc=Ugz-C_QpKf7UjMS6eXx4AaABAg
5 Awesome Google Photos Features You've Got to Try,c8wr7GSGjw0,@veggirl1964,Is there a way to download my google photos and include the information I've added to the description in Photos?,1,2018-10-06T14:09:49Z,https://www.youtube.com/watch?v=c8wr7GSGjw0&lc=UgzWkCWkZsi74wC-x-p4AaABAg
5 Awesome Google Photos Features You've Got to Try,c8wr7GSGjw0,@Homie1967,"Just starting to learn Google 
I'm excited about this. You've taught me alot and turned a light bulb on. I think Google leads the pack and strives to be the best.  thank you !",0,2019-06-28T03:08:09Z,https://www.youtube.com/watch?v=c8wr7GSGjw0&lc=UgyDAaNWj08KFTXXoMV4AaABAg
5 Awesome Google Photos Features You've Got to Try,c8wr7GSGjw0,@vishalparkar,"Thanks for the video, as I wanted to share a similar one to my friends who are unaware of it!👍",2,2018-10-13T04:59:16Z,https://www.youtube.com/watch?v=c8wr7GSGjw0&lc=UgybmhKCiMhQbVQQgEl4AaABAg
5 Awesome Google Photos Features You've Got to Try,c8wr7GSGjw0,@yabosid,"Manual ""stacks"" would be a great feature as I find the albums cumbersome.",1,2018-11-13T15:58:11Z,https://www.youtube.com/watch?v=c8wr7GSGjw0&lc=UgwL_PwASzDLJ1C2XGR4AaABAg
5 Awesome Google Photos Features You've Got to Try,c8wr7GSGjw0,@appuprasad9733,"Hi Steve, please do mention meaning of partial upload and the kinda of resolution it is uploaded to in comparison with original image size. Also does the pixel phone series upload in original quality in which pic was taken?",2,2018-09-30T09:42:24Z,https://www.youtube.com/watch?v=c8wr7GSGjw0&lc=UgxXH_hotwSP2m9wNPt4AaABAg
5 Awesome Google Photos Features You've Got to Try,c8wr7GSGjw0,@debkennedy9397,Thanks for this Steve!  You have saved my messy photo dilemma.,0,2019-03-07T15:12:55Z,https://www.youtube.com/watch?v=c8wr7GSGjw0&lc=UgxR1qu1aI24vyQWjtR4AaABAg
5 Awesome Google Photos Features You've Got to Try,c8wr7GSGjw0,@marcoponce85,Where do you get that subscribe motion graphic? I see others with it.,1,2018-10-02T03:45:25Z,https://www.youtube.com/watch?v=c8wr7GSGjw0&lc=UgyMVBizDC78DILvKLd4AaABAg
5 Awesome Google Photos Features You've Got to Try,c8wr7GSGjw0,@maryleach9015,"I was going through my saved youtube videos and came across yours so I decided to watch it.  I am a big fan of Google as I also when I have time do the reviews where I have been, I have been using the section of places where we have been over the years and found it very helpful, I  didn't realise the part about when Google asked if was the same person you answered that for me and now I know, I also have used the lens again didn't realise what it was for, I have been following your videos on YouTube and found them quite helpful, thankyou for the great information.",1,2022-04-18T13:36:48Z,https://www.youtube.com/watch?v=c8wr7GSGjw0&lc=Ugwe2ilgAAMXNzHFZpd4AaABAg
5 Awesome Google Photos Features You've Got to Try,c8wr7GSGjw0,@photelegy,"I love using GoogleFotos!!!
But I miss something in the searching.

Is it possible to search for a specific file-type (.jpg, .png, .mkv, ...), file-size (>15MB, <10MB, 500KB-2MB, ...), file-resolution (>5MP, <1080p, horizontal: >13000px, ...), movie-length (.mp4 & >10min, video & <30sec, ...), combining this searches (""horse"" & >5MB & "">12.5.18)?
Like you can in the Windows File-Explorer or lot of other programs.

Thank you very much for your answer!",2,2018-10-02T08:24:27Z,https://www.youtube.com/watch?v=c8wr7GSGjw0&lc=Ugx2stofbqU3mJL_1P94AaABAg
5 Awesome Google Photos Features You've Got to Try,c8wr7GSGjw0,@MrBernie101,"What a font of information you are young man. As a fellow who won't see 75 again, I just love your infectious enthusiasm. I try to embrace most technology, and informative sites, such as yours go a long way to helping me. Thanks Steve, Bernie SW Wales, UK 👍👍",0,2022-08-26T17:31:05Z,https://www.youtube.com/watch?v=c8wr7GSGjw0&lc=Ugwb3Q5GkJ_sQgSHZa54AaABAg
5 Awesome Google Photos Features You've Got to Try,c8wr7GSGjw0,@ClaudiomiroOliveira,"Fantástico realmente um excelente aplicativo, e muito boa sua apresentação. Parabéns um abraço do Brasil.",0,2018-10-01T21:41:10Z,https://www.youtube.com/watch?v=c8wr7GSGjw0&lc=UgwrD5TRan6XbvorEk14AaABAg
5 Awesome Google Photos Features You've Got to Try,c8wr7GSGjw0,@petebowenblues,"Big fan of Google Pics. You know what it needs to be perfect? A way to to correct flairs, those green dots when you shoot into the sun. Now I have to bring the photo over to Picasa to correct. One feature away from being perfect!",1,2018-10-13T13:50:16Z,https://www.youtube.com/watch?v=c8wr7GSGjw0&lc=UgyPkphZ8Ii49nTpLQB4AaABAg
5 Awesome Google Photos Features You've Got to Try,c8wr7GSGjw0,@bighardrive,My Current laptop is a Samsung Chromebook Pro. It has the ability to run both Chrome and Android. It is interesting to work with the subtle differences in each platform.,1,2018-09-29T13:18:17Z,https://www.youtube.com/watch?v=c8wr7GSGjw0&lc=UgwT6Ap-7oiyVdoY1Kh4AaABAg
5 Awesome Google Photos Features You've Got to Try,c8wr7GSGjw0,@VictorySpeedway,"I DESPISE Google Photos.  Unfortunately, I'm stuck with it as I was forced to migrate everything from Picasa (which I liked a lot).

I cannot upload from an SD card (I still use a real camera).

If you have a webinar on this topic, I'd appreciate it.  Thanks",2,2018-10-06T12:01:53Z,https://www.youtube.com/watch?v=c8wr7GSGjw0&lc=UgwcSmIucDZk1__-rWl4AaABAg
5 Awesome Google Photos Features You've Got to Try,c8wr7GSGjw0,@mduke555,"Thanks!  I'm a fan of Google Photos and I've been using it for a couple of years, but I still learned new features from this video!",1,2018-09-26T12:33:28Z,https://www.youtube.com/watch?v=c8wr7GSGjw0&lc=Ugw14nF-j3qckVN7u-x4AaABAg
5 Awesome Google Photos Features You've Got to Try,c8wr7GSGjw0,@00pisani49,"Very fun, thanks.  Like your famous dog sleeping behind you. Cute",0,2019-06-12T23:52:28Z,https://www.youtube.com/watch?v=c8wr7GSGjw0&lc=UgyXl7RBXfDnfQfUuUt4AaABAg
5 Awesome Google Photos Features You've Got to Try,c8wr7GSGjw0,@marcelwolters8315,"Hi Steve, awesome! I am a google photos user, love it. Also just discovered lens. Something which is also mind blowing is the google translate app,  there is the instant translation...just click the camera icon and hover over the text you want to translate and see what happens ;-) ...this links in to the lens feature.

Looking forward to your next videos...
Regards, from the Netherlands.",6,2018-09-24T22:01:34Z,https://www.youtube.com/watch?v=c8wr7GSGjw0&lc=UgzRBQND4eusodS50ux4AaABAg
5 Awesome Google Photos Features You've Got to Try,c8wr7GSGjw0,@maherahmed1977,"Hello, thank you for the video, but the idea of the face recognition is still unclear and it is not available for everyone, would you please make a short video for that and again thank you.",1,2018-10-02T12:11:52Z,https://www.youtube.com/watch?v=c8wr7GSGjw0&lc=UgxarJirzai3tvKEEtJ4AaABAg
5 Awesome Google Photos Features You've Got to Try,c8wr7GSGjw0,@anwarmanaf,"Nice video! 
You can also search for specific images of saved persons like 'John with cap' or 'John in car'.
This helped me a lot to find the pictures.

Thanks Google!",1,2018-10-05T20:48:17Z,https://www.youtube.com/watch?v=c8wr7GSGjw0&lc=UgzbRWmggla91L1r-Xp4AaABAg
5 Awesome Google Photos Features You've Got to Try,c8wr7GSGjw0,@algerienkabyle1369,"In 2015, on a Samsung S5 device, when creating a new Google account and accessing Google Photos, is the backup & sync feature enabled by default on the main interface, or do I have to enable it manually?",0,2025-11-08T13:09:47Z,https://www.youtube.com/watch?v=c8wr7GSGjw0&lc=Ugzv_To_jKsVQIBXoDV4AaABAg
5 Awesome Google Photos Features You've Got to Try,c8wr7GSGjw0,@alexnuno,Google photos is a game changer for me for a long time now. Thanks for the great video Steve.,1,2018-09-24T13:52:26Z,https://www.youtube.com/watch?v=c8wr7GSGjw0&lc=UgwSc6hX-cSL-BzQCGt4AaABAg
5 Awesome Google Photos Features You've Got to Try,c8wr7GSGjw0,@RonDoyleVA,You rock it.  Basically you are me but you turned it into money. Good job.,1,2018-10-06T20:42:17Z,https://www.youtube.com/watch?v=c8wr7GSGjw0&lc=Ugx_YyDx7fn4i_wZk4N4AaABAg
5 Awesome Google Photos Features You've Got to Try,c8wr7GSGjw0,@janeleekeller,"Hi Steve 😊.
I am actually a little earlier than usual, this ""Morning"" ?!

I absolutely Love Google Photos 🤩.
Facial recognition is outstanding, AND almost unreal !
I, have taken several thousand, (I sometimes take the same picture of an old photo more than once...Suffer from OCD, and TRY to get it as perfect as possible), pictures of old photo albums, via of, Google Photo Scan, which works perfectly, and of course, has enabled me to Digitizing, so far, two whole old albums, plus assorted loose pictures, all by myself !.....Many more to go !....I have completed the album my parents kept of me , from when they adopted me at age 21 months, my Father doing the picture taking, through to when I started taking pictures myself, of friends, houses, pets, boyfriend's, cars, all sorts of pictures.
Followed by pictures of my ex Husband from when we were 14, right on through to our wedding, (Christ Church, Philadelphia, "" where Benjamin Franklin is buried""), which was in 1967.
By the time I reconnected with him, (first husband, Not Ben Franklin !), 50 years later, I had digitized, & enhanced all those wedding pictures, which looked like they were taken yesterday, and he at first was very hesitant to see them !
I told him how happy I was to have them, and he let me send them to him....In spite of the bad feelings he had about the way we were separated, I believe he was happy to see the pictures.

Then I proceeded to digitize my Children's albums, of which there were several, and am now through with them....I want to do my Parents Albums, theirs separate, (before they were married, 1938), and theirs together.
All these, I WILL be wanting to put in separate Albums .
My Daughter, who thinks there is something ""wrong"" with me, because I want to take pictures of her, her son, or anyone else for that matter, has asked me to take pictures of her son's photo album. Which of course I will do 😒.

I SO much Wish I had my phone when MY parents were alive, so I could have videos of them ! ☹️...I don't feel my Daughter is able to understand that !

Fortunately, where my Son, his Wife and their, one and a half year old Daughter are concerned, I won't be needing Photo Scan !
All the pictures I have taken of them, I took with Google Photos, via my phone, including their recent Wedding.

Viva La Modern Technology, Google & Google Photos, (including Photo Scan) 🥂.

Insidently, thank you for discussing, Uploading, and retrieving. I have yet to do that, as I have been very apprehensive about it !

Before I let you go, 😢, sorry !...I would like to mention I completely missed your very first Boomer Vlog, because just as I was listening to you, (my OCD causes me to do things by strict methods, which for me, means saving the Best to last. On that day, that was YOU), my phone completely shut down ! Red light blinking ! Could not turn it on ! I was a wreck !.....At 5 or 6 in the morning yet !!!
Have since, obviously, fixed it.
Will be anxiously awaiting next opportunity 😏 !
Sincerely, JaneLee ^_^ 🧓
9/25/18
5:24 AM",2,2018-09-25T09:30:10Z,https://www.youtube.com/watch?v=c8wr7GSGjw0&lc=Ugz-WGtSNSulSH-hUsN4AaABAg
5 Awesome Google Photos Features You've Got to Try,c8wr7GSGjw0,@suebraschio6763,Ohh I love my google photos I don't know what id do without omg I'd be in a mess lol :-)...  gotta try the google lens on plants and birds .,2,2018-10-13T08:05:15Z,https://www.youtube.com/watch?v=c8wr7GSGjw0&lc=UgwgJ9ugBTaq4SIiM5B4AaABAg
5 Awesome Google Photos Features You've Got to Try,c8wr7GSGjw0,@susanczajka6327,Awesome info.   How do i get rid of all the duplicates in my photos???,2,2018-11-23T14:48:30Z,https://www.youtube.com/watch?v=c8wr7GSGjw0&lc=UgxW_Yqkx0qAb6RaAj14AaABAg
5 Awesome Google Photos Features You've Got to Try,c8wr7GSGjw0,@parheez,Did you know that if you add certain pictures to Albums in Google photos and then delete them from photos..the photos get deleted from the albums as well..just thought I'd give you a heads up on that..since I made the same mistake..🤓,2,2018-09-30T08:50:52Z,https://www.youtube.com/watch?v=c8wr7GSGjw0&lc=UgwskDZaa7CfHDlOtjd4AaABAg
5 Awesome Google Photos Features You've Got to Try,c8wr7GSGjw0,@ohialyona,"it's a pity, group faces, and picture recognition doesn't work in our country((((( especially groupping of faces is very cool and usefull",1,2018-10-12T14:50:24Z,https://www.youtube.com/watch?v=c8wr7GSGjw0&lc=Ugw9R9HVdYkM0uwcpdx4AaABAg
5 Awesome Google Photos Features You've Got to Try,c8wr7GSGjw0,@ckpearson1118,Thanks so much for all the videos! I have to agree with Geeks on Tour. Google Takeout is messy.  Please do an in depth video on Google Takeout for photos that simplifies the process! Thanks again!,1,2018-10-06T15:47:52Z,https://www.youtube.com/watch?v=c8wr7GSGjw0&lc=UgyfqqhsA4hCiGRyHxl4AaABAg
5 Awesome Google Photos Features You've Got to Try,c8wr7GSGjw0,@NacNacMOTT,Hi thanks for the videos. I have learnt something today. :) about google content. As for face recognition this is not new Picassa did that already very well 10y ago :),0,2018-10-09T06:15:46Z,https://www.youtube.com/watch?v=c8wr7GSGjw0&lc=UgwaTuSHI4VdlGio9SN4AaABAg
5 Awesome Google Photos Features You've Got to Try,c8wr7GSGjw0,@nr3rful,Great video....I have been using Google photos for years,0,2018-09-24T13:59:44Z,https://www.youtube.com/watch?v=c8wr7GSGjw0&lc=UgzBv_8L6K4Pq6nNr694AaABAg
5 Awesome Google Photos Features You've Got to Try,c8wr7GSGjw0,@mskibosh,"When you download the photos you said it downloads the original size files that were uploaded. 

Does that mean if you crunched a photo larger than 16mp. You would get the larger file?

I hope that makes sense.",0,2019-05-18T16:27:09Z,https://www.youtube.com/watch?v=c8wr7GSGjw0&lc=UgyuaVGnHArOj6OMWnh4AaABAg
5 Awesome Google Photos Features You've Got to Try,c8wr7GSGjw0,@leemanny6425,I was wondering if you could provide instructions on how to import contacts and saved e-mails from Microsoft outlook archives as well as pictures from the window base data files into google software?,0,2018-12-18T13:11:44Z,https://www.youtube.com/watch?v=c8wr7GSGjw0&lc=UgyQ2YJIrk_beOckkiF4AaABAg
5 Awesome Google Photos Features You've Got to Try,c8wr7GSGjw0,@gosdotcom,Great video Steve.  I didn't know about Google Lens. Wow!,2,2018-09-24T15:01:54Z,https://www.youtube.com/watch?v=c8wr7GSGjw0&lc=UgyG-0hJIPtziOMTsFp4AaABAg
5 Awesome Google Photos Features You've Got to Try,c8wr7GSGjw0,@Jerrysailfar,Ok Dotto you are the man!!! After weeks of trying I finally got Google Photos to do Backup Complete. About to start learning the search techniques!!!!  Thank you for all your Youtubes! Yeouwee,1,2021-06-27T00:52:08Z,https://www.youtube.com/watch?v=c8wr7GSGjw0&lc=UgxjnPSd2sll4l2Xicl4AaABAg
5 Awesome Google Photos Features You've Got to Try,c8wr7GSGjw0,@sirthomas9835,"Love your in depth explanations of Google features.  

I have many, many photo albums on my phone.  Is there a way to arrange Google Photos to maintain those same albums without creating each separate album and moving all the photos into each album?",1,2018-09-24T19:03:50Z,https://www.youtube.com/watch?v=c8wr7GSGjw0&lc=UgyxAyxeTTDnBS-gTwl4AaABAg
5 Awesome Google Photos Features You've Got to Try,c8wr7GSGjw0,@rmt9321,I love Google lens I use it all the time. Great video,1,2018-09-24T21:22:27Z,https://www.youtube.com/watch?v=c8wr7GSGjw0&lc=UgzFMZbGtSpn26t7U1F4AaABAg
5 Awesome Google Photos Features You've Got to Try,c8wr7GSGjw0,@1258stdavid,Hopefully Goggle Photos will include a basic photo editor in this application. If they did you would not to use any other site.,1,2018-10-04T20:27:21Z,https://www.youtube.com/watch?v=c8wr7GSGjw0&lc=UgwdMZy0pH9bNfbuF-d4AaABAg
5 Awesome Google Photos Features You've Got to Try,c8wr7GSGjw0,@larrywright7537,Again another great instruction. The download of photos was AWSOME. And the Google Lens HMMMMMMMm I like it.,1,2018-09-24T15:23:48Z,https://www.youtube.com/watch?v=c8wr7GSGjw0&lc=UgykqvOIzrJmGI8aDCZ4AaABAg
5 Awesome Google Photos Features You've Got to Try,c8wr7GSGjw0,@1300miles,Nice mixer in the background there. What model?,0,2020-11-16T18:06:54Z,https://www.youtube.com/watch?v=c8wr7GSGjw0&lc=UgzfNmBD8_DVdlcqJvJ4AaABAg
5 Awesome Google Photos Features You've Got to Try,c8wr7GSGjw0,@Dr.translator,"You are amazing. Can you please make a video on how to delete duplicate photos on google photos? Thank you, All the best and Stay safe.",0,2020-08-05T12:00:31Z,https://www.youtube.com/watch?v=c8wr7GSGjw0&lc=Ugy4jtIIUPDJlT3t1Lh4AaABAg
5 Awesome Google Photos Features You've Got to Try,c8wr7GSGjw0,@Nassangler,"Thank you, Steve, for another terrific instructional and informative video. This is one of the best I have viewed from anyone on YouTube.",1,2018-09-24T16:26:43Z,https://www.youtube.com/watch?v=c8wr7GSGjw0&lc=UgxEP7L62rkGL6tNr6N4AaABAg
5 Awesome Google Photos Features You've Got to Try,c8wr7GSGjw0,@howilliam390,"Hi Steve....
My Sister Connie install the Google photo couple week, 
why Google photo won't create the album for her automatilly
does she need to press some button...",0,2019-01-21T15:54:26Z,https://www.youtube.com/watch?v=c8wr7GSGjw0&lc=UgwKpDsfQ6hEfjlWcQt4AaABAg
5 Awesome Google Photos Features You've Got to Try,c8wr7GSGjw0,@udavemartel,Very interesting. Thanks. Showed me a couple of things I didn't know about.,1,2018-09-24T19:45:56Z,https://www.youtube.com/watch?v=c8wr7GSGjw0&lc=UgwrXgJl5KYYYbRitBV4AaABAg
5 Awesome Google Photos Features You've Got to Try,c8wr7GSGjw0,@VulcanOnWheels,7:09 Is it possible to correct such incorrect guesses?,1,2018-09-27T09:14:47Z,https://www.youtube.com/watch?v=c8wr7GSGjw0&lc=UgxBcixr-QVAvP8HVYx4AaABAg
5 Awesome Google Photos Features You've Got to Try,c8wr7GSGjw0,@CyndiLH,"One major problem I have had with google photos is that the timestamp has been changed for many different pictures. If you ""google"" this topic you will find many people are having the same problem. Since this has occurred I cannot trust google photos at all and I am concerned about its syncing these errors back to my original files...do you know about this or have some advice?",1,2018-10-13T04:09:46Z,https://www.youtube.com/watch?v=c8wr7GSGjw0&lc=Ugypi6PVhxdzc2A-EJ54AaABAg
5 Awesome Google Photos Features You've Got to Try,c8wr7GSGjw0,@mac_khalifah,"First time here. Thanks for the video. Just wondering, what's your mic set up, sounds nice and clear and full bodied.",1,2018-10-02T13:19:01Z,https://www.youtube.com/watch?v=c8wr7GSGjw0&lc=UgytYBttV71Q2E2fTJN4AaABAg
5 Awesome Google Photos Features You've Got to Try,c8wr7GSGjw0,@Roh-c8e,Everything Google simplifiied my life. Period!,1,2018-11-12T17:59:44Z,https://www.youtube.com/watch?v=c8wr7GSGjw0&lc=UgzW4pCJrr0CuEEuD8Z4AaABAg
5 Awesome Google Photos Features You've Got to Try,c8wr7GSGjw0,@stylesformiles79,"Steve, Can't say how helpful your information is!  I'm always sharing your videos! Thank you for all you do!",1,2018-09-25T17:19:29Z,https://www.youtube.com/watch?v=c8wr7GSGjw0&lc=UgwJFUlPPRqAER55CZx4AaABAg
5 Awesome Google Photos Features You've Got to Try,c8wr7GSGjw0,@utdoc43,"Steve--You've contributed some amazing technology video that are a perfect fit for us older citizens--yet still with some technology experience and curiosity!  I have many gigs for photos backed up on external hard drives  I""ve easily exceed the free 15 gigs of google drive if I try to store  all my photos in Google Drive--and I really dislike subscription services (extra memory in this case.  Yet, you described really cool  AI power in Google Photos.  My question is if that proprietary search capability can be focused on any proprietary PC having any generic Ext Hard Drive.  Hopefully that would allow anyone to conduct powerful searches and collections of photos without having to be wedded to Google $$$, privacy, security?   Thanks again for all you do to help us grateful subsribers.",0,2021-07-08T14:25:56Z,https://www.youtube.com/watch?v=c8wr7GSGjw0&lc=UgxPbstjOc4EKQ_xtgF4AaABAg
5 Awesome Google Photos Features You've Got to Try,c8wr7GSGjw0,@barrystraughan,Great video. When you share photos with someone can they edit or even remove a photos from your account that you've shared with them?,0,2020-12-22T02:17:01Z,https://www.youtube.com/watch?v=c8wr7GSGjw0&lc=Ugxa3_d__vmbnUI-xSd4AaABAg
5 Awesome Google Photos Features You've Got to Try,c8wr7GSGjw0,@appleqor,"I can't make a 'Film' from photos & videos in a Shared album (of which I am the owner.) Do you know if this is by design? I can download said shared videos, then make them mine, then make a film, but I'm looking for an easier way.

Do you know where a good place to go is to get answers to questions like this?!? THANKS, and great content!",1,2018-10-11T14:40:09Z,https://www.youtube.com/watch?v=c8wr7GSGjw0&lc=Ugziy3HLhMpuPU_hwcl4AaABAg
5 Awesome Google Photos Features You've Got to Try,c8wr7GSGjw0,@charlescelano8039,Another great video Steve. Thanks for these great tips. I am moving more and more towards everything Google thanks to you.,1,2018-09-30T03:20:55Z,https://www.youtube.com/watch?v=c8wr7GSGjw0&lc=Ugwg-b6jpW5o6lBH6MR4AaABAg
5 Awesome Google Photos Features You've Got to Try,c8wr7GSGjw0,@blepblepblep14,"I love your vids dude, really enjoy all of them!",0,2019-03-17T01:47:01Z,https://www.youtube.com/watch?v=c8wr7GSGjw0&lc=UgxO6Xifj4q8SuaX5uJ4AaABAg
5 Awesome Google Photos Features You've Got to Try,c8wr7GSGjw0,@rodgill100,"Thanks again Steve, Love learning more about the apps I use.",1,2018-09-24T21:51:11Z,https://www.youtube.com/watch?v=c8wr7GSGjw0&lc=Ugy8cnC4tvv87NEO_JF4AaABAg
5 Awesome Google Photos Features You've Got to Try,c8wr7GSGjw0,@sfmech,"Google lens sounds cool, but unfortunately my Google photo app does not have icon for Google lens. I guess it is not available in my country. I did however download a separate app of Google lens, but it does not access photos, but instead, tried to recognize object in real time using the built-in camera on the smart phone. I aimed the camera on my eye drops, but this app recognized it as a box, so I deleted it immediately.",1,2018-10-01T04:57:40Z,https://www.youtube.com/watch?v=c8wr7GSGjw0&lc=Ugx0bqBtS6t753v_JV14AaABAg
5 Awesome Google Photos Features You've Got to Try,c8wr7GSGjw0,@LynxLee,"What I like a lot is the AI in it where I wanna find a picture of my wife and my daughter in the pictures.. I can just type their names and place and ""and"" in between.
Example: ""Daniel and Ming"" would return only photos where my wife and I are in the pictures (provided you've labeled them as such)",0,2018-10-04T05:02:32Z,https://www.youtube.com/watch?v=c8wr7GSGjw0&lc=UgwJQea21YYY7wpj3GZ4AaABAg
5 Awesome Google Photos Features You've Got to Try,c8wr7GSGjw0,@rauldiaz5758,Thrilled about your G lens demonstration! Thanks Steve.,1,2018-09-27T00:20:19Z,https://www.youtube.com/watch?v=c8wr7GSGjw0&lc=Ugw5pzSUNoEBm2FAQC54AaABAg
5 Awesome Google Photos Features You've Got to Try,c8wr7GSGjw0,@ryanjones9103,can Google photo identify the location of pictures token by another phone instead of google phone?,0,2019-12-16T08:41:48Z,https://www.youtube.com/watch?v=c8wr7GSGjw0&lc=UgzyeAANlLKsaz_FwPx4AaABAg
5 Awesome Google Photos Features You've Got to Try,c8wr7GSGjw0,@LANDSEAAIRCANADA,Thank You DT  Stay Awesome,1,2018-09-25T02:04:09Z,https://www.youtube.com/watch?v=c8wr7GSGjw0&lc=Ugx39GXjxJ6Mt7croBN4AaABAg
5 Awesome Google Photos Features You've Got to Try,c8wr7GSGjw0,@cindycarlson2667,Is there a way to delete duplicate photos? If not through google photos then which software would you recommend?,0,2020-03-07T14:27:56Z,https://www.youtube.com/watch?v=c8wr7GSGjw0&lc=Ugz-dSBuwwfrU8xX9f14AaABAg
5 Awesome Google Photos Features You've Got to Try,c8wr7GSGjw0,@michaelashyne7713,"Tell me, how do I get rid of the duplicate photos in google photos??   Michaela Shyne",0,2019-05-18T15:55:51Z,https://www.youtube.com/watch?v=c8wr7GSGjw0&lc=UgxaLLrWXuNeuEBDjwN4AaABAg
5 Awesome Google Photos Features You've Got to Try,c8wr7GSGjw0,@airmakeup,"If I organize all my photos on albums ... how do I know that photos have not been accommodated yet?  In the app Photos of apple there is a function of creating albums with certain criteria and it is possible to put all the photos ""unorganised"".  Do you know if it is possible to do this in google photos?",0,2019-04-18T13:08:15Z,https://www.youtube.com/watch?v=c8wr7GSGjw0&lc=UgzS5i2CPRqix71KNF14AaABAg
5 Awesome Google Photos Features You've Got to Try,c8wr7GSGjw0,@wiggumo,"You can't upload a folder of photos,  which creates an album named after the folder....",1,2018-09-30T10:13:38Z,https://www.youtube.com/watch?v=c8wr7GSGjw0&lc=UgwUKrovMbkB6hhZZkl4AaABAg
5 Awesome Google Photos Features You've Got to Try,c8wr7GSGjw0,@tonyo.6114,Absolutely love your video!!!!   Thank you for all you do!!!!  Very well explained too!!!,1,2018-10-01T07:04:17Z,https://www.youtube.com/watch?v=c8wr7GSGjw0&lc=UgxR9LM2_FnjpHB6fMZ4AaABAg
5 Awesome Google Photos Features You've Got to Try,c8wr7GSGjw0,@kengrant5076,Any chance that these ideas would work on an iPad?  Ken,0,2020-08-08T12:41:28Z,https://www.youtube.com/watch?v=c8wr7GSGjw0&lc=Ugy33RD40Xguvxy-7Z94AaABAg
5 Awesome Google Photos Features You've Got to Try,c8wr7GSGjw0,@horsepower4me2,"Hello, Can you tell me Why I have duplicate photos saved in Google photos?  Is it because I have multiple email accounts?  They are all synced on my laptop, cell phone and Ipad? If so, how can I retain just one photo in the location I'd like. Thanks for your info.",1,2018-10-04T21:38:34Z,https://www.youtube.com/watch?v=c8wr7GSGjw0&lc=UgzYpdKVyJEZrCZGRLJ4AaABAg
5 Awesome Google Photos Features You've Got to Try,c8wr7GSGjw0,@annkeiper2082,Thanks for your help and time,1,2018-10-19T07:17:48Z,https://www.youtube.com/watch?v=c8wr7GSGjw0&lc=UgxeO2IqmEHP3q7G39V4AaABAg
5 Awesome Google Photos Features You've Got to Try,c8wr7GSGjw0,@StefanLorde,Your pictures look soooo cool! Thanks for sharing.,1,2018-10-14T15:18:03Z,https://www.youtube.com/watch?v=c8wr7GSGjw0&lc=UgyuJ77zNu2_LfCQc_F4AaABAg
5 Awesome Google Photos Features You've Got to Try,c8wr7GSGjw0,@jonesescalante9835,Google photos are deleting my videos that was uploaded from my Sony HDR action cam. Is this happening to anyone else?,1,2018-10-06T16:00:14Z,https://www.youtube.com/watch?v=c8wr7GSGjw0&lc=Ugz4smg3niakwmXvX8d4AaABAg
5 Awesome Google Photos Features You've Got to Try,c8wr7GSGjw0,@andrewmckibben2637,I had to send my phone and they are gonna send me a new one in a few days and thanks to Google photos I don't have to worry about losing any of my pictures,1,2018-10-02T03:08:28Z,https://www.youtube.com/watch?v=c8wr7GSGjw0&lc=UgyoRxv-575HD1E8NNZ4AaABAg
5 Awesome Google Photos Features You've Got to Try,c8wr7GSGjw0,@notapro968,Such a cool video. Really helpful Thanks!,0,2019-06-26T08:19:25Z,https://www.youtube.com/watch?v=c8wr7GSGjw0&lc=Ugy-lx3IJ6n-u8bHB-t4AaABAg
5 Awesome Google Photos Features You've Got to Try,c8wr7GSGjw0,@Festus_Clamrod_,Interesting run down.,0,2018-10-11T00:08:25Z,https://www.youtube.com/watch?v=c8wr7GSGjw0&lc=Ugy7JjQDdnIoznSmeQ54AaABAg
5 Awesome Google Photos Features You've Got to Try,c8wr7GSGjw0,@j.buckholm,I love u dottotech ❤️,3,2018-09-24T13:23:48Z,https://www.youtube.com/watch?v=c8wr7GSGjw0&lc=UgxwknCSFM2GAerytnt4AaABAg
5 Awesome Google Photos Features You've Got to Try,c8wr7GSGjw0,@melsharonjohnson816,"You didn't show us where  to find the ""google lens""    to use it.  Is it another app.? 
Thanks for the help.",0,2021-03-31T23:07:16Z,https://www.youtube.com/watch?v=c8wr7GSGjw0&lc=UgxWQIXYRBjybYSXAsJ4AaABAg
5 Awesome Google Photos Features You've Got to Try,c8wr7GSGjw0,@margaretfarhadi5856,"wHEN it saves a photo as a ""selfie"", for instance, is that same photo available in other Albums? So if I select a location (Dallas), will that selfie, taken in that location, show up in BOTH albums?  SELFIE & DALLAS???",0,2020-06-05T18:43:47Z,https://www.youtube.com/watch?v=c8wr7GSGjw0&lc=Ugy4beHOGqWJbuDYK5l4AaABAg
5 Awesome Google Photos Features You've Got to Try,c8wr7GSGjw0,@dvl56,"Fantastic video. Great features, I had no idea!",1,2019-08-17T12:03:36Z,https://www.youtube.com/watch?v=c8wr7GSGjw0&lc=UgxCUV4v8Twsby4DSZ14AaABAg
5 Awesome Google Photos Features You've Got to Try,c8wr7GSGjw0,@NickNimmin,I had no idea this existed. Thanks!!!,2,2018-09-24T17:02:18Z,https://www.youtube.com/watch?v=c8wr7GSGjw0&lc=UgzXJXP6bfbYVNH8x7l4AaABAg
5 Awesome Google Photos Features You've Got to Try,c8wr7GSGjw0,@elainechan4855,can old Picasa pictures be downloaded to my MacBook Air,0,2022-01-22T22:41:39Z,https://www.youtube.com/watch?v=c8wr7GSGjw0&lc=Ugx3yLQ5an2nk5ZOoOF4AaABAg
5 Awesome Google Photos Features You've Got to Try,c8wr7GSGjw0,@lisahansen6014,"Love all of your videos, but I'm  needing to know how I can download all my photos from Google to store on my computer so I can then put them on a hard drive.  Could you please explain that in a tutorial?  Thanks!",0,2020-06-11T03:02:20Z,https://www.youtube.com/watch?v=c8wr7GSGjw0&lc=UgztofxqAq5NmVzS5fN4AaABAg
5 Awesome Google Photos Features You've Got to Try,c8wr7GSGjw0,@calmgirlify,Thank you.,1,2018-10-01T02:30:29Z,https://www.youtube.com/watch?v=c8wr7GSGjw0&lc=UgxTc3k2W3HVaoKqjRl4AaABAg
5 Awesome Google Photos Features You've Got to Try,c8wr7GSGjw0,@K-Kratos,thank you,0,2018-11-11T08:39:21Z,https://www.youtube.com/watch?v=c8wr7GSGjw0&lc=UgwR1YPsvcGY_7tK5_94AaABAg
5 Awesome Google Photos Features You've Got to Try,c8wr7GSGjw0,@trojanette8345,What is your 2019 work-around solution update for Google Photos?  I think sometime in 2018 Google stopped allowing either albums to be created or photos to be stored onto Google's software.  I remember seeing some sort of an advisorys about that when I tried to do something with a photo that I saved onto a start-up album.  I found out that even though it was save 'somewhere' in the system. The system in turn wasn't going to allow me to add anymore pictures.,0,2019-02-27T08:28:04Z,https://www.youtube.com/watch?v=c8wr7GSGjw0&lc=Ugyj4e0L8mFXHiTPYm54AaABAg
5 Awesome Google Photos Features You've Got to Try,c8wr7GSGjw0,@iqbal6145,Very infomative thanks a lot!,1,2018-09-25T03:45:11Z,https://www.youtube.com/watch?v=c8wr7GSGjw0&lc=UgxuophBA6ftvjhvqqJ4AaABAg
5 Awesome Google Photos Features You've Got to Try,c8wr7GSGjw0,@drewr2983,Amazing tip. Thank you.,1,2019-06-25T03:39:06Z,https://www.youtube.com/watch?v=c8wr7GSGjw0&lc=Ugx4QIoRPMfWgo_QwuN4AaABAg
5 Awesome Google Photos Features You've Got to Try,c8wr7GSGjw0,@Facemix,Thanks Steve! Your channel just have a new subscriber! :),0,2020-07-15T18:38:58Z,https://www.youtube.com/watch?v=c8wr7GSGjw0&lc=UgxUthqkT8mM95xfQ5t4AaABAg
5 Awesome Google Photos Features You've Got to Try,c8wr7GSGjw0,@denwin5801,Real help !!,0,2019-02-09T19:22:22Z,https://www.youtube.com/watch?v=c8wr7GSGjw0&lc=UgznZk6kDNEf2g-tDHp4AaABAg
5 Awesome Google Photos Features You've Got to Try,c8wr7GSGjw0,@keithmorley7297,Excellent tool!  Thanks for sharing!,1,2018-09-24T15:38:59Z,https://www.youtube.com/watch?v=c8wr7GSGjw0&lc=UgxOHZW0zsOY5qS_nER4AaABAg
5 Awesome Google Photos Features You've Got to Try,c8wr7GSGjw0,@robertcale6725,how do you get to search photos,1,2022-06-26T18:59:09Z,https://www.youtube.com/watch?v=c8wr7GSGjw0&lc=UgzfwFTrKHzk1jEKSYt4AaABAg
5 Awesome Google Photos Features You've Got to Try,c8wr7GSGjw0,@RoanCorporation,Dottotech as always very good,0,2019-03-06T13:54:30Z,https://www.youtube.com/watch?v=c8wr7GSGjw0&lc=Ugzz5U0KylNP-gxbS4V4AaABAg
5 Awesome Google Photos Features You've Got to Try,c8wr7GSGjw0,@rajeshbhosale2008,Thanks Steve 😀👍🏻,1,2018-09-25T05:56:25Z,https://www.youtube.com/watch?v=c8wr7GSGjw0&lc=UgxQWPearfSqmAbF_7J4AaABAg
5 Awesome Google Photos Features You've Got to Try,c8wr7GSGjw0,@mruback3,excellent video,1,2018-12-16T19:55:45Z,https://www.youtube.com/watch?v=c8wr7GSGjw0&lc=Ugx1dsEe3YqDViXSI954AaABAg
5 Awesome Google Photos Features You've Got to Try,c8wr7GSGjw0,@peterlister3873,"Hi Steve, 
Love your videos, a question I have posed  on numerous times on google forums but have yet to get an answer maybe you or one of you many viewers may help, google photos installed on an iPhone and iPad, photos taken on iPhone sync to iPhone google photos but not iPad and the reverse happens also, backups done on both. When I view google photos on a desktop photos on both are indeed backed up but not reflected on both apple devices. As a famous Australian TV scientist used to say.... Why is it so?",0,2019-01-15T11:02:55Z,https://www.youtube.com/watch?v=c8wr7GSGjw0&lc=UgzEI-AVtYprkw1sHUh4AaABAg
5 Awesome Google Photos Features You've Got to Try,c8wr7GSGjw0,@Hewagej,very nice video,1,2018-12-03T10:10:34Z,https://www.youtube.com/watch?v=c8wr7GSGjw0&lc=UgxQeIg30Tp_dywc-zB4AaABAg
5 Awesome Google Photos Features You've Got to Try,c8wr7GSGjw0,@samuderaputra3849,So cool it's actually scary. Now imagine what Google will achieve for the next 200 years.,0,2019-04-07T04:53:26Z,https://www.youtube.com/watch?v=c8wr7GSGjw0&lc=UgyPQfpldIKmFKM0OAJ4AaABAg
5 Awesome Google Photos Features You've Got to Try,c8wr7GSGjw0,@WagnerBrenner,Hi Steve! Face recognition is really amazing. It even recognizes me on pictures taken decades ago when I was still a baby (I’m 51). Incredible! What I would like to see on future updates: automatic duplicate detection and an option to exclude screenshots completely from uploads. Tks for the video!,1,2018-09-24T16:42:17Z,https://www.youtube.com/watch?v=c8wr7GSGjw0&lc=UgwHmfJnzUF_zTcnmAx4AaABAg
5 Awesome Google Photos Features You've Got to Try,c8wr7GSGjw0,@randalstump9420,what does it cost to get it for my pictures for a Google Photos account?,0,2022-01-12T02:01:01Z,https://www.youtube.com/watch?v=c8wr7GSGjw0&lc=Ugxr2_hvRmadXiS3l9h4AaABAg
5 Awesome Google Photos Features You've Got to Try,c8wr7GSGjw0,@ExplorWithDev,😐💘💘💘💘Nice... Content ..Love u sir..From india.👍👍👍👌,1,2018-09-24T15:33:13Z,https://www.youtube.com/watch?v=c8wr7GSGjw0&lc=Ugy1_7y9xtpRo64ocXl4AaABAg
5 Awesome Google Photos Features You've Got to Try,c8wr7GSGjw0,@mikebaker6584,Hey Steve Please can you point me in the right direction and possibly give me insights with regard to creating an interactive public photo album - regards from a locked down Cape Town (South Africa),1,2020-05-02T07:37:44Z,https://www.youtube.com/watch?v=c8wr7GSGjw0&lc=UgxtmtRbzXNawcNAab54AaABAg
5 Awesome Google Photos Features You've Got to Try,c8wr7GSGjw0,@jmendozapepito99,"Question on Freeing up space on your smartphone: If I created a movie with iMovie, and later on.....I free up spaces and get rid off my photos, could I edit later my iMovie or is going to tell me that originals are gone and unable to edit iMovie?",0,2019-08-08T20:02:51Z,https://www.youtube.com/watch?v=c8wr7GSGjw0&lc=UgxT3kDih1TpqZPqBbd4AaABAg
5 Awesome Google Photos Features You've Got to Try,c8wr7GSGjw0,@WarrenWilson,Good job,1,2018-09-24T14:12:01Z,https://www.youtube.com/watch?v=c8wr7GSGjw0&lc=UgzfItBCDqNFSiFY2rR4AaABAg
5 Awesome Google Photos Features You've Got to Try,c8wr7GSGjw0,@fgarzaro,I'm here for the first time.... AND FOR SURE IT WON'T BE THE LAST ONE!!   ... Greetings from Guatemala!!,1,2018-10-17T01:25:05Z,https://www.youtube.com/watch?v=c8wr7GSGjw0&lc=Ugyb8Z1REcdQ00rN1eV4AaABAg
5 Awesome Google Photos Features You've Got to Try,c8wr7GSGjw0,@juanitabarber1771,Love Google photos but duplicate pictures are constantly being added.  How can I prevent that?,0,2018-12-20T01:39:02Z,https://www.youtube.com/watch?v=c8wr7GSGjw0&lc=UgygED3FVDCbmRsGEHF4AaABAg
5 Awesome Google Photos Features You've Got to Try,c8wr7GSGjw0,@stretchfinnell,I love Google Photos .... Only one problem...Labeling ! I thought that they would have implemented this long ago...,0,2019-08-01T01:06:42Z,https://www.youtube.com/watch?v=c8wr7GSGjw0&lc=UgxNJSu2PMLF5sWfeoJ4AaABAg
5 Awesome Google Photos Features You've Got to Try,c8wr7GSGjw0,@824Gary,"Watched your video on google photos, wow, amazing i took google photos for granted, not anymore",3,2018-10-01T16:17:58Z,https://www.youtube.com/watch?v=c8wr7GSGjw0&lc=UgzlGhkPDz3bUJ9wHfN4AaABAg
5 Awesome Google Photos Features You've Got to Try,c8wr7GSGjw0,@the-wonder-of-it-all,subscribed and will watch all your videos!  thanks,1,2018-10-12T02:19:35Z,https://www.youtube.com/watch?v=c8wr7GSGjw0&lc=UgwBRZfA4S50R3lbgiV4AaABAg
5 Awesome Google Photos Features You've Got to Try,c8wr7GSGjw0,@Scribbler1382,"With Flickr's recent announcement that if you don't upgrade to their paid services they're going to delete your photos, we've been looking around for a new service.  Google Photos seems like an obvious choice.  Thanks for the video.  I would suggest that people keep a copy of their photos locally BEFORE uploading them. Far easier than having to download massive zip files later.  Google is awesome and a massive company, but you never know.  Better safe than sorry, eh?",0,2018-11-09T16:41:32Z,https://www.youtube.com/watch?v=c8wr7GSGjw0&lc=Ugz63FVnoUZeIypw6Xh4AaABAg
5 Awesome Google Photos Features You've Got to Try,c8wr7GSGjw0,@ohbobpleez,"Apparently google lens in google play store only not ios.  I want it,  recently went to the National Gallery in DC; got some pictures of statues I'd like to identify. :P  I found it, square icon with dot in middle.  It will do the paintings but not the statues.",4,2018-09-24T22:28:52Z,https://www.youtube.com/watch?v=c8wr7GSGjw0&lc=Ugxi7dSK3Vvo4L_7-eR4AaABAg
5 Awesome Google Photos Features You've Got to Try,c8wr7GSGjw0,@poetical12,Is there a way to add more people or pets to the smart capabilities of Google Photos? I have many pets and would like it to create albums for each for me.,0,2020-05-08T17:47:41Z,https://www.youtube.com/watch?v=c8wr7GSGjw0&lc=Ugz_Ks43hIW8vghf0kl4AaABAg
5 Awesome Google Photos Features You've Got to Try,c8wr7GSGjw0,@HannibalCat,"Unfortunately, none of the AI search works in the UK, and location search is a little unreliable.",1,2018-10-04T13:01:20Z,https://www.youtube.com/watch?v=c8wr7GSGjw0&lc=Ugz56ObADkUx0H2maON4AaABAg
5 Awesome Google Photos Features You've Got to Try,c8wr7GSGjw0,@umersalman1,"Is there a ""meme"" option in search options?",1,2018-10-01T21:17:53Z,https://www.youtube.com/watch?v=c8wr7GSGjw0&lc=Ugw1SKuVRmOxgdDP_OB4AaABAg
5 Awesome Google Photos Features You've Got to Try,c8wr7GSGjw0,@crossleydd42,"For all the wonders of this app, I cannot find any way of flipping an image (usually a selfie) to get it the right way round. For example, I have a photo of me in an army beret and the selfie shows the badge the wrong way round. Annoying not to be able to correct this.",0,2020-12-25T22:59:09Z,https://www.youtube.com/watch?v=c8wr7GSGjw0&lc=UgwViyHNaqWrY8pTlMN4AaABAg
5 Awesome Google Photos Features You've Got to Try,c8wr7GSGjw0,@joshtester2225,"Just as you are excited, I'm scared(rather than thrilled) of how effective google is at knowing who we are what we do. Especially that I definitely have photos I don't want to share with anyone not even google.",0,2019-05-24T12:56:58Z,https://www.youtube.com/watch?v=c8wr7GSGjw0&lc=UgxnfA7C8ahCaoXes6Z4AaABAg
5 Awesome Google Photos Features You've Got to Try,c8wr7GSGjw0,@darknessthehedgehog3,The only thing I found that is bad that really got me worried is they say all your photos are private.but then again search up google photos bam all your photos are in a search result,0,2018-10-10T01:21:20Z,https://www.youtube.com/watch?v=c8wr7GSGjw0&lc=UgzqeyVk_48_iUw-Ykl4AaABAg
5 Awesome Google Photos Features You've Got to Try,c8wr7GSGjw0,@greginfla_1,"It’s staggers the imagination that there’s not a option to see a map view of where the photos were taken.  Is there a reason why? 

I know Evernote used to have the ability  to go to map view and see where the notes were created, but that option was dropped many years ago and never brought back.",0,2019-09-14T22:26:58Z,https://www.youtube.com/watch?v=c8wr7GSGjw0&lc=UgzQWT5Gi1BOOTbqWux4AaABAg
5 Awesome Google Photos Features You've Got to Try,c8wr7GSGjw0,@jonathanarpin9298,It's scary  did it found the name on the small picture by it self you had tou name evrey person ??,1,2018-10-20T00:48:33Z,https://www.youtube.com/watch?v=c8wr7GSGjw0&lc=UgyCEeDJXUP-jjWD-0N4AaABAg
5 Awesome Google Photos Features You've Got to Try,c8wr7GSGjw0,@JohnTwin1944,EXACTLY HOW can I organize Album Titles in alphabetical order ?,0,2019-09-09T17:26:14Z,https://www.youtube.com/watch?v=c8wr7GSGjw0&lc=Ugwr9Sic7LEbjr8VJHZ4AaABAg
5 Awesome Google Photos Features You've Got to Try,c8wr7GSGjw0,@qabsar,Great job explaining my friend. Can you have a video on how to backup to Dropbox? Thank you,0,2021-01-07T19:13:06Z,https://www.youtube.com/watch?v=c8wr7GSGjw0&lc=UgzdZDaTWqNaXDlLZVB4AaABAg
5 Awesome Google Photos Features You've Got to Try,c8wr7GSGjw0,@chirag3717,How to delete duplicate photos in Google photos in android phone.?,0,2020-02-17T11:04:17Z,https://www.youtube.com/watch?v=c8wr7GSGjw0&lc=Ugw3hAVrI5jT3dwaVHR4AaABAg
5 Awesome Google Photos Features You've Got to Try,c8wr7GSGjw0,@MyRetroWatches,"Thanks for this update video on Google photos. I converted over when I saw your first video!
As much as I love all the features what i find extremely limiting and annoying is the sheer inability to have an album within an album!! 
I do not understand why with all this technology behind the app we the user cannot do this.
For instance I collect and restore watches and have literally 100s I have an album for each restoration but I cannot group them all to one big album with subfolders. So when I scroll in my albums I have all my holidays watches family stuff all mixed together which is frustrating especially as each week there are more new albums being created. 

Can someone please explain why this , in my option , basic feature is not available?? For the life of me I can’t understand why.

I want folder “holidays” and in there sub folders of all my holidays etc... 

Keep up the good work sir. Great content",1,2018-09-30T08:04:28Z,https://www.youtube.com/watch?v=c8wr7GSGjw0&lc=UgwYwYdAJ3DJZc4R0Uh4AaABAg
5 Awesome Google Photos Features You've Got to Try,c8wr7GSGjw0,@shaikansarhussain7499,"I'm glad to see this video, anybody else did not say this way about Google photos, I knew some of these features, but I know much more now, good job uncle! You look like my uncle so I called you uncle. I'm sorry by heart did I say something wrong?😕 By the way I am like your child. 😉",1,2018-11-17T06:25:29Z,https://www.youtube.com/watch?v=c8wr7GSGjw0&lc=UgxgcBYO4IH_m7P2G554AaABAg
5 Awesome Google Photos Features You've Got to Try,c8wr7GSGjw0,@gmavon,I have spent hours deleting photos I no longer want only to see them reappear. Is it possible to delete photos or are they there for eternity?,0,2019-02-28T07:04:22Z,https://www.youtube.com/watch?v=c8wr7GSGjw0&lc=Ugzo6F78Ss5_0d8efq14AaABAg
5 Awesome Google Photos Features You've Got to Try,c8wr7GSGjw0,@Lyosha.,"I hate Google photos for one simple reason, you can't delete a photo from Google photo's archive without it being deleted also from my phone, which I think is the dumbest bug in the history of bugs.

I mean, am I doing something wrong? please let me know if there's a toogle somewhere to change that!",3,2018-10-20T06:54:28Z,https://www.youtube.com/watch?v=c8wr7GSGjw0&lc=UgySoPuF77qWOvJCV654AaABAg
5 Awesome Google Photos Features You've Got to Try,c8wr7GSGjw0,@lstrubbe67,How do u rearrange a photo that has been placed into the wrong face recognition,0,2020-06-05T00:58:32Z,https://www.youtube.com/watch?v=c8wr7GSGjw0&lc=UgzIzr9eejCh1QzZIPB4AaABAg
5 Awesome Google Photos Features You've Got to Try,c8wr7GSGjw0,@drjahanzeb1135,Can photos be deleted from Goggle photos clouds ?,0,2019-02-09T10:36:43Z,https://www.youtube.com/watch?v=c8wr7GSGjw0&lc=UgzKta5gjftyToRsuFp4AaABAg
5 Awesome Google Photos Features You've Got to Try,c8wr7GSGjw0,@linaaoki,"One of the BIGGEST cons of GPhotos is that it doesn't understand IPTC and XMP info (such as tags for example).
Also, it isn't so capable in search as it should be. For example, try to assign some photos a description, containing ""breasts"" word and then try to search for them. You won't find them. I don't know if this is some kind of Google censorship or what, but the reality is like that.
(BTW, there are other words that aren't searchable, I can't remember them now)",1,2018-09-30T19:14:08Z,https://www.youtube.com/watch?v=c8wr7GSGjw0&lc=Ugxvd8gy_rvJFUuh0914AaABAg
How to Use Google Photos - Beginner's Guide,7Ew5Oej19tU,@Howfinity,I love this app.  What do you think of it?,74,2021-01-09T00:39:19Z,https://www.youtube.com/watch?v=7Ew5Oej19tU&lc=UgwOc7BGSm3cp7xu-DR4AaABAg
How to Use Google Photos - Beginner's Guide,7Ew5Oej19tU,@The_Savage_Wombat,"I like how it can hold your precious memories hostage and keep asking you to pay money.
Gotta love the mafia.",8,2024-03-29T23:19:00Z,https://www.youtube.com/watch?v=7Ew5Oej19tU&lc=Ugx_F9aLgCJiZ6bdBg54AaABAg
How to Use Google Photos - Beginner's Guide,7Ew5Oej19tU,@ronwarren1845,"I have probability watched around 1200 how to videos over the years .  I'm being 100 percent honest with you about what I'm about to write . Without any question or DOUBT  about it whatsoever  , You  Sir , are the most intelligent  , informative,  well  spoken, easy to understand Person I've ever heard on YouTube  , or many other  sights  for information .  I want to personally thank you for taking the time, ( which I'm sure was very long , not only the making the video,  but hours of resherch ) .  Your presentation and explanation is excellent  . You vocabulary,  and the words you choose to use  are clear and well spoken enough that even a child could understand what your  explaining . I'm now a forever fan and subscriber . I Definitely will be watching for more of your awesome of your videos. Again  , I Thank you . Ron",72,2022-04-04T19:43:03Z,https://www.youtube.com/watch?v=7Ew5Oej19tU&lc=UgyaidNtUrPc8e_5B_R4AaABAg
How to Use Google Photos - Beginner's Guide,7Ew5Oej19tU,@Chris-pj1os,"Thank you SO much for taking time to post this. I just got a new 2021 Motorola Gpower with Google photos, and have been reasonably unhappy so far. I really dislike that we cannot get rid of the Print Store in Libraries. But I can at least organize my photos a little better now thanks to you.",25,2021-03-27T19:41:20Z,https://www.youtube.com/watch?v=7Ew5Oej19tU&lc=UgzjsTQN3_4rq6f1jZB4AaABAg
How to Use Google Photos - Beginner's Guide,7Ew5Oej19tU,@9hundred67,"A.I is annoying, I don't want Google shuffling all my photos around and organizing it the way it feels is the best and identifying people and places and stuff.  I just want to make my own folders and drag and drop stuff.",177,2021-07-25T05:39:15Z,https://www.youtube.com/watch?v=7Ew5Oej19tU&lc=UgyD9zYB4U_GACOHbTJ4AaABAg
How to Use Google Photos - Beginner's Guide,7Ew5Oej19tU,@kellygerhardt6826,Thanks! You explained this so clearly and showed me exactly what I needed to learn (I had no idea of the features). Will definitely subscribe to your channel!,25,2022-07-10T16:02:27Z,https://www.youtube.com/watch?v=7Ew5Oej19tU&lc=Ugz3spaHfLvW8KzSAgl4AaABAg
How to Use Google Photos - Beginner's Guide,7Ew5Oej19tU,@crisstofer809,Can I make it so it only shows my backed up photos instead of showing all my photos on my phone,3,2022-02-27T10:57:56Z,https://www.youtube.com/watch?v=7Ew5Oej19tU&lc=UgxLCDnyGllMLPC9V3N4AaABAg
How to Use Google Photos - Beginner's Guide,7Ew5Oej19tU,@monicaann47,"How do you share photos or albums to Instagram and YouTube?  When you touched the share icon at around 11:42,  your phone shows the Instagram icon. Mine doesn't. It only allows me to share with Facebook and Twitter 😕 Thanks",3,2021-02-11T20:58:27Z,https://www.youtube.com/watch?v=7Ew5Oej19tU&lc=UgxEYBZwf_uKShnISu14AaABAg
How to Use Google Photos - Beginner's Guide,7Ew5Oej19tU,@pinoyofwsahongkong,"Before I saw your video I did it by myself it’s like it appeared at my google update this apps so I tried. Your step by step instructions is exactly I did . 
I  will share this videos to my friends and my some of my social platforms also maybe some of them needs too.",7,2021-01-09T09:44:50Z,https://www.youtube.com/watch?v=7Ew5Oej19tU&lc=UgxK3pTs7yBWCaHJXMd4AaABAg
How to Use Google Photos - Beginner's Guide,7Ew5Oej19tU,@FunNFinzz,"Hey can u please help me
When we delete photos and videos from our photos drive
Do they be deleted from our gallery section or not",2,2024-07-08T03:35:00Z,https://www.youtube.com/watch?v=7Ew5Oej19tU&lc=Ugw3--eqSg4lsopszjh4AaABAg
How to Use Google Photos - Beginner's Guide,7Ew5Oej19tU,@joshuanesbit,"question, if you have icloud photos on and it's 'optimise storage', does that mean google photos won't be able to access many of the photos locally on the phone due to them living on the cloud?",3,2021-09-22T11:08:51Z,https://www.youtube.com/watch?v=7Ew5Oej19tU&lc=UgzdCOLV7WZd4DOi6Hd4AaABAg
How to Use Google Photos - Beginner's Guide,7Ew5Oej19tU,@sel7666,Great video! I take a ton of photos and I don't want to sync my phone photos to my google photo account.  How can I select the photos I want to move from my phone's album to my google photo account without syncing?,4,2022-11-23T16:05:14Z,https://www.youtube.com/watch?v=7Ew5Oej19tU&lc=UgxrPDuBerGFEumt_xd4AaABAg
How to Use Google Photos - Beginner's Guide,7Ew5Oej19tU,@annebecker2050,"I just don't understand why you can create albums but also folders and if I move something into a folder or messes up the gallery also it said that a lot of my photos are double saved. Maybe I need to say that I have a Google pixel and this was the only gallery app I have in the first place. Also what does archive mean? 
I would appreciate someone to explain this to me a lot. Thank you.",1,2022-01-22T11:26:33Z,https://www.youtube.com/watch?v=7Ew5Oej19tU&lc=Ugxp8N1hcfTco84ijmd4AaABAg
How to Use Google Photos - Beginner's Guide,7Ew5Oej19tU,@dunafi6769,I don't like it when google photos removed my photos from my offline gallery!! Can you help me get my photos back to my gallery please 😭,2,2022-12-04T21:37:57Z,https://www.youtube.com/watch?v=7Ew5Oej19tU&lc=Ugy0hVGN06qC8hAjWvt4AaABAg
How to Use Google Photos - Beginner's Guide,7Ew5Oej19tU,@keyshamoise5025,"I have a problem, I accidentally chose the 15gb option when I meant to chose the unlimited option, and now i have no storage. Is there any way I can change back to the unlimited option without deleting my important stuff?",2,2021-11-21T00:25:19Z,https://www.youtube.com/watch?v=7Ew5Oej19tU&lc=Ugx4KjxJGnEYGtS8lnh4AaABAg
How to Use Google Photos - Beginner's Guide,7Ew5Oej19tU,@lucyjiang5041,This video was made 3 years ago. Now it appears that Google photos are not automatically synchronized   any more when you take photos. Also Google photos do not have unlimited space. Google drive offers 15GB for free. Google photos take up space from the 15 gb.,2,2024-05-27T01:40:05Z,https://www.youtube.com/watch?v=7Ew5Oej19tU&lc=UgxIIcJuV5RukpZJIxV4AaABAg
How to Use Google Photos - Beginner's Guide,7Ew5Oej19tU,@RVThunder,Thank you so much for all the tips. I always learn something from your videos.,11,2021-01-10T03:05:34Z,https://www.youtube.com/watch?v=7Ew5Oej19tU&lc=UgwfrhCZQItPMR6v8s54AaABAg
How to Use Google Photos - Beginner's Guide,7Ew5Oej19tU,@blindromance-q5s,So confused. I’m using Google photos but I can’t actually access these photos when trying to upload to apps like instagram etc.,1,2022-03-13T13:39:32Z,https://www.youtube.com/watch?v=7Ew5Oej19tU&lc=UgxgkyxF2k7DQqwxGXR4AaABAg
How to Use Google Photos - Beginner's Guide,7Ew5Oej19tU,@Jakbkwik1,"Thanks for all the info. I've been using Google photos for awhile now but I haven't utilized all of the features. Do you have a video that explains how to use the ""Utilities"" features?  I've had this message on my Google Photos app saying ""1461 items to delete from this device"" but I've been scared to actually do it because it didn't seem to give me the ability to review the items before deleting.",3,2022-08-31T16:37:12Z,https://www.youtube.com/watch?v=7Ew5Oej19tU&lc=Ugx57GSrtaUZoVIGO0d4AaABAg
How to Use Google Photos - Beginner's Guide,7Ew5Oej19tU,@vinaywadhwa99,"Sir, I know I can backup the local folder I have created in my Phone to Google Photos by enabling the Sync for those Folders but is there any why I can keep them stored as Albums in Google Photos?",1,2022-09-19T15:37:26Z,https://www.youtube.com/watch?v=7Ew5Oej19tU&lc=UgzeiYpwK5q3l_LgNSZ4AaABAg
How to Use Google Photos - Beginner's Guide,7Ew5Oej19tU,@Bellapaige4571,"I’m pretty sure it’s deleting my photos so basically I gone into the app then went on my profile and say it (saying) (backing up 2 items left) I was confused. Now I have no idea what to do so I don’t wanna lose any photos which I’m scared I will which my photos are a lot to me, if they aren’t deleting I don’t know how to see any of the photos.",1,2021-02-13T22:55:33Z,https://www.youtube.com/watch?v=7Ew5Oej19tU&lc=UgzL3vLMNqBrXrJJ_ex4AaABAg
How to Use Google Photos - Beginner's Guide,7Ew5Oej19tU,@veronicamendez2068,can you delete photos in your camera roll once it's been backed up in google photos?,1,2021-04-05T05:11:52Z,https://www.youtube.com/watch?v=7Ew5Oej19tU&lc=UgzpCG0Xy2aOT7C3ck54AaABAg
How to Use Google Photos - Beginner's Guide,7Ew5Oej19tU,@bkgala59,I have various folders on my phone and I want only few selective folders to be backed up on google photos .How do I do it ? I want only my camera folder of phone to be seen in google photos How do I do it and be sure that all camera folder photos are available even If i loose my phone .Basically If my phone is lost then in new phone I want all of them Folder wise as they were in lost phone.,0,2021-09-07T12:42:50Z,https://www.youtube.com/watch?v=7Ew5Oej19tU&lc=Ugws5JcBK4Gf1iFCXSh4AaABAg
How to Use Google Photos - Beginner's Guide,7Ew5Oej19tU,@poetsgarden1,"I dont see any way to edit in google photos on a mac computer, only on a phone.  Do I have to have a paid google one account to edit?",1,2024-01-27T19:56:51Z,https://www.youtube.com/watch?v=7Ew5Oej19tU&lc=Ugz3b2JqN7mDF5geLKV4AaABAg
How to Use Google Photos - Beginner's Guide,7Ew5Oej19tU,@STORYTRAVELERS,"Thank you very helpful, the only question remaining. I don't want to keep everything.. what workflow do you reccomend when filtering out videos/photos you want to trash? first back up and then enter a desktop to filter the trash out?",1,2022-07-23T14:36:43Z,https://www.youtube.com/watch?v=7Ew5Oej19tU&lc=UgxYGlnR_t2SlwNd4v54AaABAg
How to Use Google Photos - Beginner's Guide,7Ew5Oej19tU,@tjm3900,"I have some old photos on Google Photos on my Android tablet, but they do not always come up when I open the app.
This is frustrating !  I want to copy the photos to somewhere else, such as an SD card that might be more reliable.",0,2022-04-24T15:24:34Z,https://www.youtube.com/watch?v=7Ew5Oej19tU&lc=Ugx9ke96XS4U4lARTzR4AaABAg
How to Use Google Photos - Beginner's Guide,7Ew5Oej19tU,@bennettrichards6851,"Hello,  Great intro ...   I was wondering if there is any way to caption individual images in a Google photo album?  Also if I want to delete photos from my phone will they disappear from my Google photo album?  I currently use iCloud backup , Amazon Prime photo (as I am a prime member and storage is unlimited) as well as Google Photo.  Which of these three do you prefer?  Is it true that if you delete images from your iPhone they will also be deleted fro your iCloud backup?  Thanks.",5,2022-05-13T06:22:43Z,https://www.youtube.com/watch?v=7Ew5Oej19tU&lc=UgxisGdeTDFwQPaLm0d4AaABAg
How to Use Google Photos - Beginner's Guide,7Ew5Oej19tU,@jpenadelaify,"I've been backing up to Google photos for years and just recently did the 100gb upgrade to free up space on my device. I'm still learning it, but 1 question i got is. Can you move a photo or video out of Google photos back to your "" Album or Gallery"" on your device?",0,2022-11-30T02:17:59Z,https://www.youtube.com/watch?v=7Ew5Oej19tU&lc=UgzgFGMAC5OuUY_ORHh4AaABAg
How to Use Google Photos - Beginner's Guide,7Ew5Oej19tU,@NJames1863,"Hi, 
Some photos are on Google photos but saying I need to click on an icon for it to back up I don’t get it",0,2022-04-09T20:27:13Z,https://www.youtube.com/watch?v=7Ew5Oej19tU&lc=UgyAzDxiXhtVFWxuHpV4AaABAg
How to Use Google Photos - Beginner's Guide,7Ew5Oej19tU,@N0_0B0DYY,so if I wanted to get a new phone or delete all my photos off my regular apple photos app will it save the ones that are backed up on google photos?,1,2021-12-30T06:41:43Z,https://www.youtube.com/watch?v=7Ew5Oej19tU&lc=UgxtGjRVrJVMK9ftkvR4AaABAg
How to Use Google Photos - Beginner's Guide,7Ew5Oej19tU,@miltonbernal7344,"Help, my albums in my android phone gallery do not show in google photo app, the pictures only appear in ""CAMERA"" but not by albums. How can I create an album in my s21 internal memory that will show in google photo app so that it syncs automatically? Help, thanks! I didn't have the issue with my s20 but I used the SD card and google photo app recognized and synched all my albums automatically.",0,2021-04-28T01:51:01Z,https://www.youtube.com/watch?v=7Ew5Oej19tU&lc=UgyfB67cVWzoVc1U36x4AaABAg
How to Use Google Photos - Beginner's Guide,7Ew5Oej19tU,@MaryMonge-r4n,"I just need to moved the photos from the old android phone to the new android phone, the photos are on the photo app",1,2025-02-09T06:29:29Z,https://www.youtube.com/watch?v=7Ew5Oej19tU&lc=UgzVAWnmRZDLTlQ1iUN4AaABAg
How to Use Google Photos - Beginner's Guide,7Ew5Oej19tU,@donnabasilavecchioyoung5239,"You explanation is great! I have the app since 2015, 2021 & 2022 I stopped backup on the app on my phone. When I restart the phone app will it give me all the old pictures again? If so how do you easily get rid of duplicates?",0,2023-01-19T19:24:09Z,https://www.youtube.com/watch?v=7Ew5Oej19tU&lc=Ugw960Q2FrgSpDI0Whl4AaABAg
How to Use Google Photos - Beginner's Guide,7Ew5Oej19tU,@ericharrell7799,I think there's beautiful and getting you to understand to understand your phone to save all your pictures,0,2021-12-20T05:53:17Z,https://www.youtube.com/watch?v=7Ew5Oej19tU&lc=Ugwfy9dK4Jjjt1uXdS94AaABAg
How to Use Google Photos - Beginner's Guide,7Ew5Oej19tU,@tevo46,photo tagging in apple photos makes it much better,0,2021-07-16T19:29:19Z,https://www.youtube.com/watch?v=7Ew5Oej19tU&lc=UgxmqafFFDPUwmSwGg54AaABAg
How to Use Google Photos - Beginner's Guide,7Ew5Oej19tU,@jpalmer0508,Can I copy phitos from Google phitos to my SD card then delete the phito in Google photos to make room.?  I'm running out of storage and I'm trying to avoid paying for more storage.  Thanx.,1,2021-10-06T01:58:18Z,https://www.youtube.com/watch?v=7Ew5Oej19tU&lc=UgwRapQ1IKFtN8KH67x4AaABAg
How to Use Google Photos - Beginner's Guide,7Ew5Oej19tU,@coachab100,I have some pictures that Are sideways or upside I want to put right side so don’t have to turn phone sideways!  Sometimes it ask me if I want to do this but not always.  What am I missing?  Thanks,0,2022-11-14T17:55:09Z,https://www.youtube.com/watch?v=7Ew5Oej19tU&lc=UgxBXHhtuNDnmhAUKiB4AaABAg
How to Use Google Photos - Beginner's Guide,7Ew5Oej19tU,@LittleBreeTV,"The app is amazing but when i use my mobile data it doesnt save the new photos i take until i get home and connect to my home internet, i need to mention that i have enabled the mobile data on google photos too, is there any fix for this? thank you",0,2021-10-16T08:02:45Z,https://www.youtube.com/watch?v=7Ew5Oej19tU&lc=UgynPM3WOzx27W_xxXh4AaABAg
How to Use Google Photos - Beginner's Guide,7Ew5Oej19tU,@passantmuhammad1434,"what the difference between upload and backup in Google photos! 
If i share from device and become uploaded in it it's the same backup!",0,2021-11-10T10:06:39Z,https://www.youtube.com/watch?v=7Ew5Oej19tU&lc=UgyH1MmNKdpBvcHenTF4AaABAg
How to Use Google Photos - Beginner's Guide,7Ew5Oej19tU,@fosterck13,I want to organize my photos into certain categories myself. Can I turn off or disable the auto sort feature?,0,2022-12-24T15:14:26Z,https://www.youtube.com/watch?v=7Ew5Oej19tU&lc=UgzhNnLdyfGIairKkXF4AaABAg
How to Use Google Photos - Beginner's Guide,7Ew5Oej19tU,@tiffanyting5835,"Hi, this was really helpful. But is Google Photo able to automatically create album as per our mobile phone?",1,2022-09-06T08:46:32Z,https://www.youtube.com/watch?v=7Ew5Oej19tU&lc=UgwbRSJZcF9GbeCVN6R4AaABAg
How to Use Google Photos - Beginner's Guide,7Ew5Oej19tU,@rattusrodney,how do you upload an entire folder to Google Photos (via pixel)...i have folders and subfolders with photos...and i want them to stay the same..how do i do this? i don't want just a mess of pics uploaded..,0,2021-11-22T01:58:23Z,https://www.youtube.com/watch?v=7Ew5Oej19tU&lc=Ugx-JJ4S-y8bSCj3tTp4AaABAg
How to Use Google Photos - Beginner's Guide,7Ew5Oej19tU,@MrGuitars8,"I need to copy my photos from my phone to my desktop , some of the Photos are very Old and cannot lose them . Priceless.",0,2023-05-19T02:58:38Z,https://www.youtube.com/watch?v=7Ew5Oej19tU&lc=UgxqQY6xpGSIlNkyHSB4AaABAg
How to Use Google Photos - Beginner's Guide,7Ew5Oej19tU,@valerieepp6926,Thank you for this video. I'm just learning and this has given me something to move forward with.,0,2022-10-10T18:06:15Z,https://www.youtube.com/watch?v=7Ew5Oej19tU&lc=UgxmY5X5BXJIuRmaImh4AaABAg
How to Use Google Photos - Beginner's Guide,7Ew5Oej19tU,@cybythesea,Thank you! How do we delete multiple albums at once in good photos?,0,2022-06-15T13:45:14Z,https://www.youtube.com/watch?v=7Ew5Oej19tU&lc=UgwmsoKFwnGsje89KeV4AaABAg
How to Use Google Photos - Beginner's Guide,7Ew5Oej19tU,@katiescott7385,How do I add a song to any of those two options under the music because under my music all I have is one ringtone song.,0,2025-02-22T16:18:14Z,https://www.youtube.com/watch?v=7Ew5Oej19tU&lc=UgzgtyMEvEx-JxbMAKR4AaABAg
How to Use Google Photos - Beginner's Guide,7Ew5Oej19tU,@rashyartist,Thank u .. very simply explained!! But I have a doubt here. My android phone storage is full. And I uploaded all my photos and videos on Google photos. Is there any option where I keep my photos on Google photos and delete it off from my phone gallery?.,0,2023-10-18T05:41:32Z,https://www.youtube.com/watch?v=7Ew5Oej19tU&lc=Ugwdr44MOFZnd0HQgFl4AaABAg
How to Use Google Photos - Beginner's Guide,7Ew5Oej19tU,@ninamonkman6198,"Hi, I’ve two gmail account on my iPhone and just updated the google photos storage to 200GB. Is this mean the two gmail account can use same storage or I’ve to update the storage for both account separate?
Another thing is most are my kids photos and videos. How many photos and videos for 200 GB can store?? Thanks",1,2021-11-01T18:54:07Z,https://www.youtube.com/watch?v=7Ew5Oej19tU&lc=UgyLyOOZOWDz7op9-kx4AaABAg
How to Use Google Photos - Beginner's Guide,7Ew5Oej19tU,@dipanwitakhatua2034,When i delete a photo in google photos it is also deleted from my gallery. Does it have a solution?,1,2022-07-09T18:02:32Z,https://www.youtube.com/watch?v=7Ew5Oej19tU&lc=UgwY0xaATK9US8pmxFV4AaABAg
How to Use Google Photos - Beginner's Guide,7Ew5Oej19tU,@StephenPrabhu,Does it also retain all the albums that I had created on the iPhone ?,0,2021-07-06T14:44:34Z,https://www.youtube.com/watch?v=7Ew5Oej19tU&lc=UgxIFDGpavpv-4b59uh4AaABAg
How to Use Google Photos - Beginner's Guide,7Ew5Oej19tU,@aradhanap1223,Are live photos backed up on google photos? Or will the file upload as a picture only ?,0,2022-09-02T04:09:25Z,https://www.youtube.com/watch?v=7Ew5Oej19tU&lc=UgxgxQw7bDY4-o3C6lR4AaABAg
How to Use Google Photos - Beginner's Guide,7Ew5Oej19tU,@bnjtrrspnlb,"if i use this as my storage for my photos on my iphone
are the albums that i created on my camera roll of my iphone also can be sync to the google photos??",0,2021-02-23T14:50:27Z,https://www.youtube.com/watch?v=7Ew5Oej19tU&lc=Ugzg1mKJiqHXCf2NxVJ4AaABAg
How to Use Google Photos - Beginner's Guide,7Ew5Oej19tU,@frenchy2318,Can you help please? When I delete photo from Google photo on my desktop I get a notification on my phone and then I also delete them on my phone. I thought this would work vice versa but when I deleted  a bunch of photos from my photo they didn't not delete from my Google photo on my desktop. I would really rather not have to go through all my photos again and delete unwanted photos. How can I sync them together in both directions sorta say.,0,2022-09-30T11:01:26Z,https://www.youtube.com/watch?v=7Ew5Oej19tU&lc=UgybdUHU6dUr-GzYw514AaABAg
How to Use Google Photos - Beginner's Guide,7Ew5Oej19tU,@Daniel1998XX,Why can’t I just back up a specific album from my iPhone? I don’t want to backup ALL of my photos 😔,0,2021-05-06T20:00:00Z,https://www.youtube.com/watch?v=7Ew5Oej19tU&lc=UgwvhSHp0RkIV7YG0Yx4AaABAg
How to Use Google Photos - Beginner's Guide,7Ew5Oej19tU,@_Karma,Why don't I have the Cast button in my Google photos app? Android 10,0,2021-02-06T09:51:59Z,https://www.youtube.com/watch?v=7Ew5Oej19tU&lc=Ugx90i1f5q5TRLrcvdF4AaABAg
How to Use Google Photos - Beginner's Guide,7Ew5Oej19tU,@TheDevil10131,Is there a way to disable the photos being grouped by date? I hate that.,0,2022-02-07T12:17:49Z,https://www.youtube.com/watch?v=7Ew5Oej19tU&lc=Ugx_a2J8te950iWBnO94AaABAg
How to Use Google Photos - Beginner's Guide,7Ew5Oej19tU,@NQ_MMXM,"I have my Google photos synced, however, I'm trying to free up space on my phone/gallery. When I delete it from my gallery/camera it also deletes it from my Google photos app? Am I missing something here?",100,2021-03-06T02:20:45Z,https://www.youtube.com/watch?v=7Ew5Oej19tU&lc=UgzMJIHZclrJCJaI4jd4AaABAg
How to Use Google Photos - Beginner's Guide,7Ew5Oej19tU,@GleespenDesigns,"I backed up my videos to Google photos and now I need some of them to edit and make a new YouTube video. However all it is letting me do is view them. How do I resort them to my phone gallery to be able to use them in editing apps. I am using an android. PLEASE HELP!

I have hit download many times and NOTHING HAPPENS",0,2023-11-10T15:36:42Z,https://www.youtube.com/watch?v=7Ew5Oej19tU&lc=UgxTlg__rf0owrg4zmd4AaABAg
How to Use Google Photos - Beginner's Guide,7Ew5Oej19tU,@samanthagilbert7806,"Question, can someone help? Trying to save certain photos someone has shared in my album, they are turning white on Google photos and my camera roll after saving to device. What is happening? Thank you!",0,2021-09-08T16:22:48Z,https://www.youtube.com/watch?v=7Ew5Oej19tU&lc=UgwU5CUXnglafXCE2494AaABAg
How to Use Google Photos - Beginner's Guide,7Ew5Oej19tU,@joyn9585,Helped me to understand Google Photos and features I was not sure about.,1,2021-09-24T07:08:46Z,https://www.youtube.com/watch?v=7Ew5Oej19tU&lc=UgxrSzLr7doh8yUNNuZ4AaABAg
How to Use Google Photos - Beginner's Guide,7Ew5Oej19tU,@payalgupta9622,"Hi, my backup & sync is ON in my google photos app and i deleted some folders from my Samsung mobile Gallery.. But i discovered that in Photos app those folders are no longer visible now..
Can you please help??",0,2021-09-21T13:00:09Z,https://www.youtube.com/watch?v=7Ew5Oej19tU&lc=UgylmCur3PfALgIwOJB4AaABAg
How to Use Google Photos - Beginner's Guide,7Ew5Oej19tU,@muhammedmas,"Hi, what happens if I unsubscribe to the monthly plan (question also for iCloud) will i be able to access my media? Will it be deleted after certain period of time?",0,2021-03-01T21:01:40Z,https://www.youtube.com/watch?v=7Ew5Oej19tU&lc=UgyBG-zJPtHq_l8D2714AaABAg
How to Use Google Photos - Beginner's Guide,7Ew5Oej19tU,@alanm.6096,"Well done. A couple questions: 1. if your goal is to primarily upload and share slide shows, can you set things up so only those photos are uploaded (ie: from your mac/pc) ?  2. if you wish to invite someone to access your slide show, do they have to have a Google account?  3. when someone is viewing your slide show, can they manage it in any way (ie: speed).  Thanks again.",2,2022-12-15T18:27:33Z,https://www.youtube.com/watch?v=7Ew5Oej19tU&lc=UgxwMHGTUUEECbtl_314AaABAg
How to Use Google Photos - Beginner's Guide,7Ew5Oej19tU,@fabianortizl9502,"Hello, thank you for the explanation, I recently changed from a android to the apple phone, and I think with google photos it will be easy to save all my gallery to the iphone. So I have a couple of questions: if I have all my gallery backup in google photos can I load them all to the phone without risking the meta data? (Places, time and date). 
The new phone I got has more GB than the google photos so I wont be using it anymore, its that possible too? How can I save all the photos from google photos to the phone? 
You explained it from the phone to the cloud, can it be backwards? Thanks!!",0,2025-10-18T20:31:04Z,https://www.youtube.com/watch?v=7Ew5Oej19tU&lc=UgyIy5C0bxsXgjVCF9t4AaABAg
How to Use Google Photos - Beginner's Guide,7Ew5Oej19tU,@sunberry74601,is there in a way you can flip a photo horizontally on google photos,0,2021-05-14T21:54:45Z,https://www.youtube.com/watch?v=7Ew5Oej19tU&lc=Ugz_fCXB7PW_2If_QS94AaABAg
How to Use Google Photos - Beginner's Guide,7Ew5Oej19tU,@yvonnegallofin4471,When i delete the original photo from my device the lighting or contrast of the photo automatically changes in google photos and its getting me frustrated can someone help me? btw im using iphone xr,0,2021-03-01T11:37:09Z,https://www.youtube.com/watch?v=7Ew5Oej19tU&lc=UgxBTgx9t9baswuunQJ4AaABAg
How to Use Google Photos - Beginner's Guide,7Ew5Oej19tU,@jessepinkman01234,Backup process doesn't work in background and its very frustrating 😐,0,2021-12-15T20:23:38Z,https://www.youtube.com/watch?v=7Ew5Oej19tU&lc=UgyDEoooBmREqyLRFQJ4AaABAg
How to Use Google Photos - Beginner's Guide,7Ew5Oej19tU,@MaryMonge-r4n,"I know that you explained it very good but with so much information made it more confusing and tired
Thank you very much for your help",1,2025-02-09T06:33:41Z,https://www.youtube.com/watch?v=7Ew5Oej19tU&lc=Ugz4feqthVkZboIEf2t4AaABAg
How to Use Google Photos - Beginner's Guide,7Ew5Oej19tU,@BradColemanisHere,"I use Google Photos for all of my family's backups from their phones, both iPhone and Android. We use Original quality, and then do an annual Google Takeout to bring them down to the home PC. (and the home PC backs up to Carbonite)  I'm searching for a good way to get Google Photos into Instagram but man it's hard. You either have to add them one at a time from Drive (after sorting), or one at a time by downloading them from Google Photos to your phone then uploading them to Instagram. It's painful.",0,2023-01-06T16:00:55Z,https://www.youtube.com/watch?v=7Ew5Oej19tU&lc=UgzPqfF8uLaE-vwZE2x4AaABAg
How to Use Google Photos - Beginner's Guide,7Ew5Oej19tU,@anama0506,"Hello there! Thank you for this video! Quick question... Is it possible to create a album inside an album? For example, a trip to Paris and inside Paris album create an album for Louvre, Eiffel tower and etc...?",0,2024-10-06T13:59:41Z,https://www.youtube.com/watch?v=7Ew5Oej19tU&lc=Ugyx0xPfBvU1nH6k8el4AaABAg
How to Use Google Photos - Beginner's Guide,7Ew5Oej19tU,@Kerrbox192,"So I just signed into my google photos on my phone and selected ""do not backup"" but through the google photos app, I can see all the photos that are on my phone, so am I correct in assuming that google photos has access to your phones photos and if so, how can i disable it and not have every photo in my phone turn up in google photos?",0,2024-04-08T13:00:58Z,https://www.youtube.com/watch?v=7Ew5Oej19tU&lc=UgyF6RPEgifni-sY3Th4AaABAg
How to Use Google Photos - Beginner's Guide,7Ew5Oej19tU,@Aquamarine.Aubrey,Once photo is in Google photo can I delete it from my photo gallery. Or will deleting it from my gallery also delete it from Google? I have an Samsung phone if it matters. Thanks for this video. Very helpful.,0,2023-07-29T12:39:24Z,https://www.youtube.com/watch?v=7Ew5Oej19tU&lc=Ugzkp8hpdtpMnsQ0k9J4AaABAg
How to Use Google Photos - Beginner's Guide,7Ew5Oej19tU,@ecolededansekamillem,"Hi, I like to also save photos on an external hard drive. Is it possible to transfer the photos from google photos to an external hard drive? Thank you",0,2023-07-26T09:29:44Z,https://www.youtube.com/watch?v=7Ew5Oej19tU&lc=Ugy-2mNyz_hAKW2_UxZ4AaABAg
How to Use Google Photos - Beginner's Guide,7Ew5Oej19tU,@chele850,"Sometimes I take photos of sensitive information, scan documents via the camera, screenshots, etc. that I don't want to back up. Unfortunately, there doesn't seem to be a way to exclude an album from google photos for auto-backup. So I'm stuck clicking each photo to back up, then when I go to delete them ""from this device"" it says they aren't backed up, although indeed they are. Is there a way that this can back up photos from messages, notes, etc.? Or a way to exclude an album? I'm thinking I'll delete those photos from my phone, then turn on backup and sync. Then turn it off again and re-save the excluded photos. Anyway, any insight is greatly appreciated!",17,2021-01-21T20:56:26Z,https://www.youtube.com/watch?v=7Ew5Oej19tU&lc=UgxxMguCAmrGzF5bxJt4AaABAg
How to Use Google Photos - Beginner's Guide,7Ew5Oej19tU,@allenschneider1847,"When I upload a photo from my computer, will it organize it by date of upload or date the photo was taken?  I notice when it ""backs up"" my phone gallery it puts photos taken from my phone in one place and photos that I've uploaded from emails sent to me in another.  I wish they were all in one place!",0,2023-11-16T02:00:02Z,https://www.youtube.com/watch?v=7Ew5Oej19tU&lc=UgzJJgz7KoCNZYhof754AaABAg
How to Use Google Photos - Beginner's Guide,7Ew5Oej19tU,@allyallyally337,can you please tell me how i can zoom in on a photo and save it that way.  i did it once and i have no idea how.  please help.  thank you,0,2023-08-05T17:39:42Z,https://www.youtube.com/watch?v=7Ew5Oej19tU&lc=UgwtAuBFIu49JbZPk8t4AaABAg
How to Use Google Photos - Beginner's Guide,7Ew5Oej19tU,@queenystars,hi i found out that when i delete picture on mobile they got deleted on google photo please why?thanks,0,2021-05-11T08:07:04Z,https://www.youtube.com/watch?v=7Ew5Oej19tU&lc=UgzRp_MQO-HzR6j-2u14AaABAg
How to Use Google Photos - Beginner's Guide,7Ew5Oej19tU,@simonekincaid3993,I donto see options to edit images in google photos when image is sellected .I have android Samsung 22+,0,2023-01-04T20:19:32Z,https://www.youtube.com/watch?v=7Ew5Oej19tU&lc=UgxNWmWOZKvtGHDLW654AaABAg
How to Use Google Photos - Beginner's Guide,7Ew5Oej19tU,@markshirley01,"Hi - do you know how to remove the ""highlights"" that's just appeared above every google album - thanks",0,2023-08-02T09:52:16Z,https://www.youtube.com/watch?v=7Ew5Oej19tU&lc=UgxXpcbvWnXB9thK9p94AaABAg
How to Use Google Photos - Beginner's Guide,7Ew5Oej19tU,@timd5597,Is there a way to add photos to a named library folder then delete the same picture you just added to the library from the photo app but keep it in the library?,0,2023-12-16T10:35:46Z,https://www.youtube.com/watch?v=7Ew5Oej19tU&lc=UgyOfGyYtvwiK03bcMV4AaABAg
How to Use Google Photos - Beginner's Guide,7Ew5Oej19tU,@dg2015,"I don't get it.  I get Google Photo app, move pics from my Iphone to Google Photo, delete the pictures from my Iphone, and they deleted the pics from Google Photo App!!!!!  (Not backup...they are still there)",0,2021-10-28T22:44:27Z,https://www.youtube.com/watch?v=7Ew5Oej19tU&lc=UgyyftEZQbwETw8sXbh4AaABAg
How to Use Google Photos - Beginner's Guide,7Ew5Oej19tU,@jonhcontreras,"Pleasant man u r... U r mild mannered & r a good teacher..
Thank u sir🙋😊🙋",4,2022-02-05T01:22:38Z,https://www.youtube.com/watch?v=7Ew5Oej19tU&lc=UgxPEUthrRVa5KvImNV4AaABAg
How to Use Google Photos - Beginner's Guide,7Ew5Oej19tU,@Kolian1274,"Can you tell us how to organize pictures on google photo
I have several duplicate photo
In my iPhone gallery and google photo",0,2022-06-16T08:07:12Z,https://www.youtube.com/watch?v=7Ew5Oej19tU&lc=UgySlMkhhlsc8CwsFCt4AaABAg
How to Use Google Photos - Beginner's Guide,7Ew5Oej19tU,@casual137,After i download and backup on IOS can i disable and delete photos and still be able to use them on apps such as twitter messages or Instagram?,0,2022-04-12T07:17:19Z,https://www.youtube.com/watch?v=7Ew5Oej19tU&lc=UgwhbuEe5nnNxXJiSGR4AaABAg
How to Use Google Photos - Beginner's Guide,7Ew5Oej19tU,@conordowd1978,Thanks for sharing. A question please: is there any way to cut and paste images between folders on my android phone Google Photos app or my Desktop app? I simply want to cut and paste photos from Folder 1 to Folder 2 and have them only in Folder 2. Thanks for any help with this.,0,2023-12-27T13:44:40Z,https://www.youtube.com/watch?v=7Ew5Oej19tU&lc=UgymZcs90V4EhLU7tu14AaABAg
How to Use Google Photos - Beginner's Guide,7Ew5Oej19tU,@briansimpson5577,Hi great video although i have just downloaded the app and now Google charges once you reach 15gb no matter what resolution you use so it is not free any longer.,1,2022-01-05T13:07:02Z,https://www.youtube.com/watch?v=7Ew5Oej19tU&lc=UgwhkIGoTjNn6_u78cp4AaABAg
How to Use Google Photos - Beginner's Guide,7Ew5Oej19tU,@johnviera3884,"So how do I keep the photos backed up to the Google photos backup cloud, but delete them from my phone to free up space",0,2025-12-09T21:51:51Z,https://www.youtube.com/watch?v=7Ew5Oej19tU&lc=Ugy_mR4fUino0U5Bm0R4AaABAg
How to Use Google Photos - Beginner's Guide,7Ew5Oej19tU,@madeyemo4404,"I have an important question. I want to have only my photos captured by my smartphone camera displayed in the home feed of google photos or at least in an album. In my One Plus 7 Pro (idk wich android it runs on currentyl but i will edit the commen later) its exactly like that. Screenshots are in the screenshots folder, whatsapp photos etc are in their on folder as well. Now I have a Xiaomi 13T and I don't see an option for this. Is this because of the phone manufacturer or the new Android version or why is it like that ?",0,2023-11-21T00:15:24Z,https://www.youtube.com/watch?v=7Ew5Oej19tU&lc=Ugwy_4MgDwa_xxes46F4AaABAg
How to Use Google Photos - Beginner's Guide,7Ew5Oej19tU,@SamK-99,why pictures i delete from my gallery dont get deleted from google photos? thought it was syncd :/,0,2025-11-15T19:49:34Z,https://www.youtube.com/watch?v=7Ew5Oej19tU&lc=Ugylgv8Q1j4DeHMSQh94AaABAg
How to Use Google Photos - Beginner's Guide,7Ew5Oej19tU,@BLESSINGFAVOR-fq6ou,Thank you so much for thisi important information. Just came across your account today.  Have liked everything you described about google photos . Helped me alot. Be blessed 🙏,0,2024-06-11T09:27:15Z,https://www.youtube.com/watch?v=7Ew5Oej19tU&lc=UgzWoTOKQreITl9u4194AaABAg
How to Use Google Photos - Beginner's Guide,7Ew5Oej19tU,@rosariodelavalle1593,"Are Shared albums also organized by date? Is it possible to add new photos to the shared album snd have them placed where they belong by date? And, if someone erases a picture from the Shared Album will it be deleted in my library?",0,2022-11-18T20:10:20Z,https://www.youtube.com/watch?v=7Ew5Oej19tU&lc=UgxNuj2rsPQcYTb61B14AaABAg
How to Use Google Photos - Beginner's Guide,7Ew5Oej19tU,@Harold-l3i,how to you get google photos to free up space on you Iphone after they have down loaded your pictures?,0,2024-01-25T17:36:18Z,https://www.youtube.com/watch?v=7Ew5Oej19tU&lc=UgxVSBiBZz0GoJcVko94AaABAg
How to Use Google Photos - Beginner's Guide,7Ew5Oej19tU,@ourv9603,"Google Photos (GP) makes me crazy. Each photo I take w my phone GP gets a copy of. Great-just like I want.  BUT, when I receive a text msg with an image attached sometimes GP gets a copy & sometimes not. Why sometimes? What do I have to set to make GP collect every image from my texts?

!",0,2025-06-08T22:44:50Z,https://www.youtube.com/watch?v=7Ew5Oej19tU&lc=UgwFYSNMQSIIeVVIBvl4AaABAg
How to Use Google Photos - Beginner's Guide,7Ew5Oej19tU,@venessavanrooi5636,Very useful video. Is there a way duplicate photos can automatically be deleted?,1,2022-01-10T13:19:27Z,https://www.youtube.com/watch?v=7Ew5Oej19tU&lc=UgwPXYgYH-d7rDaXE6p4AaABAg
How to Use Google Photos - Beginner's Guide,7Ew5Oej19tU,@rollinthrone5109,So after i do dat can i delete my gallery or will dat delete everything?,0,2021-01-09T02:05:08Z,https://www.youtube.com/watch?v=7Ew5Oej19tU&lc=Ugx0-q8LNfSDS1cDI4V4AaABAg
How to Use Google Photos - Beginner's Guide,7Ew5Oej19tU,@xlrider1565,"I have a Samsung Galaxy A 53 5G phone. After my last software update, I find I am unable to share my photos directly, with say, Facebook. Prior to the last s/w update, I could easily share my photos. I don't know what changed, but I find this glitch annoying.
I tried changing my various app permissions,  still nothing.",0,2024-08-20T09:13:35Z,https://www.youtube.com/watch?v=7Ew5Oej19tU&lc=UgxBgf03x3Xf9dE7e354AaABAg
How to Use Google Photos - Beginner's Guide,7Ew5Oej19tU,@robinkershen1054,"I have alot of  photos in my google cloud from old phones.  I'm getting a new phone tomorrow - how do I get the photos from google cloud (my computer) on my new phone?  Also, if i open google photos on my phone through the browser, I see an up-facing arrow in a blue circle (I don't know what that means)... I hope you can help me because these pictures are priceless of my mom and I don't want to lose anything.",0,2023-02-15T09:57:19Z,https://www.youtube.com/watch?v=7Ew5Oej19tU&lc=UgxK1u5UDU7MM0xujVt4AaABAg
How to Use Google Photos - Beginner's Guide,7Ew5Oej19tU,@maureenphillips7213,You are great. You speak slowley enough so we can undrstand. and your example aree asy to understand. Keep up the good work,0,2024-10-20T20:54:21Z,https://www.youtube.com/watch?v=7Ew5Oej19tU&lc=Ugx2EVl7Mg7b2DyDN3Z4AaABAg
How to Use Google Photos - Beginner's Guide,7Ew5Oej19tU,@Steve_BLN030,Hi mate you know an easy way to save your complete photo libary from Google Photos Info camera roll? Like the iPhone with one click toake the gallery offline useble,0,2022-10-15T07:24:42Z,https://www.youtube.com/watch?v=7Ew5Oej19tU&lc=Ugxr9QUqQyuuKk-gzP94AaABAg
How to Use Google Photos - Beginner's Guide,7Ew5Oej19tU,@brandideppner597,How do I uncover images or pictures that are hidden or photoshopped into a photo my boyfriend takes pictures of me but when I look at them he always does 3 of the same in a row but the part I can't figure out is why does he take 3 if the same and then when I look at the photos they don't look like me it looks as if there is something hidden inside these photos there will always be a blurry spot or a bright light section or part of my body or face is different how do I find out what he is hiding inside of these photos,0,2022-12-10T11:24:26Z,https://www.youtube.com/watch?v=7Ew5Oej19tU&lc=UgwKkJoQBJfZEU-c9OR4AaABAg
How to Use Google Photos - Beginner's Guide,7Ew5Oej19tU,@johnrobinson1020,As of June 2021 Google no longer offers total free storage to lower grade photos. All photos now uploaded to Google photos are counted in your 15Gbyte free limit regardless of their resolution or size and will be counted. You can manage photos and have them reduced in quality but they will still be counted in your storage and when you reach 15 Gbyte will need to upgrade and pay for it..,1,2022-12-10T22:32:17Z,https://www.youtube.com/watch?v=7Ew5Oej19tU&lc=UgwDb_zIKxk1Z9u2lAh4AaABAg
How to Use Google Photos - Beginner's Guide,7Ew5Oej19tU,@JJ-pt1bo,How to move or transfer photos from google photos to usb memory stick ?,0,2022-02-05T16:03:28Z,https://www.youtube.com/watch?v=7Ew5Oej19tU&lc=UgycZEBrTpYTNm22nXJ4AaABAg
How to Use Google Photos - Beginner's Guide,7Ew5Oej19tU,@thebobasquad645drinknekoslab,So to use it you need to go to setting and press free up space,0,2022-05-19T14:09:46Z,https://www.youtube.com/watch?v=7Ew5Oej19tU&lc=Ugx3vY-p_5ceNgUATcd4AaABAg
How to Use Google Photos - Beginner's Guide,7Ew5Oej19tU,@emzirek,"I am at my wits end as I cannot for the life of me figure out how to ""Mark Up"" my photos I just (marked up?) as Android app on cell, will just make a copy of original but there is no writing on it and I cannot add text to pic(even tho there is the action and I actually do try to use this feature...  or draw on it as to highlight a part like put a circle around some feature in pic to show location and cannot do that on the google page on my pc either Please anyone can help but I am asking  Howfinity for sure",0,2022-03-02T00:19:06Z,https://www.youtube.com/watch?v=7Ew5Oej19tU&lc=UgwJvsIFc-BRiBXBm1R4AaABAg
How to Use Google Photos - Beginner's Guide,7Ew5Oej19tU,@thebigbryc5873,"Great video  
Can someone answer this? 
I'm out of space on Google photos. How do I only see photos in cloud and not on device? I want to delete photos from Google cloud ONLY not my device too. But every time I try to delete, it asks ""delete from cloud and syncs device"" No just cloud. I tried turning off sync access and then I try to open photos it demands access to photos. 

So any idea how to clean up only the cloud?",0,2022-12-30T18:12:01Z,https://www.youtube.com/watch?v=7Ew5Oej19tU&lc=Ugwd0UDYcCyKyRxJ1qF4AaABAg
How to Use Google Photos - Beginner's Guide,7Ew5Oej19tU,@charlesallen3405,How do I display all photos regardless of time frame or other designation?,0,2023-02-05T18:10:50Z,https://www.youtube.com/watch?v=7Ew5Oej19tU&lc=Ugx_6I2-cczB4CbDyBJ4AaABAg
How to Use Google Photos - Beginner's Guide,7Ew5Oej19tU,@KylexBandal,Can I delete my photos in my iPhone after back up in Google Photos?,0,2022-07-26T16:12:16Z,https://www.youtube.com/watch?v=7Ew5Oej19tU&lc=Ugx7Hr_ys62fnet_MOh4AaABAg
How to Use Google Photos - Beginner's Guide,7Ew5Oej19tU,@simonekincaid3993,how do you markup images/photos in google albums on android and have the photos sync in album with markups?,0,2023-01-04T20:17:32Z,https://www.youtube.com/watch?v=7Ew5Oej19tU&lc=UgyxtqB7ssLz9JaHnpJ4AaABAg
How to Use Google Photos - Beginner's Guide,7Ew5Oej19tU,@bobbyeawalt326,If I delete my photos on my phone after backing them up are they safe on my computer after I delete them from my phone,0,2023-05-23T14:52:21Z,https://www.youtube.com/watch?v=7Ew5Oej19tU&lc=Ugzl9VVDz3ZqhPpL-Fl4AaABAg
How to Use Google Photos - Beginner's Guide,7Ew5Oej19tU,@Jorgnmimi,I'm sure you have a good video but any way to disable this app which wants to control my photos instead of me?  Do I down load another app?  Can I get this app to just to view my photos on the phone and let me pick them off with my PC computer when I get home? I don't want my phone uploading anything.  Thanks.,0,2024-06-05T01:06:59Z,https://www.youtube.com/watch?v=7Ew5Oej19tU&lc=Ugx2_H1-_b4AKtCNO7Z4AaABAg
How to Use Google Photos - Beginner's Guide,7Ew5Oej19tU,@AllisterJ,"This, is amazing vid, SUPER HELPFUL, thank you so much man, I really really appreciate!!!",8,2021-02-14T09:49:42Z,https://www.youtube.com/watch?v=7Ew5Oej19tU&lc=UgykfMUfFG0q6-Eukq94AaABAg
How to Use Google Photos - Beginner's Guide,7Ew5Oej19tU,@denisequigley2298,Do you have a video how to download to icloud as a backup,0,2021-09-10T13:14:40Z,https://www.youtube.com/watch?v=7Ew5Oej19tU&lc=Ugz0pl7BabT0U33yjch4AaABAg
How to Use Google Photos - Beginner's Guide,7Ew5Oej19tU,@JailaSea766,Thank you Sir. When I selected paid for 100 GB and back up photos I give me something called Google One. Is that normal or are they trying to get me to buy more products.  I want to delete photo off my android but don't want it to delete from Google Photo. help.. and Thank you,0,2024-09-11T21:57:53Z,https://www.youtube.com/watch?v=7Ew5Oej19tU&lc=UgxqPI28Pr2IhcxEuAx4AaABAg
How to Use Google Photos - Beginner's Guide,7Ew5Oej19tU,@shadez_900,I downloaded a video and cant find it anywhere in photos,0,2021-02-18T11:07:01Z,https://www.youtube.com/watch?v=7Ew5Oej19tU&lc=UgwZ3sW4pPZshBGOtFx4AaABAg
How to Use Google Photos - Beginner's Guide,7Ew5Oej19tU,@boxbrown4755,What a great period of instruction!  Consider me a new student. I subscribed and hit the bell!,4,2022-10-26T15:08:00Z,https://www.youtube.com/watch?v=7Ew5Oej19tU&lc=UgxKjCz3xp8P4MvKPSt4AaABAg
How to Use Google Photos - Beginner's Guide,7Ew5Oej19tU,@subreezy,if i cancel my plan do i lose the photos that are over 15g?,0,2022-05-15T11:17:34Z,https://www.youtube.com/watch?v=7Ew5Oej19tU&lc=UgwAVkk6IzQ4spJxlSR4AaABAg
How to Use Google Photos - Beginner's Guide,7Ew5Oej19tU,@grwmbyval,My Google Photos program quit recognizing animals/pets.  How can I get the feature back,0,2022-03-13T21:11:37Z,https://www.youtube.com/watch?v=7Ew5Oej19tU&lc=Ugzmh0Mx-TUlKmtmvTd4AaABAg
How to Use Google Photos - Beginner's Guide,7Ew5Oej19tU,@yous-dyouzer,"I have a iPhone 12 Pro Max, the camera specifications say that it has a 12mp camera, so the quality of the photos shouldn’t be changed if I use the free version, right?",0,2021-06-25T16:01:09Z,https://www.youtube.com/watch?v=7Ew5Oej19tU&lc=UgyHa3VGpwqClbg7X9p4AaABAg
How to Use Google Photos - Beginner's Guide,7Ew5Oej19tU,@billybones5832,iPhone app needs to keep the photos and videos if you want the highest quality out of your google photos why is that ?,0,2021-01-17T07:11:19Z,https://www.youtube.com/watch?v=7Ew5Oej19tU&lc=UgwGSGczsj5C8jYrF2F4AaABAg
How to Use Google Photos - Beginner's Guide,7Ew5Oej19tU,@donnabasilavecchioyoung5239,If I open google photos is it able to sort out duplicate photos?,0,2023-01-26T15:27:27Z,https://www.youtube.com/watch?v=7Ew5Oej19tU&lc=UgxKZsAK3wwRabxKC5l4AaABAg
How to Use Google Photos - Beginner's Guide,7Ew5Oej19tU,@vinicaka,May I know which version of your google photo?,0,2022-01-23T06:53:36Z,https://www.youtube.com/watch?v=7Ew5Oej19tU&lc=UgyYu03eI-HlLN8M8p54AaABAg
How to Use Google Photos - Beginner's Guide,7Ew5Oej19tU,@thepurpleufo,Thanks so much for another great tutorial.,3,2021-02-28T18:40:08Z,https://www.youtube.com/watch?v=7Ew5Oej19tU&lc=UgycCnQgkINawDfG09F4AaABAg
How to Use Google Photos - Beginner's Guide,7Ew5Oej19tU,@lw216316,"HELP- get message  Backup   waiting for WI-FI + 78 items left

what does this mean?

and how do I access photos taken on my android phone using my Desktop computer?",0,2023-07-14T13:16:26Z,https://www.youtube.com/watch?v=7Ew5Oej19tU&lc=Ugxhr3P1B6fgL9wLcZ54AaABAg
How to Use Google Photos - Beginner's Guide,7Ew5Oej19tU,@stickboyfpv4742,Hey anyone..! Im wondering If anyone can tell me how or why... So when I go into archives.. I can search my albums in the search box... BUT not all of my albums pop up.. 4 of the 7 will pop up as soon as I type the first 4 letters or so...  but the other 3 wont....?! Any help would be appreciated 🙏  lol thanks!,0,2022-01-05T01:34:21Z,https://www.youtube.com/watch?v=7Ew5Oej19tU&lc=UgwC8uzqcWXZFvja1FV4AaABAg
How to Use Google Photos - Beginner's Guide,7Ew5Oej19tU,@vinsilver,Anyone know how to take away the update pop up and how to go back to a previos version if accidentally updated plz help,0,2024-03-22T16:04:30Z,https://www.youtube.com/watch?v=7Ew5Oej19tU&lc=UgylisTkwR6Ru7TlxaR4AaABAg
How to Use Google Photos - Beginner's Guide,7Ew5Oej19tU,@vedantsingp,How can I see the local albums in Google Photos on iOS?,0,2022-12-27T14:13:39Z,https://www.youtube.com/watch?v=7Ew5Oej19tU&lc=UgxdO6GZm03klHS4QZR4AaABAg
How to Use Google Photos - Beginner's Guide,7Ew5Oej19tU,@crystlngrclj,"Hi I have blank image on Google photos and cannot delete it either, is this a virus? How can I remove it. Thanks",0,2022-01-28T02:56:52Z,https://www.youtube.com/watch?v=7Ew5Oej19tU&lc=Ugz0yVTTi-Y0Vgp1Lgh4AaABAg
How to Use Google Photos - Beginner's Guide,7Ew5Oej19tU,@infinitefn2167,How do i keep my photos from going to my acc and my familys acc  i just want to save the pics on my acc,0,2023-05-21T03:49:26Z,https://www.youtube.com/watch?v=7Ew5Oej19tU&lc=UgwAxVEu18p9Vm3dFFJ4AaABAg
How to Use Google Photos - Beginner's Guide,7Ew5Oej19tU,@GeradHopkinsOfficial,if you delete a photo on your phone will it still stay on google photos ?,0,2022-04-19T02:09:17Z,https://www.youtube.com/watch?v=7Ew5Oej19tU&lc=Ugwco-wkwVA90hA3_v54AaABAg
How to Use Google Photos - Beginner's Guide,7Ew5Oej19tU,@prbprb2,"I have an android version of Google Photos. Can someone tell me how to organize all the photos I took while I was in Connecticut? (As opposed to my home state, Texas). I would appreciate it.",0,2023-11-12T20:12:04Z,https://www.youtube.com/watch?v=7Ew5Oej19tU&lc=UgxpwQc--zWmZdRmg0d4AaABAg
How to Use Google Photos - Beginner's Guide,7Ew5Oej19tU,@sarahbeale7650,Great introduction to Google Photos!  Thanks!,3,2021-03-06T07:12:01Z,https://www.youtube.com/watch?v=7Ew5Oej19tU&lc=UgyBjSkD-Sq86ali1cN4AaABAg
How to Use Google Photos - Beginner's Guide,7Ew5Oej19tU,@joshuaacuram3910,How to stabilize the video?,0,2021-02-16T06:34:52Z,https://www.youtube.com/watch?v=7Ew5Oej19tU&lc=UgzjO6gIAHbiQahgcCp4AaABAg
How to Use Google Photos - Beginner's Guide,7Ew5Oej19tU,@wildlifesimon,How do I delete all the photos from Google photo without them being deleted from my device (phone)?,0,2024-06-12T09:55:15Z,https://www.youtube.com/watch?v=7Ew5Oej19tU&lc=UgwJi9PhafP_Rzoe5Ah4AaABAg
How to Use Google Photos - Beginner's Guide,7Ew5Oej19tU,@dhaferalqarni9291,Please help me. I have a Pixel 6 and Google Photos is so annoying why? I will tell you… i need my photos to have a complete copy on my phone not a copy that i need to download. My request please tell me how to download all of my photos on my phone so i can access them offline with full quality. Thank you,0,2023-12-17T00:30:40Z,https://www.youtube.com/watch?v=7Ew5Oej19tU&lc=UgwsTe42dHmixCJGevh4AaABAg
How to Use Google Photos - Beginner's Guide,7Ew5Oej19tU,@martinsmith6778,The trouble with this guide is doesnt apply to my version of google photos or my version of iOS.,0,2025-08-02T17:00:27Z,https://www.youtube.com/watch?v=7Ew5Oej19tU&lc=UgwCXGsXT6acNYW9Npl4AaABAg
How to Use Google Photos - Beginner's Guide,7Ew5Oej19tU,@duquelenarallend.2698,So How Will get all ur photos on that app?,1,2021-09-23T02:28:57Z,https://www.youtube.com/watch?v=7Ew5Oej19tU&lc=UgzcDNxouNOd19RjJK14AaABAg
How to Use Google Photos - Beginner's Guide,7Ew5Oej19tU,@MWingler,"Google photos does not save you any space on your phone.  If you delete it from your phone, it is deleted on google photos.  And they do charge, the storage is not unlimited.  Basically you can decide if you want to give your money to iCloud or give it to google photos.",0,2024-04-16T22:30:54Z,https://www.youtube.com/watch?v=7Ew5Oej19tU&lc=UgwLDB1XDzO2c530HPB4AaABAg
How to Use Google Photos - Beginner's Guide,7Ew5Oej19tU,@snackertwo,Thank you so much for explaining I g Google photos It was very helpful👍🏼😁,0,2022-04-11T19:39:26Z,https://www.youtube.com/watch?v=7Ew5Oej19tU&lc=Ugz01PvrrDp9PlMKsaB4AaABAg
How to Use Google Photos - Beginner's Guide,7Ew5Oej19tU,@gnolan4281,"On my Xiaomi the Google photos require excessive scrolling to view. They're by date only; that is to say if I take one today then tomorrow's photo will be under it NOT along side it resulting in massive and undesired scrolling just to view, say, a 10 day period where I took one every day. Over the course of time this is a big headache and I can't figure out how to put all the photos beside each other. 
They are arranged perfectly beside each other on my synced Pixelbook Go. Help!",3,2021-04-22T17:05:12Z,https://www.youtube.com/watch?v=7Ew5Oej19tU&lc=Ugyvgs7V3xjdDg-8V_p4AaABAg
How to Use Google Photos - Beginner's Guide,7Ew5Oej19tU,@saahasyaddula6589,"by the way, I think the infinite photos stored with diminished wuality is no longer an option",0,2023-04-12T21:55:32Z,https://www.youtube.com/watch?v=7Ew5Oej19tU&lc=UgxiNCIgWOWlSIiulOd4AaABAg
How to Use Google Photos - Beginner's Guide,7Ew5Oej19tU,@streetwiseguitar5113,This is great and clear. THANK YOU,0,2022-11-28T15:43:10Z,https://www.youtube.com/watch?v=7Ew5Oej19tU&lc=UgzBcwMhCqThvWLlr0l4AaABAg
How to Use Google Photos - Beginner's Guide,7Ew5Oej19tU,@youtubeguest8236,Are the highlights only for you to see?,0,2023-02-02T01:59:15Z,https://www.youtube.com/watch?v=7Ew5Oej19tU&lc=UgzaAufWxIDC-GRjjVt4AaABAg
How to Use Google Photos - Beginner's Guide,7Ew5Oej19tU,@meredithhamilton9795,"Sorry, this is clear as mud!  I am not going to select and organize and do anything with pictures on my cell phone.  When I pull up google photos on my computer nothing you're pointing out syncs.",0,2025-03-07T00:36:01Z,https://www.youtube.com/watch?v=7Ew5Oej19tU&lc=Ugx6UHGUcA-4USE1_hd4AaABAg
How to Use Google Photos - Beginner's Guide,7Ew5Oej19tU,@dsb227,"Great video! Thank you, that was very helpful!",0,2022-11-16T19:26:10Z,https://www.youtube.com/watch?v=7Ew5Oej19tU&lc=Ugyg28CVmryWCcBkZ_94AaABAg
How to Use Google Photos - Beginner's Guide,7Ew5Oej19tU,@bulletdealer1704,"Hey, how worried would you be If you found your significant other in a shared google account with her ex? I know right? She dont really give much reassurance other that she doesn’t how it all works. Seeing all the stuff google photos can do, it seems like you can keep it contact pretty well with someone t hrough it. What would you do?",0,2024-03-30T15:57:29Z,https://www.youtube.com/watch?v=7Ew5Oej19tU&lc=UgxbgjdBO6vaOV33Onh4AaABAg
How to Use Google Photos - Beginner's Guide,7Ew5Oej19tU,@JillesvT,If I go to YouTube or TikTok I can't see me photos and upload them😢,0,2024-09-23T23:56:49Z,https://www.youtube.com/watch?v=7Ew5Oej19tU&lc=UgxhC3XpeBWHFuZDoat4AaABAg
How to Use Google Photos - Beginner's Guide,7Ew5Oej19tU,@amyterao6274,"Thank you so much, you are a lifesaver!",0,2022-03-09T17:58:21Z,https://www.youtube.com/watch?v=7Ew5Oej19tU&lc=UgyrkAc8EeP97OhbKmd4AaABAg
How to Use Google Photos - Beginner's Guide,7Ew5Oej19tU,@gloriaamayaconant3802,How long does it take to backup?,0,2023-04-13T14:33:23Z,https://www.youtube.com/watch?v=7Ew5Oej19tU&lc=Ugwcg_VRcSbxKKOYlm54AaABAg
How to Use Google Photos - Beginner's Guide,7Ew5Oej19tU,@TheRealBigT1984,"I'm generally pretty tech savvy and been using Google (Android) based devices since 2010.  One thing I can't get so far though is the whole syncing and displaying on the Photos Website.  I am syncing my current phone (Samsung S20 Ultra) in preparation for my new S22 Ultra since I no longer have use of a memory card.  My main thing is that when I pull up the Photos app on my phone, I can see my entire library, including all my custom folders I have in my Samsung Gallery (France Album, London Album, San Francisco, Food, etc.).  When I pull up the website though I have Zero Albums and the website prompts me to create my own album.  

I selected the option to backup all my folders on my gallery (not just my camera), but am yet to see anything on the website.  Really hoping since I literally JUST did this today, and my Google Account on my phone says I still have around 17k items to backup, that there is a delay?  I also notice that not all my albums on my Photos App on my phone are 100% backed up yet either, so hoping that may be the case and I need to wait longer.  Going to be a bit disappointed if I don't have the albums pre-made and sorted on the website version of Photos when logged in to my Gmail account.  Wasn't sure if you could advise at all?",2,2022-12-27T22:34:22Z,https://www.youtube.com/watch?v=7Ew5Oej19tU&lc=UgxpoXE51WNpTM7sJtR4AaABAg
How to Use Google Photos - Beginner's Guide,7Ew5Oej19tU,@bobingalls4643,You are not going to find photos past 60 days according to google photos. They become permanently deleted unless you archive those or create albums on google photos.,0,2021-12-09T20:43:35Z,https://www.youtube.com/watch?v=7Ew5Oej19tU&lc=UgwH4NbJrrRX0xkwGoJ4AaABAg
